bartime,open,high,low,close,volume
2025-01-01 22:00:00,19987.2,20021.3,19963.8,19984.9,1854.0
2025-01-02 00:00:00,19985.1,20017.0,19612.2,19629.2,13168.0
2025-01-02 02:00:00,19630.7,19780.2,19458.2,19696.2,17431.0
2025-01-02 04:00:00,19675.7,19738.7,19583.7,19622.7,9436.0
2025-01-02 06:00:00,19623.7,19623.7,19499.2,19513.2,13363.0
2025-01-02 08:00:00,19513.7,19566.2,19503.2,19547.2,9296.0
2025-01-02 10:00:00,19547.7,19553.7,19462.7,19536.2,3881.0
2025-01-02 12:00:00,19535.7,19560.2,19524.7,19557.7,4007.0
2025-01-02 14:00:00,19558.2,19627.7,19546.2,19601.2,11290.0
2025-01-02 16:00:00,19602.2,19605.2,19514.7,19541.7,9968.0
2025-01-02 18:00:00,19543.2,19555.2,19484.3,19503.1,10584.0
2025-01-02 20:00:00,19503.0,19536.8,19491.9,19522.0,8157.0
2025-01-02 22:00:00,19520.4,19523.8,19502.0,19512.4,1090.0
2025-01-03 00:00:00,19512.1,19661.7,19509.3,19594.7,8931.0
2025-01-03 02:00:00,19592.7,19846.7,19586.7,19741.7,17547.0
2025-01-03 04:00:00,19725.8,19736.7,19633.5,19668.5,9328.0
2025-01-03 06:00:00,19669.0,19700.5,19585.5,19693.5,13890.0
2025-01-03 08:00:00,19692.0,19719.5,19653.0,19666.0,5818.0
2025-01-03 10:00:00,19665.5,19696.5,19640.5,19689.0,2596.0
2025-01-03 12:00:00,19688.5,19710.5,19671.0,19707.0,3126.0
2025-01-03 14:00:00,19708.5,19750.0,19668.5,19724.0,8892.0
2025-01-03 16:00:00,19723.5,19751.0,19707.5,19738.5,5604.0
2025-01-03 18:00:00,19739.5,19771.2,19727.5,19764.9,3496.0
2025-01-03 20:00:00,19764.5,19780.2,19727.4,19734.5,3234.0
2025-01-05 23:00:00,19746.4,19795.2,19734.7,19737.7,2973.0
2025-01-06 01:00:00,19738.0,19842.7,19597.7,19743.1,18366.0
2025-01-06 03:00:00,19742.1,19768.6,19652.2,19662.5,6429.0
2025-01-06 05:00:00,19668.1,19673.6,19584.1,19611.1,13884.0
2025-01-06 07:00:00,19610.6,19694.6,19609.6,19653.7,6054.0
2025-01-06 09:00:00,19654.2,19700.1,19643.1,19645.1,3011.0
2025-01-06 11:00:00,19644.1,20071.6,19635.6,20046.1,9813.0
2025-01-06 13:00:00,20046.6,20107.6,19787.1,19898.6,9825.0
2025-01-06 15:00:00,19896.1,19929.6,19692.1,19724.6,10147.0
2025-01-06 17:00:00,19724.1,19724.1,19551.6,19577.0,5921.0
2025-01-06 19:00:00,19577.3,19618.9,19546.0,19568.6,8508.0
2025-01-06 21:00:00,19568.1,19586.0,19568.1,19584.9,1057.0
2025-01-06 22:00:00,19590.1,19603.3,19588.3,19594.4,1141.0
2025-01-07 00:00:00,19594.2,19628.8,19453.2,19553.2,9045.0
2025-01-07 02:00:00,19552.2,19628.7,19237.2,19266.2,16962.0
2025-01-07 04:00:00,19243.0,19319.7,19206.2,19282.2,9652.0
2025-01-07 06:00:00,19281.7,19422.2,19264.2,19391.2,11876.0
2025-01-07 08:00:00,19392.2,19466.2,19387.7,19435.2,6119.0
2025-01-07 10:00:00,19435.7,19492.7,19413.2,19420.7,3465.0
2025-01-07 12:00:00,19419.7,19475.7,19418.2,19473.2,3156.0
2025-01-07 14:00:00,19473.7,19510.2,19408.7,19430.2,10894.0
2025-01-07 16:00:00,19429.7,19448.7,19387.7,19398.7,8663.0
2025-01-07 18:00:00,19399.2,19412.2,19353.8,19359.6,5649.0
2025-01-07 20:00:00,19359.7,19360.1,19269.3,19321.8,6151.0
2025-01-07 22:00:00,19332.2,19344.1,19316.6,19342.3,1109.0
2025-01-08 00:00:00,19342.8,19450.7,19293.7,19294.2,8488.0
2025-01-08 02:00:00,19299.2,19343.2,19071.7,19094.7,16562.0
2025-01-08 04:00:00,19083.7,19253.7,19083.5,19239.2,10299.0
2025-01-08 06:00:00,19239.7,19307.2,19193.2,19230.7,12923.0
2025-01-08 08:00:00,19229.7,19289.2,19220.8,19277.7,5592.0
2025-01-08 10:00:00,19278.2,19284.2,19049.2,19156.2,5681.0
2025-01-08 12:00:00,19156.7,19162.2,19078.7,19133.2,6567.0
2025-01-08 14:00:00,19133.7,19196.7,19088.7,19196.2,9892.0
2025-01-08 16:00:00,19195.7,19230.7,19166.2,19196.7,6790.0
2025-01-08 18:00:00,19197.2,19219.5,19174.9,19197.5,8715.0
2025-01-08 20:00:00,19197.9,19241.4,19193.7,19208.0,5932.0
2025-01-08 22:00:00,19222.5,19226.0,19209.0,19215.0,841.0
2025-01-09 00:00:00,19216.1,19343.3,19176.1,19304.3,8449.0
2025-01-09 02:00:00,19305.3,19386.3,19257.3,19268.0,14372.0
2025-01-09 04:00:00,19258.0,19277.4,19236.9,19237.4,6809.0
2025-01-09 06:00:00,19236.9,19292.4,19205.4,19232.4,9431.0
2025-01-09 08:00:00,19230.9,19292.4,19202.9,19279.9,5884.0
2025-01-09 10:00:00,19279.4,19354.9,19275.4,19293.4,3373.0
2025-01-09 12:00:00,19293.9,19335.4,19278.9,19316.9,3073.0
2025-01-09 14:00:00,19316.4,19327.4,19280.9,19295.9,2964.0
2025-01-09 16:00:00,19296.4,19299.9,19261.4,19271.4,1641.0
2025-01-09 18:00:00,19270.9,19275.4,19260.4,19262.6,492.0
2025-01-09 20:00:00,19260.0,19261.9,19257.1,19260.8,32.0
2025-01-09 22:00:00,19259.2,19263.7,19226.5,19246.5,2451.0
2025-01-10 00:00:00,19246.8,19359.4,19162.9,19182.9,10392.0
2025-01-10 02:00:00,19182.4,19291.4,19112.4,19156.9,15470.0
2025-01-10 04:00:00,19141.9,19166.4,19097.4,19108.9,8117.0
2025-01-10 06:00:00,19108.4,19108.9,19033.9,19070.4,11014.0
2025-01-10 08:00:00,19053.0,19081.5,19009.0,19067.5,5848.0
2025-01-10 10:00:00,19068.0,19081.0,19053.5,19056.0,2941.0
2025-01-10 12:00:00,19056.5,19097.0,18952.5,18995.5,6375.0
2025-01-10 14:00:00,18993.5,19024.5,18874.5,18909.0,14833.0
2025-01-10 16:00:00,18909.5,18923.0,18862.5,18888.5,8104.0
2025-01-10 18:00:00,18887.0,18932.0,18856.9,18883.6,8416.0
2025-01-10 20:00:00,18883.2,18883.4,18816.7,18826.1,7912.0
2025-01-12 23:00:00,18826.9,18903.5,18826.6,18892.7,4868.0
2025-01-13 01:00:00,18893.2,18936.5,18655.0,18834.0,19387.0
2025-01-13 03:00:00,18833.0,18866.5,18791.3,18812.4,7512.0
2025-01-13 05:00:00,18818.5,18880.0,18801.5,18862.5,12931.0
2025-01-13 07:00:00,18862.0,18930.0,18842.9,18844.9,8368.0
2025-01-13 09:00:00,18845.7,18861.0,18801.7,18849.0,5881.0
2025-01-13 11:00:00,18848.0,18863.0,18812.5,18845.0,4549.0
2025-01-13 13:00:00,18845.5,18916.0,18807.0,18855.5,6728.0
2025-01-13 15:00:00,18855.0,18866.5,18791.0,18794.0,7699.0
2025-01-13 17:00:00,18793.5,18882.0,18787.5,18860.6,4870.0
2025-01-13 19:00:00,18860.4,18880.4,18847.6,18873.8,9160.0
2025-01-13 21:00:00,18873.9,18889.3,18865.6,18886.7,1394.0
2025-01-13 22:00:00,18910.9,19117.3,18908.1,19022.3,1875.0
2025-01-14 00:00:00,19022.8,19058.0,18900.5,19023.0,9422.0
2025-01-14 02:00:00,19022.5,19217.0,18970.0,19152.5,17434.0
2025-01-14 04:00:00,19131.5,19277.5,19111.2,19277.0,9277.0
2025-01-14 06:00:00,19278.5,19340.5,19198.5,19240.0,13480.0
2025-01-14 08:00:00,19240.5,19243.5,19204.5,19212.0,6006.0
2025-01-14 10:00:00,19212.5,19236.0,19205.0,19220.0,3078.0
2025-01-14 12:00:00,19220.5,19283.0,19184.5,19221.0,6467.0
2025-01-14 14:00:00,19221.5,19264.0,19147.5,19188.5,11464.0
2025-01-14 16:00:00,19190.0,19208.0,19151.5,19191.5,7796.0
2025-01-14 18:00:00,19190.5,19205.5,19150.4,19151.3,5887.0
2025-01-14 20:00:00,19151.5,19208.3,19117.8,19199.3,7559.0
2025-01-14 22:00:00,19192.2,19193.8,19181.0,19185.4,687.0
2025-01-15 00:00:00,19184.9,19254.7,19150.0,19209.7,8074.0
2025-01-15 02:00:00,19209.2,19325.2,19159.2,19271.2,15284.0
2025-01-15 04:00:00,19257.1,19272.2,19201.7,19231.2,6685.0
2025-01-15 06:00:00,19230.2,19279.7,19217.7,19273.7,8543.0
2025-01-15 08:00:00,19273.2,19297.7,19249.2,19293.7,4057.0
2025-01-15 10:00:00,19293.2,19321.2,19262.7,19310.7,3123.0
2025-01-15 12:00:00,19311.2,19471.2,19289.2,19464.2,6937.0
2025-01-15 14:00:00,19463.7,19472.7,19339.7,19366.2,10900.0
2025-01-15 16:00:00,19368.2,19391.2,19338.7,19383.7,6027.0
2025-01-15 18:00:00,19384.2,19425.8,19383.2,19423.5,3579.0
2025-01-15 20:00:00,19423.6,19445.8,19400.7,19425.6,3422.0
2025-01-15 22:00:00,19428.4,19437.0,19421.5,19434.8,745.0
2025-01-16 00:00:00,19435.1,19686.7,19397.1,19569.2,9118.0
2025-01-16 02:00:00,19567.7,19634.2,19398.2,19456.6,15397.0
2025-01-16 04:00:00,19435.8,19469.6,19347.6,19451.6,8523.0
2025-01-16 06:00:00,19451.1,19538.6,19447.6,19528.1,10604.0
2025-01-16 08:00:00,19528.6,19556.6,19484.6,19501.1,6863.0
2025-01-16 10:00:00,19501.6,19505.1,19478.1,19484.1,3103.0
2025-01-16 12:00:00,19484.6,19484.6,19441.6,19465.6,5622.0
2025-01-16 14:00:00,19464.6,19472.6,19425.6,19449.1,10538.0
2025-01-16 16:00:00,19448.6,19503.6,19433.1,19479.1,7444.0
2025-01-16 18:00:00,19478.1,19485.1,19445.4,19480.6,5559.0
2025-01-16 20:00:00,19480.2,19491.1,19423.3,19439.0,5476.0
2025-01-16 22:00:00,19447.7,19460.5,19441.9,19460.5,1086.0
2025-01-17 00:00:00,19460.2,19518.6,19417.1,19472.6,8054.0
2025-01-17 02:00:00,19484.1,19658.1,19474.1,19571.1,16245.0
2025-01-17 04:00:00,19552.6,19615.1,19532.1,19593.6,8940.0
2025-01-17 06:00:00,19593.1,19624.1,19563.6,19582.1,8829.0
2025-01-17 08:00:00,19581.6,19608.1,19557.1,19567.1,5012.0
2025-01-17 10:00:00,19565.6,19592.6,19557.1,19561.1,3118.0
2025-01-17 12:00:00,19560.1,19638.1,19522.6,19582.6,5739.0
2025-01-17 14:00:00,19583.1,19988.1,19537.6,19921.6,16868.0
2025-01-17 16:00:00,19920.6,19920.6,19815.1,19815.6,8268.0
2025-01-17 18:00:00,19815.1,19843.2,19791.6,19826.2,5195.0
2025-01-17 20:00:00,19826.1,19826.1,19791.8,19799.5,4450.0
2025-01-19 23:00:00,19757.0,19797.1,19754.0,19781.1,1794.0
2025-01-20 01:00:00,19780.0,20079.6,19778.1,19951.1,19181.0
2025-01-20 03:00:00,19951.6,20097.6,19937.1,20041.9,7167.0
2025-01-20 05:00:00,20070.1,20128.1,19905.6,19958.6,14333.0
2025-01-20 07:00:00,19959.1,19970.1,19906.9,19914.9,7260.0
2025-01-20 09:00:00,19914.7,19947.6,19892.6,19893.6,3925.0
2025-01-20 11:00:00,19892.6,19945.6,19891.1,19922.1,3563.0
2025-01-20 13:00:00,19922.6,20371.6,19874.1,20315.6,12182.0
2025-01-20 15:00:00,20315.1,20389.6,20253.1,20277.6,7763.0
2025-01-20 17:00:00,20277.1,20297.1,20189.6,20252.6,5572.0
2025-01-20 19:00:00,20252.7,20294.7,20252.7,20292.7,331.0
2025-01-20 21:00:00,20294.0,20298.7,20293.5,20296.5,18.0
2025-01-20 22:00:00,20304.3,20322.0,20273.4,20318.2,1990.0
2025-01-21 00:00:00,20318.8,20320.6,19934.1,19993.1,13967.0
2025-01-21 02:00:00,19994.1,20241.1,19994.1,20183.0,17589.0
2025-01-21 04:00:00,20171.1,20225.5,20083.5,20109.0,9257.0
2025-01-21 06:00:00,20110.5,20172.0,20085.0,20151.5,11067.0
2025-01-21 08:00:00,20152.0,20164.3,20049.5,20067.0,6856.0
2025-01-21 10:00:00,20067.5,20101.5,20000.5,20036.0,3763.0
2025-01-21 12:00:00,20035.5,20066.0,19994.5,20044.0,4902.0
2025-01-21 14:00:00,20044.5,20080.0,19888.5,19918.5,12995.0
2025-01-21 16:00:00,19918.0,20028.5,19914.5,20010.5,6433.0
2025-01-21 18:00:00,20009.5,20028.5,19987.9,20004.0,4444.0
2025-01-21 20:00:00,20003.9,20015.2,19989.1,20010.3,3426.0
2025-01-21 22:00:00,20081.6,20090.8,20013.8,20047.1,2101.0
2025-01-22 00:00:00,20046.8,20064.6,19822.6,19845.1,9156.0
2025-01-22 02:00:00,19844.1,19929.6,19780.6,19854.1,14581.0
2025-01-22 04:00:00,19840.4,19879.6,19764.1,19813.2,7138.0
2025-01-22 06:00:00,19812.2,19824.7,19756.2,19774.2,10186.0
2025-01-22 08:00:00,19773.7,20015.7,19766.2,19967.7,7594.0
2025-01-22 10:00:00,19968.2,19988.7,19925.2,19933.7,3896.0
2025-01-22 12:00:00,19934.2,19955.7,19887.2,19897.2,3571.0
2025-01-22 14:00:00,19897.7,19915.7,19789.2,19852.7,10410.0
2025-01-22 16:00:00,19852.2,19899.7,19821.2,19899.7,4827.0
2025-01-22 18:00:00,19899.2,19932.2,19877.6,19888.9,3548.0
2025-01-22 20:00:00,19888.7,19897.7,19855.2,19867.7,3020.0
2025-01-22 22:00:00,19865.5,19866.9,19857.4,19863.3,767.0
2025-01-23 00:00:00,19862.8,20073.7,19861.7,19926.2,9060.0
2025-01-23 02:00:00,19926.7,19934.2,19797.2,19846.7,15391.0
2025-01-23 04:00:00,19825.5,19906.7,19700.7,19710.2,9185.0
2025-01-23 06:00:00,19709.7,19739.2,19656.2,19712.2,11114.0
2025-01-23 08:00:00,19713.2,19725.7,19674.2,19712.7,4656.0
2025-01-23 10:00:00,19712.2,19734.2,19707.2,19717.2,1920.0
2025-01-23 12:00:00,19716.7,19750.2,19701.2,19736.2,3200.0
2025-01-23 14:00:00,19736.7,19755.2,19689.2,19715.7,7074.0
2025-01-23 16:00:00,19715.2,19813.7,19692.2,19792.2,8656.0
2025-01-23 18:00:00,19792.7,19808.7,19772.9,19791.1,3542.0
2025-01-23 20:00:00,19791.0,19820.6,19783.0,19808.7,2964.0
2025-01-23 22:00:00,19805.9,19806.5,19796.3,19799.0,613.0
2025-01-24 00:00:00,19799.5,19950.7,19778.7,19938.2,8597.0
2025-01-24 02:00:00,19940.7,20144.7,19887.2,20092.7,19553.0
2025-01-24 04:00:00,20074.9,20174.2,20044.3,20115.2,8812.0
2025-01-24 06:00:00,20115.7,20157.2,20031.2,20072.2,11387.0
2025-01-24 08:00:00,20070.7,20124.7,20051.2,20085.2,6214.0
2025-01-24 10:00:00,20085.7,20092.7,20051.7,20052.7,2712.0
2025-01-24 12:00:00,20052.2,20080.2,20029.7,20076.7,3468.0
2025-01-24 14:00:00,20074.7,20109.7,19989.7,20101.7,9557.0
2025-01-24 16:00:00,20101.2,20197.2,20097.7,20168.2,6127.0
2025-01-24 18:00:00,20166.2,20188.1,20118.4,20176.3,4381.0
2025-01-24 20:00:00,20176.2,20178.8,20126.6,20134.2,3642.0
2025-01-26 23:00:00,20076.0,20156.7,20076.0,20086.2,3088.0
2025-01-27 01:00:00,20086.1,20322.2,20051.2,20209.8,18235.0
2025-01-27 03:00:00,20208.8,20332.3,20194.3,20249.1,7661.0
2025-01-27 05:00:00,20265.8,20296.8,20207.3,20226.8,12614.0
2025-01-27 07:00:00,20225.8,20244.8,20171.3,20200.0,10106.0
2025-01-27 09:00:00,20198.7,20479.8,20176.7,20472.3,9807.0
2025-01-27 11:00:00,20471.8,20488.3,20389.3,20445.3,7384.0
2025-01-27 13:00:00,20444.8,20450.3,20271.3,20321.8,10733.0
2025-01-27 15:00:00,20321.3,20385.8,20249.3,20342.8,13502.0
2025-01-27 17:00:00,20343.3,20401.3,20337.8,20374.7,7234.0
2025-01-27 19:00:00,20374.8,20394.8,20318.5,20352.1,10046.0
2025-01-27 21:00:00,20353.7,20376.0,20346.1,20367.0,1695.0
2025-01-27 22:00:00,20387.9,20387.9,20308.6,20325.7,3406.0
2025-01-28 00:00:00,20324.4,20407.7,20198.7,20218.7,10300.0
2025-01-28 02:00:00,20218.2,20297.2,20181.2,20255.7,12371.0
2025-01-28 04:00:00,20248.6,20296.2,20244.9,20281.2,1013.0
2025-02-02 23:00:00,19930.9,20223.2,19928.6,20206.0,10728.0
2025-02-03 01:00:00,20205.2,20206.5,19737.7,19927.7,20696.0
2025-02-03 03:00:00,19926.7,20194.0,19917.7,20079.2,10208.0
2025-02-03 05:00:00,20079.4,20180.5,19997.5,20165.0,11762.0
2025-02-03 07:00:00,20169.0,20283.0,20157.0,20260.5,10885.0
2025-02-03 09:00:00,20262.4,20297.0,20214.5,20261.5,5589.0
2025-02-03 11:00:00,20262.0,20301.5,20235.0,20245.0,4508.0
2025-02-03 13:00:00,20245.5,20459.5,20184.5,20421.5,10744.0
2025-02-03 15:00:00,20416.0,20643.5,20376.5,20528.5,19481.0
2025-02-03 17:00:00,20529.0,20555.5,20432.0,20449.6,11929.0
2025-02-03 19:00:00,20449.4,20467.4,20439.0,20443.1,7983.0
2025-02-03 21:00:00,20444.4,20537.5,20439.7,20526.3,4002.0
2025-02-03 22:00:00,20569.0,20573.8,20520.2,20533.2,1793.0
2025-02-04 00:00:00,20532.7,20683.0,20425.1,20657.5,10271.0
2025-02-04 02:00:00,20654.0,20918.0,20597.5,20643.5,18320.0
2025-02-04 04:00:00,20629.5,20654.5,20292.5,20569.0,12103.0
2025-02-04 06:00:00,20569.5,20821.5,20569.0,20814.5,12922.0
2025-02-04 08:00:00,20815.5,20828.0,20727.5,20752.0,10036.0
2025-02-04 10:00:00,20751.5,20791.0,20722.0,20731.5,4466.0
2025-02-04 12:00:00,20735.0,20785.0,20725.0,20781.5,4331.0
2025-02-04 14:00:00,20781.0,21002.0,20749.5,20984.0,14255.0
2025-02-04 16:00:00,20985.5,21033.5,20883.0,20961.0,10958.0
2025-02-04 18:00:00,20961.5,20978.0,20887.4,20902.1,5198.0
2025-02-04 20:00:00,20902.3,20920.1,20847.7,20861.1,6195.0
2025-02-04 22:00:00,20852.4,20882.3,20844.1,20873.0,1340.0
2025-02-05 00:00:00,20874.1,20917.7,20493.7,20497.2,11255.0
2025-02-05 02:00:00,20497.7,20733.7,20427.2,20648.2,19081.0
2025-02-05 04:00:00,20640.7,20669.7,20517.7,20558.7,9670.0
2025-02-05 06:00:00,20559.2,20616.2,20524.2,20594.2,11343.0
2025-02-05 08:00:00,20593.2,20631.2,20477.2,20514.7,7833.0
2025-02-05 10:00:00,20514.2,20606.7,20506.7,20603.7,3851.0
2025-02-05 12:00:00,20603.2,20688.2,20565.7,20588.7,5212.0
2025-02-05 14:00:00,20589.7,20683.7,20571.2,20667.7,12171.0
2025-02-05 16:00:00,20666.2,20668.2,20568.2,20629.2,7688.0
2025-02-05 18:00:00,20628.7,20665.7,20615.2,20615.7,3755.0
2025-02-05 20:00:00,20615.5,20632.3,20600.8,20630.5,3073.0
2025-02-05 22:00:00,20630.6,20636.6,20627.9,20632.0,645.0
2025-02-06 00:00:00,20631.0,20739.7,20570.7,20587.2,8433.0
2025-02-06 02:00:00,20591.7,20813.2,20541.2,20672.2,17307.0
2025-02-06 04:00:00,20658.1,20782.7,20657.3,20775.7,8637.0
2025-02-06 06:00:00,20776.2,20891.2,20733.2,20885.7,11406.0
2025-02-06 08:00:00,20888.2,20961.2,20870.2,20945.2,5956.0
2025-02-06 10:00:00,20937.2,20961.7,20888.7,20893.2,4080.0
2025-02-06 12:00:00,20893.7,20894.7,20841.2,20879.2,5185.0
2025-02-06 14:00:00,20877.7,20962.7,20850.7,20920.7,10356.0
2025-02-06 16:00:00,20921.2,20947.7,20857.7,20896.2,5843.0
2025-02-06 18:00:00,20896.7,20906.7,20821.3,20833.2,5717.0
2025-02-06 20:00:00,20833.0,20871.6,20798.8,20844.3,5794.0
2025-02-06 22:00:00,20832.4,20867.1,20831.9,20866.6,864.0
2025-02-07 00:00:00,20866.0,21018.3,20816.3,20977.8,8516.0
2025-02-07 02:00:00,20979.3,21241.3,20977.3,21225.8,20160.0
2025-02-07 04:00:00,21221.6,21238.8,21032.8,21077.8,11563.0
2025-02-07 06:00:00,21078.3,21152.3,20937.8,21138.8,14934.0
2025-02-07 08:00:00,21139.3,21206.3,21137.3,21195.3,5212.0
2025-02-07 10:00:00,21194.8,21304.3,21161.3,21203.3,5980.0
2025-02-07 12:00:00,21201.8,21240.8,21149.3,21231.3,5924.0
2025-02-07 14:00:00,21231.8,21402.3,21132.8,21205.8,15717.0
2025-02-07 16:00:00,21204.8,21215.3,21088.3,21176.3,15581.0
2025-02-07 18:00:00,21176.8,21194.3,21095.4,21113.8,6909.0
2025-02-07 20:00:00,21113.3,21130.7,21088.8,21121.0,4493.0
2025-02-09 23:00:00,21008.1,21197.9,21007.6,21139.4,3699.0
2025-02-10 01:00:00,21139.2,21546.3,21122.5,21457.8,21874.0
2025-02-10 03:00:00,21461.8,21484.8,21388.8,21423.8,8153.0
2025-02-10 05:00:00,21451.8,21562.8,21401.3,21498.3,17111.0
2025-02-10 07:00:00,21498.8,21602.5,21494.8,21557.6,8910.0
2025-02-10 09:00:00,21557.9,21576.3,21515.8,21571.3,4536.0
2025-02-10 11:00:00,21570.8,21633.8,21539.3,21583.3,4493.0
2025-02-10 13:00:00,21583.8,21611.3,21452.8,21505.8,7771.0
2025-02-10 15:00:00,21506.3,21633.3,21497.3,21545.3,11778.0
2025-02-10 17:00:00,21544.8,21564.8,21495.8,21547.3,6609.0
2025-02-10 19:00:00,21531.8,21573.1,21527.5,21570.6,3481.0
2025-02-10 21:00:00,21570.4,21570.4,21556.2,21566.2,453.0
2025-02-10 22:00:00,21566.1,21566.1,21530.7,21555.9,1311.0
2025-02-11 00:00:00,21556.5,21693.3,21466.8,21527.3,9946.0
2025-02-11 02:00:00,21528.8,21592.3,21307.3,21418.8,19525.0
2025-02-11 04:00:00,21407.8,21501.8,21396.8,21467.8,8708.0
2025-02-11 06:00:00,21467.3,21494.8,21296.3,21314.3,13509.0
2025-02-11 08:00:00,21312.8,21343.3,21286.8,21322.3,5259.0
2025-02-11 10:00:00,21324.3,21365.3,21318.3,21362.3,3118.0
2025-02-11 12:00:00,21364.3,21388.3,21279.3,21287.8,4921.0
2025-02-11 14:00:00,21287.3,21613.3,21284.8,21577.3,14887.0
2025-02-11 16:00:00,21577.8,21614.3,21523.8,21527.8,8468.0
2025-02-11 18:00:00,21527.3,21552.8,21507.3,21521.3,4883.0
2025-02-11 20:00:00,21521.5,21526.5,21490.2,21509.7,2466.0
2025-02-11 22:00:00,21513.2,21528.3,21505.8,21523.8,931.0
2025-02-12 00:00:00,21523.2,21639.1,21430.1,21639.1,9653.0
2025-02-12 02:00:00,21639.6,21799.1,21598.1,21655.1,22394.0
2025-02-12 04:00:00,21642.6,21717.1,21587.6,21710.1,9222.0
2025-02-12 06:00:00,21713.1,21874.1,21692.6,21869.1,16362.0
2025-02-12 08:00:00,21870.6,21919.1,21801.2,21912.1,7096.0
2025-02-12 10:00:00,21912.6,21942.6,21851.1,21859.1,5165.0
2025-02-12 12:00:00,21859.6,21919.6,21742.6,21790.1,7912.0
2025-02-12 14:00:00,21792.1,21990.1,21727.6,21975.6,13969.0
2025-02-12 16:00:00,21974.6,22133.1,21928.6,22112.1,10035.0
2025-02-12 18:00:00,22114.6,22130.1,22017.3,22045.2,6319.0
2025-02-12 20:00:00,22045.4,22060.6,22020.6,22049.1,3643.0
2025-02-12 22:00:00,22034.9,22071.2,22027.7,22066.8,936.0
2025-02-13 00:00:00,22066.5,22142.4,21931.9,22098.4,10234.0
2025-02-13 02:00:00,22097.4,22227.4,22049.4,22211.9,20992.0
2025-02-13 04:00:00,22206.0,22429.4,22200.4,22407.4,12149.0
2025-02-13 06:00:00,22406.9,22542.4,21740.9,21797.4,25876.0
2025-02-13 08:00:00,21797.9,21845.9,21711.4,21779.9,9858.0
2025-02-13 10:00:00,21780.4,21826.9,21717.4,21799.4,4894.0
2025-02-13 12:00:00,21792.9,21797.4,21694.4,21723.9,6034.0
2025-02-13 14:00:00,21722.9,21906.4,21635.9,21898.9,14038.0
2025-02-13 16:00:00,21899.4,21979.9,21889.4,21909.4,8321.0
2025-02-13 18:00:00,21906.4,21961.1,21825.9,21945.7,7356.0
2025-02-13 20:00:00,21945.6,21978.0,21941.0,21961.3,2592.0
2025-02-13 22:00:00,21958.9,21970.1,21934.0,21935.5,889.0
2025-02-14 00:00:00,21936.1,22284.7,21886.3,22147.7,9765.0
2025-02-14 02:00:00,22148.2,22415.2,22108.2,22317.7,21534.0
2025-02-14 04:00:00,22302.6,22421.7,22121.2,22236.7,12541.0
2025-02-14 06:00:00,22234.7,22604.2,22234.2,22590.7,22639.0
2025-02-14 08:00:00,22591.7,22676.2,22580.2,22609.2,7989.0
2025-02-14 10:00:00,22603.7,22658.2,22490.2,22576.7,5026.0
2025-02-14 12:00:00,22574.7,22615.2,22544.2,22570.7,4380.0
2025-02-14 14:00:00,22571.2,22631.2,22426.2,22442.2,11817.0
2025-02-14 16:00:00,22442.7,22539.7,22406.7,22533.2,8705.0
2025-02-14 18:00:00,22533.7,22556.2,22483.2,22491.4,4283.0
2025-02-14 20:00:00,22491.1,22520.3,22477.9,22497.3,2253.0
2025-02-16 23:00:00,22519.5,22535.7,22512.8,22528.7,1667.0
2025-02-17 01:00:00,22528.2,22978.2,22515.4,22750.7,22096.0
2025-02-17 03:00:00,22751.2,22807.7,22522.2,22657.6,11451.0
2025-02-17 05:00:00,22661.3,22742.8,22337.8,22693.8,23068.0
2025-02-17 07:00:00,22695.3,22751.3,22576.3,22592.2,11797.0
2025-02-17 09:00:00,22592.5,22652.8,22579.9,22596.3,3845.0
2025-02-17 11:00:00,22595.8,22636.3,22593.8,22624.3,2434.0
2025-02-17 13:00:00,22624.8,22699.3,22615.8,22675.8,3404.0
2025-02-17 15:00:00,22676.3,22730.3,22669.3,22708.3,3963.0
2025-02-17 17:00:00,22707.3,22708.8,22680.8,22691.3,1986.0
2025-02-17 19:00:00,22678.7,22688.6,22657.8,22668.5,95.0
2025-02-17 21:00:00,22668.8,22675.4,22668.5,22675.4,8.0
2025-02-17 22:00:00,22666.1,22668.1,22643.5,22657.6,723.0
2025-02-18 00:00:00,22657.4,22849.7,22603.2,22816.7,9638.0
2025-02-18 02:00:00,22814.7,23104.7,22765.2,23102.2,22011.0
2025-02-18 04:00:00,23087.4,23155.7,22787.7,22829.2,12770.0
2025-02-18 06:00:00,22827.2,22961.7,22708.2,22958.7,19899.0
2025-02-18 08:00:00,22955.2,22994.2,22893.7,22906.7,4497.0
2025-02-18 10:00:00,22900.7,22900.7,22854.2,22883.2,2372.0
2025-02-18 12:00:00,22882.7,22893.2,22854.7,22870.7,3998.0
2025-02-18 14:00:00,22871.2,22891.2,22663.2,22678.7,12286.0
2025-02-18 16:00:00,22678.2,22806.2,22664.2,22722.2,8147.0
2025-02-18 18:00:00,22722.7,22768.2,22712.2,22746.4,5039.0
2025-02-18 20:00:00,22746.5,22777.8,22728.6,22766.9,2294.0
2025-02-18 22:00:00,22752.4,22769.5,22750.9,22767.0,728.0
2025-02-19 00:00:00,22766.5,22860.7,22638.2,22832.7,9178.0
2025-02-19 02:00:00,22829.7,22978.2,22795.2,22923.2,20552.0
2025-02-19 04:00:00,22913.3,22974.2,22776.7,22844.7,11364.0
2025-02-19 06:00:00,22843.7,22946.2,22825.2,22930.2,14860.0
2025-02-19 08:00:00,22931.2,22955.2,22890.7,22913.2,4662.0
2025-02-19 10:00:00,22915.2,22923.2,22757.2,22793.7,4758.0
2025-02-19 12:00:00,22793.2,22837.2,22781.2,22803.7,5339.0
2025-02-19 14:00:00,22803.2,22874.7,22675.7,22740.2,13385.0
2025-02-19 16:00:00,22740.7,22788.2,22696.7,22734.7,6776.0
2025-02-19 18:00:00,22735.2,22762.4,22712.7,22745.2,4175.0
2025-02-19 20:00:00,22745.1,22747.3,22704.1,22706.8,3065.0
2025-02-19 22:00:00,22706.7,22728.3,22705.4,22727.4,599.0
2025-02-20 00:00:00,22726.2,22846.6,22571.6,22582.6,9322.0
2025-02-20 02:00:00,22581.6,22648.6,22443.6,22616.6,21630.0
2025-02-20 04:00:00,22607.3,22779.6,22586.8,22716.1,10885.0
2025-02-20 06:00:00,22718.1,22735.6,22577.1,22580.1,15152.0
2025-02-20 08:00:00,22577.6,22620.6,22555.1,22590.6,5054.0
2025-02-20 10:00:00,22591.1,22913.6,22586.1,22905.6,8951.0
2025-02-20 12:00:00,22903.6,23044.1,22888.6,22999.1,9205.0
2025-02-20 14:00:00,22998.1,23312.6,22967.1,23050.1,18433.0
2025-02-20 16:00:00,23051.6,23106.1,22855.6,22998.6,14133.0
2025-02-20 18:00:00,22997.6,23058.5,22979.1,23044.1,6252.0
2025-02-20 20:00:00,23044.2,23056.4,23009.1,23028.6,2969.0
2025-02-20 22:00:00,23035.0,23060.5,23033.6,23052.6,757.0
2025-02-21 00:00:00,23051.3,23106.8,22910.8,22952.8,9774.0
2025-02-21 02:00:00,22954.3,23258.8,22902.3,23224.3,21811.0
2025-02-21 04:00:00,23216.4,23353.3,23152.8,23230.8,12386.0
2025-02-21 06:00:00,23230.3,23481.3,23229.8,23450.3,17993.0
2025-02-21 08:00:00,23449.5,23484.0,23366.0,23425.0,7809.0
2025-02-21 10:00:00,23424.5,23519.5,23417.0,23485.5,5300.0
2025-02-21 12:00:00,23484.5,23500.0,23442.5,23469.5,5572.0
2025-02-21 14:00:00,23470.0,23704.5,23430.5,23502.5,16250.0
2025-02-21 16:00:00,23503.0,23631.5,23491.5,23501.0,11766.0
2025-02-21 18:00:00,23502.0,23506.0,23339.1,23354.2,11109.0
2025-02-21 20:00:00,23354.1,23402.9,23351.0,23395.5,5366.0
2025-02-23 23:00:00,23416.6,23509.6,23411.2,23457.0,2858.0
2025-02-24 01:00:00,23456.7,23675.2,23224.2,23449.2,24231.0
2025-02-24 03:00:00,23449.7,23559.7,23314.7,23336.7,11543.0
2025-02-24 05:00:00,23336.9,23531.2,23239.7,23508.2,22425.0
2025-02-24 07:00:00,23507.2,23541.2,23294.2,23350.0,11913.0
2025-02-24 09:00:00,23349.7,23367.2,23267.7,23286.7,6287.0
2025-02-24 11:00:00,23287.2,23322.7,23253.7,23274.7,5439.0
2025-02-24 13:00:00,23275.2,23300.7,22906.2,22906.2,12457.0
2025-02-24 15:00:00,22908.7,22945.2,22770.2,22789.7,16130.0
2025-02-24 17:00:00,22790.2,22874.7,22789.2,22819.2,7915.0
2025-02-24 19:00:00,22808.5,22828.8,22787.4,22802.8,7276.0
2025-02-24 21:00:00,22803.0,22826.7,22795.2,22817.2,1223.0
2025-02-24 22:00:00,22819.2,22825.4,22785.3,22795.9,1328.0
2025-02-25 00:00:00,22796.1,22995.2,22737.2,22959.7,10989.0
2025-02-25 02:00:00,22958.2,23214.5,22866.7,23195.5,23462.0
2025-02-25 04:00:00,23175.7,23241.0,23087.0,23113.0,11838.0
2025-02-25 06:00:00,23112.5,23155.5,22887.0,23013.0,19452.0
2025-02-25 08:00:00,23017.5,23088.5,22931.0,23078.0,8879.0
2025-02-25 10:00:00,23079.0,23196.0,23074.0,23176.5,5593.0
2025-02-25 12:00:00,23176.0,23204.0,23126.0,23146.5,6028.0
2025-02-25 14:00:00,23147.0,23175.0,22956.5,23143.0,16463.0
2025-02-25 16:00:00,23148.0,23158.0,23082.5,23135.5,10606.0
2025-02-25 18:00:00,23136.0,23169.0,23090.6,23115.7,8911.0
2025-02-25 20:00:00,23114.9,23163.0,23097.7,23153.0,7992.0
2025-02-25 22:00:00,23152.8,23182.3,23152.8,23180.4,959.0
2025-02-26 00:00:00,23179.9,23531.5,23109.9,23531.5,10535.0
2025-02-26 02:00:00,23532.0,23686.0,23435.5,23599.5,22531.0
2025-02-26 04:00:00,23597.4,23783.5,23583.6,23748.0,12451.0
2025-02-26 06:00:00,23747.5,23971.0,23647.5,23736.5,20311.0
2025-02-26 08:00:00,23737.0,23778.5,23670.0,23696.5,8336.0
2025-02-26 10:00:00,23698.5,23781.5,23698.0,23744.0,5187.0
2025-02-26 12:00:00,23743.0,23772.5,23695.0,23706.5,5062.0
2025-02-26 14:00:00,23706.0,23861.0,23628.5,23828.5,13548.0
2025-02-26 16:00:00,23832.0,23842.5,23721.5,23727.0,8941.0
2025-02-26 18:00:00,23725.5,23750.0,23567.4,23607.9,8110.0
2025-02-26 20:00:00,23607.0,23793.3,23592.9,23750.3,10271.0
2025-02-26 22:00:00,23750.1,23753.5,23703.4,23741.1,2232.0
2025-02-27 00:00:00,23740.4,24036.5,23651.4,23810.5,12841.0
2025-02-27 02:00:00,23812.0,23865.5,23545.4,23576.9,26022.0
2025-02-27 04:00:00,23572.9,23785.4,23470.9,23741.4,13678.0
2025-02-27 06:00:00,23740.4,23915.4,23641.9,23703.9,23163.0
2025-02-27 08:00:00,23704.4,23801.9,23674.9,23787.4,8618.0
2025-02-27 10:00:00,23785.4,23882.4,23745.9,23822.4,5833.0
2025-02-27 12:00:00,23821.4,23932.4,23592.4,23598.4,9759.0
2025-02-27 14:00:00,23597.4,23706.4,23427.9,23630.9,19891.0
2025-02-27 16:00:00,23633.4,23714.4,23617.4,23696.4,10634.0
2025-02-27 18:00:00,23695.9,23753.9,23608.3,23610.5,10049.0
2025-02-27 20:00:00,23610.4,23611.0,23552.1,23580.3,9495.0
2025-02-27 22:00:00,23570.8,23611.7,23569.8,23607.0,1677.0
2025-02-28 00:00:00,23606.5,23646.1,23193.1,23193.1,11460.0
2025-02-28 02:00:00,23194.6,23429.1,23118.6,23162.1,21679.0
2025-02-28 04:00:00,23150.1,23228.6,23020.6,23120.6,13052.0
2025-02-28 06:00:00,23118.6,23118.6,22800.1,22911.1,21583.0
2025-02-28 08:00:00,22911.6,23044.1,22907.6,22948.6,9087.0
2025-02-28 10:00:00,22948.1,23060.1,22947.6,23042.1,4586.0
2025-02-28 12:00:00,23042.6,23061.6,22957.6,23030.6,6829.0
2025-02-28 14:00:00,23031.1,23106.6,22918.1,23068.1,14976.0
2025-02-28 16:00:00,23067.6,23107.1,22973.1,22974.1,10474.0
2025-02-28 18:00:00,22975.6,23024.7,22897.6,23023.5,12444.0
2025-02-28 20:00:00,23022.9,23106.5,23014.2,23059.6,8793.0
2025-03-02 23:00:00,23118.1,23145.1,23043.6,23049.6,6835.0
2025-03-03 01:00:00,23050.2,23395.6,23020.1,23291.6,22762.0
2025-03-03 03:00:00,23292.1,23301.1,23142.6,23234.1,10698.0
2025-03-03 05:00:00,23233.8,23296.4,22869.4,22973.9,21474.0
2025-03-03 07:00:00,22973.4,23068.4,22920.9,23010.6,12481.0
2025-03-03 09:00:00,23011.2,23047.6,22910.6,23044.6,8075.0
2025-03-03 11:00:00,23043.6,23120.6,23020.1,23106.1,6005.0
2025-03-03 13:00:00,23105.6,23141.1,22968.6,22991.6,9060.0
2025-03-03 15:00:00,22993.6,23120.1,22963.1,23052.1,12778.0
2025-03-03 17:00:00,23051.6,23093.1,22892.6,22921.6,8685.0
2025-03-03 19:00:00,22921.4,22948.3,22725.4,22794.8,16695.0
2025-03-03 21:00:00,22795.2,22836.2,22792.1,22823.0,2419.0
2025-03-03 22:00:00,22822.8,22822.8,22763.5,22769.3,2369.0
2025-03-04 00:00:00,22770.0,22876.1,22556.8,22621.8,13761.0
2025-03-04 02:00:00,22624.3,22934.9,22595.9,22899.4,22707.0
2025-03-04 04:00:00,22895.4,23048.9,22805.9,22995.4,13937.0
2025-03-04 06:00:00,22996.4,23033.4,22901.9,22968.9,15921.0
2025-03-04 08:00:00,22967.3,22967.3,22864.8,22912.8,9696.0
2025-03-04 10:00:00,22911.3,22975.8,22864.8,22947.8,6320.0
2025-03-04 12:00:00,22948.8,22950.3,22811.3,22820.3,8743.0
2025-03-04 14:00:00,22819.8,22912.8,22681.3,22814.3,18314.0
2025-03-04 16:00:00,22813.8,23037.8,22744.3,22928.8,14382.0
2025-03-04 18:00:00,22928.3,23115.0,22922.8,23111.1,13779.0
2025-03-04 20:00:00,23109.9,23166.2,23003.8,23104.7,16894.0
2025-03-04 22:00:00,23098.3,23131.8,23082.8,23113.1,2339.0
2025-03-05 00:00:00,23112.8,23532.8,23050.0,23365.3,13328.0
2025-03-05 02:00:00,23367.3,23392.8,23087.8,23332.3,20393.0
2025-03-05 04:00:00,23315.7,23482.8,23293.6,23480.3,11142.0
2025-03-05 06:00:00,23482.8,23643.8,23442.8,23605.8,15790.0
2025-03-05 08:00:00,23545.7,23612.2,23502.2,23587.2,9154.0
2025-03-05 10:00:00,23586.7,23602.7,23444.2,23479.7,6627.0
2025-03-05 12:00:00,23479.2,23528.2,23436.7,23475.7,8475.0
2025-03-05 14:00:00,23475.2,23789.2,23452.7,23746.7,17113.0
2025-03-05 16:00:00,23746.2,23894.7,23642.2,23860.7,13436.0
2025-03-05 18:00:00,23861.7,23989.7,23804.7,23949.1,13974.0
2025-03-05 20:00:00,23949.0,23986.3,23919.9,23926.2,10953.0
2025-03-05 22:00:00,23915.1,23935.1,23901.1,23905.3,1783.0
2025-03-06 00:00:00,23905.2,24145.8,23862.0,24139.8,11058.0
2025-03-06 02:00:00,24139.3,24258.3,24034.8,24225.8,18805.0
2025-03-06 04:00:00,24212.3,24304.8,24162.3,24261.3,10720.0
2025-03-06 06:00:00,24260.8,24420.3,24214.8,24351.8,16012.0
2025-03-06 08:00:00,24350.8,24469.8,24275.3,24347.8,13416.0
2025-03-06 10:00:00,24350.8,24393.3,24228.3,24318.3,7945.0
2025-03-06 12:00:00,24311.8,24351.8,24274.3,24275.3,7881.0
2025-03-06 14:00:00,24272.3,24356.3,24057.3,24090.8,18508.0
2025-03-06 16:00:00,24093.3,24196.3,24016.3,24078.3,15157.0
2025-03-06 18:00:00,24077.8,24155.8,24023.8,24060.3,13552.0
2025-03-06 20:00:00,24060.7,24179.1,24051.7,24145.5,13202.0
2025-03-06 22:00:00,24145.6,24161.6,24122.0,24131.2,1718.0
2025-03-07 00:00:00,24130.5,24257.8,24071.5,24128.5,12516.0
2025-03-07 02:00:00,24127.0,24526.5,24108.0,24522.0,23053.0
2025-03-07 04:00:00,24508.5,24666.5,24310.5,24434.5,14372.0
2025-03-07 06:00:00,24435.5,24443.5,24147.5,24187.0,21577.0
2025-03-07 08:00:00,24186.0,24242.0,24131.6,24196.0,8457.0
2025-03-07 10:00:00,24196.5,24224.0,24121.0,24177.0,5649.0
2025-03-07 12:00:00,24177.5,24182.5,24077.0,24079.5,8593.0
2025-03-07 14:00:00,24077.0,24301.0,24032.0,24179.5,19377.0
2025-03-07 16:00:00,24181.0,24188.5,23951.0,24022.5,16290.0
2025-03-07 18:00:00,24022.0,24145.0,24016.5,24097.5,15504.0
2025-03-07 20:00:00,24097.3,24116.5,24035.4,24069.5,11275.0
2025-03-09 22:00:00,23994.3,24003.1,23885.7,23980.7,7276.0
2025-03-10 00:00:00,23979.0,24301.6,23969.0,24049.6,13589.0
2025-03-10 02:00:00,24050.1,24090.6,23700.6,23718.6,21903.0
2025-03-10 04:00:00,23699.3,23750.1,23630.6,23707.1,11667.0
2025-03-10 06:00:00,23708.6,23898.6,23688.6,23790.1,18129.0
2025-03-10 08:00:00,23792.1,23817.1,23611.1,23702.1,11886.0
2025-03-10 10:00:00,23702.6,23739.6,23618.1,23643.1,7263.0
2025-03-10 12:00:00,23646.1,23689.1,23542.1,23573.1,12895.0
2025-03-10 14:00:00,23572.6,23573.6,23362.1,23534.6,19012.0
2025-03-10 16:00:00,23535.1,23554.1,23351.1,23351.6,14032.0
2025-03-10 18:00:00,23352.1,23402.1,23198.1,23292.4,17631.0
2025-03-10 20:00:00,23295.1,23318.8,23264.9,23311.8,3895.0
2025-03-10 21:00:00,23293.3,23304.8,23233.1,23246.8,3509.0
2025-03-10 23:00:00,23247.4,23286.9,23190.7,23276.8,11083.0
2025-03-11 01:00:00,23276.1,23727.8,23185.0,23561.3,25393.0
2025-03-11 03:00:00,23563.3,23710.8,23521.8,23576.3,11985.0
2025-03-11 05:00:00,23576.6,23673.3,23496.3,23653.3,21956.0
2025-03-11 07:00:00,23653.8,23866.3,23634.8,23757.2,15906.0
2025-03-11 09:00:00,23756.2,23912.2,23745.6,23823.2,10270.0
2025-03-11 11:00:00,23822.7,23857.7,23777.2,23840.7,8949.0
2025-03-11 13:00:00,23841.2,23927.2,23530.2,23592.2,21301.0
2025-03-11 15:00:00,23593.2,23736.2,23575.7,23589.2,20485.0
2025-03-11 17:00:00,23589.7,23764.2,23532.7,23720.5,18179.0
2025-03-11 19:00:00,23720.8,23737.1,23642.5,23653.4,15622.0
2025-03-11 21:00:00,23667.7,23715.3,23651.1,23707.1,2447.0
2025-03-11 23:00:00,23706.1,23728.5,23652.2,23659.0,5803.0
2025-03-12 01:00:00,23658.7,23941.7,23654.6,23797.2,23186.0
2025-03-12 03:00:00,23795.7,23830.2,23590.7,23613.4,10535.0
2025-03-12 05:00:00,23614.1,23790.4,23494.4,23529.9,21034.0
2025-03-12 07:00:00,23528.9,23675.0,23353.9,23669.4,16517.0
2025-03-12 09:00:00,23670.7,23705.4,23607.9,23628.4,6661.0
2025-03-12 11:00:00,23627.9,23794.4,23624.4,23682.9,9134.0
2025-03-12 13:00:00,23682.4,23691.9,23418.9,23426.9,20331.0
2025-03-12 15:00:00,23427.9,23624.4,23415.9,23564.9,16664.0
2025-03-12 17:00:00,23566.4,23612.4,23501.9,23580.7,13730.0
2025-03-12 19:00:00,23580.3,23591.2,23529.6,23537.7,10232.0
2025-03-12 21:00:00,23535.7,23577.5,23535.7,23572.2,2001.0
2025-03-12 23:00:00,23571.9,23608.3,23563.1,23578.0,3740.0
2025-03-13 01:00:00,23577.0,23709.9,23442.4,23691.4,22237.0
2025-03-13 03:00:00,23689.9,23713.9,23369.7,23381.8,12096.0
2025-03-13 05:00:00,23387.9,23425.9,23180.4,23409.4,21938.0
2025-03-13 07:00:00,23406.9,23498.9,23376.4,23463.7,14671.0
2025-03-13 09:00:00,23463.1,23541.7,23436.6,23494.2,7047.0
2025-03-13 11:00:00,23492.7,23503.7,23372.2,23385.2,10197.0
2025-03-13 13:00:00,23383.7,23701.7,23376.2,23652.7,18949.0
2025-03-13 15:00:00,23656.7,23722.2,23613.2,23691.7,15967.0
2025-03-13 17:00:00,23692.2,23774.7,23636.2,23749.3,12210.0
2025-03-13 19:00:00,23749.2,23757.2,23665.5,23725.7,9968.0
2025-03-13 21:00:00,23737.5,23794.0,23730.1,23779.4,2313.0
2025-03-13 23:00:00,23779.8,23795.9,23744.1,23749.3,4468.0
2025-03-14 01:00:00,23749.6,23906.2,23470.2,23878.7,23004.0
2025-03-14 03:00:00,23876.7,24106.2,23876.7,24060.6,11336.0
2025-03-14 05:00:00,24072.7,24113.7,23900.7,24037.2,22664.0
2025-03-14 07:00:00,24039.2,24051.7,23935.2,24007.8,12328.0
2025-03-14 09:00:00,24009.2,24184.7,24008.8,24153.7,8844.0
2025-03-14 11:00:00,24152.7,24227.7,24138.2,24191.7,8335.0
2025-03-14 13:00:00,24191.2,24252.7,24100.7,24163.2,17485.0
2025-03-14 15:00:00,24163.7,24199.2,24103.2,24169.2,12070.0
2025-03-14 17:00:00,24164.7,24206.7,24163.2,24168.1,9890.0
2025-03-14 19:00:00,24167.3,24215.2,24138.8,24160.8,7033.0
2025-03-16 22:00:00,24162.6,24178.9,24130.9,24169.3,6260.0
2025-03-17 00:00:00,24168.8,24309.0,24108.0,24126.0,13265.0
2025-03-17 02:00:00,24127.0,24358.5,24078.5,24271.0,20295.0
2025-03-17 04:00:00,24262.1,24312.0,24187.0,24205.0,10829.0
2025-03-17 06:00:00,24204.5,24229.5,24069.0,24144.5,15053.0
2025-03-17 08:00:00,24145.0,24185.5,24112.5,24184.0,7850.0
2025-03-17 10:00:00,24185.0,24241.5,24181.5,24229.5,4820.0
2025-03-17 12:00:00,24229.0,24548.5,24185.5,24519.5,11733.0
2025-03-17 14:00:00,24519.0,24644.0,24464.0,24612.0,16901.0
2025-03-17 16:00:00,24611.0,24684.5,24586.0,24664.5,10283.0
2025-03-17 18:00:00,24664.0,24704.0,24632.2,24637.6,10175.0
2025-03-17 20:00:00,24639.4,24639.4,24613.7,24631.2,2050.0
2025-03-17 21:00:00,24625.0,24641.5,24618.6,24640.1,1511.0
2025-03-17 23:00:00,24640.7,24653.6,24605.8,24647.1,3261.0
2025-03-18 01:00:00,24647.7,24744.5,24493.0,24651.0,21178.0
2025-03-18 03:00:00,24651.5,24656.0,24543.5,24578.1,9323.0
2025-03-18 05:00:00,24599.0,24709.0,24544.0,24692.0,18520.0
2025-03-18 07:00:00,24691.5,24869.4,24635.5,24813.9,13030.0
2025-03-18 09:00:00,24814.2,24845.5,24733.0,24767.0,8433.0
2025-03-18 11:00:00,24767.5,24769.0,24674.0,24683.0,7161.0
2025-03-18 13:00:00,24684.0,24780.5,24586.0,24695.0,17591.0
2025-03-18 15:00:00,24696.0,24769.0,24637.5,24697.0,13370.0
2025-03-18 17:00:00,24696.5,24730.5,24650.5,24684.1,11178.0
2025-03-18 19:00:00,24684.0,24692.1,24661.0,24664.8,7697.0
2025-03-18 21:00:00,24664.9,24685.0,24644.3,24678.1,1227.0
2025-03-18 23:00:00,24678.4,24725.7,24666.8,24712.6,3243.0
2025-03-19 01:00:00,24712.3,24816.1,24607.6,24755.6,20999.0
2025-03-19 03:00:00,24756.1,24801.6,24730.1,24764.1,8652.0
2025-03-19 05:00:00,24801.1,24889.1,24694.1,24771.1,18971.0
2025-03-19 07:00:00,24769.6,24795.6,24679.1,24708.6,11063.0
2025-03-19 09:00:00,24708.3,24865.1,24704.0,24851.6,6530.0
2025-03-19 11:00:00,24851.1,24906.1,24811.1,24825.1,7009.0
2025-03-19 13:00:00,24826.6,24837.6,24571.1,24594.6,14562.0
2025-03-19 15:00:00,24595.1,24693.6,24589.1,24636.6,8859.0
2025-03-19 17:00:00,24636.1,24706.6,24576.6,24685.8,12348.0
2025-03-19 19:00:00,24685.5,24721.3,24655.6,24671.9,10208.0
2025-03-19 21:00:00,24681.6,24720.1,24678.0,24709.3,1201.0
2025-03-19 23:00:00,24709.5,24723.1,24692.2,24715.7,2251.0
2025-03-20 01:00:00,24715.1,24759.6,24351.6,24524.0,21337.0
2025-03-20 03:00:00,24523.5,24604.5,24448.0,24470.2,8805.0
2025-03-20 05:00:00,24482.5,24505.0,24257.5,24276.5,19198.0
2025-03-20 07:00:00,24273.5,24286.5,24141.9,24147.4,11230.0
2025-03-20 09:00:00,24147.7,24159.5,24048.5,24085.0,11054.0
2025-03-20 11:00:00,24088.5,24125.5,24024.5,24060.0,8469.0
2025-03-20 13:00:00,24059.5,24139.5,23964.5,24069.0,16070.0
2025-03-20 15:00:00,24069.5,24077.0,23969.5,24025.0,11997.0
2025-03-20 17:00:00,24024.5,24064.0,23987.5,24042.5,8871.0
2025-03-20 19:00:00,24030.0,24053.8,24021.0,24041.5,6816.0
2025-03-20 21:00:00,24037.1,24049.9,24034.5,24038.2,894.0
2025-03-20 23:00:00,24037.7,24046.7,24013.1,24038.5,2653.0
2025-03-21 01:00:00,24038.0,24233.9,23827.9,23830.9,21138.0
2025-03-21 03:00:00,23829.9,23861.9,23674.9,23730.9,11431.0
2025-03-21 05:00:00,23759.9,23782.9,23592.4,23732.4,20633.0
2025-03-21 07:00:00,23732.9,23822.4,23562.3,23588.6,13917.0
2025-03-21 09:00:00,23588.8,23667.9,23534.9,23667.4,7916.0
2025-03-21 11:00:00,23667.9,23676.4,23596.4,23602.4,6992.0
2025-03-21 13:00:00,23601.4,23643.9,23507.4,23555.9,15342.0
2025-03-21 15:00:00,23556.9,23667.4,23529.9,23663.4,12052.0
2025-03-21 17:00:00,23662.4,23684.4,23608.4,23631.2,7419.0
2025-03-21 19:00:00,23631.1,23643.9,23610.1,23637.5,6167.0
2025-03-23 22:00:00,23722.3,23727.0,23665.8,23699.7,2550.0
2025-03-24 00:00:00,23700.5,23770.0,23536.5,23605.5,10335.0
2025-03-24 02:00:00,23608.0,23761.0,23565.0,23665.0,20127.0
2025-03-24 04:00:00,23655.5,23726.0,23608.5,23680.0,10511.0
2025-03-24 06:00:00,23679.0,23960.5,23592.5,23909.0,18698.0
2025-03-24 08:00:00,23908.5,23963.5,23791.5,23799.5,8286.0
2025-03-24 10:00:00,23799.0,23835.5,23740.0,23742.0,5694.0
2025-03-24 12:00:00,23742.5,23756.0,23629.5,23656.0,9486.0
2025-03-24 14:00:00,23655.5,23745.0,23611.5,23621.5,9868.0
2025-03-24 16:00:00,23621.0,23652.0,23583.0,23610.5,7114.0
2025-03-24 18:00:00,23609.0,23624.5,23566.2,23597.0,5284.0
2025-03-24 20:00:00,23596.9,23618.3,23596.5,23607.5,654.0
2025-03-24 21:00:00,23613.1,23614.5,23602.3,23604.7,475.0
2025-03-24 23:00:00,23604.2,23651.1,23583.7,23650.8,1360.0
2025-03-25 01:00:00,23650.0,23743.5,23314.0,23382.5,19152.0
2025-03-25 03:00:00,23381.5,23475.0,23351.0,23373.7,7755.0
2025-03-25 05:00:00,23371.0,23505.5,23332.5,23368.5,16405.0
2025-03-25 07:00:00,23368.0,23420.5,23275.9,23305.9,10177.0
2025-03-25 09:00:00,23306.5,23489.0,23295.9,23485.5,5256.0
2025-03-25 11:00:00,23486.0,23530.0,23469.0,23523.0,5100.0
2025-03-25 13:00:00,23522.5,23652.5,23485.5,23569.5,12510.0
2025-03-25 15:00:00,23570.0,23589.0,23476.0,23535.0,7373.0
2025-03-25 17:00:00,23535.5,23545.0,23451.5,23463.5,4986.0
2025-03-25 19:00:00,23450.7,23479.2,23435.3,23478.7,3363.0
2025-03-25 21:00:00,23478.5,23484.1,23471.9,23479.4,493.0
2025-03-25 23:00:00,23479.8,23497.2,23470.3,23476.9,1029.0
2025-03-26 01:00:00,23476.3,23601.9,23357.4,23448.4,18952.0
2025-03-26 03:00:00,23447.4,23471.9,23386.9,23404.3,6894.0
2025-03-26 05:00:00,23413.4,23503.9,23359.9,23452.9,15274.0
2025-03-26 07:00:00,23454.9,23536.9,23428.7,23431.8,8566.0
2025-03-26 09:00:00,23432.3,23469.9,23405.4,23464.4,5100.0
2025-03-26 11:00:00,23464.9,23480.4,23432.9,23468.4,3891.0
2025-03-26 13:00:00,23467.9,23538.9,23366.4,23530.9,12719.0
2025-03-26 15:00:00,23530.4,23606.4,23450.9,23455.9,10615.0
2025-03-26 17:00:00,23455.4,23500.9,23403.0,23403.0,8141.0
2025-03-26 19:00:00,23402.9,23436.0,23401.0,23418.3,5303.0
2025-03-26 21:00:00,23418.2,23423.1,23383.1,23398.7,3192.0
2025-03-26 23:00:00,23399.0,23439.9,23394.2,23425.3,2837.0
2025-03-27 01:00:00,23425.8,23890.0,23395.5,23821.5,22059.0
2025-03-27 03:00:00,23822.0,23826.5,23670.5,23739.0,9462.0
2025-03-27 05:00:00,23738.7,23783.5,23635.0,23641.5,17756.0
2025-03-27 07:00:00,23642.0,23661.5,23547.5,23635.8,11837.0
2025-03-27 09:00:00,23636.1,23652.5,23598.0,23635.0,4481.0
2025-03-27 11:00:00,23637.0,23675.5,23596.5,23604.5,5161.0
2025-03-27 13:00:00,23605.0,23792.0,23554.0,23763.0,12612.0
2025-03-27 15:00:00,23763.5,23820.0,23744.5,23760.5,7970.0
2025-03-27 17:00:00,23761.0,23784.0,23715.0,23750.1,4640.0
2025-03-27 19:00:00,23750.0,23773.6,23728.3,23736.9,6064.0
2025-03-27 21:00:00,23737.7,23754.1,23734.7,23745.0,814.0
2025-03-27 23:00:00,23745.2,23765.2,23719.7,23763.5,2400.0
2025-03-28 01:00:00,23764.1,23773.7,23396.2,23437.7,20778.0
2025-03-28 03:00:00,23436.7,23507.7,23311.2,23327.3,9060.0
2025-03-28 05:00:00,23339.7,23476.7,23244.7,23410.7,19842.0
2025-03-28 07:00:00,23411.7,23435.2,23347.0,23380.6,10105.0
2025-03-28 09:00:00,23381.7,23423.7,23295.2,23301.7,6042.0
2025-03-28 11:00:00,23301.2,23357.7,23298.7,23323.2,5712.0
2025-03-28 13:00:00,23323.7,23409.7,23170.2,23257.7,17318.0
2025-03-28 15:00:00,23257.2,23318.2,23216.2,23222.2,10845.0
2025-03-28 17:00:00,23221.2,23254.2,23193.7,23220.8,8209.0
2025-03-28 19:00:00,23220.7,23220.7,23141.1,23143.0,5857.0
2025-03-30 22:00:00,23099.3,23111.8,23052.6,23068.4,4747.0
2025-03-31 00:00:00,23067.6,23377.7,23009.4,23349.2,13796.0
2025-03-31 02:00:00,23351.7,23361.7,22996.1,23008.1,21291.0
2025-03-31 04:00:00,22994.5,23121.6,22976.7,23011.6,12023.0
2025-03-31 06:00:00,23011.1,23232.1,22989.6,23142.6,17180.0
2025-03-31 08:00:00,23142.1,23175.6,22984.6,22995.6,8477.0
2025-03-31 10:00:00,22994.1,23033.6,22965.6,23026.6,7158.0
2025-03-31 12:00:00,23026.1,23083.6,22936.6,23070.6,9750.0
2025-03-31 14:00:00,23071.1,23137.1,23006.6,23096.6,13498.0
2025-03-31 16:00:00,23096.1,23174.1,23067.1,23136.1,7688.0
2025-03-31 18:00:00,23133.1,23233.5,23133.1,23207.8,10652.0
2025-03-31 20:00:00,23208.2,23209.4,23169.4,23185.2,2071.0
2025-03-31 21:00:00,23184.4,23189.3,23130.5,23175.8,2038.0
2025-03-31 23:00:00,23175.3,23204.8,23151.9,23186.4,4961.0
2025-04-01 01:00:00,23186.1,23378.2,23174.2,23297.7,21133.0
2025-04-01 03:00:00,23293.2,23442.7,23282.2,23346.7,9165.0
2025-04-01 05:00:00,23347.3,23353.4,23112.4,23279.9,19623.0
2025-04-01 07:00:00,23280.4,23328.4,23114.9,23218.3,10341.0
2025-04-01 09:00:00,23218.0,23268.9,23133.4,23136.4,6912.0
2025-04-01 11:00:00,23136.9,23167.9,23076.4,23145.9,6875.0
2025-04-01 13:00:00,23146.4,23173.4,23031.4,23169.9,14200.0
2025-04-01 15:00:00,23169.4,23272.9,23157.4,23181.4,11442.0
2025-04-01 17:00:00,23180.9,23193.4,23087.9,23100.5,7882.0
2025-04-01 19:00:00,23099.7,23156.4,23092.8,23140.0,7562.0
2025-04-01 21:00:00,23146.0,23203.7,23144.5,23170.3,1998.0
2025-04-01 23:00:00,23170.0,23186.2,23122.0,23134.0,5277.0
2025-04-02 01:00:00,23133.4,23365.3,22937.8,23276.3,20809.0
2025-04-02 03:00:00,23277.3,23334.3,23169.3,23205.2,8360.0
2025-04-02 05:00:00,23205.4,23228.3,23082.3,23157.8,15642.0
2025-04-02 07:00:00,23156.8,23201.6,23112.3,23172.6,9816.0
2025-04-02 09:00:00,23172.0,23224.6,23036.6,23117.6,7226.0
2025-04-02 11:00:00,23118.1,23164.6,23099.6,23145.1,6156.0
2025-04-02 13:00:00,23144.6,23186.1,23046.1,23096.6,14295.0
2025-04-02 15:00:00,23093.6,23147.1,23043.6,23129.1,9869.0
2025-04-02 17:00:00,23129.6,23153.1,23020.1,23035.5,9359.0
2025-04-02 19:00:00,23035.7,23162.5,22610.5,22648.0,18355.0
2025-04-02 21:00:00,22555.5,22555.5,22372.4,22444.4,7797.0
2025-04-02 23:00:00,22443.8,22614.9,22388.8,22542.2,13159.0
2025-04-03 01:00:00,22542.5,22946.5,22446.5,22819.0,22536.0
2025-04-03 03:00:00,22812.0,22855.5,22736.0,22781.2,11561.0
2025-04-03 05:00:00,22781.5,22829.0,22641.5,22765.0,18100.0
2025-04-03 07:00:00,22766.0,22835.0,22744.0,22778.8,13517.0
2025-04-03 09:00:00,22779.1,22790.6,22630.0,22650.0,11154.0
2025-04-03 11:00:00,22652.0,22733.0,22564.5,22629.5,12013.0
2025-04-03 13:00:00,22627.0,22791.5,22588.5,22687.0,19446.0
2025-04-03 15:00:00,22686.5,22790.5,22666.0,22746.0,14801.0
2025-04-03 17:00:00,22747.0,22781.0,22707.5,22736.4,10603.0
2025-04-03 19:00:00,22736.0,22747.1,22646.4,22664.8,12338.0
2025-04-03 21:00:00,22672.8,22692.9,22634.6,22673.4,2813.0
2025-04-03 23:00:00,22674.0,22725.2,22652.0,22724.3,8550.0
2025-04-04 01:00:00,22724.9,22763.5,22667.5,22671.2,6435.0
2025-04-04 03:00:00,22670.6,22672.5,22522.7,22543.3,8019.0
2025-04-04 05:00:00,22543.0,22658.1,22533.1,22600.5,10619.0
2025-04-04 07:00:00,22599.7,22618.5,22490.3,22501.5,18125.0
2025-04-04 09:00:00,22506.1,22520.1,21561.3,21764.4,20603.0
2025-04-04 11:00:00,21764.7,21928.6,21611.7,21882.5,23261.0
2025-04-04 13:00:00,21882.8,21932.6,21456.8,21628.5,25517.0
2025-04-04 15:00:00,21628.0,21788.5,21561.9,21577.2,25188.0
2025-04-04 17:00:00,21576.7,21637.0,21490.9,21510.2,22201.0
2025-04-04 19:00:00,21511.3,21570.7,21416.4,21484.5,19163.0
2025-04-06 22:00:00,21017.3,21025.4,20703.7,20983.6,16838.0
2025-04-07 00:00:00,20983.1,21136.0,20461.0,20857.0,24524.0
2025-04-07 02:00:00,20861.5,20910.5,20368.0,20369.5,26416.0
2025-04-07 04:00:00,20359.4,20620.5,20020.0,20024.0,21792.0
2025-04-07 06:00:00,20023.0,20249.5,19642.0,19648.0,26840.0
2025-04-07 08:00:00,19647.5,19826.0,19377.0,19766.0,21466.0
2025-04-07 10:00:00,19763.0,20240.5,19752.0,20013.0,21889.0
2025-04-07 12:00:00,20013.5,20224.0,19847.5,20209.0,21737.0
2025-04-07 14:00:00,20211.0,20642.0,19624.0,19634.0,27264.0
2025-04-07 16:00:00,19635.0,19775.5,19262.0,19749.0,24742.0
2025-04-07 18:00:00,19750.0,19784.0,19563.5,19588.0,11438.0
2025-04-07 20:00:00,19705.5,19708.2,19678.5,19683.0,1504.0
2025-04-07 21:00:00,19704.1,19778.5,19689.2,19778.0,2640.0
2025-04-07 23:00:00,19778.3,19868.4,19758.4,19786.5,12190.0
2025-04-08 01:00:00,19786.0,20385.9,19766.3,20044.9,26775.0
2025-04-08 03:00:00,20043.4,20233.9,19980.4,20065.6,14973.0
2025-04-08 05:00:00,20064.8,20161.5,19677.0,20019.5,26101.0
2025-04-08 07:00:00,20020.5,20184.0,19867.2,19949.5,20434.0
2025-04-08 09:00:00,19949.2,19955.5,19757.0,19907.5,13880.0
2025-04-08 11:00:00,19905.5,20070.0,19877.5,20024.0,15372.0
2025-04-08 13:00:00,20018.5,20257.5,19915.0,19915.0,21552.0
2025-04-08 15:00:00,19917.0,19979.0,19512.5,19515.0,20268.0
2025-04-08 17:00:00,19515.5,19558.5,19249.2,19249.2,21712.0
2025-04-08 19:00:00,19249.1,19249.3,19017.7,19116.0,18698.0
2025-04-08 21:00:00,19116.6,19123.4,18833.9,18933.5,6692.0
2025-04-08 23:00:00,18933.0,18933.0,18781.6,18910.4,14509.0
2025-04-09 01:00:00,18909.6,19938.8,18903.0,19876.3,25346.0
2025-04-09 03:00:00,19875.8,19922.3,19617.0,19674.2,19107.0
2025-04-09 05:00:00,19674.5,20135.8,19575.8,19939.3,24764.0
2025-04-09 07:00:00,19937.8,20397.8,19899.3,20236.0,22383.0
2025-04-09 09:00:00,20235.5,20244.6,19959.3,19996.3,16487.0
2025-04-09 11:00:00,20001.8,20004.8,19448.3,19579.3,22170.0
2025-04-09 13:00:00,19575.3,19989.8,19533.8,19542.8,24795.0
2025-04-09 15:00:00,19543.8,19875.8,19532.8,19868.8,20835.0
2025-04-09 17:00:00,19870.3,20429.8,19676.3,20137.1,23871.0
2025-04-09 19:00:00,20135.8,20488.3,20114.8,20481.6,18721.0
2025-04-09 21:00:00,20452.4,20497.4,20424.3,20497.4,4062.0
2025-04-09 23:00:00,20496.9,20598.2,20476.5,20586.9,11588.0
2025-04-10 01:00:00,20585.9,21177.8,20523.3,20776.3,24894.0
2025-04-10 03:00:00,20774.8,20854.8,20469.3,20564.2,15320.0
2025-04-10 05:00:00,20594.8,20897.3,20537.3,20662.3,23634.0
2025-04-10 07:00:00,20662.8,20809.8,20576.1,20597.8,19616.0
2025-04-10 09:00:00,20597.3,20750.3,20487.3,20615.8,13104.0
2025-04-10 11:00:00,20615.3,20728.8,20536.3,20564.3,13595.0
2025-04-10 13:00:00,20564.8,20638.3,20374.3,20518.8,21799.0
2025-04-10 15:00:00,20512.8,20516.3,20143.3,20379.8,22398.0
2025-04-10 17:00:00,20376.3,20646.8,20252.8,20579.0,21931.0
2025-04-10 19:00:00,20579.4,20623.1,20217.1,20487.5,18198.0
2025-04-10 21:00:00,20483.9,20557.7,20477.5,20513.7,3713.0
2025-04-10 23:00:00,20513.9,20521.4,20177.1,20283.5,13235.0
2025-04-11 01:00:00,20282.5,20694.5,20266.4,20510.0,23151.0
2025-04-11 03:00:00,20516.0,20810.7,20495.5,20768.4,14469.0
2025-04-11 05:00:00,20769.7,21112.0,20769.4,20919.5,24939.0
2025-04-11 07:00:00,20920.5,21029.0,20700.0,20773.3,20158.0
2025-04-11 09:00:00,20772.0,21084.5,20749.5,21001.0,15604.0
2025-04-11 11:00:00,21000.0,21020.0,20855.5,20877.5,12064.0
2025-04-11 13:00:00,20879.5,20913.0,20665.0,20696.5,21910.0
2025-04-11 15:00:00,20696.0,20950.0,20654.0,20939.5,19091.0
2025-04-11 17:00:00,20941.5,21066.0,20905.0,21019.5,16955.0
2025-04-11 19:00:00,21019.6,21130.2,21019.1,21100.8,12733.0
2025-04-13 22:00:00,21304.8,21329.2,21213.7,21323.4,9974.0
2025-04-14 00:00:00,21322.9,21396.0,21194.5,21326.5,14983.0
2025-04-14 02:00:00,21325.5,21504.0,21322.0,21395.0,18908.0
2025-04-14 04:00:00,21381.3,21435.5,21253.5,21349.0,11215.0
2025-04-14 06:00:00,21348.5,21389.0,21297.5,21388.5,12730.0
2025-04-14 08:00:00,21388.0,21411.0,21324.5,21380.0,7783.0
2025-04-14 10:00:00,21379.5,21433.5,21357.0,21386.0,6465.0
2025-04-14 12:00:00,21386.5,21602.0,21363.0,21595.0,12704.0
2025-04-14 14:00:00,21593.5,21655.5,21392.5,21392.5,18989.0
2025-04-14 16:00:00,21393.5,21575.5,21366.0,21543.0,16725.0
2025-04-14 18:00:00,21542.5,21586.5,21507.3,21519.9,12847.0
2025-04-14 20:00:00,21520.6,21535.5,21435.2,21500.7,3828.0
2025-04-14 21:00:00,21504.9,21505.8,21453.9,21458.3,2245.0
2025-04-14 23:00:00,21459.4,21510.8,21447.9,21502.6,6129.0
2025-04-15 01:00:00,21501.8,21591.6,21326.6,21372.6,18333.0
2025-04-15 03:00:00,21373.1,21440.1,21334.1,21421.9,8721.0
2025-04-15 05:00:00,21421.7,21479.1,21270.6,21397.6,16102.0
2025-04-15 07:00:00,21398.1,21477.6,21376.1,21443.5,10443.0
2025-04-15 09:00:00,21444.0,21545.1,21428.0,21496.1,5347.0
2025-04-15 11:00:00,21495.6,21524.1,21444.1,21462.1,7746.0
2025-04-15 13:00:00,21462.6,21485.6,21362.1,21436.6,15720.0
2025-04-15 15:00:00,21438.1,21508.6,21415.6,21424.6,11312.0
2025-04-15 17:00:00,21423.6,21452.1,21408.6,21414.8,10128.0
2025-04-15 19:00:00,21414.7,21425.6,21376.3,21381.8,7491.0
2025-04-15 21:00:00,21381.6,21381.6,21248.0,21313.1,3433.0
2025-04-15 23:00:00,21312.6,21350.6,21276.4,21344.0,6567.0
2025-04-16 01:00:00,21344.8,21353.8,20988.6,21036.1,18251.0
2025-04-16 03:00:00,21036.6,21045.6,20862.6,20878.4,7977.0
2025-04-16 05:00:00,20878.9,21030.6,20831.6,20992.1,17653.0
2025-04-16 07:00:00,20999.1,21299.8,20973.1,21153.2,14965.0
2025-04-16 09:00:00,21153.8,21337.6,21129.7,21304.1,9056.0
2025-04-16 11:00:00,21303.6,21323.6,21207.6,21222.1,7249.0
2025-04-16 13:00:00,21220.1,21220.1,21097.6,21182.1,15256.0
2025-04-16 15:00:00,21181.1,21274.6,21172.6,21204.6,10795.0
2025-04-16 17:00:00,21203.6,21215.6,20967.1,20967.1,13610.0
2025-04-16 19:00:00,20967.5,21047.2,20955.7,20983.8,11587.0
2025-04-16 21:00:00,20983.7,21026.6,20983.7,21020.5,2862.0
2025-04-16 23:00:00,21020.8,21112.2,20986.7,21111.6,7708.0
2025-04-17 01:00:00,21111.4,21323.6,21017.6,21315.6,20927.0
2025-04-17 03:00:00,21316.6,21404.1,21272.6,21377.0,7693.0
2025-04-17 05:00:00,21370.1,21395.1,21252.6,21295.6,15817.0
2025-04-17 07:00:00,21298.6,21416.1,21293.6,21328.6,9675.0
2025-04-17 09:00:00,21328.8,21375.1,21306.6,21322.6,6248.0
2025-04-17 11:00:00,21323.1,21452.6,21309.6,21382.6,8518.0
2025-04-17 13:00:00,21382.1,21382.1,21159.1,21167.6,18218.0
2025-04-17 15:00:00,21168.1,21241.1,21162.6,21211.6,15594.0
2025-04-17 17:00:00,21212.1,21298.6,21169.6,21239.4,12115.0
2025-04-17 19:00:00,21239.3,21247.9,21174.5,21226.7,11619.0
2025-04-20 22:00:00,21149.1,21152.0,21067.2,21112.8,4913.0
2025-04-21 00:00:00,21111.7,21160.6,21104.8,21127.6,6118.0
2025-04-21 02:00:00,21128.8,21140.0,21056.7,21085.6,4696.0
2025-04-21 04:00:00,21085.4,21111.4,21078.3,21101.1,2229.0
2025-04-21 06:00:00,21100.8,21123.7,21070.0,21071.6,3466.0
2025-04-21 08:00:00,21074.1,21090.6,21062.1,21081.8,3977.0
2025-04-21 10:00:00,21081.5,21116.6,21041.2,21058.3,5330.0
2025-04-21 12:00:00,21055.9,21111.4,21003.5,21003.5,9442.0
2025-04-21 14:00:00,21002.8,21024.0,20957.3,20957.6,11090.0
2025-04-21 16:00:00,20957.5,20990.9,20911.7,20914.4,7671.0
2025-04-21 18:00:00,20914.7,21031.1,20913.6,21005.4,9743.0
2025-04-21 20:00:00,21006.1,21014.3,20986.7,21007.6,2244.0
2025-04-21 21:00:00,21015.5,21020.7,20983.7,21004.0,1762.0
2025-04-21 23:00:00,21004.2,21180.3,21003.0,21180.3,5243.0
2025-04-22 01:00:00,21180.8,21437.2,21122.1,21371.7,21026.0
2025-04-22 03:00:00,21370.2,21393.7,21262.7,21353.7,9359.0
2025-04-22 05:00:00,21366.5,21572.5,21352.5,21490.0,15596.0
2025-04-22 07:00:00,21489.5,21570.8,21398.5,21551.4,10207.0
2025-04-22 09:00:00,21551.7,21599.0,21516.0,21534.0,5704.0
2025-04-22 11:00:00,21535.0,21602.0,21506.0,21592.0,6477.0
2025-04-22 13:00:00,21591.0,21627.0,21533.5,21594.0,12147.0
2025-04-22 15:00:00,21595.0,21845.5,21578.5,21768.5,13697.0
2025-04-22 17:00:00,21769.0,21801.0,21620.0,21726.5,12845.0
2025-04-22 19:00:00,21726.2,21734.7,21683.6,21697.5,8894.0
2025-04-22 21:00:00,21903.6,21969.3,21877.1,21967.6,5667.0
2025-04-22 23:00:00,21968.5,22146.7,21922.8,21966.8,7585.0
2025-04-23 01:00:00,21967.0,22164.2,21849.2,22005.2,20590.0
2025-04-23 03:00:00,22005.7,22098.7,21995.7,22061.8,8002.0
2025-04-23 05:00:00,22059.7,22134.2,21985.2,22063.2,14048.0
2025-04-23 07:00:00,22061.7,22153.0,21989.7,22130.7,10315.0
2025-04-23 09:00:00,22131.2,22180.2,22099.7,22120.2,5337.0
2025-04-23 11:00:00,22119.7,22146.2,22091.2,22144.7,5380.0
2025-04-23 13:00:00,22145.2,22365.7,22057.2,22254.7,18450.0
2025-04-23 15:00:00,22255.2,22261.7,22044.7,22088.7,14801.0
2025-04-23 17:00:00,22089.2,22093.7,22027.0,22027.3,9138.0
2025-04-23 19:00:00,22027.2,22082.9,21994.6,22034.2,13185.0
2025-04-23 21:00:00,22034.0,22041.9,21932.4,21951.8,3020.0
2025-04-23 23:00:00,21948.5,22026.4,21946.3,22022.5,6147.0
2025-04-24 01:00:00,22022.8,22072.3,21825.3,21840.8,19184.0
2025-04-24 03:00:00,21839.3,21839.3,21702.3,21779.4,9301.0
2025-04-24 05:00:00,21779.7,21861.3,21760.3,21809.3,13410.0
2025-04-24 07:00:00,21807.3,21900.8,21801.8,21866.4,9842.0
2025-04-24 09:00:00,21866.7,21964.8,21862.5,21959.8,5902.0
2025-04-24 11:00:00,21960.3,21991.8,21934.8,21978.8,6680.0
2025-04-24 13:00:00,21980.3,22116.3,21940.3,22079.3,13226.0
2025-04-24 15:00:00,22079.8,22166.3,22038.3,22139.8,9936.0
2025-04-24 17:00:00,22140.3,22168.3,22108.3,22131.4,6663.0
2025-04-24 19:00:00,22131.2,22182.5,22109.7,22140.3,7949.0
2025-04-24 21:00:00,22187.0,22241.1,22152.6,22226.7,2356.0
2025-04-24 23:00:00,22226.9,22240.0,22179.2,22215.9,4300.0
2025-04-25 01:00:00,22215.6,22229.5,21996.0,22175.5,18998.0
2025-04-25 03:00:00,22177.0,22267.5,22149.5,22181.2,10153.0
2025-04-25 05:00:00,22181.4,22228.5,22001.0,22060.5,16210.0
2025-04-25 07:00:00,22061.5,22086.0,21907.0,21972.5,10824.0
2025-04-25 09:00:00,21972.8,22041.5,21911.0,21928.0,7707.0
2025-04-25 11:00:00,21930.0,22008.0,21928.5,21972.5,6565.0
2025-04-25 13:00:00,21973.0,22080.5,21946.0,21991.5,13897.0
2025-04-25 15:00:00,21991.0,22052.0,21978.0,22043.0,7373.0
2025-04-25 17:00:00,22042.0,22088.5,21977.0,22022.0,8434.0
2025-04-25 19:00:00,22021.8,22059.6,22015.4,22049.4,7189.0
2025-04-27 22:00:00,22015.9,22041.2,22004.1,22024.2,3608.0
2025-04-28 00:00:00,22024.7,22104.2,21809.2,21846.7,11048.0
2025-04-28 02:00:00,21845.2,21991.2,21786.7,21975.7,14621.0
2025-04-28 04:00:00,21966.8,22036.7,21952.7,21966.2,8078.0
2025-04-28 06:00:00,21967.7,22037.2,21930.2,21951.7,11571.0
2025-04-28 08:00:00,21953.2,22020.2,21927.8,21992.2,4929.0
2025-04-28 10:00:00,21992.7,21995.7,21955.2,21963.2,3474.0
2025-04-28 12:00:00,21965.2,22065.2,21953.7,21998.2,6595.0
2025-04-28 14:00:00,21999.2,22047.2,21926.7,21954.2,9738.0
2025-04-28 16:00:00,21953.7,21986.7,21937.2,21985.2,5396.0
2025-04-28 18:00:00,21985.7,22021.7,21970.8,21982.4,6458.0
2025-04-28 20:00:00,21982.5,21984.3,21960.5,21964.9,1395.0
2025-04-28 21:00:00,21959.6,21968.0,21948.9,21962.9,1523.0
2025-04-28 23:00:00,21963.3,22001.9,21959.2,21990.1,3183.0
2025-04-29 01:00:00,21989.8,22223.5,21931.5,22063.0,17630.0
2025-04-29 03:00:00,22062.5,22096.5,22006.1,22017.4,6746.0
2025-04-29 05:00:00,22018.5,22063.0,21929.0,21972.5,12142.0
2025-04-29 07:00:00,21971.5,22041.0,21944.8,21966.5,7861.0
2025-04-29 09:00:00,21966.2,21968.9,21890.3,21904.8,4319.0
2025-04-29 11:00:00,21905.3,21995.8,21901.8,21993.8,5738.0
2025-04-29 13:00:00,21992.8,22032.8,21955.8,21978.8,12192.0
2025-04-29 15:00:00,21978.3,21999.8,21958.8,21966.8,7587.0
2025-04-29 17:00:00,21967.3,22034.3,21963.8,21970.6,5664.0
2025-04-29 19:00:00,21970.8,21987.3,21950.8,21968.7,7023.0
2025-04-29 21:00:00,21968.9,21973.7,21948.2,21950.3,1569.0
2025-04-29 23:00:00,21950.0,21971.4,21945.9,21963.5,4139.0
2025-04-30 01:00:00,21963.0,22059.0,21833.0,21910.5,16486.0
2025-04-30 03:00:00,21910.0,22073.5,21906.5,22042.8,7533.0
2025-04-30 05:00:00,22048.0,22113.5,22001.5,22070.5,12556.0
2025-04-30 07:00:00,22070.0,22154.0,22059.5,22111.9,7134.0
2025-04-30 09:00:00,22111.0,22159.0,22106.5,22128.0,3971.0
2025-04-30 11:00:00,22127.0,22134.5,22040.0,22044.5,6504.0
2025-04-30 13:00:00,22043.5,22044.0,21853.0,21908.5,12966.0
2025-04-30 15:00:00,21908.0,21940.0,21874.0,21905.0,8616.0
2025-04-30 17:00:00,21904.5,22052.5,21883.0,21989.5,8744.0
2025-04-30 19:00:00,21974.8,22130.1,21974.8,22105.3,12141.0
2025-04-30 21:00:00,22104.2,22147.4,22096.7,22133.6,3446.0
2025-04-30 23:00:00,22133.0,22159.9,22119.4,22149.4,4810.0
2025-05-01 01:00:00,22149.6,22163.0,22117.0,22119.3,2880.0
2025-05-01 03:00:00,22119.1,22140.5,22110.9,22120.3,2093.0
2025-05-01 05:00:00,22120.5,22140.0,22112.0,22118.7,3024.0
2025-05-01 07:00:00,22118.8,22151.0,22107.9,22149.9,4509.0
2025-05-01 09:00:00,22150.2,22173.3,22136.9,22147.2,4305.0
2025-05-01 11:00:00,22145.3,22162.9,22106.6,22111.2,6941.0
2025-05-01 13:00:00,22111.7,22149.6,22083.5,22111.6,13463.0
2025-05-01 15:00:00,22111.7,22129.3,22059.1,22063.5,10593.0
2025-05-01 17:00:00,22064.0,22126.7,22063.5,22115.6,8589.0
2025-05-01 19:00:00,22115.8,22119.6,22010.1,22032.4,10415.0
2025-05-01 21:00:00,21997.2,22014.5,21984.2,22012.5,1912.0
2025-05-01 23:00:00,22012.0,22145.9,22003.5,22111.7,6982.0
2025-05-02 01:00:00,22110.7,22503.7,22051.5,22394.2,17759.0
2025-05-02 03:00:00,22394.7,22538.2,22342.2,22496.2,7317.0
2025-05-02 05:00:00,22496.0,22558.2,22416.2,22537.7,9606.0
2025-05-02 07:00:00,22537.2,22556.7,22459.7,22460.3,9166.0
2025-05-02 09:00:00,22460.0,22568.7,22458.1,22528.2,5925.0
2025-05-02 11:00:00,22528.7,22660.7,22518.2,22652.7,6780.0
2025-05-02 13:00:00,22653.7,22712.7,22539.7,22599.7,12755.0
2025-05-02 15:00:00,22599.2,22681.2,22507.7,22654.7,8557.0
2025-05-02 17:00:00,22654.2,22698.7,22645.2,22677.2,5815.0
2025-05-02 19:00:00,22656.9,22686.2,22647.2,22663.7,6828.0
2025-05-04 22:00:00,22624.3,22640.2,22569.0,22599.8,4226.0
2025-05-05 00:00:00,22600.0,22663.5,22595.2,22614.0,4683.0
2025-05-05 02:00:00,22613.7,22619.4,22487.3,22536.8,3209.0
2025-05-05 04:00:00,22536.4,22543.0,22489.4,22497.0,3512.0
2025-05-05 06:00:00,22497.5,22534.6,22497.3,22517.9,5023.0
2025-05-05 08:00:00,22517.4,22547.9,22490.4,22531.7,5360.0
2025-05-05 10:00:00,22531.3,22536.0,22513.4,22521.3,4028.0
2025-05-05 12:00:00,22522.4,22548.8,22517.0,22535.2,6584.0
2025-05-05 14:00:00,22545.7,22612.3,22540.7,22573.9,8940.0
2025-05-05 16:00:00,22573.8,22606.0,22571.7,22602.8,4398.0
2025-05-05 18:00:00,22602.7,22620.0,22569.0,22578.7,4649.0
2025-05-05 20:00:00,22577.8,22579.9,22560.6,22571.8,1770.0
2025-05-05 21:00:00,22565.4,22580.0,22565.4,22571.5,1030.0
2025-05-05 23:00:00,22571.1,22638.0,22567.0,22637.3,2977.0
2025-05-06 01:00:00,22637.0,22687.5,22438.5,22629.5,19820.0
2025-05-06 03:00:00,22627.5,22716.5,22606.5,22643.2,6380.0
2025-05-06 05:00:00,22672.5,22744.0,22624.5,22744.0,12390.0
2025-05-06 07:00:00,22744.5,22761.5,22606.6,22623.5,8356.0
2025-05-06 09:00:00,22623.7,22782.2,22470.7,22769.2,10555.0
2025-05-06 11:00:00,22768.2,22882.7,22745.2,22877.2,6118.0
2025-05-06 13:00:00,22879.2,23025.7,22834.7,22958.7,10818.0
2025-05-06 15:00:00,22958.2,23009.7,22917.7,22922.7,8133.0
2025-05-06 17:00:00,22923.2,22962.2,22892.7,22919.9,6482.0
2025-05-06 19:00:00,22924.8,22965.0,22888.4,22914.2,6509.0
2025-05-06 21:00:00,22914.3,23177.0,22904.0,23145.9,6309.0
2025-05-06 23:00:00,23146.5,23184.6,23089.4,23136.0,6859.0
2025-05-07 01:00:00,23135.7,23263.2,22888.4,22932.9,21444.0
2025-05-07 03:00:00,22930.9,22940.4,22748.4,22784.8,8760.0
2025-05-07 05:00:00,22791.9,22882.4,22737.9,22807.9,14722.0
2025-05-07 07:00:00,22805.9,22842.4,22635.5,22671.1,7876.0
2025-05-07 09:00:00,22670.9,22691.5,22610.0,22667.0,4905.0
2025-05-07 11:00:00,22669.0,22697.0,22651.5,22662.0,4441.0
2025-05-07 13:00:00,22661.5,22664.0,22525.0,22585.0,11278.0
2025-05-07 15:00:00,22584.0,22618.5,22562.0,22601.5,7564.0
2025-05-07 17:00:00,22601.0,22612.5,22512.5,22575.5,9515.0
2025-05-07 19:00:00,22574.3,22602.7,22525.9,22557.3,12756.0
2025-05-07 21:00:00,22557.4,22573.2,22538.3,22568.8,1462.0
2025-05-07 23:00:00,22569.4,22627.5,22567.5,22607.0,4425.0
2025-05-08 01:00:00,22606.4,22928.3,22587.5,22919.8,20250.0
2025-05-08 03:00:00,22920.3,22991.3,22916.3,22944.6,8484.0
2025-05-08 05:00:00,22944.3,22954.8,22769.3,22774.3,12909.0
2025-05-08 07:00:00,22773.3,22832.4,22726.3,22831.9,6844.0
2025-05-08 09:00:00,22832.2,22840.8,22771.3,22773.3,3515.0
2025-05-08 11:00:00,22772.8,22844.3,22768.8,22795.3,5127.0
2025-05-08 13:00:00,22794.8,22834.8,22674.8,22684.8,10575.0
2025-05-08 15:00:00,22685.3,22881.8,22677.8,22877.8,9940.0
2025-05-08 17:00:00,22879.3,22879.3,22798.3,22800.6,5684.0
2025-05-08 19:00:00,22800.8,22847.2,22770.4,22779.7,7467.0
2025-05-08 21:00:00,22787.1,22793.0,22773.3,22792.7,1280.0
2025-05-08 23:00:00,22792.4,22898.8,22777.9,22860.5,4159.0
2025-05-09 01:00:00,22860.8,22903.6,22741.6,22748.6,16988.0
2025-05-09 03:00:00,22748.1,22772.1,22682.1,22760.4,7118.0
2025-05-09 05:00:00,22763.1,22872.1,22750.1,22811.6,10484.0
2025-05-09 07:00:00,22811.1,22883.8,22795.6,22852.7,5938.0
2025-05-09 09:00:00,22852.4,22940.8,22851.6,22931.3,3405.0
2025-05-09 11:00:00,22931.8,22976.3,22863.8,22971.8,5523.0
2025-05-09 13:00:00,22972.3,22982.8,22873.8,22905.8,9396.0
2025-05-09 15:00:00,22904.8,22915.3,22821.8,22822.3,7012.0
2025-05-09 17:00:00,22821.8,22855.3,22798.3,22839.8,5587.0
2025-05-09 19:00:00,22827.7,22843.1,22803.0,22827.7,5499.0
2025-05-11 22:00:00,23089.8,23137.4,23030.9,23103.1,6341.0
2025-05-12 00:00:00,23103.6,23281.1,23014.5,23122.0,13571.0
2025-05-12 02:00:00,23123.0,23255.5,22981.5,23081.0,16083.0
2025-05-12 04:00:00,23067.6,23181.5,23059.7,23172.0,7577.0
2025-05-12 06:00:00,23169.0,23713.5,23123.5,23589.5,19639.0
2025-05-12 08:00:00,23589.0,23594.5,23453.8,23505.0,9778.0
2025-05-12 10:00:00,23504.5,23517.0,23442.5,23455.0,8209.0
2025-05-12 12:00:00,23455.5,23584.0,23397.0,23411.0,10434.0
2025-05-12 14:00:00,23412.0,23487.5,23368.0,23461.5,12435.0
2025-05-12 16:00:00,23461.0,23513.0,23457.5,23473.0,6122.0
2025-05-12 18:00:00,23473.5,23504.2,23461.8,23500.8,6087.0
2025-05-12 20:00:00,23500.5,23557.5,23500.3,23526.4,2059.0
2025-05-12 21:00:00,23551.4,23552.6,23519.8,23525.9,1580.0
2025-05-12 23:00:00,23526.8,23568.1,23474.7,23477.2,3785.0
2025-05-13 01:00:00,23478.1,23507.7,23183.7,23218.7,17835.0
2025-05-13 03:00:00,23217.7,23230.2,23103.3,23134.0,6451.0
2025-05-13 05:00:00,23150.2,23240.7,23130.7,23144.7,11169.0
2025-05-13 07:00:00,23145.7,23154.7,23076.1,23078.8,7271.0
2025-05-13 09:00:00,23079.3,23106.8,23043.3,23099.8,4800.0
2025-05-13 11:00:00,23099.3,23251.3,23097.3,23192.8,6944.0
2025-05-13 13:00:00,23191.3,23343.8,23162.8,23340.3,11825.0
2025-05-13 15:00:00,23339.3,23402.3,23321.8,23394.8,7595.0
2025-05-13 17:00:00,23395.3,23404.8,23340.8,23362.8,5263.0
2025-05-13 19:00:00,23362.6,23373.6,23233.9,23264.3,4925.0
2025-05-13 21:00:00,23281.1,23293.2,23276.4,23284.9,982.0
2025-05-13 23:00:00,23284.5,23357.2,23276.6,23313.3,2816.0
2025-05-14 01:00:00,23314.2,23459.0,23281.0,23374.5,17383.0
2025-05-14 03:00:00,23373.0,23468.8,23347.0,23441.1,7313.0
2025-05-14 05:00:00,23456.8,23605.8,23434.3,23602.3,16909.0
2025-05-14 07:00:00,23606.3,23636.3,23557.8,23573.5,8655.0
2025-05-14 09:00:00,23573.1,23686.7,23538.0,23599.7,6149.0
2025-05-14 11:00:00,23600.2,23679.7,23573.7,23638.7,5116.0
2025-05-14 13:00:00,23638.2,23702.2,23557.2,23650.2,11969.0
2025-05-14 15:00:00,23649.7,23678.7,23578.2,23613.7,8367.0
2025-05-14 17:00:00,23614.2,23627.2,23585.2,23604.8,6377.0
2025-05-14 19:00:00,23605.1,23623.3,23566.4,23599.1,5863.0
2025-05-14 21:00:00,23598.8,23598.8,23572.2,23578.0,809.0
2025-05-14 23:00:00,23577.5,23592.7,23547.9,23583.1,2073.0
2025-05-15 01:00:00,23582.2,23713.2,23494.7,23614.2,17158.0
2025-05-15 03:00:00,23611.2,23626.2,23555.2,23572.5,5560.0
2025-05-15 05:00:00,23572.7,23573.2,23404.7,23442.7,13915.0
2025-05-15 07:00:00,23442.2,23461.7,23375.7,23386.5,7289.0
2025-05-15 09:00:00,23386.0,23472.4,23317.9,23363.4,6860.0
2025-05-15 11:00:00,23364.4,23410.4,23327.9,23396.4,5475.0
2025-05-15 13:00:00,23395.9,23406.9,23176.9,23202.9,13535.0
2025-05-15 15:00:00,23203.4,23288.4,23199.9,23266.4,8196.0
2025-05-15 17:00:00,23265.9,23283.4,23248.9,23277.4,5758.0
2025-05-15 19:00:00,23261.4,23288.1,23244.5,23275.1,6355.0
2025-05-15 21:00:00,23280.2,23285.8,23271.7,23277.5,884.0
2025-05-15 23:00:00,23278.0,23297.9,23269.9,23279.4,2037.0
2025-05-16 01:00:00,23278.9,23332.9,23180.4,23242.9,17817.0
2025-05-16 03:00:00,23242.4,23305.3,23238.9,23280.7,5365.0
2025-05-16 05:00:00,23278.8,23368.8,23267.8,23351.3,12064.0
2025-05-16 07:00:00,23352.3,23381.8,23287.6,23297.7,6574.0
2025-05-16 09:00:00,23298.7,23350.3,23291.5,23331.8,3220.0
2025-05-16 11:00:00,23332.3,23339.8,23285.3,23292.3,3417.0
2025-05-16 13:00:00,23291.8,23321.8,23239.3,23268.3,10406.0
2025-05-16 15:00:00,23268.8,23289.8,23251.3,23281.8,5838.0
2025-05-16 17:00:00,23282.3,23322.3,23277.3,23301.7,4650.0
2025-05-16 19:00:00,23301.5,23318.7,23205.8,23225.6,5000.0
2025-05-18 22:00:00,23197.7,23269.7,23189.0,23251.2,4171.0
2025-05-19 00:00:00,23251.0,23261.9,23043.8,23070.3,11583.0
2025-05-19 02:00:00,23066.8,23278.8,23050.8,23224.8,15072.0
2025-05-19 04:00:00,23213.4,23319.3,23207.9,23295.3,6991.0
2025-05-19 06:00:00,23294.3,23404.3,23285.3,23325.8,9699.0
2025-05-19 08:00:00,23326.8,23335.8,23270.3,23298.8,5139.0
2025-05-19 10:00:00,23297.8,23321.3,23265.8,23317.3,3361.0
2025-05-19 12:00:00,23316.8,23322.8,23241.8,23291.3,7413.0
2025-05-19 14:00:00,23290.8,23434.3,23273.3,23410.3,7897.0
2025-05-19 16:00:00,23410.8,23439.3,23397.8,23402.8,4065.0
2025-05-19 18:00:00,23403.3,23457.6,23394.3,23452.6,4786.0
2025-05-19 20:00:00,23450.5,23454.7,23412.5,23436.8,1303.0
2025-05-19 21:00:00,23441.4,23463.7,23433.1,23462.3,632.0
2025-05-19 23:00:00,23462.8,23489.6,23433.3,23466.9,2166.0
2025-05-20 01:00:00,23466.4,23604.5,23339.5,23567.0,15705.0
2025-05-20 03:00:00,23565.0,23669.0,23550.5,23624.2,6072.0
2025-05-20 05:00:00,23624.0,23713.5,23606.0,23653.0,11779.0
2025-05-20 07:00:00,23652.5,23709.5,23625.9,23627.0,5855.0
2025-05-20 09:00:00,23627.3,23670.6,23625.8,23651.6,3097.0
2025-05-20 11:00:00,23654.1,23716.6,23649.6,23694.6,3990.0
2025-05-20 13:00:00,23695.1,23721.6,23640.1,23678.1,9823.0
2025-05-20 15:00:00,23678.6,23715.6,23658.1,23715.1,5043.0
2025-05-20 17:00:00,23715.6,23758.1,23676.9,23676.9,5149.0
2025-05-20 19:00:00,23676.6,23722.3,23657.7,23706.9,5386.0
2025-05-20 21:00:00,23706.7,23710.0,23667.5,23697.2,2310.0
2025-05-20 23:00:00,23697.7,23737.9,23678.3,23701.7,2419.0
2025-05-21 01:00:00,23701.2,23889.6,23681.1,23874.1,16968.0
2025-05-21 03:00:00,23875.6,23876.1,23774.0,23778.6,6158.0
2025-05-21 05:00:00,23785.6,23927.1,23748.1,23770.1,13100.0
2025-05-21 07:00:00,23771.1,23833.4,23743.1,23787.2,5950.0
2025-05-21 09:00:00,23787.7,23832.4,23772.9,23827.4,4519.0
2025-05-21 11:00:00,23829.9,23881.4,23792.4,23880.4,4207.0
2025-05-21 13:00:00,23881.4,23908.4,23762.4,23797.4,10958.0
2025-05-21 15:00:00,23796.9,23831.9,23766.4,23821.9,5760.0
2025-05-21 17:00:00,23822.4,23838.4,23658.5,23658.6,10442.0
2025-05-21 19:00:00,23658.5,23667.7,23579.8,23612.9,9754.0
2025-05-21 21:00:00,23616.9,23636.9,23599.3,23634.5,2311.0
2025-05-21 23:00:00,23633.9,23688.9,23628.3,23687.8,3243.0
2025-05-22 01:00:00,23687.5,23777.5,23597.0,23608.5,16705.0
2025-05-22 03:00:00,23611.0,23754.0,23602.0,23671.0,6425.0
2025-05-22 05:00:00,23670.4,23689.0,23537.5,23540.5,13035.0
2025-05-22 07:00:00,23541.0,23570.5,23464.0,23520.1,7209.0
2025-05-22 09:00:00,23520.4,23543.4,23476.4,23494.4,3584.0
2025-05-22 11:00:00,23494.9,23519.9,23457.4,23510.9,5014.0
2025-05-22 13:00:00,23511.4,23535.4,23441.4,23511.9,10202.0
2025-05-22 15:00:00,23511.4,23548.9,23486.4,23496.9,6654.0
2025-05-22 17:00:00,23496.4,23548.9,23492.9,23514.8,4918.0
2025-05-22 19:00:00,23514.6,23530.1,23485.5,23524.7,6262.0
2025-05-22 21:00:00,23530.8,23535.6,23501.5,23506.3,1311.0
2025-05-22 23:00:00,23505.7,23518.7,23480.5,23518.4,2561.0
2025-05-23 01:00:00,23518.1,23688.9,23491.4,23685.9,17152.0
2025-05-23 03:00:00,23686.4,23746.4,23653.7,23659.3,6262.0
2025-05-23 05:00:00,23680.4,23749.9,23482.4,23492.4,15934.0
2025-05-23 07:00:00,23492.9,23596.3,23486.9,23544.6,7502.0
2025-05-23 09:00:00,23544.1,23603.3,23532.2,23588.8,4095.0
2025-05-23 11:00:00,23588.3,23595.8,23298.3,23400.8,12455.0
2025-05-23 13:00:00,23400.3,23532.3,23333.8,23498.3,13090.0
2025-05-23 15:00:00,23498.8,23514.8,23446.8,23484.3,7337.0
2025-05-23 17:00:00,23483.8,23539.3,23481.8,23485.8,4857.0
2025-05-23 19:00:00,23485.6,23497.6,23444.0,23462.3,7541.0
2025-05-25 22:00:00,23491.5,23637.6,23491.5,23608.5,7246.0
2025-05-26 00:00:00,23607.7,23634.1,23384.3,23460.3,12280.0
2025-05-26 02:00:00,23457.8,23559.3,23301.8,23354.8,16028.0
2025-05-26 04:00:00,23342.3,23369.3,23268.3,23300.8,8543.0
2025-05-26 06:00:00,23299.3,23331.8,23216.8,23239.8,11634.0
2025-05-26 08:00:00,23228.8,23263.3,23190.2,23193.9,4248.0
2025-05-26 10:00:00,23194.2,23229.8,23189.4,23226.5,1664.0
2025-05-26 12:00:00,23226.8,23234.5,23203.5,23211.1,2865.0
2025-05-26 14:00:00,23211.6,23213.5,23159.2,23210.0,4174.0
2025-05-26 16:00:00,23210.2,23244.9,23205.7,23224.7,1396.0
2025-05-26 18:00:00,23223.7,23228.6,23218.9,23224.5,105.0
2025-05-26 20:00:00,23224.7,23225.8,23224.7,23225.8,5.0
2025-05-26 21:00:00,23220.5,23221.2,23192.3,23195.2,1279.0
2025-05-26 23:00:00,23195.9,23235.9,23177.4,23235.6,2175.0
2025-05-27 01:00:00,23235.0,23355.3,23165.3,23202.8,18104.0
2025-05-27 03:00:00,23205.3,23241.8,23142.3,23213.1,6888.0
2025-05-27 05:00:00,23217.8,23390.8,23197.3,23341.3,15749.0
2025-05-27 07:00:00,23340.3,23386.3,23257.3,23268.3,8405.0
2025-05-27 09:00:00,23268.5,23364.3,23266.0,23276.8,5075.0
2025-05-27 11:00:00,23278.8,23333.8,23274.3,23328.8,4697.0
2025-05-27 13:00:00,23329.3,23356.8,23282.3,23317.3,9812.0
2025-05-27 15:00:00,23318.3,23327.3,23287.8,23306.8,5556.0
2025-05-27 17:00:00,23306.3,23326.8,23284.8,23307.7,3912.0
2025-05-27 19:00:00,23306.6,23343.8,23299.3,23341.1,4311.0
2025-05-27 21:00:00,23341.0,23358.9,23332.0,23357.4,775.0
2025-05-27 23:00:00,23356.9,23364.1,23338.2,23338.5,1337.0
2025-05-28 01:00:00,23339.1,23437.8,23233.3,23268.8,15965.0
2025-05-28 03:00:00,23269.3,23271.3,23192.8,23205.5,6170.0
2025-05-28 05:00:00,23214.8,23260.3,23134.8,23179.8,13112.0
2025-05-28 07:00:00,23179.3,23254.3,23179.3,23201.8,7447.0
2025-05-28 09:00:00,23202.0,23235.1,23170.1,23217.1,3667.0
2025-05-28 11:00:00,23217.6,23221.1,23161.6,23161.6,3786.0
2025-05-28 13:00:00,23161.1,23174.1,23068.1,23079.1,8645.0
2025-05-28 15:00:00,23080.1,23105.1,23061.6,23075.6,5312.0
2025-05-28 17:00:00,23076.1,23121.1,23076.1,23087.8,3425.0
2025-05-28 19:00:00,23087.7,23100.3,23019.7,23097.6,9099.0
2025-05-28 21:00:00,23089.8,23142.4,23077.5,23138.5,2332.0
2025-05-28 23:00:00,23139.0,23248.5,23139.0,23182.4,12751.0
2025-05-29 01:00:00,23181.9,23379.5,23169.5,23320.5,20636.0
2025-05-29 03:00:00,23322.0,23431.0,23281.0,23380.8,9400.0
2025-05-29 05:00:00,23380.9,23532.5,23379.0,23479.5,17103.0
2025-05-29 07:00:00,23480.5,23582.5,23437.1,23452.2,9655.0
2025-05-29 09:00:00,23452.7,23492.2,23368.7,23389.2,4470.0
2025-05-29 11:00:00,23390.2,23425.7,23365.7,23409.7,5590.0
2025-05-29 13:00:00,23410.2,23448.2,23269.2,23313.7,11664.0
2025-05-29 15:00:00,23314.2,23325.7,23256.7,23321.7,8914.0
2025-05-29 17:00:00,23320.7,23343.7,23300.4,23300.4,6585.0
2025-05-29 19:00:00,23300.2,23323.2,23284.7,23300.8,6590.0
2025-05-29 21:00:00,23300.9,23308.4,23272.3,23284.3,2229.0
2025-05-29 23:00:00,23284.8,23293.1,23253.5,23259.1,4248.0
2025-05-30 01:00:00,23258.9,23328.1,23134.5,23185.0,17575.0
2025-05-30 03:00:00,23184.0,23240.0,23151.5,23187.5,6131.0
2025-05-30 05:00:00,23187.8,23241.5,23168.5,23202.0,11915.0
2025-05-30 07:00:00,23200.5,23309.4,23142.0,23272.7,8445.0
2025-05-30 09:00:00,23272.8,23334.9,23264.9,23307.4,3675.0
2025-05-30 11:00:00,23309.4,23320.4,23116.4,23137.9,7246.0
2025-05-30 13:00:00,23138.4,23146.9,23067.9,23080.9,10409.0
2025-05-30 15:00:00,23082.4,23116.4,22925.4,22982.9,10349.0
2025-05-30 17:00:00,22981.4,23034.9,22964.9,23012.5,8545.0
2025-05-30 19:00:00,23012.4,23059.8,22984.9,23003.6,8511.0
2025-06-01 22:00:00,22962.4,22983.8,22949.7,22966.3,2965.0
2025-06-02 00:00:00,22966.6,23056.5,22721.5,22739.5,10443.0
2025-06-02 02:00:00,22741.5,22753.5,22636.5,22736.0,12878.0
2025-06-02 04:00:00,22726.0,22910.0,22716.2,22885.5,7135.0
2025-06-02 06:00:00,22885.0,23145.0,22873.5,23118.5,12714.0
2025-06-02 08:00:00,23118.1,23198.6,23087.8,23144.6,7579.0
2025-06-02 10:00:00,23144.1,23189.6,23136.1,23165.6,4583.0
2025-06-02 12:00:00,23166.1,23201.1,23117.6,23127.6,7353.0
2025-06-02 14:00:00,23128.6,23247.1,23092.6,23208.6,9951.0
2025-06-02 16:00:00,23209.1,23231.6,23192.1,23214.1,4715.0
2025-06-02 18:00:00,23213.6,23287.5,23208.1,23284.2,4454.0
2025-06-02 20:00:00,23284.8,23304.6,23282.9,23293.3,1815.0
2025-06-02 21:00:00,23294.0,23305.6,23278.7,23283.1,816.0
2025-06-02 23:00:00,23281.5,23293.2,23253.3,23257.6,2628.0
2025-06-03 01:00:00,23257.3,23512.4,23212.8,23509.4,18571.0
2025-06-03 03:00:00,23508.4,23538.9,23386.7,23391.0,6948.0
2025-06-03 05:00:00,23424.9,23514.4,23376.4,23501.4,12853.0
2025-06-03 07:00:00,23502.9,23550.4,23472.1,23499.8,8077.0
2025-06-03 09:00:00,23499.2,23531.6,23493.1,23514.6,4063.0
2025-06-03 11:00:00,23515.1,23523.6,23468.6,23521.1,4688.0
2025-06-03 13:00:00,23520.6,23541.6,23399.6,23469.1,10132.0
2025-06-03 15:00:00,23468.6,23519.1,23451.1,23503.6,5858.0
2025-06-03 17:00:00,23504.1,23538.1,23501.1,23520.3,4113.0
2025-06-03 19:00:00,23520.4,23523.8,23472.6,23483.9,4947.0
2025-06-03 21:00:00,23484.0,23503.1,23481.8,23494.3,1249.0
2025-06-03 23:00:00,23494.7,23506.7,23486.2,23496.0,3366.0
2025-06-04 01:00:00,23496.2,23716.7,23479.7,23638.9,17748.0
2025-06-04 03:00:00,23638.4,23725.9,23623.9,23676.1,6423.0
2025-06-04 05:00:00,23692.4,23734.9,23610.9,23652.4,13616.0
2025-06-04 07:00:00,23652.9,23678.6,23622.4,23657.0,6880.0
2025-06-04 09:00:00,23657.2,23678.6,23648.6,23654.1,3618.0
2025-06-04 11:00:00,23651.6,23688.6,23649.1,23688.6,4982.0
2025-06-04 13:00:00,23688.1,23783.6,23643.1,23752.1,10460.0
2025-06-04 15:00:00,23751.6,23829.1,23749.6,23783.6,8208.0
2025-06-04 17:00:00,23783.1,23810.6,23781.6,23782.4,3855.0
2025-06-04 19:00:00,23782.5,23805.4,23773.0,23776.9,4429.0
2025-06-04 21:00:00,23777.6,23782.8,23763.0,23773.2,1065.0
2025-06-04 23:00:00,23773.4,23790.8,23764.6,23780.9,1743.0
2025-06-05 01:00:00,23781.4,23935.5,23770.9,23894.5,18865.0
2025-06-05 03:00:00,23894.0,23916.0,23747.6,23760.2,7463.0
2025-06-05 05:00:00,23760.4,23861.5,23737.5,23859.0,13853.0
2025-06-05 07:00:00,23858.5,23916.0,23852.6,23861.6,8016.0
2025-06-05 09:00:00,23861.8,23916.3,23852.4,23882.3,4077.0
2025-06-05 11:00:00,23882.8,24023.8,23840.8,23964.8,6183.0
2025-06-05 13:00:00,23963.8,24046.8,23817.3,24039.8,15185.0
2025-06-05 15:00:00,24039.3,24060.3,23903.3,23913.8,10168.0
2025-06-05 17:00:00,23913.3,23958.8,23890.3,23921.3,6740.0
2025-06-05 19:00:00,23909.9,23915.9,23823.5,23861.1,13200.0
2025-06-05 21:00:00,23861.4,23895.1,23848.5,23893.4,1844.0
2025-06-05 23:00:00,23893.8,23920.0,23884.8,23910.6,3923.0
2025-06-06 01:00:00,23910.9,23963.5,23782.5,23849.0,17101.0
2025-06-06 03:00:00,23850.0,23876.0,23796.0,23871.3,6469.0
2025-06-06 05:00:00,23870.7,23894.5,23785.0,23874.0,11649.0
2025-06-06 07:00:00,23874.5,23876.0,23771.0,23799.2,8670.0
2025-06-06 09:00:00,23799.5,23815.4,23777.9,23784.9,4188.0
2025-06-06 11:00:00,23783.4,23825.4,23766.4,23808.9,6736.0
2025-06-06 13:00:00,23808.4,23838.9,23761.4,23780.4,11106.0
2025-06-06 15:00:00,23775.9,23813.9,23748.9,23793.4,6376.0
2025-06-06 17:00:00,23792.9,23923.9,23791.9,23898.9,4709.0
2025-06-06 19:00:00,23886.9,23918.5,23883.4,23909.4,4975.0
2025-06-08 22:00:00,23918.8,23923.9,23873.3,23893.8,3848.0
2025-06-09 00:00:00,23894.3,24141.7,23883.7,24100.7,10472.0
2025-06-09 02:00:00,24102.2,24188.2,24013.7,24043.7,17653.0
2025-06-09 04:00:00,24043.2,24074.7,23995.2,24074.7,8616.0
2025-06-09 06:00:00,24076.7,24183.2,24050.7,24177.2,10810.0
2025-06-09 08:00:00,24168.1,24192.6,24101.8,24161.1,4872.0
2025-06-09 10:00:00,24160.6,24172.6,24146.6,24148.6,3142.0
2025-06-09 12:00:00,24149.1,24157.6,24067.6,24081.1,6458.0
2025-06-09 14:00:00,24080.1,24197.1,24066.1,24168.6,7817.0
2025-06-09 16:00:00,24168.1,24207.1,24148.6,24196.1,4071.0
2025-06-09 18:00:00,24196.6,24216.6,24139.8,24144.3,4494.0
2025-06-09 20:00:00,24144.0,24154.7,24133.2,24154.5,1599.0
2025-06-09 21:00:00,24155.0,24172.8,24152.1,24162.4,924.0
2025-06-09 23:00:00,24163.4,24210.8,24147.7,24210.8,1409.0
2025-06-10 01:00:00,24211.7,24306.6,24156.1,24224.1,17538.0
2025-06-10 03:00:00,24225.1,24279.2,24216.1,24239.4,6209.0
2025-06-10 05:00:00,24239.1,24294.7,24015.2,24135.2,18427.0
2025-06-10 07:00:00,24135.7,24166.7,24088.1,24120.6,9698.0
2025-06-10 09:00:00,24121.9,24145.1,24090.1,24142.6,4113.0
2025-06-10 11:00:00,24143.6,24195.1,24134.1,24165.6,3650.0
2025-06-10 13:00:00,24165.1,24220.6,24087.1,24093.1,9032.0
2025-06-10 15:00:00,24093.6,24113.6,24057.6,24104.1,5384.0
2025-06-10 17:00:00,24104.6,24168.6,24099.6,24161.0,4382.0
2025-06-10 19:00:00,24158.7,24216.0,24158.4,24190.7,6637.0
2025-06-10 21:00:00,24194.0,24251.2,24179.3,24238.6,1310.0
2025-06-10 23:00:00,24238.7,24243.5,24165.0,24175.2,5180.0
2025-06-11 01:00:00,24175.6,24417.5,24170.2,24332.0,18323.0
2025-06-11 03:00:00,24333.0,24435.0,24310.0,24375.2,6740.0
2025-06-11 05:00:00,24374.9,24459.5,24374.9,24402.0,12621.0
2025-06-11 07:00:00,24403.0,24408.0,24325.6,24354.7,6893.0
2025-06-11 09:00:00,24355.2,24367.6,24339.6,24353.6,3512.0
2025-06-11 11:00:00,24352.6,24427.6,24290.1,24356.1,8050.0
2025-06-11 13:00:00,24358.6,24388.6,24271.1,24318.1,9972.0
2025-06-11 15:00:00,24318.6,24356.6,24289.6,24319.1,6885.0
2025-06-11 17:00:00,24319.6,24343.1,24265.1,24265.1,6568.0
2025-06-11 19:00:00,24265.2,24319.1,24244.0,24304.9,8905.0
2025-06-11 21:00:00,24306.1,24310.8,24249.1,24257.2,1974.0
2025-06-11 23:00:00,24255.0,24280.2,24234.5,24250.2,4329.0
2025-06-12 01:00:00,24250.7,24295.7,24161.7,24273.2,15983.0
2025-06-12 03:00:00,24273.7,24284.2,24224.2,24240.1,5965.0
2025-06-12 05:00:00,24239.6,24257.2,24114.2,24151.7,12900.0
2025-06-12 07:00:00,24151.2,24175.2,24000.2,24081.7,9518.0
2025-06-12 09:00:00,24081.9,24124.9,24056.2,24115.8,5323.0
2025-06-12 11:00:00,24116.3,24183.6,24101.8,24164.8,5672.0
2025-06-12 13:00:00,24165.3,24204.9,24122.4,24178.1,8404.0
2025-06-12 15:00:00,24183.6,24201.6,24149.0,24194.9,6186.0
2025-06-12 17:00:00,24194.4,24219.4,24187.9,24192.9,4117.0
2025-06-12 19:00:00,24193.4,24196.7,24160.7,24160.8,4092.0
2025-06-12 21:00:00,24162.4,24168.4,24138.5,24149.0,1594.0
2025-06-12 23:00:00,24149.4,24152.6,23942.5,24009.1,13967.0
2025-06-13 01:00:00,24009.3,24097.1,23784.6,23794.7,22137.0
2025-06-13 03:00:00,23794.2,23886.2,23790.7,23839.2,9734.0
2025-06-13 05:00:00,23862.4,23903.7,23771.1,23816.5,16032.0
2025-06-13 07:00:00,23819.5,23891.3,23777.2,23834.4,10582.0
2025-06-13 09:00:00,23833.8,23875.3,23793.1,23813.6,6739.0
2025-06-13 11:00:00,23816.1,23845.5,23810.3,23825.9,4694.0
2025-06-13 13:00:00,23825.4,23869.4,23780.0,23845.8,9434.0
2025-06-13 15:00:00,23846.3,23895.9,23832.9,23867.9,5373.0
2025-06-13 17:00:00,23866.9,23870.4,23735.7,23752.1,7132.0
2025-06-13 19:00:00,23751.9,23808.9,23735.7,23807.4,10241.0
2025-06-15 22:00:00,23756.3,23875.8,23752.6,23860.8,10875.0
2025-06-16 00:00:00,23860.0,23875.7,23706.2,23843.4,12987.0
2025-06-16 02:00:00,23847.9,23922.2,23822.0,23869.5,16460.0
2025-06-16 04:00:00,23853.0,23951.9,23846.2,23946.3,9021.0
2025-06-16 06:00:00,23945.8,24122.4,23931.9,24091.3,13657.0
2025-06-16 08:00:00,24082.2,24085.9,24038.5,24064.8,6058.0
2025-06-16 10:00:00,24064.3,24081.7,24048.7,24078.4,2821.0
2025-06-16 12:00:00,24077.4,24191.8,24069.9,24189.6,7321.0
2025-06-16 14:00:00,24190.6,24264.4,24163.8,24169.5,8360.0
2025-06-16 16:00:00,24170.0,24198.4,24149.4,24166.7,4576.0
2025-06-16 18:00:00,24167.2,24172.0,24084.7,24111.4,6112.0
2025-06-16 20:00:00,24111.5,24124.4,24109.2,24113.9,1399.0
2025-06-16 21:00:00,24118.1,24124.1,24054.2,24085.0,3797.0
2025-06-16 23:00:00,24084.8,24118.8,24043.3,24117.1,12123.0
2025-06-17 01:00:00,24116.9,24126.1,23948.2,23996.4,19685.0
2025-06-17 03:00:00,23996.5,24033.4,23958.7,24002.7,8618.0
2025-06-17 05:00:00,24002.9,24034.1,23907.1,23950.9,14288.0
2025-06-17 07:00:00,23950.4,23984.2,23869.9,23965.6,9412.0
2025-06-17 09:00:00,23967.0,23978.9,23931.2,23955.8,5128.0
2025-06-17 11:00:00,23955.3,23996.1,23949.7,23953.3,4283.0
2025-06-17 13:00:00,23954.8,23980.6,23893.7,23901.8,8701.0
2025-06-17 15:00:00,23902.3,23954.9,23851.6,23855.2,6235.0
2025-06-17 17:00:00,23856.2,23862.1,23793.4,23823.4,7130.0
2025-06-17 19:00:00,23809.8,23815.9,23752.4,23807.3,604.0
2025-06-17 21:00:00,23805.3,23806.3,23762.4,23766.2,2261.0
2025-06-17 23:00:00,23766.1,23837.2,23762.3,23833.1,4712.0
2025-06-18 01:00:00,23833.7,23905.1,23636.9,23692.1,17326.0
2025-06-18 03:00:00,23689.1,23700.5,23645.9,23684.0,6066.0
2025-06-18 05:00:00,23693.7,23714.1,23617.7,23688.9,12655.0
2025-06-18 07:00:00,23689.9,23709.5,23645.7,23660.5,6740.0
2025-06-18 09:00:00,23660.4,23692.4,23590.7,23598.7,4189.0
2025-06-18 11:00:00,23597.2,23639.1,23578.6,23616.2,4811.0
2025-06-18 13:00:00,23615.7,23665.4,23561.4,23630.2,8913.0
2025-06-18 15:00:00,23630.7,23645.7,23600.9,23602.5,5425.0
2025-06-18 17:00:00,23600.5,23655.1,23531.2,23531.4,8211.0
2025-06-18 19:00:00,23531.5,23575.3,23513.0,23558.4,7541.0
2025-06-18 21:00:00,23559.7,23564.1,23537.8,23551.3,1541.0
2025-06-18 23:00:00,23551.0,23558.6,23501.3,23525.3,2962.0
2025-06-19 01:00:00,23525.6,23639.8,23368.0,23368.2,17755.0
2025-06-19 03:00:00,23368.5,23379.2,23215.8,23246.7,8314.0
2025-06-19 05:00:00,23228.2,23303.8,23176.5,23221.2,15965.0
2025-06-19 07:00:00,23220.7,23251.9,23199.8,23232.5,8068.0
2025-06-19 09:00:00,23233.1,23253.4,23196.6,23199.9,3451.0
2025-06-19 11:00:00,23200.9,23211.7,23147.5,23152.1,4092.0
2025-06-19 13:00:00,23152.6,23200.4,23131.4,23152.9,5343.0
2025-06-19 15:00:00,23153.4,23165.5,23117.6,23130.9,3569.0
2025-06-19 17:00:00,23131.4,23198.8,23130.9,23198.3,1373.0
2025-06-19 19:00:00,23174.3,23189.4,23156.6,23156.6,158.0
2025-06-19 21:00:00,23184.7,23237.2,23175.0,23224.1,2979.0
2025-06-19 23:00:00,23224.7,23228.8,23182.9,23205.8,3929.0
2025-06-20 01:00:00,23206.1,23464.9,23188.4,23436.5,16582.0
2025-06-20 03:00:00,23438.5,23511.7,23415.4,23483.7,5689.0
2025-06-20 05:00:00,23483.4,23530.9,23378.3,23394.5,11374.0
2025-06-20 07:00:00,23394.0,23568.0,23388.7,23481.3,8084.0
2025-06-20 09:00:00,23481.6,23586.7,23479.2,23572.3,3916.0
2025-06-20 11:00:00,23571.8,23632.0,23547.8,23582.5,6057.0
2025-06-20 13:00:00,23583.0,23598.5,23407.0,23432.7,10472.0
2025-06-20 15:00:00,23431.7,23458.4,23394.9,23442.6,7290.0
2025-06-20 17:00:00,23443.1,23457.9,23391.9,23405.0,5153.0
2025-06-20 19:00:00,23404.7,23433.7,23386.2,23416.3,5699.0
2025-06-22 22:00:00,23316.3,23379.3,23305.2,23352.0,6592.0
2025-06-23 00:00:00,23352.3,23393.4,23246.9,23320.8,11672.0
2025-06-23 02:00:00,23319.8,23597.9,23309.4,23498.1,16234.0
2025-06-23 04:00:00,23484.8,23639.1,23475.9,23633.5,9973.0
2025-06-23 06:00:00,23635.5,23689.4,23630.5,23681.3,12844.0
2025-06-23 08:00:00,23680.8,23716.3,23606.2,23626.4,5804.0
2025-06-23 10:00:00,23626.9,23664.6,23535.1,23576.7,5704.0
2025-06-23 12:00:00,23577.2,23649.5,23568.2,23630.8,8081.0
2025-06-23 14:00:00,23631.3,23682.8,23629.1,23635.2,8709.0
2025-06-23 16:00:00,23634.7,23705.9,23543.7,23700.8,10122.0
2025-06-23 18:00:00,23701.3,23749.8,23700.8,23727.7,5710.0
2025-06-23 20:00:00,23728.3,23733.7,23718.8,23729.7,1332.0
2025-06-23 21:00:00,23729.9,23835.8,23726.4,23763.5,3661.0
2025-06-23 23:00:00,23763.2,23799.5,23760.9,23767.6,4608.0
2025-06-24 01:00:00,23768.2,24153.4,23744.7,24144.1,18702.0
2025-06-24 03:00:00,24144.6,24199.5,24125.7,24141.7,6083.0
2025-06-24 05:00:00,24150.2,24213.2,24078.7,24197.4,13393.0
2025-06-24 07:00:00,24197.9,24233.0,24136.3,24142.6,9104.0
2025-06-24 09:00:00,24142.3,24218.7,24136.1,24149.4,4011.0
2025-06-24 11:00:00,24148.9,24174.1,24127.1,24161.5,4581.0
2025-06-24 13:00:00,24161.0,24280.0,24106.0,24270.0,9654.0
2025-06-24 15:00:00,24267.0,24349.6,24265.5,24347.0,5666.0
2025-06-24 17:00:00,24346.5,24373.1,24339.5,24352.9,3913.0
2025-06-24 19:00:00,24353.1,24482.8,24351.2,24422.1,2679.0
2025-06-24 21:00:00,24424.4,24441.2,24393.7,24407.6,1073.0
2025-06-24 23:00:00,24408.2,24426.3,24377.5,24382.3,1684.0
2025-06-25 01:00:00,24381.7,24433.5,24268.4,24363.0,18095.0
2025-06-25 03:00:00,24363.5,24402.1,24330.5,24350.9,6241.0
2025-06-25 05:00:00,24355.6,24507.0,24320.8,24497.4,16967.0
2025-06-25 07:00:00,24496.4,24534.5,24444.6,24468.2,8335.0
2025-06-25 09:00:00,24467.6,24480.8,24384.9,24396.8,3548.0
2025-06-25 11:00:00,24396.3,24464.6,24385.3,24437.6,4114.0
2025-06-25 13:00:00,24436.6,24459.9,24324.8,24365.6,9443.0
2025-06-25 15:00:00,24365.1,24378.8,24329.1,24370.6,5609.0
2025-06-25 17:00:00,24371.1,24376.6,24315.9,24315.9,5176.0
2025-06-25 19:00:00,24315.7,24345.4,24315.7,24342.1,2798.0
2025-06-25 21:00:00,24343.6,24354.3,24332.9,24348.7,949.0
2025-06-25 23:00:00,24348.8,24362.6,24335.5,24342.1,1821.0
2025-06-26 01:00:00,24342.3,24376.6,24226.7,24356.9,18233.0
2025-06-26 03:00:00,24357.2,24386.0,24314.5,24330.6,5878.0
2025-06-26 05:00:00,24338.4,24342.9,24229.1,24312.2,12468.0
2025-06-26 07:00:00,24312.7,24358.2,24292.4,24353.7,7398.0
2025-06-26 09:00:00,24354.3,24381.1,24300.9,24340.2,3409.0
2025-06-26 11:00:00,24339.7,24343.7,24290.1,24294.9,4339.0
2025-06-26 13:00:00,24294.4,24441.5,24269.2,24395.0,10082.0
2025-06-26 15:00:00,24393.0,24438.4,24377.9,24403.8,5821.0
2025-06-26 17:00:00,24404.3,24419.7,24351.0,24351.0,3099.0
2025-06-26 19:00:00,24353.0,24366.4,24337.6,24360.3,2795.0
2025-06-26 21:00:00,24359.7,24395.4,24359.7,24393.0,1333.0
2025-06-26 23:00:00,24393.3,24404.0,24344.5,24345.0,1975.0
2025-06-27 01:00:00,24344.5,24466.9,24314.1,24418.6,19805.0
2025-06-27 03:00:00,24419.6,24448.6,24294.3,24297.7,7625.0
2025-06-27 05:00:00,24300.8,24325.8,24176.2,24282.8,15875.0
2025-06-27 07:00:00,24282.6,24307.1,24209.1,24242.6,7248.0
2025-06-27 09:00:00,24242.9,24248.0,24213.9,24238.4,3113.0
2025-06-27 11:00:00,24238.9,24276.8,24226.0,24242.4,4044.0
2025-06-27 13:00:00,24241.9,24293.6,24180.0,24202.1,9353.0
2025-06-27 15:00:00,24203.1,24278.7,24201.9,24249.6,4937.0
2025-06-27 17:00:00,24249.1,24250.6,24155.7,24165.2,6351.0
2025-06-27 19:00:00,24163.2,24239.8,24162.2,24216.6,4823.0
2025-06-29 22:00:00,24231.4,24286.1,24227.1,24264.9,1945.0
2025-06-30 00:00:00,24264.3,24288.3,24109.3,24117.1,9623.0
2025-06-30 02:00:00,24120.1,24189.1,24061.8,24155.0,16580.0
2025-06-30 04:00:00,24144.8,24229.7,24143.4,24170.5,8717.0
2025-06-30 06:00:00,24171.0,24214.2,24031.3,24053.0,12545.0
2025-06-30 08:00:00,24054.0,24109.5,24019.5,24045.2,4442.0
2025-06-30 10:00:00,24043.2,24109.1,24038.6,24108.6,2872.0
2025-06-30 12:00:00,24108.1,24111.5,23996.4,24052.6,6544.0
2025-06-30 14:00:00,24052.1,24149.3,24041.4,24138.6,7764.0
2025-06-30 16:00:00,24139.1,24164.5,24122.8,24137.1,4538.0
2025-06-30 18:00:00,24137.6,24186.3,24135.7,24165.1,5325.0
2025-06-30 20:00:00,24166.9,24173.2,24148.9,24154.6,1545.0
2025-06-30 21:00:00,24154.2,24165.6,24150.2,24152.0,739.0
2025-06-30 23:00:00,24152.5,24193.4,24148.7,24190.3,1377.0
2025-07-01 01:00:00,24190.9,24193.4,24172.0,24172.6,1059.0
2025-07-01 03:00:00,24173.2,24176.7,24149.7,24150.4,648.0
2025-07-01 05:00:00,24151.0,24151.8,24130.5,24149.5,1179.0
2025-07-01 07:00:00,24150.1,24164.8,24127.1,24144.5,2991.0
2025-07-01 09:00:00,24143.9,24146.3,24124.7,24138.3,1194.0
2025-07-01 11:00:00,24138.9,24144.1,24097.7,24113.9,2020.0
2025-07-01 13:00:00,24113.3,24214.8,24110.3,24178.1,5855.0
2025-07-01 15:00:00,24178.0,24236.6,24145.8,24200.3,6085.0
2025-07-01 17:00:00,24200.5,24231.9,24198.6,24216.6,3416.0
2025-07-01 19:00:00,24216.3,24225.7,24184.1,24202.1,4315.0
2025-07-01 21:00:00,24201.8,24219.0,24196.7,24218.7,840.0
2025-07-01 23:00:00,24219.3,24227.0,24213.2,24225.0,1195.0
2025-07-02 01:00:00,24225.3,24382.7,24098.7,24245.6,19682.0
2025-07-02 03:00:00,24246.1,24257.7,24177.9,24201.8,6888.0
2025-07-02 05:00:00,24199.7,24273.8,24138.6,24248.8,14807.0
2025-07-02 07:00:00,24248.3,24251.3,24109.7,24121.7,7592.0
2025-07-02 09:00:00,24121.4,24197.0,24117.6,24169.6,3394.0
2025-07-02 11:00:00,24170.1,24186.4,24066.2,24100.8,5642.0
2025-07-02 13:00:00,24100.3,24125.8,24027.7,24102.6,9923.0
2025-07-02 15:00:00,24103.1,24120.9,24059.5,24104.0,5605.0
2025-07-02 17:00:00,24104.5,24142.8,24101.9,24124.0,3493.0
2025-07-02 19:00:00,24124.2,24135.9,24099.9,24130.4,2533.0
2025-07-02 21:00:00,24132.9,24136.7,24124.8,24130.1,803.0
2025-07-02 23:00:00,24129.8,24146.8,24128.3,24141.4,881.0
2025-07-03 01:00:00,24140.8,24241.7,23892.6,23908.4,18368.0
2025-07-03 03:00:00,23908.9,23986.0,23906.9,23949.8,7038.0
2025-07-03 05:00:00,23966.9,24055.9,23924.4,24041.3,13178.0
2025-07-03 07:00:00,24041.8,24063.8,23983.2,23983.2,6486.0
2025-07-03 09:00:00,23982.9,24001.9,23912.7,23950.0,3729.0
2025-07-03 11:00:00,23948.5,23984.1,23908.7,23960.7,5008.0
2025-07-03 13:00:00,23961.2,24066.8,23958.5,23978.2,9996.0
2025-07-03 15:00:00,23978.7,24030.1,23953.9,23998.9,5260.0
2025-07-03 17:00:00,24002.9,24005.4,23938.6,23938.6,1204.0
2025-07-03 19:00:00,23938.3,23943.9,23932.8,23937.3,41.0
2025-07-03 21:00:00,23929.7,23941.4,23919.9,23933.3,1043.0
2025-07-03 23:00:00,23933.0,23936.2,23918.4,23919.5,1235.0
2025-07-04 01:00:00,23919.8,23924.4,23661.6,23836.7,18502.0
2025-07-04 03:00:00,23836.2,23903.7,23796.2,23876.2,7389.0
2025-07-04 05:00:00,23876.5,24056.1,23816.9,23865.9,18988.0
2025-07-04 07:00:00,23866.4,23901.8,23841.1,23857.8,7815.0
2025-07-04 09:00:00,23857.2,23880.4,23837.9,23869.4,3612.0
2025-07-04 11:00:00,23868.9,23892.1,23833.3,23855.8,2803.0
2025-07-04 13:00:00,23856.3,23901.2,23855.6,23866.2,3392.0
2025-07-04 15:00:00,23865.2,23901.8,23859.4,23874.8,1965.0
2025-07-04 17:00:00,23875.3,23878.8,23853.1,23869.2,836.0
2025-07-04 19:00:00,23853.9,23865.1,23837.3,23852.1,260.0
2025-07-06 22:00:00,23923.2,23925.7,23874.3,23880.8,2464.0
2025-07-07 00:00:00,23881.3,23889.9,23685.3,23768.3,10240.0
2025-07-07 02:00:00,23769.8,23841.0,23740.6,23800.2,16472.0
2025-07-07 04:00:00,23784.7,23890.1,23771.3,23887.9,8353.0
2025-07-07 06:00:00,23886.9,23897.8,23760.2,23841.0,11251.0
2025-07-07 08:00:00,23840.0,23891.5,23828.0,23880.5,4068.0
2025-07-07 10:00:00,23881.0,23885.4,23848.8,23867.3,2782.0
2025-07-07 12:00:00,23867.8,23999.0,23834.4,23960.1,6429.0
2025-07-07 14:00:00,23959.1,24003.3,23919.5,23940.7,7729.0
2025-07-07 16:00:00,23941.2,23955.7,23826.0,23879.1,9979.0
2025-07-07 18:00:00,23880.1,23887.2,23809.8,23842.2,6452.0
2025-07-07 20:00:00,23841.7,23841.7,23803.4,23815.4,1391.0
2025-07-07 21:00:00,23816.3,23828.3,23806.5,23822.9,1216.0
2025-07-07 23:00:00,23823.2,23885.7,23821.1,23885.2,2302.0
2025-07-08 01:00:00,23885.7,24063.2,23876.4,24049.6,19133.0
2025-07-08 03:00:00,24050.6,24130.2,24041.9,24042.7,8220.0
2025-07-08 05:00:00,24058.0,24088.9,23996.0,24077.8,14732.0
2025-07-08 07:00:00,24078.3,24147.5,24064.9,24079.4,7702.0
2025-07-08 09:00:00,24078.3,24104.4,24059.4,24086.9,3487.0
2025-07-08 11:00:00,24087.9,24097.1,24047.7,24058.9,2900.0
2025-07-08 13:00:00,24059.4,24075.3,23983.5,24048.2,9543.0
2025-07-08 15:00:00,24048.7,24115.9,24037.9,24110.8,7042.0
2025-07-08 17:00:00,24110.3,24118.6,24067.0,24067.0,4598.0
2025-07-08 19:00:00,24066.9,24069.3,24045.2,24060.1,2568.0
2025-07-08 21:00:00,24060.2,24073.3,24056.8,24064.6,508.0
2025-07-08 23:00:00,24066.3,24071.5,24017.8,24031.7,1284.0
2025-07-09 01:00:00,24031.4,24078.0,23825.8,23938.1,17765.0
2025-07-09 03:00:00,23937.6,23958.2,23886.4,23938.9,6419.0
2025-07-09 05:00:00,23938.6,23985.6,23800.2,23863.9,14477.0
2025-07-09 07:00:00,23864.4,23882.1,23833.1,23847.5,7284.0
2025-07-09 09:00:00,23848.1,23910.4,23847.5,23900.8,3477.0
2025-07-09 11:00:00,23901.8,23926.5,23899.5,23917.9,2937.0
2025-07-09 13:00:00,23917.4,23932.5,23795.3,23802.5,10551.0
2025-07-09 15:00:00,23802.0,23844.4,23791.2,23840.1,6080.0
2025-07-09 17:00:00,23839.7,23853.2,23826.6,23842.2,4141.0
2025-07-09 19:00:00,23826.4,23854.5,23824.4,23843.3,2613.0
2025-07-09 21:00:00,23845.1,23862.5,23841.9,23858.5,649.0
2025-07-09 23:00:00,23858.6,23859.2,23831.3,23833.0,1449.0
2025-07-10 01:00:00,23833.5,23947.3,23788.5,23891.1,19090.0
2025-07-10 03:00:00,23892.1,23937.0,23864.4,23877.7,6698.0
2025-07-10 05:00:00,23878.0,24052.1,23878.0,24049.1,16398.0
2025-07-10 07:00:00,24049.6,24066.1,23984.2,23994.7,7484.0
2025-07-10 09:00:00,23995.2,24028.8,23990.3,24024.3,2529.0
2025-07-10 11:00:00,24026.3,24026.3,23947.2,23971.6,3941.0
2025-07-10 13:00:00,23971.1,23994.3,23865.4,23939.2,9272.0
2025-07-10 15:00:00,23938.7,24002.7,23923.1,23999.7,4899.0
2025-07-10 17:00:00,23999.2,24042.1,23999.2,24014.0,2933.0
2025-07-10 19:00:00,24005.8,24022.8,24003.5,24011.3,2317.0
2025-07-10 21:00:00,24011.5,24027.4,24009.0,24026.8,570.0
2025-07-10 23:00:00,24027.4,24030.0,23891.3,23943.4,4629.0
2025-07-11 01:00:00,23944.0,24459.2,23937.4,24363.5,20339.0
2025-07-11 03:00:00,24364.5,24490.9,24310.3,24461.5,8760.0
2025-07-11 05:00:00,24475.1,24510.2,24257.9,24273.7,19297.0
2025-07-11 07:00:00,24273.8,24288.9,24104.4,24139.2,10921.0
2025-07-11 09:00:00,24139.8,24160.3,24123.7,24134.4,3812.0
2025-07-11 11:00:00,24135.4,24155.1,24086.6,24115.7,3790.0
2025-07-11 13:00:00,24114.7,24151.4,24084.0,24095.1,8720.0
2025-07-11 15:00:00,24094.6,24096.7,24049.4,24086.5,5241.0
2025-07-11 17:00:00,24087.0,24094.0,24060.4,24060.4,3421.0
2025-07-11 19:00:00,24060.3,24060.3,24031.6,24034.4,3489.0
2025-07-13 22:00:00,23962.2,24004.5,23952.3,23995.8,3796.0
2025-07-14 00:00:00,23996.3,24188.9,23991.8,24116.7,10158.0
2025-07-14 02:00:00,24115.7,24172.9,24071.9,24145.2,16202.0
2025-07-14 04:00:00,24133.4,24233.8,24123.5,24232.3,8012.0
2025-07-14 06:00:00,24232.8,24255.8,24162.8,24210.9,10212.0
2025-07-14 08:00:00,24207.9,24207.9,24152.9,24202.1,3405.0
2025-07-14 10:00:00,24201.6,24223.7,24174.3,24197.1,2646.0
2025-07-14 12:00:00,24196.1,24261.1,24135.3,24231.9,5581.0
2025-07-14 14:00:00,24232.4,24266.2,24187.1,24229.9,6618.0
2025-07-14 16:00:00,24229.4,24255.3,24226.4,24236.6,2946.0
2025-07-14 18:00:00,24237.1,24269.4,24217.0,24238.2,2126.0
2025-07-14 20:00:00,24237.0,24240.5,24228.9,24235.8,938.0
2025-07-14 21:00:00,24236.9,24242.0,24221.0,24222.8,1026.0
2025-07-14 23:00:00,24223.3,24234.5,24220.4,24226.6,1357.0
2025-07-15 01:00:00,24226.3,24553.5,24220.7,24252.2,20647.0
2025-07-15 03:00:00,24252.7,24253.3,24113.3,24228.9,9215.0
2025-07-15 05:00:00,24223.1,24484.1,24207.3,24405.7,18912.0
2025-07-15 07:00:00,24406.2,24585.8,24406.2,24505.2,10659.0
2025-07-15 09:00:00,24504.9,24541.1,24498.7,24517.9,3047.0
2025-07-15 11:00:00,24516.9,24559.6,24499.8,24534.7,4311.0
2025-07-15 13:00:00,24535.2,24579.0,24403.2,24422.5,13199.0
2025-07-15 15:00:00,24426.5,24566.3,24425.4,24543.3,8285.0
2025-07-15 17:00:00,24543.8,24631.9,24542.8,24596.8,5573.0
2025-07-15 19:00:00,24596.7,24634.2,24549.0,24553.1,4572.0
2025-07-15 21:00:00,24555.3,24558.0,24525.5,24548.9,1451.0
2025-07-15 23:00:00,24549.5,24572.7,24536.0,24570.6,2539.0
2025-07-16 01:00:00,24571.2,24861.5,24561.2,24638.1,21446.0
2025-07-16 03:00:00,24637.6,24733.5,24628.2,24646.8,8193.0
2025-07-16 05:00:00,24649.2,24682.9,24540.5,24611.5,17898.0
2025-07-16 07:00:00,24613.0,24621.6,24483.6,24524.8,7905.0
2025-07-16 09:00:00,24525.4,24529.6,24479.6,24504.5,2794.0
2025-07-16 11:00:00,24503.5,24535.7,24482.6,24493.2,3586.0
2025-07-16 13:00:00,24493.7,24493.7,24395.8,24423.5,8759.0
2025-07-16 15:00:00,24424.2,24536.7,24424.2,24512.6,12695.0
2025-07-16 17:00:00,24513.1,24572.1,24513.1,24561.5,3877.0
2025-07-16 19:00:00,24550.6,24561.5,24533.9,24538.6,3043.0
2025-07-16 21:00:00,24539.8,24544.5,24522.3,24524.0,1090.0
2025-07-16 23:00:00,24524.6,24538.7,24522.3,24536.7,1754.0
2025-07-17 01:00:00,24536.4,24649.5,24446.8,24477.7,18963.0
2025-07-17 03:00:00,24478.2,24531.0,24431.7,24514.0,7339.0
2025-07-17 05:00:00,24520.4,24577.4,24507.8,24535.8,16210.0
2025-07-17 07:00:00,24537.8,24538.7,24414.7,24424.5,7803.0
2025-07-17 09:00:00,24424.8,24476.4,24424.5,24438.2,2661.0
2025-07-17 11:00:00,24438.7,24448.9,24400.0,24410.9,3274.0
2025-07-17 13:00:00,24410.4,24592.9,24409.9,24585.9,8700.0
2025-07-17 15:00:00,24584.9,24659.1,24570.8,24651.8,6620.0
2025-07-17 17:00:00,24652.0,24672.0,24624.5,24655.7,3417.0
2025-07-17 19:00:00,24647.2,24665.7,24637.9,24658.1,2859.0
2025-07-17 21:00:00,24657.1,24659.6,24650.2,24657.4,731.0
2025-07-17 23:00:00,24657.7,24721.0,24656.8,24696.6,1676.0
2025-07-18 01:00:00,24696.1,24820.6,24680.1,24714.5,20454.0
2025-07-18 03:00:00,24712.5,24761.1,24623.2,24650.6,7832.0
2025-07-18 05:00:00,24658.2,24765.3,24608.4,24742.8,14167.0
2025-07-18 07:00:00,24744.3,24852.6,24744.3,24807.9,8031.0
2025-07-18 09:00:00,24807.6,24929.4,24806.8,24914.8,3857.0
2025-07-18 11:00:00,24914.3,24974.8,24895.3,24961.3,4576.0
2025-07-18 13:00:00,24961.8,25067.5,24908.0,25016.8,12227.0
2025-07-18 15:00:00,25018.3,25037.1,24942.0,24947.2,7032.0
2025-07-18 17:00:00,24948.2,24957.8,24870.2,24871.6,4495.0
2025-07-18 19:00:00,24871.8,24900.8,24871.6,24899.7,2456.0
2025-07-20 22:00:00,24893.2,24956.4,24888.3,24956.4,1493.0
2025-07-21 00:00:00,24956.7,25012.6,24910.2,24928.8,9961.0
2025-07-21 02:00:00,24927.8,24989.9,24872.6,24886.9,17204.0
2025-07-21 04:00:00,24876.5,24932.1,24835.3,24930.5,7982.0
2025-07-21 06:00:00,24931.5,24991.3,24927.5,24943.7,9758.0
2025-07-21 08:00:00,24943.2,25009.2,24941.4,24981.3,3247.0
2025-07-21 10:00:00,24980.8,25037.7,24974.0,25028.7,2085.0
2025-07-21 12:00:00,25028.2,25028.7,24921.6,24996.1,6186.0
2025-07-21 14:00:00,24996.6,25125.5,24986.5,25078.2,8338.0
2025-07-21 16:00:00,25077.7,25083.8,25039.9,25049.3,3346.0
2025-07-21 18:00:00,25048.8,25060.8,24997.9,25011.5,3605.0
2025-07-21 20:00:00,25010.3,25013.9,25003.8,25010.2,1110.0
2025-07-21 21:00:00,25015.3,25022.3,25008.6,25020.0,637.0
2025-07-21 23:00:00,25020.3,25026.2,25009.8,25018.1,1055.0
2025-07-22 01:00:00,25017.5,25122.6,24910.2,24983.4,18288.0
2025-07-22 03:00:00,24982.4,25068.0,24956.0,25026.8,6932.0
2025-07-22 05:00:00,25061.5,25136.7,24996.1,25077.6,18444.0
2025-07-22 07:00:00,25076.6,25159.7,25062.7,25115.5,7323.0
2025-07-22 09:00:00,25115.8,25168.8,25112.0,25146.1,2901.0
2025-07-22 11:00:00,25145.6,25192.8,25131.1,25185.1,3603.0
2025-07-22 13:00:00,25184.6,25274.1,25100.8,25264.0,9777.0
2025-07-22 15:00:00,25263.5,25352.5,25242.9,25326.7,6622.0
2025-07-22 17:00:00,25324.7,25339.9,25289.5,25316.3,3497.0
2025-07-22 19:00:00,25299.5,25324.2,25297.3,25306.4,2609.0
2025-07-22 21:00:00,25302.4,25311.4,25290.6,25294.4,903.0
2025-07-22 23:00:00,25294.7,25353.9,25294.0,25350.9,4550.0
2025-07-23 01:00:00,25350.3,25417.2,25226.6,25296.9,19767.0
2025-07-23 03:00:00,25296.4,25431.1,25285.9,25408.5,9093.0
2025-07-23 05:00:00,25407.9,25528.9,25354.5,25474.6,21881.0
2025-07-23 07:00:00,25475.1,25576.7,25435.6,25559.9,9534.0
2025-07-23 09:00:00,25559.3,25582.8,25515.5,25515.7,3275.0
2025-07-23 11:00:00,25514.7,25514.7,25475.4,25491.1,3351.0
2025-07-23 13:00:00,25490.6,25532.0,25452.6,25466.0,8778.0
2025-07-23 15:00:00,25467.5,25537.7,25442.2,25498.0,7155.0
2025-07-23 17:00:00,25497.5,25550.5,25490.1,25531.4,3711.0
2025-07-23 19:00:00,25531.6,25560.1,25517.8,25557.1,4414.0
2025-07-23 21:00:00,25557.4,25562.1,25531.9,25546.9,1458.0
2025-07-23 23:00:00,25547.2,25560.5,25545.7,25547.9,1520.0
2025-07-24 01:00:00,25547.3,25722.5,25473.7,25720.8,20541.0
2025-07-24 03:00:00,25720.3,25737.0,25631.5,25671.0,8943.0
2025-07-24 05:00:00,25688.1,25734.4,25594.8,25680.5,18010.0
2025-07-24 07:00:00,25678.5,25700.2,25623.4,25668.5,7310.0
2025-07-24 09:00:00,25669.0,25685.8,25602.4,25616.9,2944.0
2025-07-24 11:00:00,25617.4,25634.4,25585.4,25595.4,3118.0
2025-07-24 13:00:00,25595.9,25640.3,25536.6,25590.9,8835.0
2025-07-24 15:00:00,25589.4,25593.4,25478.8,25486.1,6054.0
2025-07-24 17:00:00,25485.1,25546.6,25484.6,25507.1,3286.0
2025-07-24 19:00:00,25506.9,25519.0,25489.5,25508.2,2947.0
2025-07-24 21:00:00,25508.7,25524.0,25505.2,25516.6,675.0
2025-07-24 23:00:00,25516.9,25541.1,25511.0,25541.1,1275.0
2025-07-25 01:00:00,25541.4,25575.8,25399.0,25414.0,18345.0
2025-07-25 03:00:00,25414.5,25438.6,25352.7,25354.8,6886.0
2025-07-25 05:00:00,25355.1,25467.7,25343.2,25363.9,14942.0
2025-07-25 07:00:00,25363.4,25393.0,25326.6,25342.9,8684.0
2025-07-25 09:00:00,25342.3,25381.0,25302.2,25307.2,3321.0
2025-07-25 11:00:00,25309.7,25329.2,25277.0,25299.8,3327.0
2025-07-25 13:00:00,25300.3,25355.5,25252.3,25336.9,9769.0
2025-07-25 15:00:00,25336.4,25344.2,25293.9,25339.6,4231.0
2025-07-25 17:00:00,25339.1,25400.8,25338.6,25390.2,2400.0
2025-07-25 19:00:00,25374.8,25384.7,25369.3,25383.0,2389.0
2025-07-27 22:00:00,25438.5,25458.9,25419.3,25445.7,2557.0
2025-07-28 00:00:00,25445.4,25511.8,25378.9,25491.1,9805.0
2025-07-28 02:00:00,25490.1,25645.7,25440.8,25468.2,18310.0
2025-07-28 04:00:00,25453.0,25533.7,25452.8,25495.5,9065.0
2025-07-28 06:00:00,25496.0,25571.5,25468.6,25530.1,12017.0
2025-07-28 08:00:00,25529.1,25553.4,25494.9,25508.6,3600.0
2025-07-28 10:00:00,25508.1,25513.7,25453.4,25467.7,3422.0
2025-07-28 12:00:00,25468.2,25501.2,25386.4,25413.8,7249.0
2025-07-28 14:00:00,25413.3,25461.4,25392.5,25448.6,7833.0
2025-07-28 16:00:00,25448.1,25448.1,25373.5,25382.1,3755.0
2025-07-28 18:00:00,25382.6,25385.2,25323.7,25367.1,3170.0
2025-07-28 20:00:00,25368.8,25374.2,25363.8,25364.4,1088.0
2025-07-28 21:00:00,25364.0,25379.7,25363.3,25378.5,746.0
2025-07-28 23:00:00,25379.1,25380.7,25370.8,25377.3,1052.0
2025-07-29 01:00:00,25376.7,25428.0,25217.3,25329.5,18085.0
2025-07-29 03:00:00,25329.0,25349.3,25281.1,25309.8,7095.0
2025-07-29 05:00:00,25310.0,25421.1,25286.3,25413.8,15012.0
2025-07-29 07:00:00,25413.3,25538.1,25407.3,25482.6,9383.0
2025-07-29 09:00:00,25482.5,25536.7,25482.5,25507.1,2999.0
2025-07-29 11:00:00,25506.1,25553.0,25472.4,25538.6,3408.0
2025-07-29 13:00:00,25538.1,25551.5,25441.9,25456.8,8666.0
2025-07-29 15:00:00,25456.3,25475.5,25372.7,25394.8,8655.0
2025-07-29 17:00:00,25394.3,25419.8,25356.6,25356.6,2310.0
2025-07-29 19:00:00,25356.5,25361.6,25327.8,25336.0,3008.0
2025-07-29 21:00:00,25334.2,25349.4,25334.2,25346.3,708.0
2025-07-29 23:00:00,25346.5,25380.9,25344.2,25379.2,1037.0
2025-07-30 01:00:00,25378.6,25489.1,25210.4,25444.1,20246.0
2025-07-30 03:00:00,25444.0,25489.1,25387.3,25418.3,7587.0
2025-07-30 05:00:00,25431.5,25466.3,25087.2,25166.2,21764.0
2025-07-30 07:00:00,25165.7,25252.4,25146.6,25173.1,9721.0
2025-07-30 09:00:00,25172.5,25216.8,25171.5,25204.2,3437.0
2025-07-30 11:00:00,25201.7,25211.4,25086.5,25098.6,5170.0
2025-07-30 13:00:00,25098.1,25140.0,25029.1,25041.2,9537.0
2025-07-30 15:00:00,25041.7,25058.2,25012.8,25036.6,5506.0
2025-07-30 17:00:00,25037.1,25066.0,24918.2,24918.2,8426.0
2025-07-30 19:00:00,24918.1,25002.8,24843.9,24977.8,11613.0
2025-07-30 21:00:00,24978.1,25006.7,24970.2,24998.3,2324.0
2025-07-30 23:00:00,24998.2,25025.3,24997.1,25011.8,2007.0
2025-07-31 01:00:00,25011.2,25012.4,24774.0,24964.8,19665.0
2025-07-31 03:00:00,24964.9,24974.9,24842.1,24881.4,8716.0
2025-07-31 05:00:00,24892.1,24947.9,24740.4,24798.3,20267.0
2025-07-31 07:00:00,24797.8,24811.2,24736.6,24745.6,9325.0
2025-07-31 09:00:00,24746.2,24773.0,24703.9,24705.3,3487.0
2025-07-31 11:00:00,24704.8,24765.5,24695.6,24696.1,4669.0
2025-07-31 13:00:00,24695.6,24777.6,24658.4,24774.2,10796.0
2025-07-31 15:00:00,24773.7,24812.5,24744.4,24783.1,7076.0
2025-07-31 17:00:00,24782.6,24787.1,24676.0,24692.2,6715.0
2025-07-31 19:00:00,24692.5,24747.6,24667.3,24691.7,9796.0
2025-07-31 21:00:00,24691.4,24707.4,24651.9,24672.9,3307.0
2025-07-31 23:00:00,24673.2,24675.5,24628.2,24673.2,5837.0
2025-08-01 01:00:00,24672.9,24833.4,24669.2,24697.4,19987.0
2025-08-01 03:00:00,24698.4,24788.8,24682.4,24695.3,8666.0
2025-08-01 05:00:00,24700.4,24709.8,24552.7,24627.6,18852.0
2025-08-01 07:00:00,24625.6,24633.5,24429.4,24456.1,12954.0
2025-08-01 09:00:00,24454.9,24479.4,24419.6,24444.5,5692.0
2025-08-01 11:00:00,24445.0,24481.8,24375.9,24463.0,7837.0
2025-08-01 13:00:00,24462.0,24477.3,24254.2,24309.6,16847.0
2025-08-01 15:00:00,24310.6,24387.3,24294.8,24307.4,10353.0
2025-08-01 17:00:00,24306.9,24322.3,24247.9,24269.5,7413.0
2025-08-01 19:00:00,24269.3,24323.1,24262.1,24312.7,7727.0
2025-08-03 22:00:00,24318.5,24319.4,24255.9,24300.5,5349.0
2025-08-04 00:00:00,24299.9,24538.5,24287.3,24533.0,12124.0
2025-08-04 02:00:00,24533.5,24615.6,24485.1,24602.0,16184.0
2025-08-04 04:00:00,24588.2,24669.9,24565.4,24604.9,9596.0
2025-08-04 06:00:00,24604.4,24715.7,24592.6,24699.5,12716.0
2025-08-04 08:00:00,24698.5,24740.4,24672.0,24697.8,5050.0
2025-08-04 10:00:00,24698.3,24706.9,24673.7,24690.3,3101.0
2025-08-04 12:00:00,24692.3,24762.6,24644.0,24660.5,6865.0
2025-08-04 14:00:00,24661.0,24704.4,24618.0,24657.0,9052.0
2025-08-04 16:00:00,24657.5,24737.8,24652.2,24734.9,3681.0
2025-08-04 18:00:00,24734.4,24740.9,24692.9,24737.0,3922.0
2025-08-04 20:00:00,24738.1,24788.4,24732.8,24785.8,1804.0
2025-08-04 21:00:00,24793.8,24812.2,24754.4,24757.1,1162.0
2025-08-04 23:00:00,24757.0,24784.3,24756.8,24767.4,2587.0
2025-08-05 01:00:00,24766.2,24822.3,24642.1,24700.7,17150.0
2025-08-05 03:00:00,24700.6,24775.3,24676.5,24751.5,6298.0
2025-08-05 05:00:00,24752.1,24882.5,24752.1,24848.1,14602.0
2025-08-05 07:00:00,24847.1,24864.2,24805.0,24832.4,8475.0
2025-08-05 09:00:00,24833.0,24856.5,24824.1,24844.4,2645.0
2025-08-05 11:00:00,24843.4,24864.7,24821.4,24848.5,3579.0
2025-08-05 13:00:00,24849.0,24908.0,24779.0,24815.8,10286.0
2025-08-05 15:00:00,24816.3,24870.5,24791.2,24822.4,7738.0
2025-08-05 17:00:00,24821.9,24854.1,24801.6,24801.6,3901.0
2025-08-05 19:00:00,24801.7,24817.5,24787.9,24795.2,4910.0
2025-08-05 21:00:00,24794.8,24803.3,24767.5,24790.2,2228.0
2025-08-05 23:00:00,24789.6,24805.3,24776.2,24795.8,3450.0
2025-08-06 01:00:00,24796.0,24924.0,24758.4,24842.0,17037.0
2025-08-06 03:00:00,24841.5,24956.9,24815.3,24896.1,8239.0
2025-08-06 05:00:00,24896.4,24925.3,24831.8,24867.7,13247.0
2025-08-06 07:00:00,24868.7,24929.6,24820.1,24827.2,7255.0
2025-08-06 09:00:00,24826.6,24867.0,24818.4,24850.6,3461.0
2025-08-06 11:00:00,24849.6,24861.2,24811.3,24852.3,2859.0
2025-08-06 13:00:00,24851.8,24879.2,24765.0,24768.9,9210.0
2025-08-06 15:00:00,24768.4,24849.2,24742.3,24844.8,6755.0
2025-08-06 17:00:00,24845.3,24915.9,24843.8,24904.9,4153.0
2025-08-06 19:00:00,24890.7,24921.5,24888.6,24906.9,3341.0
2025-08-06 21:00:00,24908.4,24949.2,24873.3,24940.7,2894.0
2025-08-06 23:00:00,24941.0,24950.8,24925.6,24931.5,2978.0
2025-08-07 01:00:00,24931.2,25019.8,24793.8,24869.3,17968.0
2025-08-07 03:00:00,24870.3,25047.4,24859.7,24997.5,8300.0
2025-08-07 05:00:00,25010.0,25090.2,24990.8,25070.2,13378.0
2025-08-07 07:00:00,25070.7,25076.8,25002.2,25023.0,7839.0
2025-08-07 09:00:00,25023.3,25063.0,25013.0,25020.0,4340.0
2025-08-07 11:00:00,25021.5,25046.5,25013.6,25021.0,4441.0
2025-08-07 13:00:00,25021.5,25049.4,24884.5,24896.3,10229.0
2025-08-07 15:00:00,24896.2,24927.7,24862.0,24887.2,7607.0
2025-08-07 17:00:00,24887.7,24895.9,24835.2,24869.3,6315.0
2025-08-07 19:00:00,24869.5,24916.1,24861.4,24913.7,4952.0
2025-08-07 21:00:00,24911.1,24966.7,24911.1,24942.9,1728.0
2025-08-07 23:00:00,24943.2,24975.5,24931.6,24955.9,2506.0
2025-08-08 01:00:00,24956.1,24967.4,24825.9,24921.5,16911.0
2025-08-08 03:00:00,24922.5,24926.6,24848.8,24851.4,5684.0
2025-08-08 05:00:00,24852.0,24888.6,24785.0,24800.6,12244.0
2025-08-08 07:00:00,24802.6,24856.6,24793.1,24809.8,7009.0
2025-08-08 09:00:00,24810.1,24837.2,24794.5,24820.9,2453.0
2025-08-08 11:00:00,24820.4,24850.1,24807.3,24826.5,2725.0
2025-08-08 13:00:00,24827.0,24872.3,24810.7,24841.4,7419.0
2025-08-08 15:00:00,24841.9,24915.3,24838.4,24892.3,5336.0
2025-08-08 17:00:00,24891.8,24944.4,24883.8,24931.8,3038.0
2025-08-08 19:00:00,24931.7,24946.0,24904.7,24945.0,3427.0
2025-08-10 22:00:00,24936.6,24954.8,24921.4,24924.8,1946.0
2025-08-11 00:00:00,24924.5,24950.9,24807.0,24840.5,9844.0
2025-08-11 02:00:00,24842.5,24930.0,24746.9,24890.0,17330.0
2025-08-11 04:00:00,24889.0,24918.8,24847.5,24892.4,8187.0
2025-08-11 06:00:00,24891.4,24917.4,24831.8,24860.0,9539.0
2025-08-11 08:00:00,24860.5,24902.0,24848.5,24889.1,3740.0
2025-08-11 10:00:00,24888.6,24915.5,24880.3,24885.0,2226.0
2025-08-11 12:00:00,24885.5,24941.8,24822.5,24839.5,5926.0
2025-08-11 14:00:00,24842.0,24856.9,24773.0,24803.0,7402.0
2025-08-11 16:00:00,24802.5,24819.8,24731.4,24754.5,4682.0
2025-08-11 18:00:00,24755.0,24805.0,24725.9,24762.6,5622.0
2025-08-11 20:00:00,24763.7,24766.6,24750.8,24753.7,1091.0
2025-08-11 21:00:00,24753.7,24764.9,24719.0,24734.0,1387.0
2025-08-11 23:00:00,24733.4,24756.9,24725.2,24746.9,2585.0
2025-08-12 01:00:00,24745.7,24920.2,24744.6,24805.4,16994.0
2025-08-12 03:00:00,24806.4,24915.2,24804.4,24910.9,6985.0
2025-08-12 05:00:00,24910.6,24943.2,24840.8,24906.1,14398.0
2025-08-12 07:00:00,24907.1,24996.1,24904.5,24906.5,7448.0
2025-08-12 09:00:00,24906.6,24936.2,24904.3,24912.0,2354.0
2025-08-12 11:00:00,24911.5,24997.8,24882.7,24978.9,4478.0
2025-08-12 13:00:00,24979.4,25072.8,24917.9,25065.4,10544.0
2025-08-12 15:00:00,25064.9,25161.5,25054.1,25146.5,6320.0
2025-08-12 17:00:00,25146.0,25193.3,25141.4,25155.6,3221.0
2025-08-12 19:00:00,25139.6,25178.9,25139.6,25154.9,2891.0
2025-08-12 21:00:00,25153.0,25201.2,25143.9,25193.2,888.0
2025-08-12 23:00:00,25192.6,25211.5,25148.3,25148.3,2315.0
2025-08-13 01:00:00,25148.0,25337.9,25123.8,25335.4,17580.0
2025-08-13 03:00:00,25336.4,25451.2,25329.1,25440.6,7693.0
2025-08-13 05:00:00,25433.0,25570.9,25416.1,25544.6,15302.0
2025-08-13 07:00:00,25545.1,25631.0,25531.3,25597.9,8940.0
2025-08-13 09:00:00,25597.4,25752.2,25588.7,25718.6,4542.0
2025-08-13 11:00:00,25717.6,25757.1,25697.8,25722.6,3204.0
2025-08-13 13:00:00,25722.1,25839.5,25699.5,25810.7,10390.0
2025-08-13 15:00:00,25811.2,25819.3,25717.9,25760.9,7265.0
2025-08-13 17:00:00,25761.4,25782.2,25719.9,25722.3,4088.0
2025-08-13 19:00:00,25722.1,25796.0,25717.9,25762.7,3024.0
2025-08-13 21:00:00,25765.7,25785.5,25757.1,25779.1,798.0
2025-08-13 23:00:00,25778.8,25785.8,25762.5,25763.0,1514.0
2025-08-14 01:00:00,25762.7,25799.7,25634.1,25672.3,20095.0
2025-08-14 03:00:00,25671.8,25707.0,25559.6,25587.4,8062.0
2025-08-14 05:00:00,25609.8,25614.7,25454.6,25496.5,17812.0
2025-08-14 07:00:00,25495.5,25605.8,25483.2,25534.5,8193.0
2025-08-14 09:00:00,25534.2,25577.5,25513.0,25518.1,2928.0
2025-08-14 11:00:00,25516.1,25537.6,25386.2,25405.3,5441.0
2025-08-14 13:00:00,25403.8,25403.8,25313.3,25338.6,12590.0
2025-08-14 15:00:00,25340.1,25351.6,25243.0,25264.4,8417.0
2025-08-14 17:00:00,25263.9,25339.1,25257.2,25302.9,4319.0
2025-08-14 19:00:00,25302.7,25314.6,25281.3,25304.7,3526.0
2025-08-14 21:00:00,25303.9,25313.0,25296.6,25303.9,908.0
2025-08-14 23:00:00,25304.2,25314.9,25296.0,25307.4,1710.0
2025-08-15 01:00:00,25306.8,25334.3,25145.0,25154.4,18037.0
2025-08-15 03:00:00,25153.9,25232.2,25136.2,25186.2,7314.0
2025-08-15 05:00:00,25185.6,25276.8,25169.8,25221.8,17125.0
2025-08-15 07:00:00,25221.3,25250.0,25186.8,25187.4,8141.0
2025-08-15 09:00:00,25187.1,25245.2,25183.8,25243.8,2615.0
2025-08-15 11:00:00,25244.3,25265.3,25210.6,25229.9,3313.0
2025-08-15 13:00:00,25230.4,25295.2,25210.8,25219.2,9644.0
2025-08-15 15:00:00,25218.2,25228.3,25160.9,25191.9,5816.0
2025-08-15 17:00:00,25192.4,25217.3,25176.7,25205.9,3466.0
2025-08-15 19:00:00,25191.5,25197.1,25155.8,25163.9,3797.0
2025-08-17 22:00:00,25209.4,25265.5,25206.8,25265.5,746.0
2025-08-18 00:00:00,25264.9,25366.8,25246.6,25322.9,9663.0
2025-08-18 02:00:00,25321.9,25418.8,25219.1,25414.0,19662.0
2025-08-18 04:00:00,25396.8,25455.8,25329.0,25339.1,10560.0
2025-08-18 06:00:00,25339.6,25372.3,25205.5,25214.6,15453.0
2025-08-18 08:00:00,25212.6,25229.6,25149.2,25188.4,5418.0
2025-08-18 10:00:00,25187.4,25227.6,25180.1,25221.4,2431.0
2025-08-18 12:00:00,25220.4,25283.0,25199.9,25244.9,6113.0
2025-08-18 14:00:00,25246.4,25270.7,25182.2,25227.4,7005.0
2025-08-18 16:00:00,25226.9,25248.9,25206.5,25209.8,3631.0
2025-08-18 18:00:00,25209.3,25233.1,25206.3,25216.9,2940.0
2025-08-18 20:00:00,25216.3,25221.0,25210.5,25214.2,900.0
2025-08-18 21:00:00,25214.8,25239.7,25214.2,25233.7,1014.0
2025-08-18 23:00:00,25235.4,25235.4,25206.0,25214.7,2099.0
2025-08-19 01:00:00,25215.0,25246.9,25061.7,25125.4,18919.0
2025-08-19 03:00:00,25125.3,25217.0,25121.7,25178.2,7487.0
2025-08-19 05:00:00,25207.4,25246.4,25073.4,25120.3,16786.0
2025-08-19 07:00:00,25121.3,25145.2,25074.3,25115.9,8287.0
2025-08-19 09:00:00,25116.2,25159.5,25114.2,25152.1,2550.0
2025-08-19 11:00:00,25151.6,25189.9,25151.6,25167.9,3117.0
2025-08-19 13:00:00,25167.4,25192.9,25093.8,25095.8,9569.0
2025-08-19 15:00:00,25097.3,25100.3,24988.7,24989.2,7515.0
2025-08-19 17:00:00,24988.7,25014.9,24959.6,24959.8,4680.0
2025-08-19 19:00:00,24959.6,24995.4,24938.0,24994.8,3426.0
2025-08-19 21:00:00,24995.1,25005.9,24989.3,24992.7,1534.0
2025-08-19 23:00:00,24993.0,24997.2,24957.8,24968.4,3587.0
2025-08-20 01:00:00,24969.0,25077.4,24860.6,24993.6,19758.0
2025-08-20 03:00:00,24993.1,25058.2,24953.0,24976.9,8694.0
2025-08-20 05:00:00,24976.3,25189.4,24951.6,25184.7,17890.0
2025-08-20 07:00:00,25185.7,25209.0,25114.9,25140.9,9543.0
2025-08-20 09:00:00,25141.8,25175.9,25134.7,25158.2,2642.0
2025-08-20 11:00:00,25158.7,25173.2,25113.1,25169.2,3205.0
2025-08-20 13:00:00,25168.7,25218.5,25060.9,25080.3,12856.0
2025-08-20 15:00:00,25080.8,25162.9,25077.3,25144.4,8406.0
2025-08-20 17:00:00,25143.4,25193.2,25141.4,25165.5,6308.0
2025-08-20 19:00:00,25152.3,25184.3,25152.3,25177.6,4487.0
2025-08-20 21:00:00,25177.6,25189.1,25170.7,25174.0,1536.0
2025-08-20 23:00:00,25174.3,25176.9,25130.3,25130.8,2871.0
2025-08-21 01:00:00,25130.3,25212.7,25081.1,25147.6,19487.0
2025-08-21 03:00:00,25148.1,25163.9,25075.1,25112.7,7252.0
2025-08-21 05:00:00,25123.5,25141.1,24993.2,25044.8,16726.0
2025-08-21 07:00:00,25042.8,25110.9,25038.3,25073.2,7628.0
2025-08-21 09:00:00,25073.8,25118.9,25069.4,25092.6,2791.0
2025-08-21 11:00:00,25093.1,25118.5,25078.1,25094.5,3747.0
2025-08-21 13:00:00,25095.0,25187.5,25088.9,25179.2,10684.0
2025-08-21 15:00:00,25179.7,25205.5,25143.9,25170.5,7551.0
2025-08-21 17:00:00,25171.0,25213.9,25154.9,25198.8,4259.0
2025-08-21 19:00:00,25178.0,25187.8,25158.4,25176.2,3460.0
2025-08-21 21:00:00,25175.2,25202.3,25174.4,25199.5,1033.0
2025-08-21 23:00:00,25198.9,25205.8,25155.6,25174.7,2933.0
2025-08-22 01:00:00,25175.3,25281.6,25145.8,25223.7,20086.0
2025-08-22 03:00:00,25224.7,25237.6,25154.3,25177.9,8208.0
2025-08-22 05:00:00,25186.3,25256.7,25153.2,25225.2,18735.0
2025-08-22 07:00:00,25224.2,25362.7,25217.2,25353.7,8937.0
2025-08-22 09:00:00,25353.1,25375.8,25328.6,25374.9,2962.0
2025-08-22 11:00:00,25374.4,25412.1,25353.9,25384.6,3127.0
2025-08-22 13:00:00,25384.1,25701.5,25366.6,25677.8,14245.0
2025-08-22 15:00:00,25677.3,25725.6,25668.7,25687.6,9873.0
2025-08-22 17:00:00,25687.1,25753.1,25686.8,25706.9,5106.0
2025-08-22 19:00:00,25707.1,25713.8,25683.8,25707.5,3751.0
2025-08-24 22:00:00,25708.1,25713.8,25661.4,25696.0,2710.0
2025-08-25 00:00:00,25696.6,25707.5,25608.8,25680.5,10922.0
2025-08-25 02:00:00,25682.5,25945.5,25663.8,25892.7,20458.0
2025-08-25 04:00:00,25881.3,25892.7,25767.6,25856.6,11419.0
2025-08-25 06:00:00,25858.1,25936.5,25811.6,25833.9,14882.0
2025-08-25 08:00:00,25832.2,25898.4,25797.3,25807.3,4973.0
2025-08-25 10:00:00,25806.8,25814.0,25762.2,25807.6,3315.0
2025-08-25 12:00:00,25808.1,25861.9,25718.6,25822.7,8363.0
2025-08-25 14:00:00,25822.2,25836.6,25752.0,25774.2,11608.0
2025-08-25 16:00:00,25773.7,25779.8,25709.0,25724.1,5707.0
2025-08-25 18:00:00,25724.6,25731.1,25636.7,25639.2,3696.0
2025-08-25 20:00:00,25639.8,25664.4,25635.5,25659.7,1132.0
2025-08-25 21:00:00,25660.4,25682.9,25658.2,25680.7,969.0
2025-08-25 23:00:00,25681.0,25709.2,25610.5,25651.4,6621.0
2025-08-26 01:00:00,25651.7,25801.6,25647.8,25789.3,8581.0
2025-08-26 03:00:00,25788.8,25837.4,25761.2,25767.9,8025.0
2025-08-26 05:00:00,25781.3,25833.5,25638.9,25653.5,17597.0
2025-08-26 07:00:00,25653.0,25664.4,25481.1,25559.3,12237.0
2025-08-26 09:00:00,25559.1,25658.4,25554.9,25641.9,3843.0
2025-08-26 11:00:00,25641.4,25695.4,25637.5,25684.6,4145.0
2025-08-26 13:00:00,25685.1,25711.5,25625.6,25629.3,10854.0
2025-08-26 15:00:00,25628.8,25656.6,25599.4,25606.3,6395.0
2025-08-26 17:00:00,25605.8,25621.6,25578.2,25594.0,4333.0
2025-08-26 19:00:00,25593.8,25617.6,25588.6,25616.6,3333.0
2025-08-26 21:00:00,25616.6,25617.4,25608.5,25614.3,574.0
2025-08-26 23:00:00,25614.0,25617.9,25593.7,25604.8,758.0
2025-08-27 01:00:00,25605.4,25675.6,25495.7,25544.6,19508.0
2025-08-27 03:00:00,25543.6,25587.0,25500.6,25553.1,6517.0
2025-08-27 05:00:00,25558.6,25575.0,25154.0,25198.3,21610.0
2025-08-27 07:00:00,25197.3,25248.0,25156.6,25165.5,10618.0
2025-08-27 09:00:00,25165.6,25169.0,25072.6,25096.8,3546.0
2025-08-27 11:00:00,25097.8,25120.3,25015.1,25057.9,3046.0
2025-08-27 13:00:00,25056.9,25061.4,24919.5,24975.2,7855.0
2025-08-27 15:00:00,24975.7,24989.9,24939.6,24974.3,4040.0
2025-08-27 17:00:00,24973.8,25024.8,24959.2,24990.6,2202.0
2025-08-27 19:00:00,24981.0,25009.8,24900.7,24966.8,5657.0
2025-08-27 21:00:00,24966.7,24979.5,24944.9,24958.9,1815.0
2025-08-27 23:00:00,24959.2,24979.9,24941.8,24978.2,2417.0
2025-08-28 01:00:00,24978.4,25081.8,24924.3,25051.3,20975.0
2025-08-28 03:00:00,25050.8,25107.2,24992.8,24993.9,8998.0
2025-08-28 05:00:00,24993.6,25056.6,24823.8,25037.9,21722.0
2025-08-28 07:00:00,25038.9,25092.5,24974.0,24977.7,9772.0
2025-08-28 09:00:00,24978.3,25009.0,24956.3,24987.5,3142.0
2025-08-28 11:00:00,24984.5,25026.1,24976.0,25012.2,4002.0
2025-08-28 13:00:00,25012.7,25174.6,24985.7,25169.3,10918.0
2025-08-28 15:00:00,25168.8,25209.3,25130.9,25188.0,6029.0
2025-08-28 17:00:00,25188.5,25198.3,25168.5,25196.6,3724.0
2025-08-28 19:00:00,25180.7,25195.0,25166.7,25174.5,2332.0
2025-08-28 21:00:00,25176.7,25177.2,25163.7,25166.6,800.0
2025-08-28 23:00:00,25167.1,25168.9,25142.8,25142.8,981.0
2025-08-29 01:00:00,25143.4,25286.4,25062.1,25237.4,20718.0
2025-08-29 03:00:00,25236.4,25265.2,25157.9,25160.1,8944.0
2025-08-29 05:00:00,25168.3,25295.1,25114.4,25224.3,21938.0
2025-08-29 07:00:00,25224.8,25262.5,25066.0,25068.3,9388.0
2025-08-29 09:00:00,25068.0,25197.9,24937.5,25177.7,6652.0
2025-08-29 11:00:00,25177.2,25247.5,25149.7,25245.8,5974.0
2025-08-29 13:00:00,25246.3,25353.6,25207.7,25339.4,17090.0
2025-08-29 15:00:00,25337.4,25409.2,25301.5,25403.3,11708.0
2025-08-29 17:00:00,25399.8,25413.1,25371.3,25377.5,7996.0
2025-08-29 19:00:00,25377.4,25388.0,25351.4,25365.4,3303.0
2025-08-31 22:00:00,25369.7,25409.2,25367.4,25389.6,1575.0
2025-09-01 00:00:00,25389.0,25605.3,25359.3,25544.7,10382.0
2025-09-01 02:00:00,25547.2,25654.8,25497.3,25531.3,20509.0
2025-09-01 04:00:00,25515.1,25595.5,25507.3,25588.8,11197.0
2025-09-01 06:00:00,25588.3,25650.7,25559.2,25621.8,12573.0
2025-09-01 08:00:00,25599.6,25604.0,25541.8,25571.8,4107.0
2025-09-01 10:00:00,25571.3,25577.9,25521.1,25526.2,2976.0
2025-09-01 12:00:00,25525.7,25552.0,25493.0,25504.0,3043.0
2025-09-01 14:00:00,25503.5,25506.5,25454.1,25484.0,2668.0
2025-09-01 16:00:00,25484.5,25492.6,25470.2,25487.0,743.0
2025-09-01 18:00:00,25487.5,25498.0,25481.4,25484.1,206.0
2025-09-01 21:00:00,25475.5,25477.8,25459.0,25459.6,487.0
2025-09-01 23:00:00,25460.2,25468.8,25447.9,25468.2,2039.0
2025-09-02 01:00:00,25467.6,25728.8,25467.6,25593.0,20659.0
2025-09-02 03:00:00,25594.0,25607.0,25453.8,25463.3,10348.0
2025-09-02 05:00:00,25466.0,25571.4,25416.4,25542.0,22039.0
2025-09-02 07:00:00,25541.5,25556.4,25417.1,25454.1,10777.0
2025-09-02 09:00:00,25455.6,25458.3,25394.2,25405.4,5202.0
2025-09-02 11:00:00,25405.9,25408.4,25236.3,25246.9,6835.0
2025-09-02 13:00:00,25247.9,25534.3,25231.9,25481.4,17150.0
2025-09-02 15:00:00,25481.9,25496.9,25408.8,25476.9,10635.0
2025-09-02 17:00:00,25477.4,25491.1,25438.1,25475.1,5862.0
2025-09-02 19:00:00,25475.2,25590.3,25475.2,25585.0,4799.0
2025-09-02 21:00:00,25583.1,25583.6,25515.1,25522.7,1415.0
2025-09-02 23:00:00,25522.4,25525.0,25460.7,25466.3,1328.0
2025-09-03 01:00:00,25466.1,25793.9,25396.4,25496.2,21827.0
2025-09-03 03:00:00,25497.2,25514.1,25339.6,25369.1,9527.0
2025-09-03 05:00:00,25368.8,25417.9,25254.9,25302.1,21697.0
2025-09-03 07:00:00,25301.6,25354.3,25263.2,25302.9,8525.0
2025-09-03 09:00:00,25303.5,25405.2,25296.7,25366.6,3432.0
2025-09-03 11:00:00,25367.6,25387.8,25321.4,25333.4,3614.0
2025-09-03 13:00:00,25333.9,25397.7,25274.3,25330.4,12491.0
2025-09-03 15:00:00,25330.9,25390.7,25311.7,25385.2,7873.0
2025-09-03 17:00:00,25385.7,25402.3,25356.6,25367.1,5590.0
2025-09-03 19:00:00,25350.6,25405.8,25336.9,25404.1,3346.0
2025-09-03 21:00:00,25401.7,25404.3,25393.1,25394.8,699.0
2025-09-03 23:00:00,25395.4,25460.2,25382.6,25419.5,2065.0
2025-09-04 01:00:00,25419.2,25508.5,25016.6,25066.9,21630.0
2025-09-04 03:00:00,25068.9,25106.6,25003.2,25012.2,9703.0
2025-09-04 05:00:00,25024.4,25118.3,25000.2,25038.2,22881.0
2025-09-04 07:00:00,25038.7,25063.7,24933.4,24957.3,8669.0
2025-09-04 09:00:00,24957.5,25058.8,24942.2,25023.4,3624.0
2025-09-04 11:00:00,25022.9,25052.8,25017.7,25033.3,3816.0
2025-09-04 13:00:00,25033.8,25062.0,24910.1,24970.4,12751.0
2025-09-04 15:00:00,24970.9,25030.9,24946.0,25014.0,6707.0
2025-09-04 17:00:00,25014.5,25050.3,25014.0,25049.9,3543.0
2025-09-04 19:00:00,25034.8,25077.2,25026.3,25068.6,2930.0
2025-09-04 21:00:00,25069.0,25074.6,25053.6,25056.6,906.0
2025-09-04 23:00:00,25056.0,25064.7,25048.9,25048.9,1219.0
2025-09-05 01:00:00,25049.5,25222.3,25047.2,25179.6,19197.0
2025-09-05 03:00:00,25181.1,25217.7,25144.8,25181.9,7152.0
2025-09-05 05:00:00,25202.4,25428.8,25185.4,25412.9,18336.0
2025-09-05 07:00:00,25412.4,25461.4,25384.4,25413.3,9003.0
2025-09-05 09:00:00,25413.8,25447.3,25407.7,25428.2,3311.0
2025-09-05 11:00:00,25428.7,25509.3,25389.2,25486.5,6355.0
2025-09-05 13:00:00,25487.5,25491.9,25273.7,25297.4,16464.0
2025-09-05 15:00:00,25296.9,25380.9,25295.8,25368.7,11109.0
2025-09-05 17:00:00,25368.2,25384.1,25340.6,25367.7,6719.0
2025-09-05 19:00:00,25357.0,25391.9,25350.9,25385.8,4002.0
2025-09-07 22:00:00,25373.2,25439.8,25368.2,25436.6,2763.0
2025-09-08 00:00:00,25436.1,25545.8,25381.4,25511.5,9803.0
2025-09-08 02:00:00,25512.5,25543.7,25426.9,25501.4,19521.0
2025-09-08 04:00:00,25486.1,25582.0,25471.7,25562.9,9563.0
2025-09-08 06:00:00,25562.4,25667.4,25550.9,25615.9,13019.0
2025-09-08 08:00:00,25598.8,25631.7,25567.3,25576.0,3243.0
2025-09-08 10:00:00,25579.0,25607.8,25568.6,25603.7,2239.0
2025-09-08 12:00:00,25602.2,25647.9,25577.0,25583.4,7334.0
2025-09-08 14:00:00,25582.9,25640.0,25537.6,25627.1,9606.0
2025-09-08 16:00:00,25627.6,25632.2,25593.7,25612.5,4770.0
2025-09-08 18:00:00,25613.0,25694.6,25612.0,25689.8,3190.0
2025-09-08 20:00:00,25691.0,25694.5,25680.0,25682.0,1059.0
2025-09-08 21:00:00,25681.5,25691.9,25681.5,25688.7,717.0
2025-09-08 23:00:00,25689.3,25692.1,25645.7,25646.8,927.0
2025-09-09 01:00:00,25645.7,26048.8,25645.1,25984.1,18207.0
2025-09-09 03:00:00,25982.2,26000.0,25813.3,25850.8,8682.0
2025-09-09 05:00:00,25850.2,25873.4,25750.4,25843.8,20257.0
2025-09-09 07:00:00,25845.8,25944.1,25836.3,25887.5,9616.0
2025-09-09 09:00:00,25887.8,25952.8,25878.3,25930.9,3035.0
2025-09-09 11:00:00,25931.9,25941.3,25877.7,25885.0,3502.0
2025-09-09 13:00:00,25885.5,26011.1,25865.3,25971.8,15416.0
2025-09-09 15:00:00,25972.3,25979.4,25901.1,25907.7,8959.0
2025-09-09 17:00:00,25907.2,25959.4,25904.8,25950.3,4965.0
2025-09-09 19:00:00,25939.8,25997.4,25937.3,25979.6,3080.0
2025-09-09 21:00:00,25987.4,25994.2,25978.1,25978.1,1211.0
2025-09-09 23:00:00,25978.4,25979.3,25959.8,25971.7,1579.0
2025-09-10 01:00:00,25972.0,26250.9,25955.2,26146.9,20877.0
2025-09-10 03:00:00,26149.4,26272.3,26110.4,26264.7,8779.0
2025-09-10 05:00:00,26268.1,26309.8,26198.5,26207.4,19111.0
2025-09-10 07:00:00,26207.9,26242.8,26138.8,26144.2,8817.0
2025-09-10 09:00:00,26144.8,26152.5,26099.5,26130.6,4239.0
2025-09-10 11:00:00,26129.6,26168.5,26056.4,26093.2,6498.0
2025-09-10 13:00:00,26093.7,26121.6,25976.8,26013.9,13300.0
2025-09-10 15:00:00,26014.4,26022.9,25963.7,25978.9,7052.0
2025-09-10 17:00:00,25979.4,25993.2,25951.7,25969.3,4337.0
2025-09-10 19:00:00,25954.4,25955.3,25908.8,25922.6,3826.0
2025-09-10 21:00:00,25920.8,25954.6,25919.9,25948.4,873.0
2025-09-10 23:00:00,25949.0,26000.3,25945.7,26000.1,1658.0
2025-09-11 01:00:00,25999.5,26008.6,25878.1,25985.5,19739.0
2025-09-11 03:00:00,25984.5,26133.2,25983.5,26095.6,9255.0
2025-09-11 05:00:00,26096.2,26248.8,26047.6,26214.0,19808.0
2025-09-11 07:00:00,26215.0,26215.0,26062.6,26066.9,7989.0
2025-09-11 09:00:00,26067.5,26124.2,26063.5,26109.3,2807.0
2025-09-11 11:00:00,26108.8,26169.2,26075.4,26166.7,6212.0
2025-09-11 13:00:00,26163.7,26302.6,26145.0,26294.2,14634.0
2025-09-11 15:00:00,26293.2,26462.1,26265.8,26449.5,11112.0
2025-09-11 17:00:00,26449.0,26476.3,26417.8,26435.3,6519.0
2025-09-11 19:00:00,26435.2,26480.4,26434.7,26468.9,2644.0
2025-09-11 21:00:00,26468.0,26475.1,26459.3,26460.2,1158.0
2025-09-11 23:00:00,26460.8,26468.0,26439.6,26440.2,1288.0
2025-09-12 01:00:00,26439.6,26584.6,26405.4,26408.9,20861.0
2025-09-12 03:00:00,26410.9,26506.6,26362.0,26480.0,8433.0
2025-09-12 05:00:00,26498.4,26511.7,26356.6,26362.5,19875.0
2025-09-12 07:00:00,26364.0,26407.0,26337.1,26355.1,9057.0
2025-09-12 09:00:00,26354.8,26394.7,26312.2,26391.2,3649.0
2025-09-12 11:00:00,26391.7,26439.5,26342.8,26394.4,5169.0
2025-09-12 13:00:00,26393.9,26412.5,26285.9,26345.3,12013.0
2025-09-12 15:00:00,26344.8,26346.2,26269.0,26329.4,6618.0
2025-09-12 17:00:00,26329.9,26376.7,26319.7,26356.0,4198.0
2025-09-12 19:00:00,26354.2,26356.9,26302.5,26309.5,2936.0
2025-09-14 22:00:00,26309.4,26326.6,26299.9,26308.6,1234.0
2025-09-15 00:00:00,26309.2,26476.8,26295.3,26467.7,9583.0
2025-09-15 02:00:00,26466.7,26547.4,26419.8,26487.6,19569.0
2025-09-15 04:00:00,26471.1,26493.8,26431.9,26464.7,9537.0
2025-09-15 06:00:00,26464.2,26484.4,26290.3,26464.6,15344.0
2025-09-15 08:00:00,26463.1,26469.6,26417.4,26449.3,4659.0
2025-09-15 10:00:00,26449.8,26482.1,26426.2,26475.4,2751.0
2025-09-15 12:00:00,26475.9,26655.1,26472.5,26514.8,11596.0
2025-09-15 14:00:00,26514.3,26562.7,26447.7,26521.0,11374.0
2025-09-15 16:00:00,26521.5,26542.3,26495.4,26533.9,5286.0
2025-09-15 18:00:00,26533.4,26535.9,26467.9,26492.1,4995.0
2025-09-15 20:00:00,26493.3,26493.3,26480.8,26483.0,1094.0
2025-09-15 21:00:00,26482.7,26487.0,26475.6,26478.3,862.0
2025-09-15 23:00:00,26478.4,26493.5,26477.7,26486.8,1343.0
2025-09-16 01:00:00,26486.9,26608.7,26332.6,26377.1,20320.0
2025-09-16 03:00:00,26376.1,26498.8,26368.9,26452.9,8290.0
2025-09-16 05:00:00,26471.2,26528.1,26406.7,26500.9,17442.0
2025-09-16 07:00:00,26499.6,26503.7,26408.6,26447.2,8879.0
2025-09-16 09:00:00,26447.1,26457.7,26383.8,26412.4,3463.0
2025-09-16 11:00:00,26409.9,26449.4,26385.7,26392.2,4494.0
2025-09-16 13:00:00,26390.2,26550.2,26342.2,26446.7,13728.0
2025-09-16 15:00:00,26446.2,26549.7,26405.4,26538.2,9929.0
2025-09-16 17:00:00,26537.7,26602.3,26524.7,26593.8,6407.0
2025-09-16 19:00:00,26581.8,26592.9,26550.0,26559.1,3259.0
2025-09-16 21:00:00,26560.6,26565.5,26552.6,26560.0,784.0
2025-09-16 23:00:00,26561.0,26562.7,26542.8,26558.7,1162.0
2025-09-17 01:00:00,26559.0,26763.4,26535.8,26748.6,19968.0
2025-09-17 03:00:00,26750.6,26859.8,26749.3,26803.6,9752.0
2025-09-17 05:00:00,26822.9,26951.0,26794.4,26915.6,19461.0
2025-09-17 07:00:00,26915.1,26938.7,26846.3,26878.8,11168.0
2025-09-17 09:00:00,26879.1,26890.4,26847.0,26880.8,4234.0
2025-09-17 11:00:00,26880.3,26929.6,26859.4,26889.2,4086.0
2025-09-17 13:00:00,26889.7,26962.3,26824.9,26860.7,15307.0
2025-09-17 15:00:00,26861.2,26901.1,26829.3,26839.4,9131.0
2025-09-17 17:00:00,26838.8,26962.2,26709.5,26782.4,15343.0
2025-09-17 19:00:00,26781.9,26851.2,26765.6,26840.0,12210.0
2025-09-17 21:00:00,26846.0,26894.8,26845.3,26889.9,1691.0
2025-09-17 23:00:00,26890.3,26898.6,26796.8,26839.3,2181.0
2025-09-18 01:00:00,26839.6,27058.4,26809.3,26911.2,22395.0
2025-09-18 03:00:00,26908.2,26917.1,26805.5,26870.9,10397.0
2025-09-18 05:00:00,26872.4,26884.7,26341.3,26498.5,25855.0
2025-09-18 07:00:00,26496.5,26591.6,26477.8,26553.3,13226.0
2025-09-18 09:00:00,26553.9,26654.0,26539.3,26634.7,5736.0
2025-09-18 11:00:00,26633.7,26658.0,26534.2,26542.2,6796.0
2025-09-18 13:00:00,26543.7,26627.8,26446.1,26518.8,17362.0
2025-09-18 15:00:00,26519.3,26565.4,26493.5,26546.2,10072.0
2025-09-18 17:00:00,26545.7,26606.8,26542.2,26606.3,5121.0
2025-09-18 19:00:00,26586.7,26589.7,26556.4,26579.6,4311.0
2025-09-18 21:00:00,26580.1,26595.0,26577.3,26592.2,1147.0
2025-09-18 23:00:00,26592.4,26601.2,26536.8,26542.4,2249.0
2025-09-19 01:00:00,26542.1,26631.3,26407.1,26552.3,21689.0
2025-09-19 03:00:00,26550.8,26601.2,26513.8,26560.3,11583.0
2025-09-19 05:00:00,26559.5,26617.8,26411.7,26447.0,21938.0
2025-09-19 07:00:00,26447.5,26564.8,26426.4,26540.6,8990.0
2025-09-19 09:00:00,26540.7,26573.7,26514.7,26527.9,4240.0
2025-09-19 11:00:00,26525.9,26543.9,26496.4,26540.1,4461.0
2025-09-19 13:00:00,26540.6,26679.3,26478.4,26539.3,14767.0
2025-09-19 15:00:00,26538.8,26605.5,26483.3,26523.5,10977.0
2025-09-19 17:00:00,26524.0,26580.1,26502.7,26524.1,5073.0
2025-09-19 19:00:00,26498.1,26516.9,26459.1,26482.0,4594.0
2025-09-21 22:00:00,26484.0,26485.5,26465.0,26479.5,2036.0
2025-09-22 00:00:00,26479.8,26497.7,26269.8,26280.4,11171.0
2025-09-22 02:00:00,26277.9,26383.7,26237.8,26279.8,20985.0
2025-09-22 04:00:00,26279.3,26365.4,26242.2,26256.8,11840.0
2025-09-22 06:00:00,26256.3,26342.0,26204.9,26328.1,15532.0
2025-09-22 08:00:00,26329.1,26398.8,26324.1,26391.9,5926.0
2025-09-22 10:00:00,26392.4,26431.5,26385.7,26409.6,3855.0
2025-09-22 12:00:00,26409.8,26448.7,26361.8,26441.2,8059.0
2025-09-22 14:00:00,26440.7,26450.0,26325.6,26330.0,10302.0
2025-09-22 16:00:00,26329.5,26385.3,26321.3,26381.4,6267.0
2025-09-22 18:00:00,26381.2,26395.3,26364.9,26374.3,3982.0
2025-09-22 20:00:00,26374.2,26376.6,26359.0,26369.8,1669.0
2025-09-22 21:00:00,26373.9,26376.0,26362.3,26369.9,969.0
2025-09-22 23:00:00,26370.2,26378.6,26367.8,26371.1,1220.0
2025-09-23 01:00:00,26371.0,26434.0,26078.2,26191.3,21754.0
2025-09-23 03:00:00,26190.8,26231.8,26093.5,26102.1,9452.0
2025-09-23 05:00:00,26119.4,26160.7,26026.2,26131.2,21128.0
2025-09-23 07:00:00,26130.2,26193.7,26097.0,26172.5,8793.0
2025-09-23 09:00:00,26172.8,26212.0,26152.6,26191.6,3614.0
2025-09-23 11:00:00,26191.1,26244.8,26167.5,26244.4,3788.0
2025-09-23 13:00:00,26245.1,26308.7,26201.9,26281.5,11861.0
2025-09-23 15:00:00,26281.0,26295.0,26219.2,26225.7,7838.0
2025-09-23 17:00:00,26225.2,26231.2,26139.1,26149.7,8520.0
2025-09-23 19:00:00,26149.9,26157.3,26128.5,26140.2,4713.0
2025-09-23 21:00:00,26148.1,26153.4,26140.9,26141.8,1000.0
2025-09-23 23:00:00,26142.0,26171.0,26131.7,26164.8,1816.0
2025-09-24 01:00:00,26164.5,26341.3,26057.5,26340.8,20918.0
2025-09-24 03:00:00,26341.3,26413.1,26310.8,26395.3,10480.0
2025-09-24 05:00:00,26395.2,26564.9,26355.0,26517.5,20588.0
2025-09-24 07:00:00,26518.5,26568.8,26459.2,26470.8,9659.0
2025-09-24 09:00:00,26471.2,26490.1,26408.8,26438.8,4091.0
2025-09-24 11:00:00,26437.3,26440.3,26388.7,26399.7,4203.0
2025-09-24 13:00:00,26399.6,26486.8,26361.6,26441.8,16039.0
2025-09-24 15:00:00,26442.8,26502.1,26367.6,26391.2,11831.0
2025-09-24 17:00:00,26391.7,26416.8,26363.0,26380.1,6232.0
2025-09-24 19:00:00,26368.7,26386.4,26349.2,26381.8,4020.0
2025-09-24 21:00:00,26384.5,26388.1,26378.3,26384.2,908.0
2025-09-24 23:00:00,26383.6,26402.3,26379.6,26397.3,1617.0
2025-09-25 01:00:00,26396.7,26564.7,26369.4,26526.4,20646.0
2025-09-25 03:00:00,26525.4,26642.5,26520.3,26621.1,8785.0
2025-09-25 05:00:00,26621.0,26636.0,26460.7,26501.1,20513.0
2025-09-25 07:00:00,26501.6,26527.2,26414.9,26495.7,9824.0
2025-09-25 09:00:00,26495.9,26534.9,26470.0,26501.0,4374.0
2025-09-25 11:00:00,26501.5,26510.0,26336.9,26357.5,7803.0
2025-09-25 13:00:00,26358.0,26420.0,26304.1,26395.6,16832.0
2025-09-25 15:00:00,26395.1,26447.2,26373.3,26396.6,10072.0
2025-09-25 17:00:00,26395.1,26398.1,26297.3,26362.5,9011.0
2025-09-25 19:00:00,26347.4,26380.1,26341.5,26369.0,5514.0
2025-09-25 21:00:00,26364.9,26381.7,26361.0,26371.1,1556.0
2025-09-25 23:00:00,26370.8,26396.3,26358.1,26394.6,2397.0
2025-09-26 01:00:00,26393.9,26393.9,26184.3,26326.2,20401.0
2025-09-26 03:00:00,26324.7,26384.6,26262.9,26303.1,8054.0
2025-09-26 05:00:00,26320.9,26416.0,26288.2,26305.0,17133.0
2025-09-26 07:00:00,26307.5,26307.5,26085.6,26091.2,13726.0
2025-09-26 09:00:00,26090.9,26138.6,26079.6,26113.1,4335.0
2025-09-26 11:00:00,26113.6,26192.2,26096.8,26174.2,4515.0
2025-09-26 13:00:00,26174.7,26236.0,26112.3,26194.9,11432.0
2025-09-26 15:00:00,26193.9,26278.1,26190.8,26260.2,6247.0
2025-09-26 17:00:00,26260.7,26296.0,26257.1,26285.1,2912.0
2025-09-26 19:00:00,26274.2,26275.0,26246.5,26256.1,4066.0
2025-09-28 22:00:00,26261.9,26296.6,26260.8,26289.6,2446.0
2025-09-29 00:00:00,26289.0,26478.1,26267.1,26408.3,11066.0
2025-09-29 02:00:00,26404.8,26563.6,26383.7,26478.2,20591.0
2025-09-29 04:00:00,26470.6,26680.2,26467.5,26674.3,12014.0
2025-09-29 06:00:00,26675.3,26696.1,26601.1,26633.2,17369.0
2025-09-29 08:00:00,26632.7,26673.1,26590.4,26602.1,5803.0
2025-09-29 10:00:00,26601.1,26662.2,26591.4,26662.2,3811.0
2025-09-29 12:00:00,26662.8,26765.3,26650.7,26681.1,8564.0
2025-09-29 14:00:00,26680.6,26731.9,26629.6,26673.9,10474.0
2025-09-29 16:00:00,26674.4,26709.5,26652.2,26680.2,5154.0
2025-09-29 18:00:00,26680.7,26722.0,26664.2,26700.9,5001.0
2025-09-29 20:00:00,26702.7,26707.5,26686.4,26698.5,1283.0
2025-09-29 21:00:00,26697.4,26720.3,26696.2,26718.0,947.0
2025-09-29 23:00:00,26718.1,26730.8,26698.0,26701.5,2078.0
2025-09-30 01:00:00,26700.9,26838.1,26577.4,26592.2,22258.0
2025-09-30 03:00:00,26591.7,26641.7,26564.3,26573.1,9179.0
2025-09-30 05:00:00,26572.5,26824.8,26569.4,26800.7,18935.0
2025-09-30 07:00:00,26799.7,26897.6,26767.4,26852.9,11575.0
2025-09-30 09:00:00,26852.3,26894.8,26845.6,26893.0,3926.0
2025-09-30 11:00:00,26894.0,26929.6,26879.4,26917.4,3823.0
2025-09-30 13:00:00,26916.9,26935.9,26799.6,26800.9,11862.0
2025-09-30 15:00:00,26799.9,26827.0,26769.7,26796.5,9789.0
2025-09-30 17:00:00,26796.0,26808.1,26778.6,26785.2,5378.0
2025-09-30 19:00:00,26785.3,26844.7,26777.6,26796.5,5666.0
2025-09-30 21:00:00,26797.9,26821.8,26797.9,26805.2,1584.0
2025-09-30 23:00:00,26804.9,26821.9,26787.1,26816.6,3014.0
2025-10-01 01:00:00,26816.4,26836.2,26816.4,26830.1,2242.0
2025-10-01 03:00:00,26830.0,26830.3,26809.3,26815.3,1487.0
2025-10-01 05:00:00,26815.2,26818.6,26757.8,26765.2,3655.0
2025-10-01 07:00:00,26763.8,26809.6,26758.0,26808.0,7361.0
2025-10-01 09:00:00,26807.8,26837.3,26806.2,26826.8,4017.0
2025-10-01 11:00:00,26828.3,26873.9,26825.9,26856.5,6528.0
2025-10-01 13:00:00,26857.1,26912.2,26820.6,26869.2,9679.0
2025-10-01 15:00:00,26869.1,26933.2,26853.0,26930.7,4657.0
2025-10-01 17:00:00,26930.8,26996.3,26913.3,26979.8,4013.0
2025-10-01 19:00:00,26979.9,26988.8,26944.7,26948.3,3889.0
2025-10-01 21:00:00,26948.8,26993.3,26944.2,26969.5,933.0
2025-10-01 23:00:00,26969.2,26989.0,26918.0,26924.4,2099.0
2025-10-02 01:00:00,26924.9,27337.4,26851.0,27267.3,19155.0
2025-10-02 03:00:00,27268.3,27277.4,27123.3,27252.1,9635.0
2025-10-02 05:00:00,27257.6,27400.3,27256.1,27355.8,15162.0
2025-10-02 07:00:00,27355.3,27364.5,27291.1,27342.0,11330.0
2025-10-02 09:00:00,27341.1,27359.2,27313.1,27358.1,4395.0
2025-10-02 11:00:00,27355.1,27366.8,27294.0,27296.6,5199.0
2025-10-02 13:00:00,27296.7,27361.9,27212.3,27221.2,15470.0
2025-10-02 15:00:00,27220.7,27268.0,27196.4,27244.0,10574.0
2025-10-02 17:00:00,27243.0,27271.9,27223.8,27225.1,6110.0
2025-10-02 19:00:00,27225.2,27244.8,27189.0,27224.0,3339.0
2025-10-02 21:00:00,27230.8,27237.1,27218.2,27234.0,891.0
2025-10-02 23:00:00,27235.0,27269.0,27230.5,27262.7,1713.0
2025-10-03 01:00:00,27263.1,27273.9,27051.3,27075.5,16561.0
2025-10-03 03:00:00,27077.5,27087.8,27022.9,27050.8,5726.0
2025-10-03 05:00:00,27050.2,27101.0,26965.3,27051.0,12429.0
2025-10-03 07:00:00,27052.0,27157.7,27052.0,27125.4,7824.0
2025-10-03 09:00:00,27125.5,27174.8,27118.4,27171.1,2965.0
2025-10-03 11:00:00,27172.1,27181.3,27101.7,27134.4,4221.0
2025-10-03 13:00:00,27134.9,27174.4,27089.9,27116.2,12587.0
2025-10-03 15:00:00,27117.2,27201.9,27100.8,27188.7,7087.0
2025-10-03 17:00:00,27188.2,27188.7,27036.9,27113.5,10982.0
2025-10-03 19:00:00,27097.3,27113.4,27076.5,27083.6,4766.0
2025-10-05 22:00:00,27107.5,27147.1,27102.5,27136.0,3739.0
2025-10-06 00:00:00,27136.3,27157.3,26944.8,27067.1,11625.0
2025-10-06 02:00:00,27068.6,27088.0,26886.9,26969.2,15651.0
2025-10-06 04:00:00,26957.7,27002.2,26868.0,27000.6,7836.0
2025-10-06 06:00:00,27000.1,27009.8,26922.7,26948.8,10844.0
2025-10-06 08:00:00,26951.3,26983.5,26919.1,26966.4,5292.0
2025-10-06 10:00:00,26966.9,26982.8,26945.1,26963.7,3916.0
2025-10-06 12:00:00,26962.7,27069.6,26946.2,27043.1,7950.0
2025-10-06 14:00:00,27044.1,27150.3,27018.2,27136.1,10029.0
2025-10-06 16:00:00,27136.5,27139.7,27082.9,27122.8,5487.0
2025-10-06 18:00:00,27122.3,27139.7,27082.0,27082.8,3904.0
2025-10-06 20:00:00,27084.0,27091.7,27081.1,27089.2,1288.0
2025-10-06 21:00:00,27088.3,27097.0,27062.4,27065.4,1319.0
2025-10-06 23:00:00,27065.1,27088.1,27058.0,27080.9,2789.0
2025-10-07 01:00:00,27081.5,27107.3,27076.6,27106.3,1412.0
2025-10-07 03:00:00,27105.9,27120.8,27102.4,27119.4,957.0
2025-10-07 05:00:00,27119.1,27123.4,27099.8,27111.6,2118.0
2025-10-07 07:00:00,27112.8,27118.8,27091.0,27117.8,3947.0
2025-10-07 09:00:00,27118.1,27134.5,27115.0,27123.2,2155.0
2025-10-07 11:00:00,27123.4,27150.2,27121.2,27138.7,2237.0
2025-10-07 13:00:00,27138.9,27148.0,27015.1,27036.3,7934.0
2025-10-07 15:00:00,27036.2,27046.1,26888.3,26925.0,11895.0
2025-10-07 17:00:00,26924.8,26964.6,26916.5,26947.9,6630.0
2025-10-07 19:00:00,26947.8,26952.6,26911.3,26913.8,3839.0
2025-10-07 21:00:00,26909.3,26950.4,26909.1,26947.7,1132.0
2025-10-07 23:00:00,26947.9,26977.9,26913.8,26974.8,2431.0
2025-10-08 01:00:00,26974.9,26983.9,26503.3,26708.1,22038.0
2025-10-08 03:00:00,26707.6,26725.8,26617.1,26647.7,7029.0
2025-10-08 05:00:00,26643.9,26768.8,26625.1,26661.6,13814.0
2025-10-08 07:00:00,26662.1,26838.1,26654.1,26810.7,9060.0
2025-10-08 09:00:00,26811.0,26850.7,26783.3,26847.7,4335.0
2025-10-08 11:00:00,26847.2,26849.7,26813.2,26835.0,4079.0
2025-10-08 13:00:00,26834.5,26852.6,26709.9,26778.2,11297.0
2025-10-08 15:00:00,26777.7,26833.9,26759.4,26825.4,6612.0
2025-10-08 17:00:00,26825.9,26846.6,26808.5,26824.6,5853.0
2025-10-08 19:00:00,26814.0,26881.3,26813.4,26871.0,3842.0
2025-10-08 21:00:00,26872.6,26880.5,26869.4,26878.6,1033.0
2025-10-08 23:00:00,26878.9,26891.6,26849.0,26851.2,1811.0
2025-10-09 01:00:00,26850.9,26921.6,26471.3,26763.9,22466.0
2025-10-09 03:00:00,26765.4,26840.6,26762.0,26834.6,10148.0
2025-10-09 05:00:00,26834.1,26983.2,26698.8,26744.1,24223.0
2025-10-09 07:00:00,26743.1,26843.3,26710.9,26724.4,11886.0
2025-10-09 09:00:00,26723.8,26778.6,26719.6,26759.8,3279.0
2025-10-09 11:00:00,26760.3,26795.7,26743.2,26784.9,3973.0
2025-10-09 13:00:00,26784.4,26798.7,26479.9,26518.2,15916.0
2025-10-09 15:00:00,26518.7,26538.8,26377.1,26381.8,11650.0
2025-10-09 17:00:00,26381.8,26400.2,26312.1,26320.0,9048.0
2025-10-09 19:00:00,26310.9,26364.9,26310.6,26359.1,3916.0
2025-10-09 21:00:00,26360.8,26370.6,26322.8,26349.7,1273.0
2025-10-09 23:00:00,26350.0,26375.8,26346.0,26369.7,1762.0
2025-10-10 01:00:00,26370.3,26552.9,26348.0,26464.1,22999.0
2025-10-10 03:00:00,26463.6,26495.4,26412.3,26423.3,9430.0
2025-10-10 05:00:00,26423.1,26467.3,26250.3,26318.9,22076.0
2025-10-10 07:00:00,26317.4,26356.5,26217.0,26243.0,10474.0
2025-10-10 09:00:00,26243.5,26252.1,26156.8,26248.5,5919.0
2025-10-10 11:00:00,26247.5,26309.4,26247.5,26276.8,4553.0
2025-10-10 13:00:00,26276.6,26410.9,26138.3,26157.7,12824.0
2025-10-10 15:00:00,26159.1,26165.6,25173.7,25202.3,26426.0
2025-10-10 17:00:00,25202.8,25221.7,24927.7,24927.7,20396.0
2025-10-10 19:00:00,24927.9,25093.6,24798.9,24806.7,14645.0
2025-10-12 22:00:00,25261.6,25576.8,25246.6,25473.8,11026.0
2025-10-13 00:00:00,25473.2,25872.8,25434.1,25769.9,18425.0
2025-10-13 02:00:00,25768.4,25844.9,25321.0,25364.4,26497.0
2025-10-13 04:00:00,25356.6,25672.8,25355.9,25665.6,15456.0
2025-10-13 06:00:00,25666.1,25870.1,25594.5,25835.3,22680.0
2025-10-13 08:00:00,25837.3,25891.8,25748.3,25787.7,10134.0
2025-10-13 10:00:00,25788.2,25841.9,25681.4,25708.1,9687.0
2025-10-13 12:00:00,25707.6,25901.7,25680.6,25824.4,15169.0
2025-10-13 14:00:00,25821.9,25891.1,25765.5,25862.3,18074.0
2025-10-13 16:00:00,25863.3,25880.3,25788.5,25829.9,9245.0
2025-10-13 18:00:00,25830.4,25850.1,25726.9,25762.8,7579.0
2025-10-13 20:00:00,25760.3,25773.6,25739.1,25762.4,1655.0
2025-10-13 21:00:00,25765.1,25798.3,25762.6,25788.8,1386.0
2025-10-13 23:00:00,25788.6,25869.3,25745.3,25765.7,5300.0
2025-10-14 01:00:00,25763.2,26065.6,25760.7,25785.8,25350.0
2025-10-14 03:00:00,25783.3,25851.7,25641.6,25691.1,18419.0
2025-10-14 05:00:00,25686.5,25705.4,25337.3,25423.9,27088.0
2025-10-14 07:00:00,25421.4,25507.7,25307.4,25489.4,18300.0
2025-10-14 09:00:00,25489.5,25539.5,25308.6,25364.0,11009.0
2025-10-14 11:00:00,25363.5,25484.4,25323.4,25354.6,10778.0
2025-10-14 13:00:00,25355.6,25619.0,25353.8,25597.2,18892.0
2025-10-14 15:00:00,25596.2,25818.3,25587.1,25760.6,16069.0
2025-10-14 17:00:00,25760.1,25794.9,25735.1,25746.6,10160.0
2025-10-14 19:00:00,25730.0,25740.7,25563.7,25620.5,9817.0
2025-10-14 21:00:00,25617.4,25685.6,25614.3,25662.2,2895.0
2025-10-14 23:00:00,25662.1,25712.2,25630.9,25709.5,5895.0
2025-10-15 01:00:00,25707.0,25879.7,25596.9,25676.2,24322.0
2025-10-15 03:00:00,25675.4,25796.3,25659.5,25761.5,11064.0
2025-10-15 05:00:00,25780.2,25956.5,25743.1,25924.4,22570.0
2025-10-15 07:00:00,25926.9,25977.1,25850.4,25873.0,11617.0
2025-10-15 09:00:00,25872.9,25965.8,25863.9,25914.0,5749.0
2025-10-15 11:00:00,25913.0,25933.4,25850.4,25864.3,6438.0
2025-10-15 13:00:00,25863.8,25955.0,25794.9,25910.4,15088.0
2025-10-15 15:00:00,25910.9,25935.7,25807.7,25862.9,16175.0
2025-10-15 17:00:00,25863.4,25863.4,25650.7,25828.6,15040.0
2025-10-15 19:00:00,25817.4,25866.6,25766.8,25810.6,7932.0
2025-10-15 21:00:00,25810.2,25879.4,25807.9,25863.2,2603.0
2025-10-15 23:00:00,25863.5,25864.7,25768.1,25806.6,6067.0
2025-10-16 01:00:00,25802.8,26054.8,25789.5,25901.2,23598.0
2025-10-16 03:00:00,25901.7,25910.7,25740.2,25770.4,11037.0
2025-10-16 05:00:00,25771.7,25838.4,25686.2,25813.5,22693.0
2025-10-16 07:00:00,25814.0,25907.3,25811.0,25876.6,11799.0
2025-10-16 09:00:00,25875.4,25931.5,25874.0,25909.5,4034.0
2025-10-16 11:00:00,25911.0,25929.8,25875.2,25902.2,4137.0
2025-10-16 13:00:00,25901.6,25969.4,25823.7,25965.0,14804.0
2025-10-16 15:00:00,25964.0,25998.4,25802.6,25899.7,18332.0
2025-10-16 17:00:00,25898.7,25933.0,25777.4,25829.5,16791.0
2025-10-16 19:00:00,25829.7,25877.7,25749.6,25813.0,12701.0
2025-10-16 21:00:00,25805.2,25859.2,25744.4,25745.6,3683.0
2025-10-16 23:00:00,25746.9,25816.7,25731.8,25765.2,7901.0
2025-10-17 01:00:00,25765.9,25854.7,25465.6,25570.8,23190.0
2025-10-17 03:00:00,25571.8,25573.3,25402.1,25418.3,12095.0
2025-10-17 05:00:00,25447.9,25460.6,25285.8,25298.4,21417.0
2025-10-17 07:00:00,25298.9,25301.3,25125.1,25217.1,19471.0
2025-10-17 09:00:00,25216.5,25259.1,25175.7,25253.3,9541.0
2025-10-17 11:00:00,25255.8,25544.0,25248.2,25465.2,16589.0
2025-10-17 13:00:00,25465.7,25834.5,25462.2,25684.2,20471.0
2025-10-17 15:00:00,25683.7,25789.1,25655.1,25725.0,17164.0
2025-10-17 17:00:00,25725.5,25877.3,25702.3,25841.1,11694.0
2025-10-17 19:00:00,25831.9,25860.5,25803.0,25845.1,7778.0
2025-10-19 22:00:00,25882.0,25896.3,25793.6,25813.4,5661.0
2025-10-20 00:00:00,25813.5,25960.6,25723.3,25765.3,15853.0
2025-10-20 02:00:00,25766.8,25925.6,25733.6,25867.2,20866.0
2025-10-20 04:00:00,25854.5,25885.3,25796.3,25822.0,12587.0
2025-10-20 06:00:00,25821.5,25906.8,25755.4,25876.1,15979.0
2025-10-20 08:00:00,25874.6,25874.6,25792.7,25831.2,7760.0
2025-10-20 10:00:00,25830.7,25830.7,25776.5,25815.6,5093.0
2025-10-20 12:00:00,25816.1,25883.2,25790.6,25856.5,9076.0
2025-10-20 14:00:00,25857.0,26158.4,25827.7,26104.3,13932.0
2025-10-20 16:00:00,26107.8,26197.9,26097.3,26185.1,7251.0
2025-10-20 18:00:00,26183.6,26219.6,26152.7,26168.3,4902.0
2025-10-20 20:00:00,26168.6,26208.0,26151.2,26208.0,1565.0
2025-10-20 21:00:00,26200.1,26207.5,26171.3,26182.0,1248.0
2025-10-20 23:00:00,26182.6,26202.6,26166.0,26193.5,2907.0
2025-10-21 01:00:00,26195.7,26385.0,26113.8,26306.5,21414.0
2025-10-21 03:00:00,26306.0,26380.6,26256.9,26279.0,8903.0
2025-10-21 05:00:00,26280.2,26299.1,26167.0,26198.4,18803.0
2025-10-21 07:00:00,26197.9,26197.9,25971.3,25988.4,11714.0
2025-10-21 09:00:00,25988.8,26052.6,25988.7,26026.8,3921.0
2025-10-21 11:00:00,26027.3,26081.3,25983.1,25997.8,5064.0
2025-10-21 13:00:00,25996.8,25999.8,25850.2,25922.3,14081.0
2025-10-21 15:00:00,25921.8,25964.2,25870.6,25880.8,9215.0
2025-10-21 17:00:00,25881.8,25916.3,25862.1,25903.3,6910.0
2025-10-21 19:00:00,25882.2,25916.4,25827.6,25859.7,4606.0
2025-10-21 21:00:00,25864.7,25895.1,25849.0,25876.9,1845.0
2025-10-21 23:00:00,25878.2,25882.4,25831.9,25848.4,4131.0
2025-10-22 01:00:00,25847.2,25944.0,25787.7,25908.8,21228.0
2025-10-22 03:00:00,25908.2,25909.7,25638.5,25707.3,11620.0
2025-10-22 05:00:00,25700.7,25836.0,25693.2,25793.9,19551.0
2025-10-22 07:00:00,25796.4,25810.4,25714.8,25741.3,9851.0
2025-10-22 09:00:00,25741.0,25753.7,25693.9,25732.4,4587.0
2025-10-22 11:00:00,25731.9,25747.0,25655.6,25721.2,6201.0
2025-10-22 13:00:00,25721.6,25872.3,25704.4,25778.5,15100.0
2025-10-22 15:00:00,25778.3,25814.9,25509.4,25686.8,18156.0
2025-10-22 17:00:00,25682.8,25700.2,25541.7,25635.7,17600.0
2025-10-22 19:00:00,25614.4,25674.5,25593.0,25654.2,8384.0
2025-10-22 21:00:00,25654.5,25660.7,25640.9,25659.0,2335.0
2025-10-22 23:00:00,25659.5,25671.7,25578.4,25657.4,6057.0
2025-10-23 01:00:00,25656.5,25858.0,25587.0,25718.5,22258.0
2025-10-23 03:00:00,25719.0,25865.7,25717.5,25734.1,10397.0
2025-10-23 05:00:00,25734.5,26084.8,25679.0,26030.2,22305.0
2025-10-23 07:00:00,26030.7,26039.8,25885.6,25939.0,13592.0
2025-10-23 09:00:00,25939.1,25966.5,25906.4,25925.3,5002.0
2025-10-23 11:00:00,25926.3,25965.6,25891.2,25959.2,5986.0
2025-10-23 13:00:00,25958.7,26079.6,25942.2,26060.7,14928.0
2025-10-23 15:00:00,26061.2,26120.6,26050.2,26071.1,9707.0
2025-10-23 17:00:00,26070.1,26182.1,26013.9,26128.8,8485.0
2025-10-23 19:00:00,26130.7,26155.8,26064.2,26122.0,4355.0
2025-10-23 21:00:00,26126.3,26145.6,26123.3,26139.2,1508.0
2025-10-23 23:00:00,26139.5,26178.8,26128.3,26157.7,2237.0
2025-10-24 01:00:00,26157.1,26250.8,26072.0,26108.2,21374.0
2025-10-24 03:00:00,26107.2,26133.3,26060.2,26113.3,8542.0
2025-10-24 05:00:00,26123.9,26189.1,26053.2,26149.5,18309.0
2025-10-24 07:00:00,26150.0,26195.5,26112.1,26161.4,9618.0
2025-10-24 09:00:00,26160.3,26182.3,26138.1,26144.2,3078.0
2025-10-24 11:00:00,26144.7,26268.3,26116.3,26237.3,5866.0
2025-10-24 13:00:00,26238.3,26303.3,26214.7,26223.5,14370.0
2025-10-24 15:00:00,26224.0,26308.2,26220.5,26245.5,7441.0
2025-10-24 17:00:00,26246.0,26266.6,26230.5,26230.5,3289.0
2025-10-24 19:00:00,26234.4,26242.2,26207.7,26213.4,4180.0
2025-10-26 22:00:00,26535.3,26586.0,26423.0,26456.8,4931.0
2025-10-27 00:00:00,26456.9,26582.2,26341.8,26431.5,12537.0
2025-10-27 02:00:00,26433.2,26486.2,26338.0,26443.3,19959.0
2025-10-27 04:00:00,26440.6,26466.0,26381.5,26409.7,10665.0
2025-10-27 06:00:00,26406.7,26468.5,26397.9,26419.2,12764.0
2025-10-27 08:00:00,26420.2,26487.0,26390.4,26481.7,5743.0
2025-10-27 10:00:00,26479.7,26502.9,26468.8,26487.7,4023.0
2025-10-27 12:00:00,26487.2,26536.9,26461.5,26514.9,8086.0
2025-10-27 14:00:00,26514.4,26561.7,26499.4,26556.2,9867.0
2025-10-27 16:00:00,26556.7,26575.8,26528.8,26534.0,4281.0
2025-10-27 18:00:00,26533.5,26549.2,26515.8,26541.0,3828.0
2025-10-27 20:00:00,26542.3,26621.6,26538.0,26562.6,1659.0
2025-10-27 21:00:00,26553.9,26590.5,26552.5,26566.3,1211.0
2025-10-27 23:00:00,26567.5,26594.6,26554.3,26561.3,2846.0
2025-10-28 01:00:00,26561.0,26580.6,26336.8,26389.5,20968.0
2025-10-28 03:00:00,26389.4,26480.3,26383.4,26421.9,8749.0
2025-10-28 05:00:00,26438.1,26507.7,26294.9,26320.5,21200.0
2025-10-28 07:00:00,26321.0,26351.7,26258.6,26343.4,11294.0
2025-10-28 09:00:00,26343.9,26412.1,26337.2,26398.1,4607.0
2025-10-28 11:00:00,26398.6,26414.8,26379.9,26405.4,3386.0
2025-10-28 13:00:00,26405.9,26468.7,26378.2,26437.8,12079.0
2025-10-28 15:00:00,26437.3,26565.9,26419.5,26500.3,9697.0
2025-10-28 17:00:00,26500.8,26599.1,26496.8,26581.0,5875.0
2025-10-28 19:00:00,26581.2,26592.6,26515.3,26561.5,5651.0
2025-10-28 21:00:00,26553.6,26578.1,26549.1,26557.6,1160.0
2025-10-28 23:00:00,26558.2,26598.0,26548.5,26577.3,2396.0
2025-10-29 01:00:00,26576.8,26585.7,26518.0,26528.6,3189.0
2025-10-29 03:00:00,26528.8,26562.2,26525.2,26555.3,1591.0
2025-10-29 05:00:00,26554.7,26584.2,26549.2,26583.2,1629.0
2025-10-29 07:00:00,26582.8,26634.7,26542.1,26545.2,3748.0
2025-10-29 09:00:00,26545.0,26602.7,26536.8,26564.5,3458.0
2025-10-29 11:00:00,26565.3,26595.4,26562.0,26583.3,3069.0
2025-10-29 13:00:00,26582.7,26632.8,26533.9,26576.8,7665.0
2025-10-29 15:00:00,26576.6,26619.8,26563.5,26595.6,5149.0
2025-10-29 17:00:00,26595.9,26633.6,26442.8,26539.8,10934.0
2025-10-29 19:00:00,26540.1,26637.8,26491.8,26544.4,17386.0
2025-10-29 21:00:00,26550.8,26609.2,26531.1,26607.5,3097.0
2025-10-29 23:00:00,26607.7,26624.6,26559.1,26559.7,5973.0
2025-10-30 01:00:00,26559.9,26676.5,26408.3,26502.6,24087.0
2025-10-30 03:00:00,26504.1,26592.8,26232.0,26389.6,17957.0
2025-10-30 05:00:00,26436.2,26449.9,26125.3,26178.2,25906.0
2025-10-30 07:00:00,26176.2,26385.3,26131.4,26278.1,16488.0
2025-10-30 09:00:00,26277.7,26301.3,26205.6,26234.0,7922.0
2025-10-30 11:00:00,26232.5,26237.7,26082.3,26086.1,9068.0
2025-10-30 13:00:00,26086.6,26224.8,26072.0,26192.4,20832.0
2025-10-30 15:00:00,26193.9,26258.3,26164.1,26251.6,12987.0
2025-10-30 17:00:00,26250.6,26290.0,26210.5,26221.0,9990.0
2025-10-30 19:00:00,26220.9,26268.5,26175.2,26234.7,13359.0
2025-10-30 21:00:00,26237.3,26248.7,26213.3,26219.1,2624.0
2025-10-30 23:00:00,26218.5,26262.7,26202.3,26259.7,4637.0
2025-10-31 01:00:00,26259.9,26326.6,26071.2,26129.3,22295.0
2025-10-31 03:00:00,26128.9,26130.9,26024.3,26029.5,9623.0
2025-10-31 05:00:00,26028.9,26104.9,25985.0,26006.2,20056.0
2025-10-31 07:00:00,26006.7,26017.4,25852.0,25896.8,11587.0
2025-10-31 09:00:00,25896.9,25914.6,25863.3,25879.3,4589.0
2025-10-31 11:00:00,25878.8,25911.3,25807.5,25878.6,7353.0
2025-10-31 13:00:00,25878.1,25892.6,25766.3,25888.5,16029.0
2025-10-31 15:00:00,25889.0,26009.3,25858.6,25912.6,14237.0
2025-10-31 17:00:00,25912.1,25954.3,25877.6,25939.7,9611.0
2025-10-31 19:00:00,25939.5,25970.0,25922.7,25941.8,4798.0
2025-11-02 23:00:00,25967.0,26038.9,25953.2,25958.2,3922.0
2025-11-03 01:00:00,25957.6,26067.4,25912.8,26052.7,21952.0
2025-11-03 03:00:00,26053.2,26059.5,25958.4,26036.3,8739.0
2025-11-03 05:00:00,26036.5,26215.1,26036.5,26160.2,19542.0
2025-11-03 07:00:00,26158.7,26176.1,26112.1,26142.4,9668.0
2025-11-03 09:00:00,26142.7,26183.9,26136.7,26168.6,4931.0
2025-11-03 11:00:00,26170.1,26181.1,26155.2,26158.6,3333.0
2025-11-03 13:00:00,26158.1,26158.1,26036.9,26052.1,9632.0
2025-11-03 15:00:00,26063.1,26109.1,25976.3,26103.1,14108.0
2025-11-03 17:00:00,26104.1,26135.2,26083.3,26100.8,5911.0
2025-11-03 19:00:00,26098.8,26112.1,26076.9,26094.4,5975.0
2025-11-03 21:00:00,26094.9,26110.1,26089.0,26094.9,1736.0
2025-11-03 22:00:00,26095.7,26098.7,26071.4,26073.2,1182.0
2025-11-04 00:00:00,26072.9,26278.7,26030.3,26208.2,11854.0
2025-11-04 02:00:00,26206.9,26265.7,26114.8,26196.1,19534.0
2025-11-04 04:00:00,26189.6,26194.3,26004.8,26035.5,12743.0
2025-11-04 06:00:00,26035.0,26040.0,25888.7,25956.9,17252.0
2025-11-04 08:00:00,25957.5,25964.7,25730.9,25752.5,11030.0
2025-11-04 10:00:00,25752.0,25864.9,25741.3,25841.6,7178.0
2025-11-04 12:00:00,25842.1,25856.4,25803.9,25844.8,6848.0
2025-11-04 14:00:00,25845.3,25989.0,25780.3,25959.8,14385.0
2025-11-04 16:00:00,25965.3,26011.0,25908.5,25919.8,9439.0
2025-11-04 18:00:00,25918.3,25924.3,25846.4,25867.5,9645.0
2025-11-04 20:00:00,25867.7,25892.7,25857.1,25883.3,8163.0
2025-11-04 22:00:00,25883.8,25888.0,25838.9,25839.9,2996.0
2025-11-05 00:00:00,25838.7,25839.1,25474.1,25650.2,16569.0
2025-11-05 02:00:00,25650.7,25875.6,25581.4,25865.8,23171.0
2025-11-05 04:00:00,25865.3,25931.4,25813.2,25847.0,16316.0
2025-11-05 06:00:00,25847.3,25966.7,25821.8,25866.2,15916.0
2025-11-05 08:00:00,25850.3,25935.6,25837.4,25913.9,8977.0
2025-11-05 10:00:00,25913.4,25915.8,25837.0,25870.2,6513.0
2025-11-05 12:00:00,25871.7,25941.9,25862.2,25933.6,6072.0
2025-11-05 14:00:00,25933.1,26082.0,25903.5,26044.4,16788.0
2025-11-05 16:00:00,26044.9,26103.5,25998.9,26092.3,10246.0
2025-11-05 18:00:00,26091.8,26127.3,26080.8,26114.5,4526.0
2025-11-05 20:00:00,26114.4,26124.5,26031.1,26062.8,5112.0
2025-11-05 22:00:00,26068.9,26090.6,26059.7,26088.5,2531.0
2025-11-06 00:00:00,26089.1,26171.7,26027.6,26125.1,14708.0
2025-11-06 02:00:00,26125.9,26379.8,26107.0,26366.8,18848.0
2025-11-06 04:00:00,26350.5,26379.6,26313.9,26350.8,10874.0
2025-11-06 06:00:00,26351.3,26487.4,26342.9,26456.9,14086.0
2025-11-06 08:00:00,26455.9,26532.5,26449.5,26504.9,8577.0
2025-11-06 10:00:00,26505.4,26526.3,26480.7,26517.0,4807.0
2025-11-06 12:00:00,26516.0,26558.5,26506.0,26511.5,5487.0
2025-11-06 14:00:00,26511.0,26552.4,26309.8,26315.6,20312.0
2025-11-06 16:00:00,26315.6,26358.2,26264.0,26331.5,18988.0
2025-11-06 18:00:00,26330.5,26456.2,26273.0,26408.3,13681.0
2025-11-06 20:00:00,26410.3,26428.1,26323.6,26381.8,9331.0
2025-11-06 22:00:00,26381.6,26408.7,26369.3,26398.5,2790.0
2025-11-07 00:00:00,26398.2,26413.0,26270.5,26319.7,14580.0
2025-11-07 02:00:00,26320.2,26329.0,26155.1,26181.5,18658.0
2025-11-07 04:00:00,26158.1,26250.5,26129.9,26193.0,13995.0
2025-11-07 06:00:00,26193.5,26240.1,26166.9,26217.9,12908.0
2025-11-07 08:00:00,26211.5,26226.2,26105.2,26125.4,9794.0
2025-11-07 10:00:00,26125.9,26145.1,26009.4,26086.7,9368.0
2025-11-07 12:00:00,26085.2,26100.7,25992.5,26031.1,10150.0
2025-11-07 14:00:00,26030.1,26083.0,25935.9,25982.0,20322.0
2025-11-07 16:00:00,25982.5,26048.7,25947.9,26042.5,17328.0
2025-11-07 18:00:00,26043.0,26165.1,26042.5,26135.3,13446.0
2025-11-07 20:00:00,26135.0,26137.4,26072.1,26134.3,9957.0
2025-11-09 23:00:00,26232.8,26232.8,26139.1,26176.7,8645.0
2025-11-10 01:00:00,26175.5,26428.8,26175.1,26349.4,22377.0
2025-11-10 03:00:00,26348.9,26404.7,26344.9,26365.4,9088.0
2025-11-10 05:00:00,26366.0,26657.2,26366.0,26606.4,17916.0
2025-11-10 07:00:00,26607.4,26669.2,26604.9,26668.6,9176.0
2025-11-10 09:00:00,26668.0,26691.3,26609.8,26615.8,5637.0
2025-11-10 11:00:00,26615.3,26668.8,26604.3,26634.2,4579.0
2025-11-10 13:00:00,26633.7,26649.2,26512.4,26551.4,9277.0
2025-11-10 15:00:00,26553.4,26590.5,26493.4,26554.8,14760.0
2025-11-10 17:00:00,26553.8,26660.7,26547.7,26604.7,7047.0
2025-11-10 19:00:00,26604.6,26673.0,26604.3,26656.6,5745.0
2025-11-10 21:00:00,26658.4,26670.4,26651.1,26652.3,1565.0
2025-11-10 22:00:00,26651.1,26675.3,26647.4,26673.1,2369.0
2025-11-11 00:00:00,26673.0,26787.0,26625.0,26707.4,12673.0
2025-11-11 02:00:00,26707.9,26723.8,26511.0,26595.8,18103.0
2025-11-11 04:00:00,26584.4,26608.8,26511.6,26541.2,11167.0
2025-11-11 06:00:00,26541.7,26713.0,26530.0,26673.3,14709.0
2025-11-11 08:00:00,26671.6,26752.2,26671.6,26709.2,7689.0
2025-11-11 10:00:00,26708.7,26750.8,26699.6,26735.8,4442.0
2025-11-11 12:00:00,26733.8,26787.2,26727.4,26770.0,5135.0
2025-11-11 14:00:00,26770.5,26843.5,26716.3,26741.4,14308.0
2025-11-11 16:00:00,26740.5,26796.3,26730.9,26784.7,10759.0
2025-11-11 18:00:00,26784.2,26839.1,26782.3,26788.7,6791.0
2025-11-11 20:00:00,26788.8,26801.1,26748.3,26776.4,4542.0
2025-11-11 22:00:00,26775.8,26796.1,26769.3,26785.9,1778.0
2025-11-12 00:00:00,26785.4,26915.1,26749.9,26908.4,11469.0
2025-11-12 02:00:00,26908.9,27027.9,26823.4,26863.7,18573.0
2025-11-12 04:00:00,26850.2,26881.0,26771.3,26854.2,11564.0
2025-11-12 06:00:00,26852.7,26889.8,26829.7,26874.3,6374.0
2025-11-12 08:00:00,26874.8,26918.5,26860.8,26888.0,3856.0
2025-11-12 10:00:00,26887.0,26917.2,26841.0,26911.4,3764.0
2025-11-12 12:00:00,26912.2,26958.2,26906.7,26911.1,4000.0
2025-11-12 14:00:00,26910.4,26912.4,26752.8,26818.9,17220.0
2025-11-12 16:00:00,26819.9,26859.1,26796.9,26855.6,9625.0
2025-11-12 18:00:00,26856.1,26883.7,26831.6,26836.2,6182.0
2025-11-12 20:00:00,26835.6,26869.7,26815.8,26846.3,4713.0
2025-11-12 22:00:00,26846.5,26854.5,26804.0,26818.1,3162.0
2025-11-13 00:00:00,26817.8,26894.3,26743.8,26885.3,9638.0
2025-11-13 02:00:00,26884.8,26911.0,26730.6,26764.7,12379.0
2025-11-13 04:00:00,26749.8,26882.2,26748.1,26848.5,7402.0
2025-11-13 06:00:00,26849.0,27172.9,26830.7,27050.8,12793.0
2025-11-13 08:00:00,27051.8,27106.5,27020.1,27077.9,7461.0
2025-11-13 10:00:00,27080.9,27082.9,27022.9,27052.8,6079.0
2025-11-13 12:00:00,27049.8,27100.9,27029.7,27043.6,6911.0
2025-11-13 14:00:00,27045.1,27052.1,26833.2,26855.6,12743.0
2025-11-13 16:00:00,26853.1,26868.9,26720.3,26724.3,12533.0
2025-11-13 18:00:00,26723.8,26736.2,26612.9,26692.7,11200.0
2025-11-13 20:00:00,26692.5,26753.2,26681.2,26706.9,8876.0
2025-11-13 22:00:00,26708.0,26726.0,26680.6,26683.6,3315.0
2025-11-14 00:00:00,26683.3,26775.3,26591.1,26767.9,9658.0
2025-11-14 02:00:00,26764.9,26862.6,26696.4,26711.4,11965.0
2025-11-14 04:00:00,26696.1,26707.4,26611.4,26684.4,9212.0
2025-11-14 06:00:00,26684.9,26711.7,26527.0,26575.0,11186.0
2025-11-14 08:00:00,26574.4,26610.4,26531.7,26548.2,9682.0
2025-11-14 10:00:00,26547.2,26569.8,26406.5,26427.1,7921.0
2025-11-14 12:00:00,26427.6,26469.5,26379.6,26428.0,9860.0
2025-11-14 14:00:00,26427.5,26638.7,26380.7,26624.5,12548.0
2025-11-14 16:00:00,26626.0,26690.7,26585.6,26664.6,11216.0
2025-11-14 18:00:00,26664.1,26664.1,26363.7,26475.6,11957.0
2025-11-14 20:00:00,26475.7,26495.6,26407.6,26474.3,7139.0
2025-11-16 23:00:00,26432.5,26532.0,26411.5,26489.5,8518.0
2025-11-17 01:00:00,26489.8,26532.1,26339.0,26416.9,14130.0
2025-11-17 03:00:00,26412.9,26427.2,26310.1,26354.4,6865.0
2025-11-17 05:00:00,26356.0,26405.8,26241.6,26296.2,11821.0
2025-11-17 07:00:00,26294.2,26380.3,26270.4,26356.0,8323.0
2025-11-17 09:00:00,26355.7,26359.2,26238.4,26242.0,6886.0
2025-11-17 11:00:00,26241.0,26308.8,26214.6,26237.4,6425.0
2025-11-17 13:00:00,26235.9,26334.8,26172.3,26296.7,9043.0
2025-11-17 15:00:00,26297.2,26316.6,26185.2,26301.2,12093.0
2025-11-17 17:00:00,26303.2,26304.7,26145.1,26148.0,9928.0
2025-11-17 19:00:00,26147.4,26154.2,26009.1,26108.2,11386.0
2025-11-17 21:00:00,26108.5,26132.4,26108.5,26121.9,2522.0
2025-11-17 22:00:00,26120.0,26158.3,26117.6,26148.4,3117.0
2025-11-18 00:00:00,26148.5,26156.1,25986.7,25997.5,10911.0
2025-11-18 02:00:00,25996.5,26161.7,25957.8,25978.0,12751.0
2025-11-18 04:00:00,25962.6,25988.5,25867.0,25920.8,11146.0
2025-11-18 06:00:00,25922.3,25930.2,25808.0,25881.9,10848.0
2025-11-18 08:00:00,25881.2,26002.8,25865.9,25979.2,9952.0
2025-11-18 10:00:00,25977.7,25984.6,25893.9,25919.2,6436.0
2025-11-18 12:00:00,25917.2,25930.8,25858.6,25890.7,8498.0
2025-11-18 14:00:00,25891.7,25991.2,25840.1,25890.6,12917.0
2025-11-18 16:00:00,25887.1,26036.2,25854.2,26022.5,12290.0
2025-11-18 18:00:00,26025.5,26076.8,26004.9,26037.3,11090.0
2025-11-18 20:00:00,26037.4,26044.6,25953.9,25968.5,9260.0
2025-11-18 22:00:00,25966.9,26017.8,25964.5,26003.7,3408.0
2025-11-19 00:00:00,26003.1,26008.4,25864.4,25930.8,12254.0
2025-11-19 02:00:00,25928.3,26024.5,25788.8,25805.6,12507.0
2025-11-19 04:00:00,25786.0,25847.0,25726.0,25824.8,10417.0
2025-11-19 06:00:00,25825.6,25873.3,25757.1,25826.6,10497.0
2025-11-19 08:00:00,25827.6,25841.9,25756.1,25834.4,8197.0
2025-11-19 10:00:00,25832.9,25892.4,25824.4,25874.6,4573.0
2025-11-19 12:00:00,25873.6,25884.0,25824.5,25844.2,5692.0
2025-11-19 14:00:00,25843.7,25868.3,25743.8,25760.5,11268.0
2025-11-19 16:00:00,25758.0,25768.6,25665.3,25733.2,12478.0
2025-11-19 18:00:00,25732.7,25805.4,25693.6,25723.2,10902.0
2025-11-19 20:00:00,25724.6,25858.5,25717.6,25835.6,11877.0
2025-11-19 22:00:00,25837.9,26030.5,25831.8,26022.5,5392.0
2025-11-20 00:00:00,26022.4,26080.8,25893.3,25921.5,9875.0
2025-11-20 02:00:00,25921.0,25990.4,25743.9,25846.5,14266.0
2025-11-20 04:00:00,25835.5,25898.2,25754.8,25775.4,8657.0
2025-11-20 06:00:00,25774.4,25840.1,25670.5,25820.2,10947.0
2025-11-20 08:00:00,25822.2,25853.3,25788.4,25816.3,7587.0
2025-11-20 10:00:00,25817.3,25881.2,25780.4,25805.7,5533.0
2025-11-20 12:00:00,25805.2,25923.5,25795.2,25914.0,6679.0
2025-11-20 14:00:00,25914.5,25951.5,25807.8,25815.2,11724.0
2025-11-20 16:00:00,25814.2,25816.2,25424.7,25481.0,13904.0
2025-11-20 18:00:00,25480.0,25592.7,25415.4,25477.5,13379.0
2025-11-20 20:00:00,25477.4,25477.4,25390.5,25397.4,10435.0
2025-11-20 22:00:00,25385.3,25494.1,25370.0,25484.6,5576.0
2025-11-21 00:00:00,25482.3,25539.1,25274.1,25411.1,11825.0
2025-11-21 02:00:00,25412.1,25465.5,25178.5,25284.8,13703.0
2025-11-21 04:00:00,25272.7,25457.6,25216.7,25395.8,11089.0
2025-11-21 06:00:00,25397.8,25455.1,25164.0,25172.7,11919.0
2025-11-21 08:00:00,25170.7,25252.1,25145.4,25147.9,10625.0
2025-11-21 10:00:00,25146.4,25216.8,25025.7,25146.6,11107.0
2025-11-21 12:00:00,25147.1,25279.3,25078.3,25265.9,11308.0
2025-11-21 14:00:00,25267.4,25336.8,25144.6,25202.6,13171.0
2025-11-21 16:00:00,25201.6,25488.3,25179.6,25471.7,12656.0
2025-11-21 18:00:00,25473.7,25568.8,25416.2,25477.1,11968.0
2025-11-21 20:00:00,25476.8,25494.9,25434.2,25481.6,8699.0
2025-11-23 23:00:00,25555.8,25560.5,25469.5,25510.2,6746.0
2025-11-24 01:00:00,25510.5,25635.8,25361.5,25556.2,13969.0
2025-11-24 03:00:00,25557.7,25593.8,25506.9,25539.7,8375.0
2025-11-24 05:00:00,25539.6,25753.9,25499.1,25658.1,12586.0
2025-11-24 07:00:00,25657.6,25721.5,25614.4,25693.6,8820.0
2025-11-24 09:00:00,25692.5,25696.3,25589.3,25657.5,8491.0
2025-11-24 11:00:00,25657.0,25745.7,25636.2,25736.5,6301.0
2025-11-24 13:00:00,25735.5,25827.9,25712.1,25793.0,8170.0
2025-11-24 15:00:00,25794.5,25838.8,25748.3,25751.5,10071.0
2025-11-24 17:00:00,25753.5,25871.3,25721.7,25848.0,6728.0
2025-11-24 19:00:00,25847.8,25868.8,25809.3,25850.3,6246.0
2025-11-24 21:00:00,25847.8,25869.8,25842.9,25863.7,1620.0
2025-11-24 22:00:00,25863.2,25875.7,25856.2,25866.6,2327.0
2025-11-25 00:00:00,25866.0,25979.0,25841.7,25919.1,8852.0
2025-11-25 02:00:00,25923.6,26048.2,25852.9,25866.0,11996.0
2025-11-25 04:00:00,25854.5,25937.8,25818.2,25871.8,7703.0
2025-11-25 06:00:00,25870.8,25922.0,25742.9,25912.5,10621.0
2025-11-25 08:00:00,25912.0,25920.2,25839.6,25878.2,6461.0
2025-11-25 10:00:00,25878.9,26012.3,25801.7,25944.6,7321.0
2025-11-25 12:00:00,25948.6,26106.2,25943.5,26085.1,8836.0
2025-11-25 14:00:00,26084.1,26091.1,25868.2,25938.5,12349.0
2025-11-25 16:00:00,25929.5,26038.6,25909.1,25985.7,9797.0
2025-11-25 18:00:00,25986.7,26011.3,25942.1,25975.0,6467.0
2025-11-25 20:00:00,25975.1,25993.0,25963.0,25966.8,4107.0
2025-11-25 22:00:00,25966.9,25983.2,25963.1,25981.8,1758.0
2025-11-26 00:00:00,25982.1,26164.7,25973.6,26136.0,8376.0
2025-11-26 02:00:00,26137.0,26142.0,25951.8,26028.8,10482.0
2025-11-26 04:00:00,26018.0,26058.8,25953.9,25989.6,5705.0
2025-11-26 06:00:00,25990.2,26048.5,25921.9,25923.9,8118.0
2025-11-26 08:00:00,25923.6,25935.5,25856.9,25894.0,6194.0
2025-11-26 10:00:00,25894.5,25938.8,25893.5,25919.0,3467.0
2025-11-26 12:00:00,25917.5,25985.8,25850.0,25963.1,5404.0
2025-11-26 14:00:00,25962.6,26027.5,25889.4,25965.7,8480.0
2025-11-26 16:00:00,25966.2,25998.8,25937.7,25998.2,4318.0
2025-11-26 18:00:00,25998.8,26012.0,25747.1,25903.4,5571.0
2025-11-26 20:00:00,25903.5,25938.6,25897.6,25916.3,3493.0
2025-11-26 22:00:00,25916.3,25920.3,25906.0,25907.9,1313.0
2025-11-27 00:00:00,25907.7,26025.3,25834.2,26017.8,7274.0
2025-11-27 02:00:00,26020.8,26092.4,25876.1,26021.1,12290.0
2025-11-27 04:00:00,26021.3,26128.9,26005.5,26074.2,6814.0
2025-11-27 06:00:00,26073.7,26089.1,25916.7,25960.5,10205.0
2025-11-27 08:00:00,25961.0,25974.5,25898.5,25906.3,4971.0
2025-11-27 10:00:00,25906.8,25952.6,25901.2,25928.4,3064.0
2025-11-27 12:00:00,25931.9,25979.2,25929.4,25974.1,2790.0
2025-11-27 14:00:00,25975.6,25986.9,25943.8,25974.0,2370.0
2025-11-27 16:00:00,25973.5,25978.0,25937.6,25956.4,1335.0
2025-11-27 18:00:00,25956.9,25960.9,25931.0,25931.0,314.0
2025-11-27 20:00:00,25933.3,25940.2,25931.2,25940.2,19.0
2025-11-27 22:00:00,25932.9,25949.5,25932.1,25949.2,938.0
2025-11-28 00:00:00,25949.0,26028.1,25838.6,25841.5,6213.0
2025-11-28 02:00:00,25841.2,25956.2,25826.5,25917.9,10419.0
2025-11-28 04:00:00,25908.1,25984.7,25881.9,25897.5,5047.0
2025-11-28 06:00:00,25898.0,25924.7,25858.7,25914.0,6628.0
2025-11-28 08:00:00,25913.5,25931.1,25862.3,25928.9,2505.0
2025-11-28 10:00:00,25929.4,25945.9,25913.0,25934.9,1448.0
2025-11-28 12:00:00,25935.4,25983.0,25935.4,25978.0,2254.0
2025-11-28 14:00:00,25977.5,26084.0,25975.0,26063.6,6980.0
2025-11-28 16:00:00,26064.1,26093.3,26031.2,26068.2,5856.0
2025-11-28 18:00:00,26066.2,26076.3,26024.1,26026.4,1035.0
2025-11-28 20:00:00,26025.8,26027.2,26021.7,26021.7,133.0
2025-11-30 23:00:00,26041.7,26050.5,25960.5,25976.8,7342.0
2025-12-01 01:00:00,25976.6,26213.0,25870.1,26064.8,14324.0
2025-12-01 03:00:00,26064.3,26117.3,26051.7,26080.6,6471.0
2025-12-01 05:00:00,26080.7,26093.4,25927.1,26056.3,11714.0
2025-12-01 07:00:00,26054.8,26083.4,25979.7,26043.3,7861.0
2025-12-01 09:00:00,26043.5,26097.0,26002.6,26036.1,5445.0
2025-12-01 11:00:00,26035.6,26058.6,26015.5,26035.5,5059.0
2025-12-01 13:00:00,26036.0,26134.2,26029.7,26111.0,7122.0
2025-12-01 15:00:00,26115.5,26163.8,26073.3,26145.3,8856.0
2025-12-01 17:00:00,26144.8,26235.6,26132.2,26216.9,4464.0
2025-12-01 19:00:00,26217.4,26217.4,26123.3,26145.2,6600.0
2025-12-01 21:00:00,26142.6,26143.6,26132.5,26137.4,993.0
2025-12-01 22:00:00,26136.6,26152.4,26131.7,26135.4,1909.0
2025-12-02 00:00:00,26135.1,26264.3,26129.2,26235.1,7467.0
2025-12-02 02:00:00,26234.6,26279.5,26033.1,26068.5,11664.0
2025-12-02 04:00:00,26048.6,26081.4,25987.0,26032.6,6677.0
2025-12-02 06:00:00,26031.6,26095.9,26007.5,26080.3,7974.0
2025-12-02 08:00:00,26045.5,26098.4,26026.1,26049.0,5498.0
2025-12-02 10:00:00,26049.5,26073.6,26034.3,26048.6,2657.0
2025-12-02 12:00:00,26049.1,26051.5,26003.6,26038.1,3261.0
2025-12-02 14:00:00,26038.6,26051.5,25916.9,25960.0,8591.0
2025-12-02 16:00:00,25961.5,25980.6,25880.1,25910.5,8068.0
2025-12-02 18:00:00,25908.1,25985.4,25904.7,25981.2,6221.0
2025-12-02 20:00:00,25982.2,25988.8,25956.0,25963.7,3699.0
2025-12-02 22:00:00,25964.4,25980.7,25949.4,25977.2,1334.0
2025-12-03 00:00:00,25977.4,26001.1,25858.0,25871.3,7974.0
2025-12-03 02:00:00,25871.8,25954.7,25791.5,25843.5,11344.0
2025-12-03 04:00:00,25819.4,25870.6,25747.9,25752.4,6049.0
2025-12-03 06:00:00,25752.0,25793.6,25722.6,25750.5,8699.0
2025-12-03 08:00:00,25728.4,25744.5,25681.3,25708.0,5341.0
2025-12-03 10:00:00,25708.5,25732.3,25687.9,25710.9,2717.0
2025-12-03 12:00:00,25708.9,25768.5,25706.1,25748.8,3160.0
2025-12-03 14:00:00,25748.3,25818.5,25635.8,25783.3,11096.0
2025-12-03 16:00:00,25781.8,25800.0,25694.5,25760.8,6252.0
2025-12-03 18:00:00,25761.8,25796.8,25760.4,25791.6,3554.0
2025-12-03 20:00:00,25791.7,25808.2,25785.6,25804.6,2721.0
2025-12-03 22:00:00,25804.1,25814.1,25796.1,25807.4,1187.0
2025-12-04 00:00:00,25807.7,25837.5,25674.8,25679.4,7007.0
2025-12-04 02:00:00,25679.9,25880.7,25649.3,25820.7,12303.0
2025-12-04 04:00:00,25803.2,25841.6,25761.3,25773.7,6599.0
2025-12-04 06:00:00,25774.2,25994.8,25773.0,25911.2,10847.0
2025-12-04 08:00:00,25907.2,25947.5,25876.0,25899.6,5558.0
2025-12-04 10:00:00,25898.1,25918.3,25878.3,25914.8,3002.0
2025-12-04 12:00:00,25912.3,25923.7,25865.7,25888.4,3555.0
2025-12-04 14:00:00,25887.9,25929.9,25822.9,25910.4,9145.0
2025-12-04 16:00:00,25909.9,25920.4,25862.4,25865.0,5802.0
2025-12-04 18:00:00,25864.0,25884.6,25807.5,25864.6,5680.0
2025-12-04 20:00:00,25864.4,25865.6,25840.0,25857.5,4020.0
2025-12-04 22:00:00,25855.4,25863.5,25846.7,25852.9,1150.0
2025-12-05 00:00:00,25852.6,25901.7,25765.8,25824.0,7167.0
2025-12-05 02:00:00,25824.5,25915.1,25783.3,25877.8,11806.0
2025-12-05 04:00:00,25867.3,26031.7,25854.5,26024.5,7692.0
2025-12-05 06:00:00,26025.5,26141.7,25999.7,26077.1,10464.0
2025-12-05 08:00:00,26076.6,26105.4,26050.6,26092.3,4611.0
2025-12-05 10:00:00,26092.8,26095.3,26061.9,26081.5,2198.0
2025-12-05 12:00:00,26078.5,26102.6,26062.7,26078.0,3540.0
2025-12-05 14:00:00,26077.0,26157.3,26069.3,26116.8,8038.0
2025-12-05 16:00:00,26116.3,26128.8,26025.3,26081.9,8614.0
2025-12-05 18:00:00,26081.4,26106.3,26051.4,26079.0,5005.0
2025-12-05 20:00:00,26078.6,26087.1,26027.9,26052.9,3317.0
2025-12-07 23:00:00,26059.3,26096.8,26047.0,26094.6,4094.0
2025-12-08 01:00:00,26094.4,26162.4,25890.0,25890.6,11988.0
2025-12-08 03:00:00,25891.2,25904.7,25794.8,25821.5,5670.0
2025-12-08 05:00:00,25817.4,25878.8,25786.7,25824.7,10473.0
2025-12-08 07:00:00,25823.2,25827.4,25707.4,25733.3,6832.0
2025-12-08 09:00:00,25733.8,25795.3,25733.2,25778.2,2746.0
2025-12-08 11:00:00,25778.7,25795.2,25750.6,25789.2,2656.0
2025-12-08 13:00:00,25789.7,25812.1,25736.6,25768.7,5300.0
2025-12-08 15:00:00,25771.2,25771.2,25652.2,25696.2,8219.0
2025-12-08 17:00:00,25695.2,25767.4,25677.3,25697.2,6443.0
2025-12-08 19:00:00,25697.4,25738.6,25690.9,25737.2,4754.0
2025-12-08 21:00:00,25736.9,25757.3,25729.5,25755.9,1519.0
2025-12-08 22:00:00,25777.7,25777.9,25751.9,25762.7,1784.0
2025-12-09 00:00:00,25762.9,25814.1,25651.1,25672.1,6572.0
2025-12-09 02:00:00,25672.4,25681.0,25520.7,25548.7,11123.0
2025-12-09 04:00:00,25533.1,25566.2,25419.3,25428.3,6340.0
2025-12-09 06:00:00,25427.8,25473.6,25367.9,25391.7,9175.0
2025-12-09 08:00:00,25390.7,25426.5,25358.0,25390.9,5153.0
2025-12-09 10:00:00,25391.4,25399.2,25341.1,25368.0,4826.0
2025-12-09 12:00:00,25371.0,25379.0,25318.6,25345.5,3944.0
2025-12-09 14:00:00,25345.0,25413.0,25311.8,25350.4,9335.0
2025-12-09 16:00:00,25350.9,25408.3,25327.3,25343.0,6154.0
2025-12-09 18:00:00,25342.5,25369.1,25339.5,25354.0,4034.0
2025-12-09 20:00:00,25353.8,25378.7,25341.1,25347.8,2683.0
2025-12-09 22:00:00,25350.6,25357.9,25344.4,25347.0,979.0
2025-12-10 00:00:00,25346.5,25423.9,25241.9,25337.2,6559.0
2025-12-10 02:00:00,25335.2,25394.1,25268.7,25313.7,11814.0
2025-12-10 04:00:00,25295.7,25400.3,25254.0,25344.0,7072.0
2025-12-10 06:00:00,25344.5,25487.0,25336.2,25485.0,10676.0
2025-12-10 08:00:00,25486.5,25514.2,25459.1,25471.4,5464.0
2025-12-10 10:00:00,25470.9,25515.8,25446.1,25510.1,4073.0
2025-12-10 12:00:00,25512.1,25535.2,25480.2,25529.2,3795.0
2025-12-10 14:00:00,25528.7,25620.6,25521.4,25570.9,9834.0
2025-12-10 16:00:00,25569.9,25601.4,25534.6,25592.4,5750.0
2025-12-10 18:00:00,25591.9,25677.5,25558.3,25677.5,9471.0
2025-12-10 20:00:00,25678.4,25730.6,25638.6,25658.3,7234.0
2025-12-10 22:00:00,25660.8,25662.9,25606.3,25619.4,2155.0
2025-12-11 00:00:00,25619.1,25792.3,25598.3,25694.9,7813.0
2025-12-11 02:00:00,25693.9,25708.9,25499.6,25557.6,12513.0
2025-12-11 04:00:00,25547.0,25571.8,25462.4,25495.4,8609.0
2025-12-11 06:00:00,25499.4,25559.0,25486.9,25525.8,9744.0
2025-12-11 08:00:00,25523.8,25601.4,25495.7,25599.7,7189.0
2025-12-11 10:00:00,25599.2,25614.5,25567.1,25589.2,4231.0
2025-12-11 12:00:00,25593.2,25635.4,25588.7,25617.7,3962.0
2025-12-11 14:00:00,25618.2,25697.8,25553.1,25682.4,9790.0
2025-12-11 16:00:00,25678.9,25752.8,25646.5,25744.3,7425.0
2025-12-11 18:00:00,25743.8,25782.6,25741.3,25749.9,4459.0
2025-12-11 20:00:00,25750.2,25796.2,25717.1,25785.1,5091.0
2025-12-11 22:00:00,25784.1,25784.4,25732.0,25743.2,2511.0
2025-12-12 00:00:00,25742.3,25846.5,25708.9,25812.2,8342.0
2025-12-12 02:00:00,25807.2,25917.5,25738.7,25885.9,12081.0
2025-12-12 04:00:00,25878.3,25980.8,25853.8,25966.3,6614.0
2025-12-12 06:00:00,25967.3,26012.1,25898.0,25954.3,9702.0
2025-12-12 08:00:00,25953.6,25978.2,25901.5,25924.3,5720.0
2025-12-12 10:00:00,25923.3,25950.7,25908.3,25946.8,3592.0
2025-12-12 12:00:00,25947.3,25951.3,25901.8,25927.0,3251.0
2025-12-12 14:00:00,25928.0,25975.3,25663.9,25692.8,10555.0
2025-12-12 16:00:00,25689.3,25723.8,25579.5,25681.1,11106.0
2025-12-12 18:00:00,25681.6,25743.4,25671.1,25683.0,7356.0
2025-12-12 20:00:00,25682.9,25695.7,25647.4,25682.8,5074.0
2025-12-14 23:00:00,25698.0,25721.4,25662.1,25717.9,5587.0
2025-12-15 01:00:00,25717.7,25812.7,25676.4,25783.2,12371.0
2025-12-15 03:00:00,25782.7,25807.7,25707.9,25726.7,5727.0
2025-12-15 05:00:00,25726.9,25760.9,25620.9,25643.2,10562.0
2025-12-15 07:00:00,25642.7,25664.1,25585.2,25634.3,7080.0
2025-12-15 09:00:00,25633.8,25697.9,25623.1,25673.5,3856.0
2025-12-15 11:00:00,25673.0,25686.3,25653.7,25684.2,2629.0
2025-12-15 13:00:00,25683.7,25706.0,25621.6,25625.6,5967.0
2025-12-15 15:00:00,25626.6,25663.2,25565.2,25593.5,11337.0
2025-12-15 17:00:00,25594.0,25604.5,25496.2,25542.1,7893.0
2025-12-15 19:00:00,25525.7,25540.5,25507.6,25518.1,5827.0
2025-12-15 21:00:00,25518.0,25529.2,25515.3,25524.6,1133.0
2025-12-15 22:00:00,25524.2,25541.3,25509.4,25525.2,1556.0
2025-12-16 00:00:00,25524.7,25559.3,25277.9,25286.2,9040.0
2025-12-16 02:00:00,25287.7,25287.7,25120.3,25136.5,11546.0
2025-12-16 04:00:00,25129.1,25165.9,25085.2,25113.3,8174.0
2025-12-16 06:00:00,25112.8,25232.3,25096.5,25219.1,9880.0
2025-12-16 08:00:00,25219.0,25256.9,25191.9,25210.7,5429.0
2025-12-16 10:00:00,25210.2,25259.6,25202.8,25245.7,3215.0
2025-12-16 12:00:00,25248.2,25306.6,25227.5,25259.5,5226.0
2025-12-16 14:00:00,25260.0,25319.8,25188.8,25232.7,11430.0
2025-12-16 16:00:00,25231.2,25244.3,25156.1,25185.5,9202.0
2025-12-16 18:00:00,25184.5,25250.4,25150.6,25232.2,7795.0
2025-12-16 20:00:00,25228.3,25300.7,25227.5,25253.8,5019.0
2025-12-16 22:00:00,25257.3,25266.3,25236.2,25243.2,2187.0
2025-12-17 00:00:00,25242.7,25313.0,25162.0,25237.9,9991.0
2025-12-17 02:00:00,25238.4,25331.0,25208.2,25285.3,11458.0
2025-12-17 04:00:00,25267.0,25409.1,25211.7,25409.1,8109.0
2025-12-17 06:00:00,25408.1,25489.0,25371.4,25435.4,10776.0
2025-12-17 08:00:00,25435.9,25507.0,25391.0,25483.8,6066.0
2025-12-17 10:00:00,25483.3,25514.4,25474.1,25482.7,2939.0
2025-12-17 12:00:00,25485.7,25561.5,25472.5,25545.2,3815.0
2025-12-17 14:00:00,25545.7,25572.2,25405.2,25410.0,10756.0
2025-12-17 16:00:00,25406.5,25438.7,25326.0,25343.3,10441.0
2025-12-17 18:00:00,25343.8,25372.6,25270.7,25291.2,7768.0
2025-12-17 20:00:00,25291.0,25306.6,25258.3,25289.8,4742.0
2025-12-17 22:00:00,25287.7,25305.4,25279.0,25283.0,2002.0
2025-12-18 00:00:00,25283.5,25411.7,25235.3,25394.9,9606.0
2025-12-18 02:00:00,25393.4,25507.0,25322.8,25351.9,11288.0
2025-12-18 04:00:00,25341.7,25442.7,25335.5,25341.9,7774.0
2025-12-18 06:00:00,25342.4,25524.0,25326.3,25477.6,10064.0
2025-12-18 08:00:00,25478.1,25529.9,25464.0,25517.6,5620.0
2025-12-18 10:00:00,25518.1,25523.6,25497.7,25503.1,2670.0
2025-12-18 12:00:00,25505.1,25631.1,25483.4,25581.4,5595.0
2025-12-18 14:00:00,25580.4,25668.8,25547.5,25663.5,10416.0
2025-12-18 16:00:00,25662.5,25705.2,25573.1,25633.5,8690.0
2025-12-18 18:00:00,25635.0,25685.4,25579.2,25589.3,7089.0
2025-12-18 20:00:00,25589.7,25632.5,25553.4,25560.1,4609.0
2025-12-18 22:00:00,25560.7,25613.7,25555.3,25613.7,1756.0
2025-12-19 00:00:00,25614.2,25667.8,25544.0,25579.4,7977.0
2025-12-19 02:00:00,25580.4,25712.6,25571.7,25680.5,12037.0
2025-12-19 04:00:00,25672.5,25744.5,25650.7,25676.4,7540.0
2025-12-19 06:00:00,25675.4,25767.2,25640.1,25716.7,9739.0
2025-12-19 08:00:00,25717.7,25725.9,25680.0,25722.6,5450.0
2025-12-19 10:00:00,25721.6,25722.3,25681.4,25699.1,3158.0
2025-12-19 12:00:00,25700.6,25717.6,25680.1,25705.2,3730.0
2025-12-19 14:00:00,25706.2,25834.2,25701.7,25829.0,8493.0
2025-12-19 16:00:00,25828.5,25892.3,25818.4,25884.7,5052.0
2025-12-19 18:00:00,25884.2,25893.7,25786.4,25813.3,3127.0
2025-12-19 20:00:00,25813.2,25818.6,25776.3,25806.1,2823.0
2025-12-21 23:00:00,25828.3,25847.5,25819.1,25832.3,2791.0
2025-12-22 01:00:00,25832.5,25882.1,25712.3,25771.4,11564.0
2025-12-22 03:00:00,25771.9,25812.1,25748.2,25753.3,5050.0
2025-12-22 05:00:00,25760.8,25787.1,25684.4,25727.0,10042.0
2025-12-22 07:00:00,25727.5,25812.5,25723.8,25768.5,5692.0
2025-12-22 09:00:00,25768.0,25814.0,25767.1,25798.8,2456.0
2025-12-22 11:00:00,25799.3,25834.0,25795.4,25832.0,2178.0
2025-12-22 13:00:00,25832.5,25861.0,25788.9,25835.0,5023.0
2025-12-22 15:00:00,25834.5,25897.3,25812.5,25886.1,6417.0
2025-12-22 17:00:00,25886.6,25920.1,25881.2,25881.2,3243.0
2025-12-22 19:00:00,25881.4,25887.6,25849.4,25851.9,2157.0
2025-12-22 21:00:00,25851.6,25866.4,25851.6,25864.6,349.0
2025-12-22 22:00:00,25863.4,25873.8,25860.4,25868.2,922.0
2025-12-23 00:00:00,25868.7,25929.8,25839.6,25856.4,5659.0
2025-12-23 02:00:00,25858.9,25946.1,25837.4,25870.6,10401.0
2025-12-23 04:00:00,25870.1,25870.1,25770.3,25779.5,5978.0
2025-12-23 06:00:00,25778.5,25800.9,25742.5,25778.8,8507.0
2025-12-23 08:00:00,25773.8,25794.8,25749.2,25786.0,3395.0
2025-12-23 10:00:00,25786.5,25796.6,25765.9,25787.8,1555.0
2025-12-23 12:00:00,25784.8,25787.8,25706.5,25707.5,2978.0
2025-12-23 14:00:00,25708.0,25757.8,25657.8,25755.3,7421.0
2025-12-23 16:00:00,25754.8,25778.5,25731.5,25760.6,3475.0
2025-12-23 18:00:00,25760.0,25813.4,25754.0,25806.6,2011.0
2025-12-23 20:00:00,25806.7,25815.5,25799.7,25810.8,1400.0
2025-12-23 22:00:00,25809.7,25811.5,25798.8,25801.9,943.0
2025-12-24 00:00:00,25802.6,25876.1,25777.1,25839.9,5519.0
2025-12-24 02:00:00,25842.4,25902.9,25785.7,25816.3,10519.0
2025-12-24 04:00:00,25809.1,25834.2,25798.5,25812.1,1471.0
2025-12-24 06:00:00,25811.4,25814.2,25802.8,25803.8,752.0
2025-12-24 08:00:00,25804.4,25814.0,25800.8,25809.5,940.0
2025-12-24 10:00:00,25808.9,25813.6,25805.6,25811.0,900.0
2025-12-24 12:00:00,25810.7,25820.2,25808.5,25817.9,1136.0
2025-12-24 14:00:00,25818.1,25858.5,25808.7,25845.5,2586.0
2025-12-24 16:00:00,25845.7,25852.6,25824.2,25830.5,1872.0
2025-12-24 18:00:00,25832.1,25834.6,25820.9,25828.0,428.0
2025-12-25 22:00:00,25835.6,25850.5,25823.9,25828.7,1202.0
2025-12-26 00:00:00,25828.5,25865.9,25827.4,25849.1,1746.0
2025-12-26 02:00:00,25849.5,25895.8,25848.5,25873.2,997.0
2025-12-26 04:00:00,25873.0,25875.0,25864.0,25867.9,697.0
2025-12-26 06:00:00,25868.1,25869.7,25852.9,25859.9,1029.0
2025-12-26 08:00:00,25858.9,25868.0,25853.8,25865.9,1261.0
2025-12-26 10:00:00,25866.3,25871.6,25856.7,25861.7,1061.0
2025-12-26 12:00:00,25862.2,25878.9,25859.7,25876.3,1318.0
2025-12-26 14:00:00,25876.9,25988.2,25871.5,25949.3,4890.0
2025-12-26 16:00:00,25949.2,25953.5,25904.6,25914.5,2831.0
2025-12-26 18:00:00,25912.6,25929.1,25905.9,25921.0,1723.0
2025-12-26 20:00:00,25920.9,25957.2,25920.7,25942.0,1285.0
2025-12-28 23:00:00,25948.7,25957.8,25891.3,25896.7,2225.0
2025-12-29 01:00:00,25897.0,26102.1,25868.9,25966.2,12185.0
2025-12-29 03:00:00,25967.2,25996.7,25892.4,25907.5,5199.0
2025-12-29 05:00:00,25910.0,25910.0,25667.9,25696.0,9693.0
2025-12-29 07:00:00,25696.5,25723.0,25583.4,25586.7,6059.0
2025-12-29 09:00:00,25587.7,25637.0,25587.7,25614.3,3199.0
2025-12-29 11:00:00,25614.8,25622.5,25566.8,25586.1,2086.0
2025-12-29 13:00:00,25585.6,25627.1,25538.0,25601.8,5297.0
2025-12-29 15:00:00,25601.3,25636.0,25521.8,25610.0,6860.0
2025-12-29 17:00:00,25609.5,25614.6,25575.9,25585.8,2352.0
2025-12-29 19:00:00,25571.1,25632.8,25569.0,25621.8,2250.0
2025-12-29 21:00:00,25622.6,25626.8,25615.5,25626.3,358.0
2025-12-29 22:00:00,25626.2,25627.0,25609.0,25610.2,1005.0
2025-12-30 00:00:00,25610.4,25702.1,25606.3,25695.2,5913.0
2025-12-30 02:00:00,25699.7,25781.6,25666.1,25724.3,11272.0
2025-12-30 04:00:00,25722.3,25899.4,25689.9,25881.4,6894.0
2025-12-30 06:00:00,25888.4,25927.0,25778.4,25815.5,8887.0
2025-12-30 08:00:00,25816.0,25910.7,25809.8,25899.1,3833.0
2025-12-30 10:00:00,25899.6,25921.8,25878.1,25879.4,2829.0
2025-12-30 12:00:00,25879.9,25893.1,25867.6,25879.6,3109.0
2025-12-30 14:00:00,25879.1,25904.9,25809.5,25837.6,6678.0
2025-12-30 16:00:00,25836.6,25894.9,25828.2,25847.3,4161.0
2025-12-30 18:00:00,25847.8,25860.7,25821.2,25825.7,2220.0
2025-12-30 20:00:00,25825.6,25845.8,25820.1,25829.2,1538.0
2025-12-30 22:00:00,25828.8,25835.7,25814.9,25823.7,857.0
2025-12-31 00:00:00,25823.5,25825.6,25618.8,25621.1,6154.0
2025-12-31 02:00:00,25619.6,25693.5,25543.5,25579.2,10903.0
2025-12-31 04:00:00,25580.2,25607.6,25520.6,25574.5,1761.0
2025-12-31 06:00:00,25575.0,25602.9,25571.7,25598.7,1557.0
2025-12-31 08:00:00,25598.5,25602.4,25582.3,25587.9,2131.0
2025-12-31 10:00:00,25588.5,25603.7,25583.6,25603.2,1254.0
2025-12-31 12:00:00,25603.7,25641.4,25599.1,25635.7,1979.0
2025-12-31 14:00:00,25635.5,25639.7,25510.4,25521.3,4733.0
2025-12-31 16:00:00,25521.2,25580.7,25521.2,25574.0,2474.0
2025-12-31 18:00:00,25574.1,25611.4,25573.6,25574.0,2349.0
2025-12-31 20:00:00,25574.1,25583.2,25546.6,25564.5,3281.0
2026-01-01 22:00:00,25573.2,25595.2,25571.2,25591.3,1112.0
2026-01-02 00:00:00,25591.0,26013.1,25581.2,26008.0,6613.0
2026-01-02 02:00:00,26011.5,26243.6,26008.1,26215.0,10380.0
2026-01-02 04:00:00,26196.5,26325.1,26180.3,26322.0,5077.0
2026-01-02 06:00:00,26321.5,26376.7,26262.6,26318.8,8813.0
2026-01-02 08:00:00,26321.9,26457.8,26321.9,26375.1,5184.0
2026-01-02 10:00:00,26378.1,26378.1,26328.0,26352.0,3516.0
2026-01-02 12:00:00,26350.0,26385.7,26344.6,26361.4,3629.0
2026-01-02 14:00:00,26360.9,26474.7,26315.7,26418.7,11043.0
2026-01-02 16:00:00,26415.7,26508.5,26380.2,26461.4,10397.0
2026-01-02 18:00:00,26461.9,26464.8,26396.1,26453.8,7002.0
2026-01-02 20:00:00,26453.7,26484.0,26439.2,26471.0,3761.0
2026-01-04 23:00:00,26491.7,26534.9,26455.6,26480.5,5005.0
2026-01-05 01:00:00,26479.4,26538.1,26254.8,26349.9,13946.0
2026-01-05 03:00:00,26351.9,26401.5,26277.4,26316.8,6196.0
2026-01-05 05:00:00,26325.7,26408.0,26300.3,26394.8,11518.0
2026-01-05 07:00:00,26394.3,26394.8,26311.8,26317.7,7094.0
2026-01-05 09:00:00,26318.0,26352.0,26261.8,26286.3,3970.0
2026-01-05 11:00:00,26286.8,26297.6,26269.3,26271.5,3065.0
2026-01-05 13:00:00,26271.0,26299.8,26218.3,26246.8,7717.0
2026-01-05 15:00:00,26249.3,26476.4,26228.3,26473.7,8885.0
2026-01-05 17:00:00,26473.2,26536.7,26466.2,26520.2,5482.0
2026-01-05 19:00:00,26520.3,26559.1,26512.8,26538.8,2896.0
2026-01-05 21:00:00,26537.6,26539.2,26529.6,26530.5,421.0
2026-01-05 22:00:00,26531.0,26545.7,26506.7,26506.9,1452.0
2026-01-06 00:00:00,26507.4,26683.2,26481.0,26666.6,7152.0
2026-01-06 02:00:00,26667.6,26889.4,26632.6,26850.5,12557.0
2026-01-06 04:00:00,26830.6,26848.7,26710.7,26789.7,7146.0
2026-01-06 06:00:00,26789.1,26816.5,26677.2,26677.2,10504.0
2026-01-06 08:00:00,26678.2,26712.3,26616.0,26634.5,6086.0
2026-01-06 10:00:00,26635.0,26654.7,26603.2,26647.8,3162.0
2026-01-06 12:00:00,26648.8,26714.9,26648.8,26706.1,3454.0
2026-01-06 14:00:00,26704.6,26809.1,26697.5,26746.6,9269.0
2026-01-06 16:00:00,26746.1,26756.0,26667.1,26698.1,6709.0
2026-01-06 18:00:00,26698.6,26717.3,26637.5,26656.0,2728.0
2026-01-06 20:00:00,26655.9,26668.1,26636.7,26659.2,1408.0
2026-01-06 22:00:00,26659.0,26676.6,26648.5,26653.3,850.0
2026-01-07 00:00:00,26654.8,26684.3,26523.8,26526.7,6535.0
2026-01-07 02:00:00,26524.2,26540.0,26434.1,26453.7,11822.0
2026-01-07 04:00:00,26439.6,26458.0,26334.1,26349.9,7092.0
2026-01-07 06:00:00,26351.4,26453.7,26351.4,26452.2,9732.0
2026-01-07 08:00:00,26453.2,26467.4,26407.1,26424.7,4363.0
2026-01-07 10:00:00,26423.2,26438.9,26382.2,26387.2,2913.0
2026-01-07 12:00:00,26390.2,26393.0,26343.7,26368.4,3715.0
2026-01-07 14:00:00,26368.3,26378.9,26242.8,26316.2,9107.0
2026-01-07 16:00:00,26315.7,26361.3,26291.6,26299.5,5075.0
2026-01-07 18:00:00,26298.0,26314.9,26276.3,26278.8,3738.0
2026-01-07 20:00:00,26278.9,26279.2,26223.8,26255.7,2955.0
2026-01-07 22:00:00,26256.1,26267.0,26255.4,26259.6,923.0
2026-01-08 00:00:00,26259.3,26326.8,26151.5,26205.0,6476.0
2026-01-08 02:00:00,26201.0,26211.5,26056.6,26132.7,11525.0
2026-01-08 04:00:00,26126.5,26158.1,26045.7,26068.6,6705.0
2026-01-08 06:00:00,26067.6,26217.3,25973.6,26129.2,10788.0
2026-01-08 08:00:00,26128.2,26142.9,26088.9,26110.5,4755.0
2026-01-08 10:00:00,26109.5,26143.0,26097.6,26131.4,3527.0
2026-01-08 12:00:00,26129.4,26134.4,26093.3,26102.5,3797.0
2026-01-08 14:00:00,26102.0,26316.6,26056.3,26294.2,11059.0
2026-01-08 16:00:00,26293.7,26329.2,26230.6,26326.9,7364.0
2026-01-08 18:00:00,26326.4,26330.4,26262.7,26280.0,4158.0
2026-01-08 20:00:00,26279.7,26348.4,26275.9,26333.8,2534.0
2026-01-08 22:00:00,26335.8,26341.7,26300.6,26302.6,1296.0
2026-01-09 00:00:00,26302.3,26315.5,26164.3,26265.9,7199.0
2026-01-09 02:00:00,26268.4,26300.0,26104.7,26144.4,12285.0
2026-01-09 04:00:00,26136.7,26206.4,26120.7,26185.0,7184.0
2026-01-09 06:00:00,26184.8,26246.5,26168.5,26192.9,9518.0
2026-01-09 08:00:00,26191.4,26248.3,26093.3,26212.0,4898.0
2026-01-09 10:00:00,26212.5,26255.9,26184.8,26249.1,2874.0
2026-01-09 12:00:00,26249.6,26346.7,26219.7,26301.3,4791.0
2026-01-09 14:00:00,26303.8,26325.5,26181.5,26293.4,11659.0
2026-01-09 16:00:00,26293.9,26383.3,26291.4,26354.3,5691.0
2026-01-09 18:00:00,26354.8,26403.5,26337.6,26350.0,3331.0
2026-01-09 20:00:00,26349.9,26354.3,26327.9,26333.3,1678.0
2026-01-11 23:00:00,26310.4,26349.9,26297.1,26313.8,4491.0
2026-01-12 01:00:00,26313.0,26423.7,26180.5,26361.8,13720.0
2026-01-12 03:00:00,26365.3,26471.7,26335.2,26443.5,6899.0
2026-01-12 05:00:00,26468.4,26602.5,26423.9,26556.2,12408.0
2026-01-12 07:00:00,26554.7,26607.6,26531.7,26549.5,7576.0
2026-01-12 09:00:00,26548.9,26620.1,26548.9,26580.6,3821.0
2026-01-12 11:00:00,26581.1,26615.2,26566.7,26614.2,3220.0
2026-01-12 13:00:00,26614.7,26722.2,26570.3,26718.8,6827.0
2026-01-12 15:00:00,26718.3,26907.4,26704.2,26891.1,9721.0
2026-01-12 17:00:00,26890.1,26984.7,26890.1,26965.4,5259.0
2026-01-12 19:00:00,26965.2,27007.7,26939.2,26991.9,2198.0
2026-01-12 21:00:00,26991.5,26997.0,26951.2,26954.3,566.0
2026-01-12 22:00:00,26958.7,26961.0,26931.3,26948.5,1276.0
2026-01-13 00:00:00,26948.0,27110.7,26930.9,27031.3,7526.0
2026-01-13 02:00:00,27032.8,27159.8,26852.5,26891.6,13918.0
2026-01-13 04:00:00,26878.2,26932.2,26796.4,26887.2,7604.0
2026-01-13 06:00:00,26887.7,26889.3,26733.7,26808.5,11119.0
2026-01-13 08:00:00,26801.4,26841.6,26791.5,26811.7,4036.0
2026-01-13 10:00:00,26810.7,26826.8,26785.8,26826.4,2922.0
2026-01-13 12:00:00,26825.9,26983.2,26817.9,26908.9,5180.0
2026-01-13 14:00:00,26905.4,26999.3,26734.9,26925.7,12059.0
2026-01-13 16:00:00,26926.2,26954.8,26830.8,26875.4,8681.0
2026-01-13 18:00:00,26874.9,26916.4,26842.4,26878.6,6158.0
2026-01-13 20:00:00,26878.5,26885.2,26825.4,26873.7,2711.0
2026-01-13 22:00:00,26878.0,26884.6,26870.7,26880.0,1080.0
2026-01-14 00:00:00,26879.7,26992.3,26854.1,26903.9,7228.0
2026-01-14 02:00:00,26901.9,27110.8,26879.6,27104.2,12738.0
2026-01-14 04:00:00,27087.8,27089.1,26831.9,26831.9,8847.0
2026-01-14 06:00:00,26832.9,27013.7,26789.8,26960.0,12078.0
2026-01-14 08:00:00,26959.5,27011.6,26927.3,26978.9,4051.0
2026-01-14 10:00:00,26978.4,26981.7,26834.6,26839.9,5783.0
2026-01-14 12:00:00,26841.9,26852.9,26787.1,26798.8,5674.0
2026-01-14 14:00:00,26799.3,26915.0,26788.5,26856.8,10980.0
2026-01-14 16:00:00,26857.8,26937.7,26800.9,26810.3,9591.0
2026-01-14 18:00:00,26807.8,26901.7,26793.5,26880.1,6559.0
2026-01-14 20:00:00,26880.0,26933.2,26859.6,26903.7,5274.0
2026-01-14 22:00:00,26901.1,26908.8,26852.6,26873.1,2147.0
2026-01-15 00:00:00,26872.9,27227.3,26858.7,27189.3,8334.0
2026-01-15 02:00:00,27191.3,27200.8,26856.0,26866.6,14422.0
2026-01-15 04:00:00,26857.3,26929.5,26826.0,26883.7,8131.0
2026-01-15 06:00:00,26884.2,26981.6,26838.3,26935.5,12118.0
2026-01-15 08:00:00,26933.5,27040.8,26888.8,27028.5,6510.0
2026-01-15 10:00:00,27029.0,27063.8,26998.8,27026.4,4689.0
2026-01-15 12:00:00,27025.9,27039.1,26937.5,26955.7,5257.0
2026-01-15 14:00:00,26957.2,27060.1,26838.2,27056.2,11368.0
2026-01-15 16:00:00,27053.7,27136.7,27047.7,27115.6,7501.0
2026-01-15 18:00:00,27114.1,27170.0,27062.8,27087.5,5765.0
2026-01-15 20:00:00,27087.4,27087.4,27054.2,27070.3,3581.0
2026-01-15 22:00:00,27069.7,27083.6,27068.8,27076.7,1084.0
2026-01-16 00:00:00,27077.2,27235.9,26986.0,27004.2,7452.0
2026-01-16 02:00:00,27003.2,27009.4,26848.8,26855.5,13032.0
2026-01-16 04:00:00,26841.4,26893.2,26801.0,26818.4,7519.0
2026-01-16 06:00:00,26819.4,26823.6,26736.2,26791.8,10155.0
2026-01-16 08:00:00,26792.3,26845.7,26763.6,26775.6,4415.0
2026-01-16 10:00:00,26777.1,26854.6,26776.6,26810.2,3048.0
2026-01-16 12:00:00,26809.7,26828.1,26765.3,26774.0,4380.0
2026-01-16 14:00:00,26774.5,26791.6,26515.3,26560.0,10396.0
2026-01-16 16:00:00,26557.0,26600.0,26527.0,26578.8,6786.0
2026-01-16 18:00:00,26576.8,26630.1,26576.8,26617.5,4198.0
2026-01-16 20:00:00,26617.2,26644.4,26594.8,26604.6,2767.0
2026-01-18 23:00:00,26517.1,26549.9,26490.5,26544.8,7708.0
2026-01-19 01:00:00,26544.5,26710.7,26502.4,26670.5,13882.0
2026-01-19 03:00:00,26667.5,26684.6,26538.8,26548.0,6376.0
2026-01-19 05:00:00,26570.6,26638.0,26542.1,26562.2,11772.0
2026-01-19 07:00:00,26563.2,26592.4,26529.1,26559.0,6908.0
2026-01-19 09:00:00,26559.2,26588.2,26508.6,26553.5,5850.0
2026-01-19 11:00:00,26553.0,26622.0,26549.0,26605.0,4073.0
2026-01-19 13:00:00,26604.5,26668.0,26597.5,26614.1,5561.0
2026-01-19 15:00:00,26613.9,26661.0,26582.5,26657.5,5124.0
2026-01-19 17:00:00,26659.0,26662.5,26614.7,26620.7,1458.0
2026-01-19 19:00:00,26610.7,26624.0,26609.3,26617.1,63.0
2026-01-19 22:00:00,26621.9,26677.4,26613.3,26652.5,1502.0
2026-01-20 00:00:00,26652.9,26653.4,26516.3,26539.1,8877.0
2026-01-20 02:00:00,26537.1,26576.5,26359.7,26556.1,13112.0
2026-01-20 04:00:00,26548.1,26633.7,26521.7,26581.0,7773.0
2026-01-20 06:00:00,26578.5,26590.1,26429.1,26489.3,10933.0
2026-01-20 08:00:00,26490.8,26495.8,26297.8,26304.1,9130.0
2026-01-20 10:00:00,26303.6,26423.6,26286.7,26411.6,6825.0
2026-01-20 12:00:00,26411.2,26428.5,26359.6,26361.2,7269.0
2026-01-20 14:00:00,26362.2,26540.9,26343.4,26463.8,11564.0
2026-01-20 16:00:00,26463.3,26496.3,26406.4,26422.4,10258.0
2026-01-20 18:00:00,26419.9,26430.9,26289.1,26301.1,7510.0
2026-01-20 20:00:00,26300.9,26360.7,26289.0,26343.3,4837.0
2026-01-20 22:00:00,26344.6,26354.5,26319.7,26324.9,1940.0
2026-01-21 00:00:00,26325.0,26514.8,26325.0,26445.1,7375.0
2026-01-21 02:00:00,26444.4,26564.6,26409.2,26447.8,12053.0
2026-01-21 04:00:00,26437.1,26539.3,26426.3,26497.2,7540.0
2026-01-21 06:00:00,26496.2,26701.8,26423.3,26571.9,11288.0
2026-01-21 08:00:00,26569.9,26578.5,26519.9,26522.5,4808.0
2026-01-21 10:00:00,26523.5,26566.1,26477.4,26479.8,4893.0
2026-01-21 12:00:00,26479.3,26554.1,26469.5,26539.6,6450.0
2026-01-21 14:00:00,26539.1,26724.8,26517.6,26707.2,12130.0
2026-01-21 16:00:00,26707.7,26713.6,26483.2,26538.7,11442.0
2026-01-21 18:00:00,26538.2,26739.3,26487.1,26677.2,11243.0
2026-01-21 20:00:00,26677.5,26695.0,26598.7,26644.7,6201.0
2026-01-21 22:00:00,26641.7,26685.3,26641.7,26658.3,1730.0
2026-01-22 00:00:00,26659.7,26779.7,26590.4,26625.0,7954.0
2026-01-22 02:00:00,26623.5,26655.1,26488.7,26547.3,11774.0
2026-01-22 04:00:00,26535.0,26579.2,26518.6,26575.8,6195.0
2026-01-22 06:00:00,26577.3,26617.5,26516.8,26587.7,9353.0
2026-01-22 08:00:00,26586.7,26818.3,26584.2,26771.5,5680.0
2026-01-22 10:00:00,26772.5,26781.3,26688.3,26709.7,4616.0
2026-01-22 12:00:00,26706.7,26782.5,26692.7,26782.5,4411.0
2026-01-22 14:00:00,26782.0,26910.3,26770.2,26889.2,10412.0
2026-01-22 16:00:00,26887.7,26922.2,26881.1,26908.4,6921.0
2026-01-22 18:00:00,26907.9,26913.9,26848.7,26851.0,4393.0
2026-01-22 20:00:00,26850.7,26869.2,26826.6,26844.6,3677.0
2026-01-22 22:00:00,26856.7,26859.0,26836.5,26849.4,1823.0
2026-01-23 00:00:00,26848.9,26938.2,26800.7,26845.4,7232.0
2026-01-23 02:00:00,26844.4,26853.1,26687.7,26720.6,11300.0
2026-01-23 04:00:00,26705.7,26787.6,26700.9,26718.7,6738.0
2026-01-23 06:00:00,26717.7,26754.9,26683.8,26726.4,9000.0
2026-01-23 08:00:00,26726.9,26749.7,26663.3,26709.6,6071.0
2026-01-23 10:00:00,26708.1,26743.3,26638.6,26712.2,4886.0
2026-01-23 12:00:00,26711.7,26737.4,26654.2,26659.8,3763.0
2026-01-23 14:00:00,26659.3,26737.6,26617.7,26729.9,8835.0
2026-01-23 16:00:00,26730.2,26771.6,26689.4,26697.8,6709.0
2026-01-23 18:00:00,26698.3,26773.1,26696.8,26768.3,5688.0
2026-01-23 20:00:00,26768.6,26773.4,26721.2,26724.2,3415.0
2026-01-25 23:00:00,26634.9,26703.6,26619.4,26700.0,7485.0
2026-01-26 01:00:00,26699.8,26916.0,26614.7,26686.0,13581.0
2026-01-26 03:00:00,26683.5,26782.8,26673.9,26739.8,7212.0
2026-01-26 05:00:00,26739.6,26765.0,26652.9,26709.3,11605.0
2026-01-26 07:00:00,26708.8,26771.4,26677.9,26728.2,6484.0
2026-01-26 09:00:00,26727.1,26761.7,26663.8,26731.9,5602.0
2026-01-26 11:00:00,26732.4,26771.7,26702.6,26722.9,3443.0
2026-01-26 13:00:00,26723.4,26797.7,26678.6,26794.0,6532.0
2026-01-26 15:00:00,26791.5,26900.5,26791.5,26863.1,8779.0
2026-01-26 17:00:00,26863.6,26892.1,26851.6,26874.2,4661.0
2026-01-26 19:00:00,26863.4,26865.0,26805.8,26813.0,2990.0
2026-01-26 21:00:00,26812.8,26818.9,26807.4,26807.8,831.0
2026-01-26 22:00:00,26807.5,26823.0,26799.9,26817.9,1388.0
2026-01-27 00:00:00,26818.2,27015.5,26809.2,26881.4,6815.0
2026-01-27 02:00:00,26881.1,27186.3,26841.1,27042.7,12519.0
2026-01-27 04:00:00,27020.6,27118.5,26990.3,27103.8,6507.0
2026-01-27 06:00:00,27104.8,27137.2,27067.0,27082.9,9122.0
2026-01-27 08:00:00,27083.9,27159.0,27034.8,27148.7,5485.0
2026-01-27 10:00:00,27148.2,27178.2,27132.0,27174.6,3332.0
2026-01-27 12:00:00,27174.1,27236.1,27172.6,27208.2,4562.0
2026-01-27 14:00:00,27208.7,27266.1,27170.4,27223.5,9369.0
2026-01-27 16:00:00,27222.0,27238.1,27166.2,27171.5,6898.0
2026-01-27 18:00:00,27172.0,27212.0,27145.6,27201.8,3748.0
2026-01-27 20:00:00,27201.7,27234.7,27198.3,27214.9,2190.0
2026-01-27 22:00:00,27217.7,27236.9,27194.5,27226.6,1168.0
2026-01-28 00:00:00,27227.1,27444.5,27224.1,27440.4,7341.0
2026-01-28 02:00:00,27441.4,27783.5,27372.8,27717.7,13769.0
2026-01-28 04:00:00,27696.4,27824.7,27678.0,27742.6,7187.0
2026-01-28 06:00:00,27751.6,27809.7,27710.4,27769.4,9862.0
2026-01-28 08:00:00,27767.9,27826.3,27718.4,27721.4,6060.0
2026-01-28 10:00:00,27722.4,27757.6,27685.1,27708.6,4111.0
2026-01-28 12:00:00,27708.1,27715.3,27656.1,27669.0,4932.0
2026-01-28 14:00:00,27670.5,27692.4,27486.0,27546.9,9166.0
2026-01-28 16:00:00,27547.4,27600.7,27521.9,27555.4,5616.0
2026-01-28 18:00:00,27555.9,27628.2,27508.9,27611.4,6614.0
2026-01-28 20:00:00,27610.9,27643.2,27536.3,27605.4,6301.0
2026-01-28 22:00:00,27602.1,27626.7,27580.6,27602.0,3809.0
2026-01-29 00:00:00,27603.4,27763.3,27523.6,27739.3,10401.0
2026-01-29 02:00:00,27740.3,27986.9,27707.7,27966.2,13884.0
2026-01-29 04:00:00,27956.7,28062.3,27894.2,27950.8,8436.0
2026-01-29 06:00:00,27949.3,27993.0,27867.1,27956.7,12005.0
2026-01-29 08:00:00,27956.2,28006.4,27883.4,27885.7,6844.0
2026-01-29 10:00:00,27885.2,27908.9,27842.3,27866.3,5179.0
2026-01-29 12:00:00,27872.8,28012.4,27868.3,27990.7,5824.0
2026-01-29 14:00:00,27992.2,28096.3,27482.8,27518.8,12862.0
2026-01-29 16:00:00,27517.8,27781.4,27516.3,27717.7,12000.0
2026-01-29 18:00:00,27717.2,27804.5,27701.9,27727.7,8814.0
2026-01-29 20:00:00,27729.7,27790.5,27723.8,27769.3,5939.0
2026-01-29 22:00:00,27770.3,27811.5,27760.6,27797.1,3503.0
2026-01-30 00:00:00,27797.8,27881.5,27631.6,27639.8,10811.0
2026-01-30 02:00:00,27638.8,27660.2,27435.4,27463.1,13508.0
2026-01-30 04:00:00,27450.4,27529.9,27443.1,27463.3,9239.0
2026-01-30 06:00:00,27460.8,27485.3,27370.8,27379.2,10840.0
2026-01-30 08:00:00,27378.7,27448.2,27274.6,27303.9,9072.0
2026-01-30 10:00:00,27302.9,27543.8,27302.9,27537.2,7574.0
2026-01-30 12:00:00,27540.2,27559.1,27380.3,27399.1,8274.0
2026-01-30 14:00:00,27398.6,27530.2,27344.7,27345.2,12121.0
2026-01-30 16:00:00,27342.7,27360.0,27193.6,27195.6,11961.0
2026-01-30 18:00:00,27194.6,27287.4,27030.5,27182.1,11289.0
2026-01-30 20:00:00,27182.0,27247.5,27163.6,27207.9,6822.0
2026-02-01 23:00:00,27119.2,27276.9,27113.3,27249.7,9286.0
2026-02-02 01:00:00,27250.2,27258.8,26815.3,26826.4,15285.0
2026-02-02 03:00:00,26819.4,26851.4,26650.2,26732.2,11382.0
2026-02-02 05:00:00,26730.9,26773.5,26496.3,26566.5,14396.0
2026-02-02 07:00:00,26567.0,26760.0,26554.6,26735.4,9935.0
2026-02-02 09:00:00,26735.7,26879.6,26704.5,26840.8,8039.0
2026-02-02 11:00:00,26843.3,26907.8,26818.7,26872.4,6323.0
2026-02-02 13:00:00,26872.9,26973.3,26812.8,26943.5,9798.0
2026-02-02 15:00:00,26933.5,27013.9,26890.5,26982.4,11547.0
2026-02-02 17:00:00,26980.4,27020.1,26890.6,26900.2,6312.0
2026-02-02 19:00:00,26885.3,26921.3,26853.9,26903.0,4585.0
2026-02-02 21:00:00,26902.6,26929.1,26893.1,26922.9,1543.0
2026-02-02 22:00:00,26923.5,26973.3,26922.1,26967.8,2340.0
2026-02-03 00:00:00,26967.4,27113.8,26925.0,27052.3,8921.0
2026-02-03 02:00:00,27052.8,27055.4,26417.3,26810.5,16023.0
2026-02-03 04:00:00,26807.2,26867.4,26685.8,26826.7,8362.0
2026-02-03 06:00:00,26826.2,26873.5,26746.2,26783.7,11887.0
2026-02-03 08:00:00,26783.6,26794.3,26671.0,26712.7,6880.0
2026-02-03 10:00:00,26714.2,26771.6,26657.0,26677.4,6494.0
2026-02-03 12:00:00,26679.4,26762.2,26671.4,26713.3,6508.0
2026-02-03 14:00:00,26713.8,26835.8,26676.5,26802.3,12426.0
2026-02-03 16:00:00,26802.8,26809.2,26608.5,26629.6,11818.0
2026-02-03 18:00:00,26627.6,26648.7,26517.6,26615.3,10592.0
2026-02-03 20:00:00,26615.0,26687.6,26591.4,26667.2,6547.0
2026-02-03 22:00:00,26666.2,26682.8,26653.4,26677.2,2284.0
2026-02-04 00:00:00,26677.3,26865.1,26647.7,26783.9,10033.0
2026-02-04 02:00:00,26783.7,26888.9,26583.5,26714.7,13827.0
2026-02-04 04:00:00,26705.4,26836.6,26681.5,26824.1,7949.0
2026-02-04 06:00:00,26823.1,26994.9,26819.0,26832.3,11980.0
2026-02-04 08:00:00,26829.3,26848.4,26701.2,26783.7,8218.0
2026-02-04 10:00:00,26780.2,26844.6,26753.3,26832.4,6328.0
2026-02-04 12:00:00,26830.4,26897.0,26785.4,26852.6,7276.0
2026-02-04 14:00:00,26850.6,26853.6,26636.2,26682.5,13319.0
2026-02-04 16:00:00,26684.0,26693.9,26441.5,26500.8,13315.0
2026-02-04 18:00:00,26498.3,26603.4,26444.6,26592.2,11792.0
2026-02-04 20:00:00,26592.4,26639.1,26506.1,26598.7,9351.0
2026-02-04 22:00:00,26599.7,26600.9,26570.0,26582.5,2787.0
2026-02-05 00:00:00,26581.6,26690.6,26481.4,26491.8,9901.0
2026-02-05 02:00:00,26491.7,26616.8,26373.0,26474.4,14835.0
2026-02-05 04:00:00,26472.9,26668.7,26463.7,26625.0,11340.0
2026-02-05 06:00:00,26626.0,26896.4,26589.4,26838.7,13467.0
2026-02-05 08:00:00,26838.2,26878.1,26746.5,26790.0,10046.0
2026-02-05 10:00:00,26795.5,26867.4,26783.4,26835.5,7334.0
2026-02-05 12:00:00,26834.0,26854.7,26657.9,26693.7,11524.0
2026-02-05 14:00:00,26694.2,26795.3,26467.8,26540.9,14312.0
2026-02-05 16:00:00,26539.9,26665.6,26471.0,26582.7,13824.0
2026-02-05 18:00:00,26582.2,26612.4,26481.5,26499.5,10878.0
2026-02-05 20:00:00,26499.2,26538.1,26400.7,26409.8,10021.0
2026-02-05 22:00:00,26400.1,26431.7,26377.9,26391.2,4828.0
2026-02-06 00:00:00,26390.7,26485.3,26253.0,26384.7,13038.0
2026-02-06 02:00:00,26382.2,26567.3,26352.2,26545.3,13758.0
2026-02-06 04:00:00,26535.4,26644.3,26445.9,26644.3,10759.0
2026-02-06 06:00:00,26640.3,26688.0,26478.9,26526.1,11406.0
2026-02-06 08:00:00,26524.1,26680.7,26504.3,26660.7,9529.0
2026-02-06 10:00:00,26661.2,26741.2,26635.8,26732.2,5922.0
2026-02-06 12:00:00,26733.2,26789.2,26692.2,26777.2,6735.0
2026-02-06 14:00:00,26776.7,26953.5,26773.8,26912.6,11895.0
2026-02-06 16:00:00,26910.6,27022.3,26894.0,27010.6,8144.0
2026-02-06 18:00:00,27011.1,27042.9,26983.8,26993.6,4945.0
2026-02-06 20:00:00,26993.4,27056.1,26986.3,27025.0,3766.0
2026-02-08 23:00:00,27053.0,27091.1,27052.9,27067.6,7890.0
2026-02-09 01:00:00,27067.8,27095.9,26880.4,26959.3,14746.0
2026-02-09 03:00:00,26959.8,27042.0,26916.5,26940.2,7567.0
2026-02-09 05:00:00,26939.8,27119.4,26907.8,27078.2,12270.0
2026-02-09 07:00:00,27079.2,27093.3,26986.8,27009.2,8576.0
2026-02-09 09:00:00,27008.8,27057.4,26893.1,26944.4,5925.0
2026-02-09 11:00:00,26944.9,27026.3,26932.2,27021.4,4752.0
2026-02-09 13:00:00,27021.9,27170.9,26993.9,27155.1,7962.0
2026-02-09 15:00:00,27154.1,27260.6,27151.1,27203.5,8667.0
2026-02-09 17:00:00,27203.0,27225.0,27148.0,27178.5,6091.0
2026-02-09 19:00:00,27178.6,27233.8,27177.7,27205.7,3503.0
2026-02-09 21:00:00,27205.2,27233.4,27203.0,27224.8,786.0
2026-02-09 22:00:00,27226.4,27230.0,27208.4,27215.2,1993.0
2026-02-10 00:00:00,27214.6,27374.6,27138.5,27370.2,8141.0
2026-02-10 02:00:00,27371.2,27397.1,27140.9,27176.2,12815.0
2026-02-10 04:00:00,27158.8,27204.8,27152.0,27188.3,6696.0
2026-02-10 06:00:00,27187.8,27188.8,27093.4,27152.4,9438.0
2026-02-10 08:00:00,27153.9,27216.7,27127.4,27150.3,5955.0
2026-02-10 10:00:00,27147.3,27210.8,27131.3,27206.4,4692.0
2026-02-10 12:00:00,27208.9,27226.3,27141.0,27180.5,6497.0
2026-02-10 14:00:00,27182.0,27275.2,27110.3,27236.4,11036.0
2026-02-10 16:00:00,27236.9,27328.0,27205.3,27310.7,8743.0
2026-02-10 18:00:00,27311.2,27311.2,27220.3,27255.9,6536.0
2026-02-10 20:00:00,27255.6,27262.9,27197.1,27251.7,3078.0
2026-02-10 22:00:00,27249.9,27262.6,27247.2,27256.6,1121.0
2026-02-11 00:00:00,27256.8,27299.3,27126.5,27182.5,6391.0
2026-02-11 02:00:00,27183.0,27320.8,27169.0,27297.0,11820.0
2026-02-11 04:00:00,27291.2,27310.1,27243.0,27293.2,6101.0
2026-02-11 06:00:00,27294.7,27333.8,27230.3,27238.2,8597.0
2026-02-11 08:00:00,27239.2,27263.4,27133.2,27150.2,5814.0
2026-02-11 10:00:00,27149.7,27195.3,27123.0,27137.4,5226.0
2026-02-11 12:00:00,27137.9,27160.5,27021.4,27129.0,7029.0
2026-02-11 14:00:00,27126.5,27194.5,26989.4,27056.9,13116.0
2026-02-11 16:00:00,27057.4,27209.4,27037.6,27175.9,11154.0
2026-02-11 18:00:00,27173.4,27247.4,27147.3,27218.3,7041.0
2026-02-11 20:00:00,27218.1,27227.1,27197.7,27210.4,3347.0
2026-02-11 22:00:00,27210.6,27214.3,27168.9,27181.3,2025.0
2026-02-12 00:00:00,27180.9,27223.9,27003.5,27106.4,7824.0
2026-02-12 02:00:00,27107.0,27112.0,26956.3,27010.1,11678.0
2026-02-12 04:00:00,26996.2,27062.8,26919.6,27054.3,6514.0
2026-02-12 06:00:00,27053.3,27062.5,26960.7,26995.6,8822.0
2026-02-12 08:00:00,26997.6,27035.3,26942.0,27031.9,5918.0
2026-02-12 10:00:00,27032.4,27051.2,26994.5,27048.0,3856.0
2026-02-12 12:00:00,27047.0,27071.4,27000.8,27066.8,4164.0
2026-02-12 14:00:00,27067.3,27093.7,26838.1,26838.1,11421.0
2026-02-12 16:00:00,26838.6,26844.2,26596.5,26604.1,14031.0
2026-02-12 18:00:00,26604.6,26713.8,26581.8,26701.7,9983.0
2026-02-12 20:00:00,26705.8,26714.7,26633.6,26677.3,5864.0
2026-02-12 22:00:00,26673.3,26693.9,26657.0,26688.3,3319.0
2026-02-13 00:00:00,26687.5,26755.7,26567.8,26642.3,10575.0
2026-02-13 02:00:00,26647.8,26656.6,26514.9,26530.2,11558.0
2026-02-13 04:00:00,26513.6,26537.9,26428.8,26456.4,8161.0
2026-02-13 06:00:00,26456.9,26598.5,26449.0,26538.2,10232.0
2026-02-13 08:00:00,26538.7,26562.8,26453.0,26494.7,8265.0
2026-02-13 10:00:00,26492.2,26523.3,26397.8,26441.9,8530.0
2026-02-13 12:00:00,26439.9,26446.9,26228.4,26372.8,11713.0
2026-02-13 14:00:00,26370.8,26549.1,26326.1,26479.0,22947.0
2026-02-13 16:00:00,26480.5,26567.5,26478.3,26543.9,14353.0
2026-02-13 18:00:00,26544.9,26581.4,26446.4,26446.9,10992.0
2026-02-13 20:00:00,26446.8,26496.7,26445.6,26471.9,8433.0
2026-02-15 23:00:00,26482.7,26505.7,26448.2,26501.5,5882.0
2026-02-16 01:00:00,26501.9,26616.3,26373.2,26593.6,18810.0
2026-02-16 03:00:00,26595.6,26804.5,26570.1,26731.9,10229.0
2026-02-16 05:00:00,26731.5,26742.7,26712.4,26740.3,1952.0
2026-02-16 07:00:00,26740.6,26760.2,26718.0,26749.2,5596.0
2026-02-16 09:00:00,26749.0,26766.4,26745.9,26755.5,4073.0
2026-02-16 11:00:00,26755.9,26770.9,26742.1,26761.2,4182.0
2026-02-16 13:00:00,26761.4,26765.7,26697.3,26721.7,6965.0
2026-02-16 15:00:00,26722.0,26732.0,26661.0,26706.5,9035.0
2026-02-16 17:00:00,26705.6,26722.3,26703.2,26708.6,2230.0
2026-02-16 19:00:00,26707.2,26708.7,26703.3,26706.1,89.0
2026-02-19 22:00:00,26748.5,26767.4,26720.4,26725.6,1574.0
2026-02-20 00:00:00,26725.8,26870.1,26337.6,26436.3,12319.0
2026-02-20 02:00:00,26437.8,26618.6,26378.7,26530.6,19012.0
2026-02-20 04:00:00,26527.5,26637.9,26486.2,26545.4,8075.0
2026-02-20 06:00:00,26544.4,26550.8,26405.6,26426.7,10530.0
2026-02-20 08:00:00,26426.2,26471.0,26345.3,26437.9,7785.0
2026-02-20 10:00:00,26438.4,26451.3,26389.7,26418.1,6030.0
2026-02-20 12:00:00,26416.6,26457.7,26358.4,26407.0,8026.0
2026-02-20 14:00:00,26406.5,26785.0,26376.3,26778.6,20844.0
2026-02-20 16:00:00,26779.1,26804.9,26632.6,26743.9,20112.0
2026-02-20 18:00:00,26743.4,26857.1,26722.2,26780.5,13700.0
2026-02-20 20:00:00,26780.7,26841.9,26778.4,26821.0,4579.0
2026-02-22 23:00:00,26800.2,26809.7,26703.3,26704.7,8383.0
2026-02-23 01:00:00,26704.2,27163.6,26699.4,27111.3,21205.0
2026-02-23 03:00:00,27109.7,27125.8,26929.9,27003.1,9543.0
2026-02-23 05:00:00,27002.6,27128.7,26943.1,27075.6,12612.0
2026-02-23 07:00:00,27077.6,27096.6,27009.6,27091.5,9969.0
2026-02-23 09:00:00,27092.2,27129.6,27023.0,27068.2,5555.0
2026-02-23 11:00:00,27068.7,27072.5,26981.1,27012.8,5363.0
2026-02-23 13:00:00,27012.3,27132.5,26995.8,27092.3,10686.0
2026-02-23 15:00:00,27093.3,27103.4,26864.4,26910.7,17978.0
2026-02-23 17:00:00,26909.2,26922.1,26826.1,26844.6,10744.0
2026-02-23 19:00:00,26844.8,26875.9,26817.2,26875.5,6944.0
2026-02-23 21:00:00,26876.4,26888.1,26870.7,26871.8,1038.0
2026-02-23 22:00:00,26871.7,26886.4,26865.8,26872.6,2598.0
2026-02-24 00:00:00,26872.4,26934.4,26550.6,26563.1,12833.0
2026-02-24 02:00:00,26564.6,26645.1,26492.4,26528.8,17277.0
2026-02-24 04:00:00,26515.3,26601.9,26455.6,26490.8,8578.0
2026-02-24 06:00:00,26491.3,26590.5,26481.6,26578.5,12003.0
2026-02-24 08:00:00,26579.5,26599.5,26521.7,26597.7,9584.0
2026-02-24 10:00:00,26597.2,26603.6,26565.6,26579.6,4271.0
2026-02-24 12:00:00,26579.1,26600.3,26520.4,26585.6,6920.0
2026-02-24 14:00:00,26586.1,26726.2,26564.8,26719.7,12907.0
2026-02-24 16:00:00,26720.2,26794.8,26717.2,26777.7,9143.0
2026-02-24 18:00:00,26776.2,26787.9,26707.7,26748.8,5881.0
2026-02-24 20:00:00,26748.9,26802.6,26737.1,26747.0,3332.0
2026-02-24 22:00:00,26748.4,26768.4,26746.4,26765.4,1369.0
2026-02-25 00:00:00,26764.9,26783.1,26632.9,26668.7,10758.0
2026-02-25 02:00:00,26671.7,26828.5,26615.0,26764.5,20170.0
2026-02-25 04:00:00,26768.2,26838.2,26680.2,26689.8,10392.0
2026-02-25 06:00:00,26689.3,26762.0,26650.8,26694.7,11258.0
2026-02-25 08:00:00,26695.7,26764.8,26695.1,26730.6,6547.0
2026-02-25 10:00:00,26727.6,26787.4,26703.9,26781.2,3296.0
2026-02-25 12:00:00,26778.2,26865.5,26769.0,26830.4,4326.0
2026-02-25 14:00:00,26831.4,26881.5,26726.2,26760.0,13089.0
2026-02-25 16:00:00,26759.5,26912.6,26746.0,26906.8,5847.0
2026-02-25 18:00:00,26906.7,26939.6,26896.1,26921.7,2573.0
2026-02-25 20:00:00,26921.9,26953.1,26910.4,26943.0,6511.0
2026-02-25 22:00:00,26942.7,26943.0,26860.8,26892.6,4169.0
2026-02-26 00:00:00,26892.1,27081.8,26694.9,26707.3,13528.0
2026-02-26 02:00:00,26705.8,26718.2,26555.1,26633.4,17458.0
2026-02-26 04:00:00,26623.3,26660.4,26523.0,26546.9,9527.0
2026-02-26 06:00:00,26545.9,26557.5,26349.6,26361.4,13655.0
2026-02-26 08:00:00,26360.4,26446.9,26329.0,26426.6,8702.0
2026-02-26 10:00:00,26426.9,26448.5,26391.5,26437.0,5349.0
2026-02-26 12:00:00,26436.5,26474.1,26409.0,26423.4,5614.0
2026-02-26 14:00:00,26422.9,26502.2,26233.7,26419.9,20454.0
2026-02-26 16:00:00,26420.9,26444.9,26273.7,26281.6,16409.0
2026-02-26 18:00:00,26280.6,26427.2,26268.4,26412.4,9347.0
2026-02-26 20:00:00,26412.2,26439.2,26388.3,26389.3,4443.0
2026-02-26 22:00:00,26384.0,26393.9,26359.5,26377.5,4086.0
2026-02-27 00:00:00,26376.9,26547.3,26337.9,26474.9,13254.0
2026-02-27 02:00:00,26475.4,26598.7,26393.5,26571.4,19054.0
2026-02-27 04:00:00,26561.7,26667.7,26537.0,26612.7,10312.0
2026-02-27 06:00:00,26612.2,26706.4,26608.1,26650.6,11837.0
2026-02-27 08:00:00,26650.1,26692.5,26598.4,26603.6,9151.0
2026-02-27 10:00:00,26603.1,26650.0,26567.1,26632.1,7645.0
2026-02-27 12:00:00,26631.1,26659.2,26481.9,26523.2,10027.0
2026-02-27 14:00:00,26523.7,26586.2,26448.0,26556.2,18031.0
2026-02-27 16:00:00,26556.7,26613.7,26496.5,26527.1,15199.0
2026-02-27 18:00:00,26527.6,26536.0,26461.4,26475.3,8877.0
2026-02-27 20:00:00,26475.4,26527.2,26472.6,26496.9,6783.0
2026-03-01 23:00:00,26369.3,26370.0,26266.5,26308.0,14225.0
2026-03-02 01:00:00,26307.8,26397.4,25863.9,25965.2,24698.0
2026-03-02 03:00:00,25964.6,26216.0,25962.6,26152.8,14400.0
2026-03-02 05:00:00,26152.2,26263.9,26028.3,26052.8,20778.0
2026-03-02 07:00:00,26051.3,26055.0,25915.1,25961.0,17826.0
2026-03-02 09:00:00,25961.2,26080.0,25956.2,26042.1,12508.0
2026-03-02 11:00:00,26042.6,26079.6,25909.4,25929.8,12052.0
2026-03-02 13:00:00,25929.3,26113.1,25841.7,26058.9,17368.0
2026-03-02 15:00:00,26050.4,26124.1,26001.0,26097.7,21536.0
2026-03-02 17:00:00,26096.7,26182.9,26095.4,26140.4,12038.0
2026-03-02 19:00:00,26140.5,26223.0,26124.9,26155.0,11032.0
2026-03-02 21:00:00,26155.5,26158.4,26139.7,26150.5,2178.0
2026-03-02 22:00:00,26149.2,26154.7,26124.1,26137.0,3362.0
2026-03-03 00:00:00,26137.4,26207.1,25931.9,25931.9,14975.0
2026-03-03 02:00:00,25930.9,26169.4,25884.2,25982.9,24528.0
2026-03-03 04:00:00,25961.8,26100.5,25800.1,25822.9,19071.0
2026-03-03 06:00:00,25822.4,25854.6,25719.2,25757.9,20740.0
2026-03-03 08:00:00,25757.4,25786.5,25452.0,25455.3,20288.0
2026-03-03 10:00:00,25455.8,25493.4,25323.9,25416.8,21731.0
2026-03-03 12:00:00,25419.3,25513.2,25295.6,25308.0,18884.0
2026-03-03 14:00:00,25308.5,25341.4,24984.1,25191.9,26502.0
2026-03-03 16:00:00,25190.9,25388.9,25158.2,25338.5,25137.0
2026-03-03 18:00:00,25340.5,25555.4,25339.0,25524.0,17902.0
2026-03-03 20:00:00,25524.1,25539.5,25428.9,25453.8,10405.0
2026-03-03 22:00:00,25455.6,25481.5,25445.4,25457.9,4659.0
2026-03-04 00:00:00,25458.4,25502.5,25161.6,25359.1,22242.0
2026-03-04 02:00:00,25360.1,25391.7,24956.8,25052.3,27175.0
2026-03-04 04:00:00,25034.3,25155.7,24941.5,25064.4,23477.0
2026-03-04 06:00:00,25064.9,25243.6,24991.6,25233.5,21512.0
2026-03-04 08:00:00,25231.9,25346.0,25175.4,25326.4,17018.0
2026-03-04 10:00:00,25325.9,25548.3,25300.6,25442.3,16530.0
2026-03-04 12:00:00,25445.3,25536.0,25354.8,25492.3,15722.0
2026-03-04 14:00:00,25491.3,25538.9,25329.6,25534.4,22449.0
2026-03-04 16:00:00,25535.4,25571.3,25440.1,25562.7,16341.0
2026-03-04 18:00:00,25563.7,25625.7,25524.4,25604.4,7180.0
2026-03-04 20:00:00,25604.5,25671.4,25568.3,25639.2,6030.0
2026-03-04 22:00:00,25634.5,25652.5,25622.0,25631.8,3015.0
2026-03-05 00:00:00,25631.6,25669.3,25471.7,25479.7,15499.0
2026-03-05 02:00:00,25478.3,25730.0,25425.7,25433.4,23461.0
2026-03-05 04:00:00,25424.1,25548.3,25336.9,25338.5,16299.0
2026-03-05 06:00:00,25340.0,25387.9,25221.1,25362.5,20105.0
2026-03-05 08:00:00,25363.5,25480.3,25225.1,25394.9,19265.0
2026-03-05 10:00:00,25395.4,25460.5,25382.9,25402.7,11794.0
2026-03-05 12:00:00,25405.2,25471.3,25239.0,25252.4,14080.0
2026-03-05 14:00:00,25251.4,25414.3,25154.8,25202.1,23898.0
2026-03-05 16:00:00,25201.1,25238.2,25070.3,25130.0,24141.0
2026-03-05 18:00:00,25129.5,25173.9,25056.2,25088.9,18498.0
2026-03-05 20:00:00,25089.0,25211.8,25077.2,25143.3,10377.0
2026-03-05 22:00:00,25140.0,25188.2,25135.7,25184.7,3121.0
2026-03-06 00:00:00,25185.1,25497.7,25167.8,25477.6,16860.0
2026-03-06 02:00:00,25478.3,25795.9,25432.7,25775.1,22719.0
2026-03-06 04:00:00,25768.1,25804.1,25687.8,25759.4,13629.0
2026-03-06 06:00:00,25760.9,25787.4,25665.0,25759.8,17300.0
2026-03-06 08:00:00,25756.3,25760.6,25448.4,25477.1,17384.0
2026-03-06 10:00:00,25476.6,25528.7,25339.6,25355.2,16043.0
2026-03-06 12:00:00,25356.2,25405.2,25137.1,25154.7,17730.0
2026-03-06 14:00:00,25153.7,25381.1,25093.6,25346.4,26727.0
2026-03-06 16:00:00,25346.9,25412.2,25260.7,25278.1,24601.0
2026-03-06 18:00:00,25277.6,25425.6,25274.1,25382.3,18655.0
2026-03-06 20:00:00,25382.4,25412.7,25293.3,25307.4,11759.0
2026-03-08 22:00:00,25138.7,25142.8,24960.7,24981.2,14794.0
2026-03-09 00:00:00,24981.8,25053.7,24771.4,24915.3,23344.0
2026-03-09 02:00:00,24916.5,25168.9,24872.2,25075.6,25854.0
2026-03-09 04:00:00,25064.4,25347.1,24971.2,25345.1,19468.0
2026-03-09 06:00:00,25344.9,25411.8,25208.4,25382.3,23137.0
2026-03-09 08:00:00,25383.3,25526.2,25288.2,25361.0,23702.0
2026-03-09 10:00:00,25361.5,25379.7,25265.2,25305.1,18582.0
2026-03-09 12:00:00,25304.6,25392.0,25189.2,25268.0,20311.0
2026-03-09 14:00:00,25269.0,25516.6,25190.0,25496.3,24811.0
2026-03-09 16:00:00,25497.8,25569.3,25381.2,25400.2,18094.0
2026-03-09 18:00:00,25401.2,25620.2,25374.9,25571.2,17908.0
2026-03-09 20:00:00,25570.7,25576.9,25510.4,25559.3,5979.0
2026-03-09 21:00:00,25559.3,25592.0,25544.4,25571.3,6330.0
2026-03-09 23:00:00,25571.6,25615.2,25553.8,25595.4,11870.0
2026-03-10 01:00:00,25595.6,25815.8,25581.1,25624.2,24709.0
2026-03-10 03:00:00,25626.7,25849.1,25608.6,25769.9,16704.0
2026-03-10 05:00:00,25770.1,25928.5,25770.1,25887.8,18737.0
2026-03-10 07:00:00,25884.3,25960.1,25860.7,25915.8,16673.0
2026-03-10 09:00:00,25915.4,26043.8,25859.7,25924.6,15014.0
2026-03-10 11:00:00,25925.1,25954.8,25758.9,25837.1,16054.0
2026-03-10 13:00:00,25836.6,26124.2,25734.9,26110.9,22674.0
2026-03-10 15:00:00,26110.4,26137.9,26006.4,26114.4,19238.0
2026-03-10 17:00:00,26114.9,26215.1,25942.6,25959.7,22575.0
2026-03-10 19:00:00,25959.8,25991.1,25869.0,25930.1,12318.0
2026-03-10 21:00:00,25929.8,25935.7,25902.4,25910.5,2153.0
2026-03-10 23:00:00,25910.4,25990.7,25908.4,25983.6,7657.0
2026-03-11 01:00:00,25984.0,26129.0,25948.5,26078.3,22180.0
2026-03-11 03:00:00,26077.8,26093.8,25918.8,25946.1,10572.0
2026-03-11 05:00:00,25961.3,25993.9,25862.6,25923.3,19091.0
2026-03-11 07:00:00,25923.8,25927.8,25742.4,25757.6,15847.0
2026-03-11 09:00:00,25757.4,25847.1,25692.8,25833.2,13708.0
2026-03-11 11:00:00,25832.7,25850.9,25666.3,25693.6,14432.0
2026-03-11 13:00:00,25690.6,25836.8,25681.2,25791.4,22859.0
2026-03-11 15:00:00,25791.9,25810.3,25648.3,25753.9,19278.0
2026-03-11 17:00:00,25754.4,25759.7,25629.4,25728.1,16030.0
2026-03-11 19:00:00,25718.1,25756.4,25683.8,25719.5,5674.0
2026-03-11 21:00:00,25723.7,25726.8,25634.6,25652.5,4910.0
2026-03-11 23:00:00,25652.3,25654.6,25566.4,25598.5,12029.0
2026-03-12 01:00:00,25599.0,25896.1,25525.0,25568.2,22790.0
2026-03-12 03:00:00,25566.7,25606.0,25490.1,25527.5,11210.0
2026-03-12 05:00:00,25521.5,25663.7,25480.9,25638.9,18624.0
2026-03-12 07:00:00,25639.9,25725.3,25630.6,25666.1,13501.0
2026-03-12 09:00:00,25666.3,25730.3,25610.6,25691.0,11128.0
2026-03-12 11:00:00,25690.5,25757.6,25620.9,25642.2,10435.0
2026-03-12 13:00:00,25644.7,25672.6,25409.5,25426.6,22976.0
2026-03-12 15:00:00,25427.1,25541.2,25378.5,25486.5,22211.0
2026-03-12 17:00:00,25486.0,25536.5,25437.6,25437.6,16777.0
2026-03-12 19:00:00,25437.5,25462.9,25426.7,25455.9,8260.0
2026-03-12 21:00:00,25457.0,25476.2,25444.6,25471.2,3624.0
2026-03-12 23:00:00,25471.0,25483.1,25400.5,25476.7,9711.0
2026-03-13 01:00:00,25476.3,25661.0,25441.2,25609.4,22726.0
2026-03-13 03:00:00,25609.9,25636.9,25480.4,25550.0,10750.0
2026-03-13 05:00:00,25550.4,25610.0,25419.2,25453.6,17714.0
2026-03-13 07:00:00,25453.1,25453.1,25320.8,25403.0,16398.0
2026-03-13 09:00:00,25403.5,25524.0,25382.8,25508.7,12846.0
2026-03-13 11:00:00,25508.2,25699.5,25485.9,25654.1,13314.0
2026-03-13 13:00:00,25653.6,25744.3,25516.8,25519.3,21959.0
2026-03-13 15:00:00,25520.8,25576.2,25402.4,25446.2,23439.0
2026-03-13 17:00:00,25446.7,25501.1,25391.8,25443.6,17818.0
2026-03-13 19:00:00,25443.7,25443.7,25387.7,25392.9,6915.0
2026-03-15 22:00:00,25413.1,25472.6,25371.1,25464.4,11575.0
2026-03-16 00:00:00,25464.3,25566.9,25286.3,25504.0,17959.0
2026-03-16 02:00:00,25505.0,25737.6,25436.1,25726.0,22082.0
2026-03-16 04:00:00,25708.6,25802.9,25687.0,25784.2,12597.0
2026-03-16 06:00:00,25783.7,25830.1,25747.3,25798.2,13776.0
2026-03-16 08:00:00,25796.7,25810.0,25657.4,25665.3,14523.0
2026-03-16 10:00:00,25664.8,25811.9,25656.5,25800.0,11456.0
2026-03-16 12:00:00,25800.5,25953.7,25797.5,25929.9,13554.0
2026-03-16 14:00:00,25928.4,25946.5,25843.4,25848.9,18957.0
2026-03-16 16:00:00,25847.9,25875.4,25793.7,25826.5,16452.0
2026-03-16 18:00:00,25827.5,25905.3,25820.6,25851.2,11569.0
2026-03-16 20:00:00,25850.7,25858.0,25837.2,25847.4,3062.0
2026-03-16 21:00:00,25844.2,25851.0,25833.3,25836.3,3060.0
2026-03-16 23:00:00,25836.6,25854.4,25822.4,25833.0,6923.0
2026-03-17 01:00:00,25832.9,26226.6,25832.0,26071.8,21632.0
2026-03-17 03:00:00,26072.3,26101.3,26018.0,26063.2,10887.0
2026-03-17 05:00:00,26079.2,26097.1,25834.1,25874.6,20479.0
2026-03-17 07:00:00,25874.1,25907.3,25832.3,25871.3,14083.0
2026-03-17 09:00:00,25871.1,25963.8,25867.4,25917.6,10202.0
2026-03-17 11:00:00,25916.1,26006.4,25911.7,25982.4,8183.0
2026-03-17 13:00:00,25982.9,26037.3,25912.1,25958.1,15765.0
2026-03-17 15:00:00,25958.6,25962.9,25809.0,25855.0,18231.0
2026-03-17 17:00:00,25854.5,25923.6,25851.5,25882.6,9771.0
2026-03-17 19:00:00,25866.4,25866.6,25844.3,25859.9,5974.0
2026-03-17 21:00:00,25859.2,25863.8,25840.0,25848.8,2062.0
2026-03-17 23:00:00,25848.7,25911.5,25840.7,25886.4,5255.0
2026-03-18 01:00:00,25886.8,25989.3,25780.9,25816.1,20532.0
2026-03-18 03:00:00,25815.1,25837.3,25789.8,25803.7,7985.0
2026-03-18 05:00:00,25804.1,26089.2,25804.1,26060.0,20439.0
2026-03-18 07:00:00,26060.5,26100.2,25942.9,25956.7,12459.0
2026-03-18 09:00:00,25956.9,26045.3,25949.2,25978.0,6844.0
2026-03-18 11:00:00,25975.0,26016.1,25689.3,25696.1,15372.0
2026-03-18 13:00:00,25699.1,25754.4,25534.5,25603.0,21676.0
2026-03-18 15:00:00,25604.0,25659.2,25535.5,25582.9,16316.0
2026-03-18 17:00:00,25583.4,25589.1,25450.5,25450.5,15631.0
2026-03-18 19:00:00,25450.1,25467.6,25369.3,25381.4,11548.0
2026-03-18 21:00:00,25385.5,25405.1,25361.2,25377.1,3305.0
2026-03-18 23:00:00,25377.4,25443.1,25376.3,25437.4,8437.0
2026-03-19 01:00:00,25437.7,25694.7,25387.9,25577.2,22274.0
2026-03-19 03:00:00,25577.7,25634.3,25511.6,25522.7,11498.0
2026-03-19 05:00:00,25523.5,25553.8,25409.3,25469.7,17930.0
2026-03-19 07:00:00,25470.7,25506.6,25398.2,25426.4,16408.0
2026-03-19 09:00:00,25427.3,25529.6,25352.9,25382.8,17910.0
2026-03-19 11:00:00,25382.3,25409.7,25189.8,25195.4,15273.0
2026-03-19 13:00:00,25197.9,25329.7,25081.3,25265.6,24955.0
2026-03-19 15:00:00,25265.1,25329.3,25180.6,25213.0,22772.0
2026-03-19 17:00:00,25212.5,25298.1,25158.3,25284.4,14759.0
2026-03-19 19:00:00,25284.6,25427.1,25275.5,25346.9,13501.0
2026-03-19 21:00:00,25345.0,25370.0,25340.5,25362.7,2295.0
2026-03-19 23:00:00,25363.3,25391.5,25339.6,25343.0,5962.0
2026-03-20 01:00:00,25343.3,25515.2,25275.8,25323.9,22333.0
2026-03-20 03:00:00,25324.9,25409.2,25279.3,25300.5,9877.0
2026-03-20 05:00:00,25312.3,25347.4,25171.5,25182.6,16231.0
2026-03-20 07:00:00,25183.1,25281.0,25103.0,25175.9,15399.0
2026-03-20 09:00:00,25176.1,25221.6,25029.4,25110.7,17932.0
2026-03-20 11:00:00,25110.2,25177.2,25099.0,25148.4,14986.0
2026-03-20 13:00:00,25147.9,25151.2,24840.2,24869.2,22305.0
2026-03-20 15:00:00,24869.7,24964.4,24788.2,24832.3,21409.0
2026-03-20 17:00:00,24832.8,24857.7,24680.2,24680.2,17848.0
2026-03-20 19:00:00,24680.3,24759.7,24613.9,24752.3,12185.0
2026-03-22 22:00:00,24613.5,24705.9,24604.0,24687.6,14438.0
2026-03-23 00:00:00,24689.1,24761.2,24514.0,24564.8,21843.0
2026-03-23 02:00:00,24562.8,24654.0,24366.0,24376.4,21432.0
2026-03-23 04:00:00,24370.0,24463.7,24281.7,24312.5,16093.0
2026-03-23 06:00:00,24313.0,24397.8,24162.6,24357.9,21740.0
2026-03-23 08:00:00,24358.9,24424.8,24273.4,24295.0,21053.0
2026-03-23 10:00:00,24297.0,25128.8,24213.2,24735.2,24990.0
2026-03-23 12:00:00,24733.7,25055.0,24688.6,25017.6,27258.0
2026-03-23 14:00:00,25019.1,25212.9,24876.9,24880.2,23693.0
2026-03-23 16:00:00,24881.2,25018.5,24823.7,24993.0,22409.0
2026-03-23 18:00:00,24993.5,25073.5,24926.2,24941.9,14361.0
2026-03-23 20:00:00,24941.4,24955.1,24916.6,24944.3,3568.0
2026-03-23 21:00:00,24948.7,24988.3,24928.6,24985.5,3425.0
2026-03-23 23:00:00,24985.2,24985.2,24809.1,24855.5,13917.0
2026-03-24 01:00:00,24855.7,24891.3,24522.6,24689.1,26713.0
2026-03-24 03:00:00,24688.1,24823.0,24661.1,24777.8,14526.0
2026-03-24 05:00:00,24803.8,24970.1,24640.6,24953.8,21149.0
2026-03-24 07:00:00,24954.3,25060.7,24913.8,24927.9,20511.0
2026-03-24 09:00:00,24928.7,24993.5,24831.6,24959.9,17972.0
2026-03-24 11:00:00,24960.4,24990.6,24804.1,24814.6,16277.0
2026-03-24 13:00:00,24815.6,25025.6,24757.7,24941.1,24186.0
2026-03-24 15:00:00,24942.1,25027.1,24911.0,24987.8,21140.0
2026-03-24 17:00:00,24988.3,25020.4,24861.2,24949.2,20074.0
2026-03-24 19:00:00,24949.4,25091.2,24908.2,25039.5,15999.0
2026-03-24 21:00:00,25041.1,25104.0,25039.6,25103.7,4449.0
2026-03-24 23:00:00,25103.6,25148.0,25089.7,25124.4,10708.0
2026-03-25 01:00:00,25124.3,25374.9,25119.5,25159.5,23415.0
2026-03-25 03:00:00,25160.0,25170.6,25049.9,25085.0,11807.0
2026-03-25 05:00:00,25084.8,25362.5,25006.9,25165.3,23124.0
2026-03-25 07:00:00,25165.8,25389.7,25160.2,25299.1,17431.0
2026-03-25 09:00:00,25300.2,25362.5,25209.0,25283.5,13978.0
2026-03-25 11:00:00,25284.0,25374.4,25183.2,25269.8,15074.0
2026-03-25 13:00:00,25272.3,25341.7,25186.3,25289.2,21157.0
2026-03-25 15:00:00,25290.2,25316.4,25123.5,25288.3,20249.0
2026-03-25 17:00:00,25289.3,25338.9,25227.7,25248.5,13635.0
2026-03-25 19:00:00,25248.4,25278.8,25232.9,25266.4,7172.0
2026-03-25 21:00:00,25265.1,25268.8,25239.8,25239.8,2666.0
2026-03-25 23:00:00,25240.1,25260.3,25208.3,25236.6,6989.0
2026-03-26 01:00:00,25237.1,25248.5,24918.6,24950.7,21481.0
2026-03-26 03:00:00,24950.2,24991.0,24893.2,24934.7,11615.0
2026-03-26 05:00:00,24960.2,24990.1,24786.4,24853.4,18408.0
2026-03-26 07:00:00,24852.9,24864.2,24750.7,24777.2,15356.0
2026-03-26 09:00:00,24777.4,24826.6,24690.0,24776.9,14079.0
2026-03-26 11:00:00,24779.4,24785.1,24647.1,24727.8,12710.0
2026-03-26 13:00:00,24725.8,24939.4,24719.7,24856.7,21539.0
2026-03-26 15:00:00,24857.7,24892.7,24744.4,24765.1,18575.0
2026-03-26 17:00:00,24765.6,24789.5,24691.1,24757.8,12922.0
2026-03-26 19:00:00,24750.9,24823.4,24654.3,24705.4,13818.0
2026-03-26 21:00:00,24712.1,24739.1,24702.6,24729.7,5429.0
2026-03-26 23:00:00,24729.4,24766.0,24704.2,24704.6,11255.0
2026-03-27 01:00:00,24705.1,24944.5,24667.4,24866.5,23660.0
2026-03-27 03:00:00,24867.0,25002.4,24839.6,24995.2,11780.0
2026-03-27 05:00:00,24995.4,25103.3,24970.5,25006.9,18402.0
2026-03-27 07:00:00,25006.4,25027.7,24819.4,24821.4,15421.0
2026-03-27 09:00:00,24821.7,24870.2,24702.3,24707.6,14339.0
2026-03-27 11:00:00,24708.1,24756.5,24662.7,24728.9,12903.0
2026-03-27 13:00:00,24729.9,24801.7,24675.6,24759.9,18555.0
2026-03-27 15:00:00,24761.4,24842.3,24697.6,24724.6,15383.0
2026-03-27 17:00:00,24725.1,24783.8,24641.7,24642.0,6845.0
2026-03-27 19:00:00,24641.9,24670.2,24597.0,24608.1,11223.0
2026-03-29 22:00:00,24583.7,24591.0,24522.1,24531.1,14617.0
2026-03-30 00:00:00,24531.0,24649.3,24336.7,24546.5,23564.0
2026-03-30 02:00:00,24547.5,24738.1,24418.6,24715.5,21642.0
2026-03-30 04:00:00,24702.3,24802.0,24615.5,24675.1,15089.0
2026-03-30 06:00:00,24677.6,24835.7,24667.6,24750.7,16381.0
2026-03-30 08:00:00,24749.7,24793.3,24722.0,24760.4,12193.0
2026-03-30 10:00:00,24760.9,24901.5,24735.9,24793.7,11914.0
2026-03-30 12:00:00,24796.9,24866.3,24703.1,24735.2,13618.0
2026-03-30 14:00:00,24734.7,24905.4,24726.2,24856.8,21002.0
2026-03-30 16:00:00,24857.3,24862.3,24711.3,24733.5,15174.0
2026-03-30 18:00:00,24734.0,24770.2,24660.2,24714.5,12707.0
2026-03-30 20:00:00,24714.0,24716.0,24690.5,24704.3,2786.0
2026-03-30 21:00:00,24702.8,24723.7,24697.7,24705.5,3192.0
2026-03-30 23:00:00,24705.3,24795.4,24638.3,24747.1,17126.0
2026-03-31 01:00:00,24747.5,24991.8,24682.2,24684.4,25852.0
2026-03-31 03:00:00,24684.9,24727.9,24584.2,24601.7,15349.0
2026-03-31 05:00:00,24601.6,24744.1,24544.2,24688.6,20802.0
2026-03-31 07:00:00,24691.6,24795.3,24664.2,24732.7,16013.0
2026-03-31 09:00:00,24732.9,24780.8,24663.6,24721.8,12860.0
2026-03-31 11:00:00,24726.8,24888.8,24705.7,24837.6,17821.0
2026-03-31 13:00:00,24839.1,25053.8,24805.8,24885.0,20072.0
2026-03-31 15:00:00,24884.5,25214.7,24884.0,25123.8,21728.0
2026-03-31 17:00:00,25124.8,25213.1,25103.5,25185.8,19608.0
2026-03-31 19:00:00,25186.3,25287.7,25169.5,25260.0,10765.0
2026-03-31 21:00:00,25260.1,25277.1,25247.5,25254.1,4657.0
2026-03-31 23:00:00,25253.7,25286.9,25218.9,25259.5,10798.0
2026-04-01 01:00:00,25259.9,25408.6,25205.1,25309.2,23287.0
2026-04-01 03:00:00,25312.2,25354.8,25260.6,25276.3,9397.0
2026-04-01 05:00:00,25280.9,25432.8,25245.3,25369.9,18064.0
2026-04-01 07:00:00,25370.9,25386.9,25219.4,25268.2,16183.0
2026-04-01 09:00:00,25268.4,25320.5,25201.1,25318.4,12893.0
2026-04-01 11:00:00,25316.9,25405.1,25250.5,25262.6,11670.0
2026-04-01 13:00:00,25263.6,25435.3,25228.7,25402.3,21427.0
2026-04-01 15:00:00,25404.8,25456.7,25348.6,25442.2,13770.0
2026-04-01 17:00:00,25441.7,25469.6,25267.9,25287.7,13102.0
2026-04-01 19:00:00,25287.3,25349.4,25284.0,25318.0,8120.0
2026-04-01 21:00:00,25322.7,25329.0,25303.2,25309.2,3226.0
2026-04-01 23:00:00,25309.6,25352.2,25300.0,25347.2,10382.0
2026-04-02 01:00:00,25347.0,25348.4,24985.2,25021.9,26062.0
2026-04-02 03:00:00,25020.4,25066.1,24961.1,24968.9,12989.0
2026-04-02 05:00:00,24969.5,24986.5,24890.0,24977.1,16659.0
2026-04-02 07:00:00,24977.6,25092.3,24973.6,25049.4,12795.0
2026-04-02 09:00:00,25050.3,25080.7,24983.1,25001.7,9801.0
2026-04-02 11:00:00,25000.7,25012.0,24911.3,24955.4,11328.0
2026-04-02 13:00:00,24962.4,25295.8,24904.7,25255.7,21688.0
2026-04-02 15:00:00,25256.7,25256.7,25102.5,25147.7,20118.0
2026-04-02 17:00:00,25147.2,25230.1,25134.7,25210.3,13251.0
2026-04-02 19:00:00,25209.8,25259.1,25209.7,25249.1,7110.0
2026-04-02 21:00:00,25247.6,25255.0,25233.1,25246.4,2350.0
2026-04-02 23:00:00,25246.5,25265.7,25239.3,25246.7,5039.0
2026-04-03 01:00:00,25246.3,25249.7,25151.0,25162.7,4244.0
2026-04-03 03:00:00,25162.9,25169.3,25148.3,25156.6,2917.0
2026-04-03 05:00:00,25156.3,25195.4,25136.9,25147.1,3215.0
2026-04-03 07:00:00,25146.8,25157.9,25129.0,25148.1,2861.0
2026-04-03 09:00:00,25147.8,25148.9,25134.7,25144.0,2209.0
2026-04-03 11:00:00,25143.7,25200.1,25131.1,25136.7,6775.0
2026-04-03 13:00:00,25136.9,25149.6,25131.7,25141.1,1000.0
2026-04-05 22:00:00,25104.0,25107.2,25063.5,25102.6,12825.0
2026-04-06 00:00:00,25102.4,25204.1,25101.0,25155.1,10503.0
2026-04-06 02:00:00,25154.3,25193.5,25111.4,25142.8,11819.0
2026-04-06 04:00:00,25142.4,25168.7,25139.9,25154.8,6801.0
2026-04-06 06:00:00,25154.3,25206.5,25144.5,25196.0,10807.0
2026-04-06 08:00:00,25197.1,25234.9,25196.9,25205.0,9628.0
2026-04-06 10:00:00,25205.8,25215.6,25172.0,25190.0,9597.0
2026-04-06 12:00:00,25190.7,25315.1,25170.9,25315.1,11186.0
2026-04-06 14:00:00,25315.2,25344.3,25191.0,25220.3,14642.0
2026-04-06 16:00:00,25220.4,25234.1,25143.3,25181.0,9626.0
2026-04-06 18:00:00,25181.1,25256.1,25172.8,25239.2,7613.0
2026-04-06 20:00:00,25239.5,25243.5,25227.0,25234.1,1923.0
2026-04-06 21:00:00,25233.9,25264.6,25227.0,25230.4,3779.0
2026-04-06 23:00:00,25230.5,25263.1,25219.3,25236.0,8237.0
2026-04-07 01:00:00,25236.2,25243.0,25155.3,25182.1,12806.0
2026-04-07 03:00:00,25182.3,25211.1,25175.1,25201.5,7392.0
2026-04-07 05:00:00,25202.1,25209.6,25165.7,25196.1,9197.0
2026-04-07 07:00:00,25196.7,25259.8,25181.6,25245.4,16721.0
2026-04-07 09:00:00,25245.9,25272.7,25145.1,25154.6,17062.0
2026-04-07 11:00:00,25154.8,25201.2,25122.2,25163.3,18051.0
2026-04-07 13:00:00,25163.6,25190.6,25034.1,25036.4,19049.0
2026-04-07 15:00:00,25036.5,25093.0,24987.7,25072.0,15490.0
2026-04-07 17:00:00,25072.1,25139.7,25033.9,25049.5,11492.0
2026-04-07 19:00:00,25049.3,25281.4,25035.6,25259.5,15235.0
2026-04-07 21:00:00,25267.5,25617.3,25244.6,25604.9,12147.0
2026-04-07 23:00:00,25604.6,25689.9,25565.9,25604.0,20037.0
2026-04-08 01:00:00,25603.8,26090.9,25597.0,25814.9,25009.0
2026-04-08 03:00:00,25813.9,25878.7,25725.5,25844.3,12483.0
2026-04-08 05:00:00,25850.5,25957.2,25830.6,25899.4,19955.0
2026-04-08 07:00:00,25901.4,25949.7,25811.0,25947.0,16741.0
2026-04-08 09:00:00,25947.2,25995.7,25891.5,25944.1,11592.0
2026-04-08 11:00:00,25943.6,26066.6,25912.6,26008.8,15167.0
2026-04-08 13:00:00,26008.3,26071.4,25803.1,25849.6,21745.0
2026-04-08 15:00:00,25850.1,25973.0,25827.7,25968.9,14458.0
2026-04-08 17:00:00,25968.4,25980.9,25829.1,25829.1,14066.0
2026-04-08 19:00:00,25828.9,25891.1,25821.3,25869.0,7828.0
2026-04-08 21:00:00,25871.3,25882.5,25858.1,25861.5,3192.0
2026-04-08 23:00:00,25861.4,25871.5,25837.4,25839.1,7935.0
2026-04-09 01:00:00,25838.9,25848.2,25651.3,25812.6,20372.0
2026-04-09 03:00:00,25813.6,25842.4,25768.6,25786.3,9225.0
2026-04-09 05:00:00,25786.5,25862.3,25757.3,25809.2,16864.0
2026-04-09 07:00:00,25813.2,25824.5,25691.9,25705.8,12378.0
2026-04-09 09:00:00,25705.6,25737.4,25671.1,25672.1,9019.0
2026-04-09 11:00:00,25671.6,25750.3,25659.9,25727.5,10539.0
2026-04-09 13:00:00,25728.0,25799.4,25637.3,25684.5,17922.0
2026-04-09 15:00:00,25684.0,25921.8,25648.6,25904.5,17568.0
2026-04-09 17:00:00,25905.0,25946.5,25849.7,25887.3,12741.0
2026-04-09 19:00:00,25887.4,25929.9,25886.3,25912.0,6167.0
2026-04-09 21:00:00,25911.6,25917.2,25878.9,25894.9,3038.0
2026-04-09 23:00:00,25895.4,25910.0,25888.8,25903.8,4973.0
2026-04-10 01:00:00,25903.6,26079.9,25854.5,25911.8,20302.0
2026-04-10 03:00:00,25911.3,25946.3,25885.0,25894.8,8036.0
2026-04-10 05:00:00,25909.1,25994.6,25865.8,25879.2,17237.0
2026-04-10 07:00:00,25878.7,25936.7,25855.2,25881.3,10032.0
2026-04-10 09:00:00,25881.6,25982.4,25881.6,25951.3,8982.0
2026-04-10 11:00:00,25951.8,26032.1,25950.3,25993.7,8861.0
2026-04-10 13:00:00,25993.2,26061.4,25947.0,25971.7,15710.0
2026-04-10 15:00:00,25969.2,26019.6,25887.5,25944.0,14007.0
2026-04-10 17:00:00,25944.5,25965.7,25913.2,25933.1,8542.0
2026-04-10 19:00:00,25933.2,25943.3,25905.6,25940.0,5018.0
2026-04-12 22:00:00,25788.8,25790.5,25703.1,25732.3,9485.0
2026-04-13 00:00:00,25732.9,25761.8,25531.9,25599.3,14969.0
2026-04-13 02:00:00,25598.8,25654.5,25517.0,25589.3,16841.0
2026-04-13 04:00:00,25588.8,25647.3,25565.5,25584.7,9944.0
2026-04-13 06:00:00,25584.2,25661.4,25575.7,25657.9,12098.0
2026-04-13 08:00:00,25657.4,25683.0,25619.0,25638.4,7745.0
2026-04-13 10:00:00,25639.4,25678.6,25578.8,25579.6,7325.0
2026-04-13 12:00:00,25580.6,25749.8,25564.9,25741.6,11555.0
2026-04-13 14:00:00,25740.6,25786.2,25685.4,25776.6,14738.0
2026-04-13 16:00:00,25777.1,25897.4,25761.3,25874.6,11419.0
2026-04-13 18:00:00,25875.1,25951.1,25875.1,25945.5,6468.0
2026-04-13 20:00:00,25944.7,25959.4,25940.2,25951.5,2737.0
2026-04-13 21:00:00,25951.1,25963.9,25949.8,25961.4,1745.0
2026-04-13 23:00:00,25961.0,25974.8,25917.8,25937.5,4043.0
2026-04-14 01:00:00,25937.0,26020.2,25806.7,25812.8,19065.0
2026-04-14 03:00:00,25813.8,25831.5,25764.7,25768.9,6450.0
2026-04-14 05:00:00,25768.7,25893.7,25683.9,25893.7,15163.0
2026-04-14 07:00:00,25895.7,25960.3,25882.1,25904.7,6997.0
2026-04-14 09:00:00,25905.1,25931.6,25877.8,25887.8,6324.0
2026-04-14 11:00:00,25888.3,26000.6,25883.1,25965.0,7850.0
2026-04-14 13:00:00,25961.5,26191.1,25958.4,26177.4,13483.0
2026-04-14 15:00:00,26177.9,26192.0,26131.2,26144.4,9834.0
2026-04-14 17:00:00,26143.9,26178.5,26124.4,26149.3,7439.0
2026-04-14 19:00:00,26139.2,26208.4,26139.0,26200.6,5552.0
2026-04-14 21:00:00,26202.2,26211.5,26196.1,26202.1,1930.0
2026-04-14 23:00:00,26202.2,26219.6,26165.6,26173.4,4132.0
2026-04-15 01:00:00,26172.6,26238.0,26090.3,26099.5,18544.0
2026-04-15 03:00:00,26097.0,26152.5,26056.7,26078.6,6935.0
2026-04-15 05:00:00,26078.8,26109.8,25971.7,26018.0,15137.0
2026-04-15 07:00:00,26017.5,26068.1,25941.5,25961.5,9172.0
2026-04-15 09:00:00,25961.3,25964.9,25884.2,25931.0,9944.0
2026-04-15 11:00:00,25933.0,25989.7,25924.0,25977.8,8749.0
2026-04-15 13:00:00,25978.3,26088.6,25966.3,26062.2,13327.0
2026-04-15 15:00:00,26061.7,26131.4,26048.1,26073.5,11411.0
2026-04-15 17:00:00,26074.0,26122.4,26057.7,26110.8,6995.0
2026-04-15 19:00:00,26110.9,26126.3,26086.1,26088.9,5446.0
2026-04-15 21:00:00,26089.6,26118.8,26087.9,26118.8,1657.0
2026-04-15 23:00:00,26119.1,26137.0,26109.2,26133.7,3380.0
2026-04-16 01:00:00,26133.3,26269.2,26124.5,26249.9,18736.0
2026-04-16 03:00:00,26247.9,26327.9,26245.2,26296.6,7448.0
2026-04-16 05:00:00,26296.8,26403.6,26241.7,26363.2,13770.0
2026-04-16 07:00:00,26362.7,26416.2,26328.0,26339.1,9985.0
2026-04-16 09:00:00,26339.5,26346.1,26273.7,26303.4,5813.0
2026-04-16 11:00:00,26304.4,26346.8,26292.2,26306.4,7046.0
2026-04-16 13:00:00,26307.4,26313.5,26164.0,26211.2,16768.0
2026-04-16 15:00:00,26211.7,26348.8,26210.7,26249.0,14035.0
2026-04-16 17:00:00,26249.5,26251.1,26183.3,26217.1,11313.0
2026-04-16 19:00:00,26217.3,26239.1,26196.6,26233.9,5055.0
2026-04-16 21:00:00,26233.5,26256.8,26231.6,26252.9,1545.0
2026-04-16 23:00:00,26252.6,26267.2,26240.4,26263.7,3249.0
2026-04-17 01:00:00,26263.5,26291.4,26072.1,26072.1,16080.0
2026-04-17 03:00:00,26073.6,26085.5,26028.3,26057.6,5894.0
2026-04-17 05:00:00,26060.1,26140.6,26036.6,26082.7,11667.0
2026-04-17 07:00:00,26084.2,26186.2,26076.6,26180.6,7206.0
2026-04-17 09:00:00,26180.4,26224.9,26167.4,26202.8,4617.0
2026-04-17 11:00:00,26203.3,26446.8,26201.5,26443.3,8500.0
2026-04-17 13:00:00,26445.3,26650.8,26410.8,26562.4,19136.0
2026-04-17 15:00:00,26562.4,26609.4,26510.0,26574.2,11814.0
2026-04-17 17:00:00,26571.7,26576.2,26460.7,26492.4,11241.0
2026-04-17 19:00:00,26492.6,26500.3,26467.2,26487.2,6239.0
2026-04-19 22:00:00,26324.0,26328.8,26146.9,26209.8,8237.0
2026-04-20 00:00:00,26210.1,26374.5,26105.4,26242.3,14831.0
2026-04-20 02:00:00,26241.3,26430.6,26228.8,26390.2,18516.0
2026-04-20 04:00:00,26376.8,26399.4,26258.4,26314.0,10687.0
2026-04-20 06:00:00,26315.0,26433.4,26315.0,26374.2,14946.0
2026-04-20 08:00:00,26357.3,26398.9,26339.7,26367.5,8632.0
2026-04-20 10:00:00,26369.0,26419.4,26365.5,26411.8,7434.0
2026-04-20 12:00:00,26410.3,26489.9,26374.1,26470.1,12953.0
2026-04-20 14:00:00,26469.1,26501.1,26332.5,26422.9,16745.0
2026-04-20 16:00:00,26423.4,26468.6,26403.8,26453.0,8270.0
2026-04-20 18:00:00,26453.5,26479.1,26442.4,26461.2,5697.0
2026-04-20 20:00:00,26461.5,26500.4,26453.9,26473.5,2369.0
2026-04-20 21:00:00,26474.7,26500.6,26465.4,26494.1,2133.0
2026-04-20 23:00:00,26494.5,26496.3,26462.3,26477.7,3427.0
2026-04-21 01:00:00,26478.3,26493.5,26350.2,26420.0,17240.0
2026-04-21 03:00:00,26421.0,26421.0,26344.7,26400.4,5947.0
2026-04-21 05:00:00,26406.9,26529.3,26391.8,26466.5,13579.0
2026-04-21 07:00:00,26466.0,26491.2,26422.2,26473.8,8213.0
2026-04-21 09:00:00,26474.1,26499.2,26452.0,26477.5,5490.0
2026-04-21 11:00:00,26478.5,26494.4,26377.6,26403.9,9397.0
2026-04-21 13:00:00,26403.6,26444.2,26249.4,26255.8,16946.0
2026-04-21 15:00:00,26256.3,26304.3,26212.3,26212.8,17248.0
2026-04-21 17:00:00,26213.3,26264.5,26134.6,26187.6,16111.0
2026-04-21 19:00:00,26188.0,26262.9,26126.9,26220.2,12976.0
2026-04-21 21:00:00,26223.1,26267.4,26219.5,26251.6,2260.0
2026-04-21 23:00:00,26251.9,26352.2,26248.0,26308.6,4125.0
2026-04-22 01:00:00,26309.2,26319.4,26080.6,26094.6,15976.0
2026-04-22 03:00:00,26093.8,26169.6,26065.5,26096.5,6855.0
2026-04-22 05:00:00,26096.8,26183.5,26073.5,26182.0,13347.0
2026-04-22 07:00:00,26182.5,26203.6,26116.6,26137.8,9810.0
2026-04-22 09:00:00,26137.9,26169.2,26101.8,26137.9,8932.0
2026-04-22 11:00:00,26137.4,26207.1,26122.8,26130.9,9544.0
2026-04-22 13:00:00,26131.4,26256.3,26122.4,26178.0,17280.0
2026-04-22 15:00:00,26178.5,26231.4,26149.4,26153.2,12360.0
2026-04-22 17:00:00,26152.7,26211.6,26142.5,26164.1,7581.0
2026-04-22 19:00:00,26146.1,26179.2,26124.6,26150.7,6447.0
2026-04-22 21:00:00,26154.7,26155.8,26133.3,26140.0,1821.0
2026-04-22 23:00:00,26140.3,26175.8,25908.8,26148.4,9791.0
2026-04-23 01:00:00,26148.7,26176.2,25861.2,25915.9,20426.0
2026-04-23 03:00:00,25915.4,25939.3,25830.7,25895.0,10633.0
2026-04-23 05:00:00,25895.6,25977.4,25863.3,25915.0,14131.0
2026-04-23 07:00:00,25914.5,25934.1,25866.4,25872.3,10626.0
2026-04-23 09:00:00,25871.7,25904.6,25833.7,25878.8,10691.0
2026-04-23 11:00:00,25878.3,25982.5,25859.5,25955.7,13002.0
2026-04-23 13:00:00,25956.2,26000.5,25876.8,25970.5,16363.0
2026-04-23 15:00:00,25970.0,25987.6,25908.5,25922.8,13027.0
2026-04-23 17:00:00,25923.3,25929.9,25656.7,25782.8,21162.0
2026-04-23 19:00:00,25782.5,25802.0,25750.2,25773.1,9169.0
2026-04-23 21:00:00,25771.9,25830.1,25770.8,25814.8,2479.0
2026-04-23 23:00:00,25814.5,25866.1,25808.8,25817.7,4732.0
2026-04-24 01:00:00,25818.0,25821.3,25619.1,25765.3,19494.0
2026-04-24 03:00:00,25766.3,25853.4,25745.7,25832.5,11445.0
2026-04-24 05:00:00,25833.1,25989.9,25831.6,25945.4,14998.0
2026-04-24 07:00:00,25941.9,25986.7,25909.3,25917.3,11084.0
2026-04-24 09:00:00,25917.6,25949.4,25822.3,25937.1,10143.0
2026-04-24 11:00:00,25936.6,26083.6,25910.0,25955.4,15660.0
2026-04-24 13:00:00,25955.9,25989.7,25883.5,25983.5,19718.0
2026-04-24 15:00:00,25984.0,26062.3,25948.3,26030.7,16243.0
2026-04-24 17:00:00,26031.2,26068.2,26006.6,26023.2,10963.0
2026-04-24 19:00:00,26023.6,26055.4,26014.9,26045.0,5326.0
2026-04-26 22:00:00,26011.1,26012.0,25968.0,25989.2,4290.0
2026-04-27 00:00:00,25989.8,26075.4,25826.8,26058.1,13941.0
2026-04-27 02:00:00,26059.6,26065.2,25933.4,26030.3,18058.0
2026-04-27 04:00:00,26018.2,26036.7,25894.7,25913.6,9550.0
2026-04-27 06:00:00,25914.1,25987.4,25896.1,25984.1,12866.0
2026-04-27 08:00:00,25984.6,25985.1,25908.1,25937.2,7208.0
2026-04-27 10:00:00,25937.7,25974.4,25922.6,25934.6,6134.0
2026-04-27 12:00:00,25935.1,25950.0,25860.7,25931.5,13178.0
2026-04-27 14:00:00,25932.5,25942.4,25851.7,25868.8,16490.0
2026-04-27 16:00:00,25869.3,25890.1,25849.0,25855.6,8550.0
2026-04-27 18:00:00,25855.1,25881.0,25846.0,25849.5,5606.0
2026-04-27 20:00:00,25848.9,25855.3,25841.9,25850.7,1632.0
2026-04-27 21:00:00,25851.2,25892.1,25849.3,25879.7,2570.0
2026-04-27 23:00:00,25880.0,25899.1,25863.4,25868.8,4565.0
2026-04-28 01:00:00,25869.4,25917.9,25723.3,25768.7,19323.0
2026-04-28 03:00:00,25768.2,25812.9,25752.2,25760.0,7132.0
2026-04-28 05:00:00,25760.2,25780.7,25613.6,25686.5,12225.0
2026-04-28 07:00:00,25686.0,25726.9,25637.5,25678.4,9800.0
2026-04-28 09:00:00,25678.5,25699.7,25646.2,25688.7,8314.0
2026-04-28 11:00:00,25688.2,25707.3,25575.4,25669.4,11223.0
2026-04-28 13:00:00,25667.9,25813.2,25659.9,25782.7,14347.0
2026-04-28 15:00:00,25781.2,25807.2,25765.3,25779.0,11249.0
2026-04-28 17:00:00,25778.5,25799.1,25740.9,25776.6,2921.0
2026-04-28 19:00:00,25776.7,25795.3,25756.7,25766.6,4831.0
2026-04-28 21:00:00,25765.1,25784.4,25764.5,25780.1,1526.0
2026-04-28 23:00:00,25780.3,25809.1,25777.1,25784.9,2160.0
2026-04-29 01:00:00,25785.1,26041.0,25750.9,25945.3,20859.0
2026-04-29 03:00:00,25947.3,26027.9,25917.1,25962.0,8334.0
2026-04-29 05:00:00,25976.3,26076.5,25973.3,26026.0,13785.0
2026-04-29 07:00:00,26026.5,26118.1,26001.1,26016.8,13027.0
2026-04-29 09:00:00,26017.4,26046.6,25983.9,26029.6,8687.0
2026-04-29 11:00:00,26030.1,26059.6,25960.9,25967.5,7897.0
2026-04-29 13:00:00,25969.0,25993.6,25787.5,25876.1,14905.0
2026-04-29 15:00:00,25875.1,25890.8,25809.4,25850.4,13293.0
2026-04-29 17:00:00,25850.9,25878.9,25776.2,25822.5,13146.0
2026-04-29 19:00:00,25822.6,25865.9,25723.8,25758.8,13434.0
2026-04-29 21:00:00,25765.1,25907.2,25757.8,25843.1,5727.0
2026-04-29 23:00:00,25842.2,25890.4,25835.9,25864.7,6371.0
2026-04-30 01:00:00,25864.3,26021.6,25692.4,25715.9,20440.0
2026-04-30 03:00:00,25715.4,25773.9,25692.0,25705.9,14468.0
2026-04-30 05:00:00,25706.4,25836.9,25700.4,25800.8,16439.0
2026-04-30 07:00:00,25800.3,25817.3,25689.6,25698.1,12263.0
2026-04-30 09:00:00,25698.4,25845.8,25691.0,25844.8,13596.0
2026-04-30 11:00:00,25845.3,25922.0,25845.3,25885.9,12136.0
2026-04-30 13:00:00,25885.4,26011.5,25839.7,26002.5,18879.0
2026-04-30 15:00:00,26003.0,26061.7,25979.6,26021.1,12870.0
2026-04-30 17:00:00,26021.6,26100.7,26017.6,26083.2,8401.0
2026-04-30 19:00:00,26078.3,26156.2,26071.6,26139.1,7296.0
2026-04-30 21:00:00,26120.7,26176.8,26118.3,26142.9,3425.0
2026-04-30 23:00:00,26143.1,26159.0,26135.6,26149.3,5445.0
2026-05-01 01:00:00,26149.0,26157.5,26133.1,26137.1,2719.0
2026-05-01 03:00:00,26137.3,26148.7,26122.6,26142.9,2280.0
2026-05-01 05:00:00,26143.1,26150.3,26109.0,26111.6,3067.0
2026-05-01 07:00:00,26111.9,26128.5,26099.6,26104.7,3977.0
2026-05-01 09:00:00,26104.5,26115.9,26095.3,26113.0,3165.0
2026-05-01 11:00:00,26113.3,26151.3,26101.2,26121.8,6678.0
2026-05-01 13:00:00,26121.3,26244.1,26094.8,26178.1,13002.0
2026-05-01 15:00:00,26178.6,26204.2,26141.1,26160.1,10072.0
2026-05-01 17:00:00,26158.1,26170.2,26115.0,26132.6,5992.0
2026-05-01 19:00:00,26132.5,26170.9,26098.7,26112.3,5526.0
2026-05-03 22:00:00,26206.2,26238.3,26187.4,26206.5,5508.0
2026-05-04 00:00:00,26206.0,26298.6,26051.5,26263.3,14575.0
2026-05-04 02:00:00,26262.3,26327.9,26113.6,26210.8,18219.0
2026-05-04 04:00:00,26195.6,26212.2,26128.2,26171.6,8286.0
2026-05-04 06:00:00,26172.1,26189.3,26077.4,26105.5,11396.0
2026-05-04 08:00:00,26103.0,26105.7,26052.6,26076.7,7535.0
2026-05-04 10:00:00,26077.2,26080.7,25847.6,25999.7,17062.0
2026-05-04 12:00:00,26000.2,26077.3,25969.1,26047.6,14704.0
2026-05-04 14:00:00,26048.6,26122.6,25958.8,25983.9,18771.0
2026-05-04 16:00:00,25983.4,26026.3,25909.8,25992.6,16107.0
2026-05-04 18:00:00,25992.1,26013.5,25939.6,25966.1,8821.0
2026-05-04 20:00:00,25965.6,25966.9,25949.0,25955.5,1735.0
2026-05-04 21:00:00,25960.8,25977.6,25958.6,25961.9,1732.0
2026-05-04 23:00:00,25962.3,25975.7,25948.7,25967.5,4453.0
2026-05-05 01:00:00,25967.2,25992.8,25659.4,25786.2,16571.0
2026-05-05 03:00:00,25785.7,25814.8,25743.5,25746.1,6007.0
2026-05-05 05:00:00,25745.6,25833.6,25702.4,25829.6,11532.0
2026-05-05 07:00:00,25830.1,25907.5,25824.4,25901.4,10116.0
2026-05-05 09:00:00,25901.7,25959.7,25879.4,25923.2,7699.0
2026-05-05 11:00:00,25922.7,25971.5,25878.8,25933.6,9576.0
2026-05-05 13:00:00,25933.1,25964.3,25846.0,25870.6,14674.0
2026-05-05 15:00:00,25871.6,25924.5,25867.0,25896.7,8563.0
2026-05-05 17:00:00,25896.2,25949.3,25871.2,25942.3,5131.0
2026-05-05 19:00:00,25932.3,25939.0,25888.2,25918.5,5681.0
2026-05-05 21:00:00,25922.9,25981.4,25913.5,25957.0,3632.0
2026-05-05 23:00:00,25958.0,25971.0,25937.7,25949.0,8119.0
2026-05-06 01:00:00,25948.9,26145.1,25861.8,26076.2,21530.0
2026-05-06 03:00:00,26075.7,26206.6,26031.3,26080.8,10413.0
2026-05-06 05:00:00,26080.6,26190.8,26069.2,26136.7,16397.0
2026-05-06 07:00:00,26137.7,26324.6,26105.5,26299.9,12056.0
2026-05-06 09:00:00,26300.0,26480.6,26233.3,26453.6,14463.0
2026-05-06 11:00:00,26454.1,26480.6,26301.7,26342.7,14351.0
2026-05-06 13:00:00,26342.2,26526.5,26277.5,26490.8,19302.0
2026-05-06 15:00:00,26490.3,26516.4,26448.8,26471.2,12100.0
2026-05-06 17:00:00,26471.7,26519.3,26463.0,26501.0,6814.0
2026-05-06 19:00:00,26501.1,26581.4,26501.1,26559.1,6053.0
2026-05-06 21:00:00,26560.4,26562.3,26531.7,26536.5,2461.0
2026-05-06 23:00:00,26536.1,26549.0,26508.4,26529.5,5752.0
2026-05-07 01:00:00,26529.2,26650.2,26482.7,26609.8,20784.0
2026-05-07 03:00:00,26608.3,26641.5,26536.4,26628.4,8969.0
2026-05-07 05:00:00,26628.2,26666.1,26545.6,26614.8,15036.0
2026-05-07 07:00:00,26614.3,26674.0,26574.2,26576.7,12491.0
2026-05-07 09:00:00,26577.1,26594.5,26515.0,26530.3,8824.0
2026-05-07 11:00:00,26534.3,26565.7,26503.2,26565.2,7514.0
2026-05-07 13:00:00,26564.7,26662.5,26412.8,26490.6,15527.0
2026-05-07 15:00:00,26491.1,26514.1,26364.9,26414.4,16530.0
2026-05-07 17:00:00,26414.9,26434.5,26312.4,26373.5,16037.0
2026-05-07 19:00:00,26362.9,26378.6,26309.8,26313.2,9627.0
2026-05-07 21:00:00,26312.8,26330.9,26256.4,26313.4,4664.0
2026-05-07 23:00:00,26314.0,26398.8,26311.4,26397.0,5429.0
2026-05-08 01:00:00,26397.5,26416.6,26254.0,26275.9,18864.0
2026-05-08 03:00:00,26278.4,26311.2,26246.5,26298.7,8862.0
2026-05-08 05:00:00,26298.4,26448.5,26293.0,26441.9,14846.0
2026-05-08 07:00:00,26442.4,26446.3,26333.4,26348.8,11352.0
2026-05-08 09:00:00,26349.5,26391.8,26337.9,26379.3,7361.0
2026-05-08 11:00:00,26379.8,26436.8,26342.3,26403.8,8554.0
2026-05-08 13:00:00,26403.3,26510.9,26313.6,26318.1,16636.0
2026-05-08 15:00:00,26318.6,26357.9,26279.5,26302.8,11438.0
2026-05-08 17:00:00,26302.3,26363.7,26298.8,26319.8,7615.0
2026-05-08 19:00:00,26319.7,26343.0,26315.7,26332.8,4726.0
2026-05-10 22:00:00,26284.8,26314.2,26260.8,26294.0,5776.0
2026-05-11 00:00:00,26294.3,26341.2,26222.3,26290.6,14909.0
2026-05-11 02:00:00,26289.1,26353.7,26204.9,26317.8,17215.0
2026-05-11 04:00:00,26306.7,26375.9,26289.2,26353.4,9578.0
2026-05-11 06:00:00,26351.4,26418.6,26346.8,26400.6,12315.0
2026-05-11 08:00:00,26399.2,26431.2,26370.7,26406.5,6602.0
2026-05-11 10:00:00,26405.5,26430.4,26379.6,26417.9,5564.0
2026-05-11 12:00:00,26417.4,26578.0,26405.3,26557.6,10463.0
2026-05-11 14:00:00,26558.1,26590.1,26520.9,26558.4,11926.0
2026-05-11 16:00:00,26558.9,26576.7,26508.8,26509.3,7065.0
2026-05-11 18:00:00,26508.8,26542.9,26489.3,26505.0,6427.0
2026-05-11 20:00:00,26506.0,26509.5,26482.0,26499.8,1952.0
2026-05-11 21:00:00,26498.7,26519.0,26497.5,26514.4,1253.0
2026-05-11 23:00:00,26514.7,26515.6,26465.6,26478.0,4514.0
2026-05-12 01:00:00,26477.5,26595.7,26412.1,26570.1,20429.0
2026-05-12 03:00:00,26569.1,26582.5,26462.2,26464.0,9647.0
2026-05-12 05:00:00,26463.9,26475.1,26338.1,26366.0,15855.0
2026-05-12 07:00:00,26366.5,26384.0,26300.1,26326.1,10671.0
2026-05-12 09:00:00,26325.8,26383.4,26310.6,26370.4,8186.0
2026-05-12 11:00:00,26371.9,26437.3,26344.0,26424.3,9735.0
2026-05-12 13:00:00,26423.8,26431.7,26255.0,26265.2,17790.0
2026-05-12 15:00:00,26265.7,26277.3,26194.2,26234.2,15470.0
2026-05-12 17:00:00,26234.7,26363.6,26231.5,26339.6,9515.0
2026-05-12 19:00:00,26339.8,26386.9,26323.6,26334.5,6105.0
2026-05-12 21:00:00,26333.4,26349.6,26327.3,26335.8,1853.0
2026-05-12 23:00:00,26336.0,26342.9,26308.7,26326.0,7500.0
2026-05-13 01:00:00,26325.5,26394.8,26223.9,26241.1,19404.0
2026-05-13 03:00:00,26240.6,26431.3,26215.2,26403.1,9427.0
2026-05-13 05:00:00,26402.9,26469.4,26283.7,26371.1,17793.0
2026-05-13 07:00:00,26371.6,26380.0,26335.6,26340.1,9471.0
2026-05-13 09:00:00,26340.4,26359.7,26233.7,26243.6,10110.0
2026-05-13 11:00:00,26245.1,26290.0,26125.2,26160.9,9635.0
2026-05-13 13:00:00,26162.5,26826.3,26160.4,26797.7,19683.0
2026-05-13 15:00:00,26797.5,26877.4,26786.4,26855.2,13737.0
2026-05-13 17:00:00,26854.7,26900.0,26827.8,26863.9,9845.0
2026-05-13 19:00:00,26850.9,26903.2,26844.0,26871.2,5036.0
2026-05-13 21:00:00,26873.0,26880.8,26859.6,26865.9,2019.0
2026-05-13 23:00:00,26866.1,26896.6,26860.4,26894.2,5872.0
2026-05-14 01:00:00,26893.3,26933.4,26525.3,26566.6,20869.0
2026-05-14 03:00:00,26567.1,26585.3,26433.3,26515.8,11565.0
2026-05-14 05:00:00,26491.0,26564.0,26408.8,26433.9,19599.0
2026-05-14 07:00:00,26432.4,26452.7,26315.5,26361.3,11778.0
2026-05-14 09:00:00,26361.8,26398.4,26278.8,26377.7,10039.0
2026-05-14 11:00:00,26377.2,26414.6,26332.3,26357.3,8460.0
2026-05-14 13:00:00,26357.8,26403.2,26197.3,26372.6,17987.0
2026-05-14 15:00:00,26372.1,26422.6,26336.6,26383.2,11842.0
2026-05-14 17:00:00,26384.7,26406.4,26350.4,26362.5,10327.0
2026-05-14 19:00:00,26362.6,26380.2,26332.2,26347.0,5299.0
2026-05-14 21:00:00,26343.3,26355.5,26338.6,26350.7,1728.0
2026-05-14 23:00:00,26350.9,26359.9,26325.2,26336.8,6208.0
2026-05-15 01:00:00,26336.3,26342.2,26042.9,26118.1,22195.0
2026-05-15 03:00:00,26116.6,26153.0,26095.7,26098.5,11907.0
2026-05-15 05:00:00,26099.6,26122.0,25839.8,25922.5,20545.0
2026-05-15 07:00:00,25924.0,25987.6,25815.0,25846.0,15337.0
2026-05-15 09:00:00,25845.6,25971.8,25810.8,25952.6,15572.0
2026-05-15 11:00:00,25952.1,25960.9,25805.5,25846.6,13071.0
2026-05-15 13:00:00,25847.1,25903.1,25719.2,25771.4,20252.0
2026-05-15 15:00:00,25770.9,25788.0,25699.1,25727.5,16233.0
2026-05-15 17:00:00,25727.0,25800.3,25718.7,25775.4,10653.0
2026-05-15 19:00:00,25766.9,25767.7,25633.1,25651.0,9045.0
2026-05-17 22:00:00,25654.7,25691.2,25604.9,25650.8,13338.0
2026-05-18 00:00:00,25650.6,25797.1,25577.4,25595.9,24734.0
2026-05-18 02:00:00,25595.7,25641.9,25489.5,25596.1,21253.0
2026-05-18 04:00:00,25587.9,25680.8,25567.9,25582.8,16067.0
2026-05-18 06:00:00,25580.8,25658.5,25533.1,25624.1,17003.0
2026-05-18 08:00:00,25621.6,25695.0,25601.9,25672.9,10027.0
2026-05-18 10:00:00,25671.9,25776.9,25574.8,25721.8,12218.0
2026-05-18 12:00:00,25721.3,25819.3,25634.2,25745.9,17000.0
2026-05-18 14:00:00,25745.4,25752.7,25630.2,25682.1,20220.0
2026-05-18 16:00:00,25682.6,25716.1,25628.5,25702.9,15644.0
2026-05-18 18:00:00,25704.4,25706.4,25585.5,25641.3,15821.0
2026-05-18 20:00:00,25642.7,25645.6,25624.7,25631.6,2062.0
2026-05-18 21:00:00,25635.3,25681.6,25631.3,25672.7,3516.0
2026-05-18 23:00:00,25672.9,25684.7,25610.9,25613.7,11461.0
2026-05-19 01:00:00,25613.4,25839.5,25581.0,25725.0,23293.0
2026-05-19 03:00:00,25726.0,25768.3,25682.6,25725.2,14940.0
2026-05-19 05:00:00,25725.3,25805.6,25669.6,25800.0,19684.0
2026-05-19 07:00:00,25800.5,25825.0,25734.8,25742.3,11626.0
2026-05-19 09:00:00,25742.5,25742.5,25664.0,25725.4,11986.0
2026-05-19 11:00:00,25724.9,25743.8,25641.4,25679.9,10683.0
2026-05-19 13:00:00,25678.4,25722.5,25580.6,25607.7,16576.0
2026-05-19 15:00:00,25608.2,25693.2,25608.2,25680.6,15786.0
2026-05-19 17:00:00,25681.6,25717.7,25639.3,25642.0,10821.0
2026-05-19 19:00:00,25641.9,25669.3,25621.4,25637.8,8225.0
2026-05-19 21:00:00,25641.9,25657.3,25628.8,25643.1,3649.0
2026-05-19 23:00:00,25643.6,25686.8,25608.3,25648.0,14233.0
2026-05-20 01:00:00,25647.8,25692.0,25527.7,25546.5,22558.0
2026-05-20 03:00:00,25547.0,25677.6,25520.6,25616.9,14516.0
2026-05-20 05:00:00,25616.8,25678.2,25560.3,25623.7,18687.0
2026-05-20 07:00:00,25622.7,25691.6,25599.9,25620.6,12314.0
2026-05-20 09:00:00,25620.0,25707.2,25607.8,25673.8,7560.0
2026-05-20 11:00:00,25674.3,25709.0,25644.0,25678.4,7788.0
2026-05-20 13:00:00,25677.9,25730.9,25532.8,25705.7,17853.0
2026-05-20 15:00:00,25705.2,25815.0,25679.0,25771.7,14486.0
2026-05-20 17:00:00,25772.2,25820.5,25750.6,25802.4,7258.0
2026-05-20 19:00:00,25802.5,25822.5,25733.3,25744.9,6796.0
2026-05-20 21:00:00,25760.4,25771.6,25696.2,25721.0,3911.0
2026-05-20 23:00:00,25721.2,25745.4,25716.3,25740.4,6299.0
2026-05-21 01:00:00,25740.9,25868.8,25611.1,25643.5,12215.0
2026-05-21 03:00:00,25641.5,25682.1,25623.2,25655.7,6533.0
2026-05-21 05:00:00,25656.1,25693.2,25373.9,25385.8,12511.0
2026-05-21 07:00:00,25384.8,25428.1,25342.7,25392.8,9802.0
2026-05-21 09:00:00,25392.3,25476.5,25282.3,25334.5,9100.0
2026-05-21 11:00:00,25335.0,25430.3,25313.3,25398.5,8871.0
2026-05-21 13:00:00,25398.0,25501.7,25349.7,25426.7,8843.0
2026-05-21 15:00:00,25426.2,25519.4,25399.1,25505.3,8537.0
2026-05-21 17:00:00,25505.8,25688.3,25501.7,25581.6,8880.0
2026-05-21 19:00:00,25581.7,25647.5,25579.2,25637.1,6548.0
2026-05-21 21:00:00,25636.8,25651.4,25628.6,25644.9,2938.0
2026-05-21 23:00:00,25645.4,25659.1,25632.1,25634.9,4428.0
2026-05-22 01:00:00,25634.6,25670.7,25487.1,25616.5,10723.0
2026-05-22 03:00:00,25617.0,25731.0,25585.7,25700.0,5864.0
2026-05-22 05:00:00,25700.2,25742.3,25612.3,25628.7,9729.0
2026-05-22 07:00:00,25626.2,25631.7,25512.4,25513.2,7889.0
2026-05-22 09:00:00,25512.9,25513.2,25165.8,25265.3,10019.0
2026-05-22 11:00:00,25270.8,25294.4,25160.9,25245.1,9392.0
2026-05-22 13:00:00,25244.6,25450.4,25223.3,25385.8,12428.0
2026-05-22 15:00:00,25385.3,25461.0,25374.2,25455.2,8269.0
2026-05-22 17:00:00,25455.7,25534.8,25446.2,25457.7,7211.0
2026-05-22 19:00:00,25457.4,25457.5,25414.9,25426.0,6601.0
2026-05-24 22:00:00,25524.1,25583.5,25511.3,25569.6,6221.0
2026-05-25 00:00:00,25569.8,25644.3,25567.9,25638.5,4698.0
2026-05-25 02:00:00,25639.2,25671.4,25620.6,25621.8,2598.0
2026-05-25 04:00:00,25622.4,25640.5,25585.3,25585.3,1992.0
2026-05-25 06:00:00,25584.7,25593.1,25540.2,25580.6,4431.0
2026-05-25 08:00:00,25581.2,25588.2,25564.2,25582.1,2844.0
2026-05-25 10:00:00,25581.7,25602.5,25578.4,25596.5,2189.0
2026-05-25 12:00:00,25595.7,25617.1,25589.6,25612.4,2801.0
2026-05-25 14:00:00,25611.8,25627.8,25585.0,25602.7,3582.0
2026-05-25 16:00:00,25603.0,25632.4,25593.1,25607.7,1482.0
2026-05-25 18:00:00,25607.3,25610.1,25598.0,25607.1,633.0
2026-05-25 21:00:00,25598.1,25605.5,25568.8,25574.0,3180.0
2026-05-25 23:00:00,25573.1,25582.9,25529.4,25545.4,6547.0
2026-05-26 01:00:00,25545.2,25736.8,25425.8,25676.3,13864.0
2026-05-26 03:00:00,25677.3,25772.4,25633.5,25713.9,7070.0
2026-05-26 05:00:00,25713.3,25730.4,25573.0,25659.8,12714.0
2026-05-26 07:00:00,25660.3,25677.8,25519.9,25534.4,8342.0
2026-05-26 09:00:00,25535.3,25575.0,25490.0,25547.3,6345.0
2026-05-26 11:00:00,25546.8,25564.0,25491.6,25527.2,5753.0
2026-05-26 13:00:00,25524.2,25581.4,25490.2,25508.8,10434.0
2026-05-26 15:00:00,25510.8,25534.2,25473.4,25511.9,8669.0
2026-05-26 17:00:00,25511.4,25533.7,25498.5,25514.9,5447.0
2026-05-26 19:00:00,25515.0,25579.5,25512.6,25551.2,4502.0
2026-05-26 21:00:00,25554.6,25567.5,25541.5,25546.7,2298.0
2026-05-26 23:00:00,25547.0,25579.2,25542.1,25571.0,5056.0
2026-05-27 01:00:00,25571.3,25672.5,25384.8,25416.3,13095.0
2026-05-27 03:00:00,25414.8,25475.9,25350.4,25371.8,7180.0
2026-05-27 05:00:00,25371.2,25403.7,25269.9,25294.3,12584.0
2026-05-27 07:00:00,25295.3,25349.9,25264.4,25286.2,7777.0
2026-05-27 09:00:00,25285.9,25310.7,25203.3,25214.3,4619.0
2026-05-27 11:00:00,25217.3,25281.2,25155.6,25201.7,6678.0
2026-05-27 13:00:00,25201.2,25373.9,25186.1,25319.5,10692.0
2026-05-27 15:00:00,25320.2,25362.3,25277.0,25290.4,7861.0
2026-05-27 17:00:00,25289.9,25311.5,25251.8,25299.7,3343.0
2026-05-27 19:00:00,25275.9,25301.6,25260.2,25300.8,4862.0
2026-05-27 21:00:00,25297.3,25314.2,25265.8,25286.4,3360.0
2026-05-27 23:00:00,25286.1,25289.9,25239.3,25278.2,7285.0
2026-05-28 01:00:00,25278.5,25289.1,24800.7,24804.0,13242.0
2026-05-28 03:00:00,24803.5,24846.5,24717.1,24745.7,10641.0
2026-05-28 05:00:00,24744.4,25020.6,24723.4,24998.7,13758.0
2026-05-28 07:00:00,24997.7,25015.4,24945.8,24958.9,8235.0
2026-05-28 09:00:00,24959.5,24992.6,24868.9,24886.3,5656.0
2026-05-28 11:00:00,24885.8,24981.6,24879.5,24962.1,6541.0
2026-05-28 13:00:00,24961.6,25090.3,24883.3,25061.0,11234.0
2026-05-28 15:00:00,25061.5,25116.6,25050.2,25116.6,7043.0
2026-05-28 17:00:00,25117.1,25135.9,25088.4,25110.1,4534.0
2026-05-28 19:00:00,25094.9,25124.7,25082.5,25117.6,4415.0
2026-05-28 21:00:00,25118.4,25132.4,25109.4,25111.0,2423.0
2026-05-28 23:00:00,25111.2,25125.9,25066.5,25068.3,3837.0
2026-05-29 01:00:00,25068.9,25221.6,25058.0,25065.8,13529.0
2026-05-29 03:00:00,25069.3,25296.2,25048.6,25270.5,8166.0
2026-05-29 05:00:00,25271.7,25304.2,25190.1,25240.3,13588.0
2026-05-29 07:00:00,25241.3,25258.4,25078.9,25095.2,8808.0
2026-05-29 09:00:00,25095.8,25155.3,25058.0,25117.6,6458.0
2026-05-29 11:00:00,25118.6,25156.8,25088.4,25152.0,6531.0
2026-05-29 13:00:00,25151.5,25321.6,25081.5,25273.7,10809.0
2026-05-29 15:00:00,25273.2,25312.6,25234.2,25244.3,9238.0
2026-05-29 17:00:00,25243.8,25268.9,25198.3,25198.3,6013.0
2026-05-29 19:00:00,25198.4,25214.3,25148.6,25157.1,5643.0
2026-05-31 22:00:00,25151.3,25195.2,25134.0,25192.9,5080.0
2026-06-01 00:00:00,25193.8,25414.2,25102.9,25325.3,8693.0
2026-06-01 02:00:00,25323.3,25491.8,25280.6,25392.1,13778.0
2026-06-01 04:00:00,25380.7,25437.6,25349.2,25395.1,7666.0
2026-06-01 06:00:00,25395.6,25450.8,25333.8,25419.2,10523.0
2026-06-01 08:00:00,25392.0,25393.2,25319.4,25339.7,5338.0
2026-06-01 10:00:00,25342.2,25377.0,25327.9,25353.4,4429.0
2026-06-01 12:00:00,25352.9,25357.6,25135.5,25176.2,9451.0
2026-06-01 14:00:00,25164.9,25272.5,25140.2,25251.0,11056.0
2026-06-01 16:00:00,25251.5,25376.7,25211.6,25331.6,7488.0
2026-06-01 18:00:00,25332.1,25334.1,25262.9,25281.5,4785.0
2026-06-01 20:00:00,25280.3,25293.8,25263.9,25271.7,2765.0
2026-06-01 21:00:00,25270.6,25280.1,25222.3,25236.7,3245.0
2026-06-01 23:00:00,25236.6,25248.2,25193.2,25198.6,5588.0
2026-06-02 01:00:00,25198.8,25790.4,25186.2,25705.5,14050.0
2026-06-02 03:00:00,25707.5,25749.0,25604.6,25748.0,7816.0
2026-06-02 05:00:00,25759.6,25970.7,25759.6,25931.4,12599.0
2026-06-02 07:00:00,25928.4,26055.0,25924.9,26024.0,8518.0
2026-06-02 09:00:00,26024.3,26025.8,25969.3,25970.4,4274.0
2026-06-02 11:00:00,25970.9,25981.1,25933.2,25940.3,5083.0
2026-06-02 13:00:00,25941.3,26004.1,25860.3,25983.1,11899.0
2026-06-02 15:00:00,25982.6,26073.7,25965.5,25970.0,8942.0
2026-06-02 17:00:00,25969.5,25970.5,25901.9,25932.8,5451.0
2026-06-02 19:00:00,25932.5,25989.1,25932.3,25978.0,4698.0
2026-06-02 21:00:00,25976.4,25982.9,25958.6,25962.7,3231.0
2026-06-02 23:00:00,25963.0,25983.1,25910.0,25976.0,10107.0
2026-06-03 01:00:00,25976.1,25987.7,25600.2,25623.6,19825.0
2026-06-03 03:00:00,25622.1,25631.6,25560.3,25591.3,7225.0
2026-06-03 05:00:00,25591.0,25653.0,25556.7,25613.3,18089.0
2026-06-03 07:00:00,25615.8,25634.8,25552.0,25556.6,9565.0
2026-06-03 09:00:00,25556.4,25629.0,25552.8,25578.7,6514.0
2026-06-03 11:00:00,25579.2,25595.3,25483.0,25515.7,5804.0
2026-06-03 13:00:00,25516.2,25540.7,25401.5,25477.1,14364.0
2026-06-03 15:00:00,25478.1,25491.8,25373.7,25410.9,10698.0
2026-06-03 17:00:00,25412.4,25438.9,25385.4,25397.4,5386.0
2026-06-03 19:00:00,25393.7,25403.5,25293.9,25359.9,9171.0
2026-06-03 21:00:00,25360.3,25369.0,25314.2,25359.2,7221.0
2026-06-03 23:00:00,25360.1,25382.8,25318.0,25378.8,11302.0
2026-06-04 01:00:00,25378.1,25479.0,25238.9,25291.7,21448.0
2026-06-04 03:00:00,25292.2,25296.1,25213.3,25245.0,9763.0
2026-06-04 05:00:00,25244.8,25288.6,25167.5,25236.1,17065.0
2026-06-04 07:00:00,25236.6,25292.9,25113.5,25119.3,12154.0
2026-06-04 09:00:00,25119.0,25200.7,25047.2,25163.9,10132.0
2026-06-04 11:00:00,25163.4,25271.4,25163.4,25249.0,10516.0
2026-06-04 13:00:00,25248.5,25351.4,25172.4,25212.6,15480.0
2026-06-04 15:00:00,25214.1,25261.6,25195.1,25233.2,8410.0
2026-06-04 17:00:00,25231.7,25239.7,25203.0,25235.6,4417.0
2026-06-04 19:00:00,25220.7,25226.3,25149.4,25157.1,6581.0
2026-06-04 21:00:00,25157.6,25200.9,25141.8,25198.1,3831.0
2026-06-04 23:00:00,25198.7,25202.6,25137.7,25152.3,9913.0
2026-06-05 01:00:00,25152.5,25191.4,25009.0,25063.7,22857.0
2026-06-05 03:00:00,25064.2,25075.9,24998.5,25046.2,12588.0
2026-06-05 05:00:00,25046.6,25061.9,24917.1,24998.6,18339.0
2026-06-05 07:00:00,25000.1,25013.0,24909.8,24912.8,12300.0
2026-06-05 09:00:00,24913.2,25074.6,24911.7,25061.6,7703.0
2026-06-05 11:00:00,25060.6,25070.1,24928.7,24933.8,10632.0
2026-06-05 13:00:00,24933.3,24970.7,24771.6,24800.4,18435.0
2026-06-05 15:00:00,24800.9,24802.4,24590.5,24664.2,16491.0
2026-06-05 17:00:00,24664.7,24689.4,24593.0,24594.1,15772.0
2026-06-05 19:00:00,24594.3,24594.3,24376.3,24398.0,19428.0
2026-06-07 22:00:00,24382.7,24527.9,24377.2,24519.5,18898.0
2026-06-08 00:00:00,24519.6,24613.8,24437.4,24593.9,21285.0
2026-06-08 02:00:00,24594.9,24822.4,24588.0,24663.8,21665.0
2026-06-08 04:00:00,24649.4,24656.5,24476.3,24492.4,18127.0
2026-06-08 06:00:00,24490.4,24647.9,24481.3,24616.3,18076.0
2026-06-08 08:00:00,24609.4,24671.8,24573.4,24660.2,13067.0
2026-06-08 10:00:00,24660.7,24772.8,24615.8,24722.4,13309.0
2026-06-08 12:00:00,24722.9,24781.8,24671.7,24680.8,15910.0
2026-06-08 14:00:00,24681.3,24736.5,24641.2,24668.7,17098.0
2026-06-08 16:00:00,24669.2,24693.0,24575.7,24604.4,15204.0
2026-06-08 18:00:00,24604.9,24661.5,24548.9,24570.6,14290.0
2026-06-08 20:00:00,24569.4,24576.7,24544.7,24551.9,3186.0
2026-06-08 21:00:00,24555.5,24567.1,24500.8,24560.6,6555.0
2026-06-08 23:00:00,24560.8,24576.3,24496.4,24512.0,16830.0
2026-06-09 01:00:00,24511.7,24646.5,24434.0,24565.6,24909.0
2026-06-09 03:00:00,24568.6,24620.3,24503.1,24586.2,13524.0
2026-06-09 05:00:00,24587.1,24727.4,24566.4,24676.3,19344.0
2026-06-09 07:00:00,24677.8,24701.9,24525.5,24636.0,13374.0
2026-06-09 09:00:00,24635.8,24706.1,24583.3,24677.7,7749.0
2026-06-09 11:00:00,24677.2,24724.6,24665.9,24698.8,6423.0
2026-06-09 13:00:00,24700.3,24726.0,24448.3,24511.2,19327.0
2026-06-09 15:00:00,24511.7,24519.2,24226.3,24301.1,24194.0
2026-06-09 17:00:00,24301.6,24485.2,24301.6,24461.5,18467.0
2026-06-09 19:00:00,24461.6,24478.8,24418.0,24444.8,17188.0
2026-06-09 21:00:00,24439.5,24444.1,24381.0,24393.3,8248.0
2026-06-09 23:00:00,24393.7,24451.3,24373.2,24411.3,18335.0
2026-06-10 01:00:00,24411.0,24477.9,24216.5,24250.9,25179.0
2026-06-10 03:00:00,24250.4,24401.5,24197.3,24205.0,17603.0
2026-06-10 05:00:00,24204.6,24376.0,24184.1,24370.4,21058.0
2026-06-10 07:00:00,24373.4,24406.7,24225.5,24239.9,16067.0
2026-06-10 09:00:00,24239.3,24297.1,24202.5,24286.7,14443.0
2026-06-10 11:00:00,24287.7,24380.0,24181.9,24331.0,19163.0
2026-06-10 13:00:00,24331.5,24493.9,24322.0,24401.4,21363.0
2026-06-10 15:00:00,24401.9,24441.8,24339.7,24361.8,21710.0
2026-06-10 17:00:00,24362.3,24395.0,24298.6,24311.4,16916.0
2026-06-10 19:00:00,24311.7,24320.6,24185.8,24211.5,17242.0
2026-06-10 21:00:00,24210.1,24235.5,24167.0,24169.4,8940.0
2026-06-10 23:00:00,24169.7,24268.6,24145.3,24246.2,21802.0
2026-06-11 01:00:00,24246.6,24466.3,23984.9,24059.4,24346.0
2026-06-11 03:00:00,24058.9,24168.7,23966.1,24122.6,17390.0
2026-06-11 05:00:00,24123.0,24208.2,24068.7,24162.9,21104.0
2026-06-11 07:00:00,24162.4,24235.7,24129.7,24178.6,12922.0
2026-06-11 09:00:00,24178.9,24215.4,24160.1,24197.2,7271.0
2026-06-11 11:00:00,24198.2,24240.5,24030.9,24161.7,12823.0
2026-06-11 13:00:00,24161.2,24255.3,24120.3,24142.0,20159.0
2026-06-11 15:00:00,24142.5,24212.9,24121.7,24147.2,18192.0
2026-06-11 17:00:00,24147.7,24469.7,24110.7,24381.8,20147.0
2026-06-11 19:00:00,24381.7,24509.0,24381.4,24476.3,15315.0
2026-06-11 21:00:00,24479.1,24557.8,24466.4,24534.5,5636.0
2026-06-11 23:00:00,24534.7,24548.7,24501.7,24512.3,12694.0
2026-06-12 01:00:00,24512.6,24688.8,24387.2,24687.2,23150.0
2026-06-12 03:00:00,24686.7,24748.0,24636.4,24713.5,12876.0
2026-06-12 05:00:00,24713.2,24752.6,24571.5,24604.2,19578.0
2026-06-12 07:00:00,24604.7,24739.9,24566.8,24675.8,15350.0
2026-06-12 09:00:00,24676.4,24778.2,24647.1,24677.6,12428.0
2026-06-12 11:00:00,24678.1,24713.8,24630.6,24646.0,11315.0
2026-06-12 13:00:00,24646.5,24728.3,24601.0,24720.8,21200.0
2026-06-12 15:00:00,24724.3,24733.7,24605.3,24681.1,18293.0
2026-06-12 17:00:00,24680.6,24728.2,24669.4,24696.2,11875.0
2026-06-12 19:00:00,24696.1,24723.6,24676.6,24699.2,9317.0
2026-06-14 22:00:00,24877.9,24905.2,24853.7,24895.7,15783.0
2026-06-15 00:00:00,24895.8,25041.4,24853.8,24965.5,18827.0
2026-06-15 02:00:00,24966.0,24973.1,24794.7,24820.8,18971.0
2026-06-15 04:00:00,24811.0,24881.1,24798.6,24843.8,11781.0
2026-06-15 06:00:00,24844.8,24902.7,24807.5,24835.1,12899.0
2026-06-15 08:00:00,24834.6,24857.8,24811.7,24834.4,9016.0
2026-06-15 10:00:00,24833.9,24883.1,24830.4,24874.7,5366.0
2026-06-15 12:00:00,24874.2,24940.9,24858.0,24918.8,9114.0
2026-06-15 14:00:00,24918.3,24922.6,24853.7,24895.8,9841.0
2026-06-15 16:00:00,24896.3,24897.8,24834.5,24837.5,4939.0
2026-06-15 18:00:00,24837.1,24839.4,24795.5,24837.3,5705.0
2026-06-15 20:00:00,24835.0,24839.0,24819.5,24820.7,2403.0
2026-06-15 21:00:00,24824.2,24833.5,24791.9,24803.9,3867.0
2026-06-15 23:00:00,24803.6,24831.3,24796.9,24808.2,7996.0
2026-06-16 01:00:00,24808.4,24840.8,24492.5,24511.2,20756.0
2026-06-16 03:00:00,24510.2,24559.3,24475.1,24510.7,10106.0
2026-06-16 05:00:00,24510.9,24557.0,24384.3,24411.9,14939.0
2026-06-16 07:00:00,24411.4,24500.8,24393.2,24473.0,9422.0
2026-06-16 09:00:00,24472.7,24517.6,24469.6,24515.5,4745.0
2026-06-16 11:00:00,24517.0,24518.0,24456.2,24487.3,5610.0
2026-06-16 13:00:00,24488.3,24540.0,24431.5,24470.9,12378.0
2026-06-16 15:00:00,24471.4,24538.9,24471.4,24506.4,10809.0
2026-06-16 17:00:00,24505.9,24526.7,24481.6,24521.4,6827.0
2026-06-16 19:00:00,24500.4,24500.4,24454.9,24479.5,8042.0
2026-06-16 21:00:00,24480.4,24512.6,24477.2,24510.2,2327.0
2026-06-16 23:00:00,24509.7,24523.1,24493.1,24514.9,7740.0
2026-06-17 01:00:00,24515.2,24559.7,24289.8,24292.8,18880.0
2026-06-17 03:00:00,24292.3,24450.8,24266.7,24381.1,10473.0
2026-06-17 05:00:00,24396.6,24436.4,24250.3,24310.1,15637.0
2026-06-17 07:00:00,24310.2,24333.4,24232.2,24253.9,8969.0
2026-06-17 09:00:00,24255.0,24299.6,24247.1,24270.8,5232.0
2026-06-17 11:00:00,24269.3,24278.8,24212.4,24272.0,5232.0
2026-06-17 13:00:00,24271.5,24424.7,24247.3,24324.4,12036.0
2026-06-17 15:00:00,24323.9,24373.7,24288.8,24311.5,7936.0
2026-06-17 17:00:00,24311.0,24331.1,24153.4,24184.2,14121.0
2026-06-17 19:00:00,24184.3,24196.1,23966.4,24058.3,17691.0
2026-06-17 21:00:00,24059.4,24123.9,24040.0,24117.9,4500.0
2026-06-17 23:00:00,24118.2,24211.8,24111.2,24160.6,9574.0
2026-06-18 01:00:00,24160.4,24241.9,23862.9,23873.3,21923.0
2026-06-18 03:00:00,23873.8,23910.7,23821.0,23867.6,11239.0
2026-06-18 05:00:00,23867.4,23899.3,23752.1,23827.2,15718.0
2026-06-18 07:00:00,23825.2,23970.6,23755.6,23851.3,11786.0
2026-06-18 09:00:00,23851.9,23893.7,23813.9,23819.4,7239.0
2026-06-18 11:00:00,23821.9,23891.8,23772.6,23885.1,9196.0
2026-06-18 13:00:00,23884.6,23921.0,23817.9,23906.4,15342.0
2026-06-18 15:00:00,23907.4,23916.8,23823.0,23853.5,11305.0
2026-06-18 17:00:00,23854.5,23879.9,23841.9,23854.4,6449.0
2026-06-18 19:00:00,23845.0,23882.6,23807.1,23862.2,7789.0
2026-06-18 21:00:00,23865.0,23876.6,23825.3,23829.4,3147.0
2026-06-18 23:00:00,23829.1,23845.7,23778.1,23783.5,8702.0
2026-06-19 01:00:00,23784.1,23793.2,23740.0,23760.5,5331.0
2026-06-19 03:00:00,23760.2,23765.5,23678.1,23703.0,9130.0
2026-06-19 05:00:00,23703.6,23759.7,23699.9,23755.3,7739.0
2026-06-19 07:00:00,23756.1,23808.5,23754.7,23778.1,5894.0
2026-06-19 09:00:00,23778.3,23786.1,23732.5,23745.2,7003.0
2026-06-19 11:00:00,23744.7,23790.6,23722.5,23783.1,7315.0
2026-06-19 13:00:00,23783.3,23791.3,23767.9,23787.6,5076.0
2026-06-19 15:00:00,23787.1,23795.3,23752.4,23758.1,2719.0
2026-06-19 17:00:00,23757.7,23757.7,23745.4,23749.9,130.0
2026-06-19 19:00:00,23750.2,23758.8,23725.8,23734.1,141.0
2026-06-21 22:00:00,23728.1,23756.2,23681.3,23688.1,11826.0
2026-06-22 00:00:00,23687.8,23912.2,23452.8,23520.2,17982.0
2026-06-22 02:00:00,23522.2,23748.5,23439.6,23696.1,22859.0
2026-06-22 04:00:00,23680.0,23835.9,23633.4,23709.9,14519.0
2026-06-22 06:00:00,23711.4,23870.0,23707.8,23763.2,16271.0
2026-06-22 08:00:00,23761.5,23804.3,23747.2,23775.6,7675.0
2026-06-22 10:00:00,23774.6,23887.8,23774.6,23829.8,6334.0
2026-06-22 12:00:00,23830.3,23894.8,23799.4,23877.9,9448.0
2026-06-22 14:00:00,23877.4,23962.3,23763.5,23911.6,15786.0
2026-06-22 16:00:00,23913.6,23915.6,23854.2,23861.6,8271.0
2026-06-22 18:00:00,23862.1,23887.8,23820.5,23839.0,7097.0
2026-06-22 20:00:00,23840.2,23858.7,23838.8,23843.7,2175.0
2026-06-22 21:00:00,23845.4,23860.4,23815.1,23822.2,3312.0
2026-06-22 23:00:00,23821.6,23877.2,23805.6,23864.6,9774.0
2026-06-23 01:00:00,23865.5,23870.4,23541.7,23547.2,22254.0
2026-06-23 03:00:00,23549.7,23567.3,23414.1,23417.7,14418.0
2026-06-23 05:00:00,23417.5,23472.3,23264.0,23296.2,19011.0
2026-06-23 07:00:00,23295.7,23386.5,23288.2,23315.3,15326.0
2026-06-23 09:00:00,23315.9,23465.3,23313.0,23447.1,10326.0
2026-06-23 11:00:00,23449.6,23475.6,23410.4,23432.7,10270.0
2026-06-23 13:00:00,23433.7,23610.9,23413.0,23558.3,15886.0
2026-06-23 15:00:00,23559.8,23582.5,23484.9,23564.2,12604.0
2026-06-23 17:00:00,23565.7,23581.6,23486.4,23497.3,9452.0
2026-06-23 19:00:00,23497.6,23539.7,23479.9,23517.5,9513.0
2026-06-23 21:00:00,23519.6,23534.2,23496.9,23511.3,5396.0
2026-06-23 23:00:00,23511.9,23563.2,23473.8,23515.8,15559.0
2026-06-24 01:00:00,23516.4,23547.1,23283.3,23325.4,23483.0
2026-06-24 03:00:00,23324.9,23396.8,23259.4,23346.0,17289.0
2026-06-24 05:00:00,23346.9,23553.8,23293.0,23437.8,19940.0
2026-06-24 07:00:00,23438.0,23461.1,23372.4,23380.0,12775.0
2026-06-24 09:00:00,23380.3,23398.4,23332.9,23335.4,8716.0
2026-06-24 11:00:00,23336.9,23376.8,23285.0,23290.5,9546.0
2026-06-24 13:00:00,23290.0,23467.6,23274.2,23410.6,17246.0
2026-06-24 15:00:00,23409.6,23464.9,23373.7,23390.9,13806.0
2026-06-24 17:00:00,23390.4,23406.6,23319.1,23319.1,14785.0
2026-06-24 19:00:00,23319.7,23480.7,23289.7,23455.2,14620.0
2026-06-24 21:00:00,23443.1,23483.5,23434.2,23435.2,5401.0
2026-06-24 23:00:00,23434.9,23467.6,23406.8,23411.1,12257.0
2026-06-25 01:00:00,23411.3,23463.0,23004.4,23196.1,24327.0
2026-06-25 03:00:00,23196.5,23268.1,23030.3,23096.2,14300.0
2026-06-25 05:00:00,23096.4,23158.9,22991.7,23028.2,17986.0
2026-06-25 07:00:00,23028.7,23113.4,23005.9,23057.8,11034.0
2026-06-25 09:00:00,23058.4,23092.5,23039.5,23055.6,7018.0
2026-06-25 11:00:00,23056.1,23155.8,23038.2,23132.8,9620.0
2026-06-25 13:00:00,23133.3,23189.3,22916.5,23054.0,20560.0
2026-06-25 15:00:00,23053.5,23118.3,22991.8,23030.8,19027.0
2026-06-25 17:00:00,23031.3,23046.3,22971.2,22981.6,15252.0
2026-06-25 19:00:00,22981.9,23078.0,22962.4,23026.0,11918.0
2026-06-25 21:00:00,23024.8,23030.4,22982.2,23011.4,5450.0
2026-06-25 23:00:00,23011.1,23081.0,22984.4,23021.7,17384.0
2026-06-26 01:00:00,23022.0,23037.2,22552.4,22595.1,23588.0
2026-06-26 03:00:00,22596.1,22643.9,22510.8,22576.6,18492.0
2026-06-26 05:00:00,22576.7,22738.2,22550.5,22664.2,19750.0
2026-06-26 07:00:00,22663.7,22723.2,22588.4,22603.8,13547.0
2026-06-26 09:00:00,22603.5,22716.3,22588.3,22693.6,8380.0
2026-06-26 11:00:00,22694.1,22734.0,22667.2,22713.9,7835.0
2026-06-26 13:00:00,22714.4,22917.5,22665.3,22910.8,12879.0
2026-06-26 15:00:00,22911.8,23003.7,22888.4,22947.5,11232.0
2026-06-26 17:00:00,22947.0,22963.9,22888.7,22888.7,4161.0
2026-06-26 19:00:00,22888.9,22954.4,22813.0,22860.8,14196.0
2026-06-28 22:00:00,22960.6,23056.8,22960.3,23033.8,10537.0
2026-06-29 00:00:00,23033.0,23033.8,22764.7,22869.5,24230.0
2026-06-29 02:00:00,22870.5,23174.7,22844.0,23125.8,22004.0
2026-06-29 04:00:00,23109.5,23136.5,23044.0,23068.7,16262.0
2026-06-29 06:00:00,23072.2,23120.9,22999.0,23006.5,15245.0
2026-06-29 08:00:00,22992.9,23002.2,22930.9,22955.2,9241.0
2026-06-29 10:00:00,22955.7,22999.9,22940.8,22991.7,5810.0
2026-06-29 12:00:00,22991.2,23096.1,22930.0,23031.8,10030.0
2026-06-29 14:00:00,23026.1,23082.5,22962.6,23019.6,13570.0
2026-06-29 16:00:00,23020.1,23053.3,22989.2,23026.7,6482.0
2026-06-29 18:00:00,23027.7,23041.3,22966.0,23006.2,4925.0
2026-06-29 20:00:00,23006.1,23013.7,22992.6,22996.9,2225.0
2026-06-29 21:00:00,23001.4,23011.5,22990.6,23005.7,2844.0
2026-06-29 23:00:00,23005.4,23025.9,22964.6,22986.4,8935.0
2026-06-30 01:00:00,22987.6,23062.3,22652.5,22714.2,17442.0
2026-06-30 03:00:00,22712.2,22841.7,22711.5,22737.3,9018.0
2026-06-30 05:00:00,22737.9,22865.4,22662.5,22789.7,15747.0
2026-06-30 07:00:00,22791.2,22899.3,22746.8,22769.3,10775.0
2026-06-30 09:00:00,22769.8,22887.8,22766.3,22881.5,5191.0
2026-06-30 11:00:00,22881.0,22894.1,22839.0,22853.1,5501.0
2026-06-30 13:00:00,22852.6,22984.8,22774.9,22906.6,10302.0
2026-06-30 15:00:00,22905.6,22956.6,22897.2,22919.7,6154.0
2026-06-30 17:00:00,22920.2,22964.4,22898.4,22945.8,3138.0
2026-06-30 19:00:00,22945.5,22949.8,22866.6,22874.8,4849.0
2026-06-30 21:00:00,22875.5,22900.9,22875.5,22881.0,2204.0
2026-06-30 23:00:00,22881.6,22896.7,22873.0,22875.8,6057.0
2026-07-01 01:00:00,22876.3,22878.5,22808.8,22828.5,6754.0
2026-07-01 03:00:00,22829.0,22845.1,22824.6,22834.1,4303.0
2026-07-01 05:00:00,22833.8,22839.4,22794.1,22798.3,4774.0
2026-07-01 07:00:00,22797.8,22818.7,22762.6,22818.6,6240.0
2026-07-01 09:00:00,22818.0,22836.8,22800.2,22831.0,3768.0
2026-07-01 11:00:00,22831.6,22840.0,22799.3,22806.6,5957.0
2026-07-01 13:00:00,22806.0,23076.3,22779.4,23051.6,11853.0
2026-07-01 15:00:00,23054.1,23136.7,23047.6,23099.1,5705.0
2026-07-01 17:00:00,23099.0,23131.6,23070.7,23075.5,4666.0
2026-07-01 19:00:00,23075.7,23096.7,22987.8,23000.2,5713.0
2026-07-01 21:00:00,22999.9,23021.4,22995.0,23019.3,2809.0
2026-07-01 23:00:00,23019.5,23042.6,22976.8,23010.1,9844.0
2026-07-02 01:00:00,23011.0,23303.5,22821.6,23065.1,19268.0
2026-07-02 03:00:00,23068.1,23153.0,22945.0,23092.1,11459.0
2026-07-02 05:00:00,23092.7,23128.1,22956.2,22978.6,15131.0
2026-07-02 07:00:00,22979.1,23031.6,22921.3,23024.7,10353.0
2026-07-02 09:00:00,23024.9,23024.9,22946.4,23007.6,5377.0
2026-07-02 11:00:00,23009.6,23167.6,22986.1,23126.0,8008.0
2026-07-02 13:00:00,23126.1,23279.9,23090.4,23132.1,13525.0
2026-07-02 15:00:00,23134.6,23142.6,22991.7,23004.5,13887.0
2026-07-02 17:00:00,23005.5,23030.7,22921.5,23007.5,10969.0
2026-07-02 19:00:00,23007.8,23060.5,22983.5,23026.5,7195.0
2026-07-02 21:00:00,23025.1,23057.9,23022.5,23057.0,2066.0
2026-07-02 23:00:00,23056.7,23081.5,23050.4,23056.9,11377.0
2026-07-03 01:00:00,23057.2,23483.3,23055.3,23275.3,18243.0
2026-07-03 03:00:00,23277.3,23422.5,23265.0,23351.5,8796.0
2026-07-03 05:00:00,23383.4,23392.4,23224.5,23314.6,14317.0
2026-07-03 07:00:00,23312.6,23338.1,23221.8,23226.2,8213.0
2026-07-03 09:00:00,23226.4,23258.8,23207.8,23215.6,3636.0
2026-07-03 11:00:00,23213.6,23253.4,23201.1,23251.7,3382.0
2026-07-03 13:00:00,23252.2,23265.7,23206.4,23234.6,4212.0
2026-07-03 15:00:00,23235.1,23242.5,23197.1,23216.8,2403.0
2026-07-03 17:00:00,23215.8,23222.9,23201.3,23201.3,660.0
2026-07-03 19:00:00,23201.2,23207.2,23199.2,23204.5,202.0
2026-07-05 22:00:00,23207.0,23256.0,23190.7,23254.3,5917.0
2026-07-06 00:00:00,23254.9,23415.6,23178.3,23407.0,15628.0
2026-07-06 02:00:00,23413.5,23640.7,23406.0,23493.3,17786.0
2026-07-06 04:00:00,23480.2,23534.6,23423.2,23426.2,10581.0
2026-07-06 06:00:00,23425.2,23542.5,23420.7,23520.2,12050.0
2026-07-06 08:00:00,23520.8,23547.1,23452.8,23458.9,5780.0
2026-07-06 10:00:00,23458.4,23474.9,23420.8,23423.8,3708.0
2026-07-06 12:00:00,23422.8,23453.9,23339.3,23436.1,6324.0
2026-07-06 14:00:00,23431.1,23539.1,23378.6,23527.3,7558.0
2026-07-06 16:00:00,23527.8,23528.3,23498.9,23502.6,4642.0
2026-07-06 18:00:00,23504.6,23545.5,23497.1,23522.5,3892.0
2026-07-06 20:00:00,23525.4,23531.3,23513.6,23527.6,2036.0
2026-07-06 21:00:00,23527.0,23529.9,23486.0,23489.1,1742.0
2026-07-06 23:00:00,23488.5,23499.2,23462.1,23465.5,7388.0
2026-07-07 01:00:00,23465.8,23765.6,23443.1,23507.9,18346.0
2026-07-07 03:00:00,23511.4,23596.9,23439.5,23446.2,9846.0
2026-07-07 05:00:00,23454.9,23504.4,23351.2,23401.4,13722.0
2026-07-07 07:00:00,23402.4,23442.7,23353.5,23402.1,7753.0
2026-07-07 09:00:00,23402.4,23456.9,23385.0,23432.3,4809.0
2026-07-07 11:00:00,23432.8,23459.4,23388.9,23451.4,6010.0
2026-07-07 13:00:00,23451.9,23627.5,23433.9,23480.8,11996.0
2026-07-07 15:00:00,23480.3,23480.3,23378.9,23431.3,8284.0
2026-07-07 17:00:00,23430.8,23498.0,23417.9,23438.4,6573.0
2026-07-07 19:00:00,23438.5,23462.7,23413.6,23443.5,6200.0
2026-07-07 21:00:00,23444.0,23444.9,23368.7,23401.6,3139.0
2026-07-07 23:00:00,23401.1,23449.2,23366.4,23448.7,9625.0
2026-07-08 01:00:00,23449.0,23927.1,23378.0,23827.3,18293.0
2026-07-08 03:00:00,23828.8,24054.5,23822.0,23973.9,11956.0
2026-07-08 05:00:00,23975.5,24267.6,23950.5,24105.0,16612.0
2026-07-08 07:00:00,24102.0,24179.8,23947.4,23960.3,15008.0
2026-07-08 09:00:00,23961.2,23964.6,23856.1,23907.4,12203.0
2026-07-08 11:00:00,23905.9,23972.5,23855.1,23927.7,10694.0
2026-07-08 13:00:00,23928.2,24049.9,23891.9,23900.1,13548.0
2026-07-08 15:00:00,23904.1,23949.2,23850.4,23946.2,12229.0
2026-07-08 17:00:00,23946.7,23985.4,23919.8,23940.1,9271.0
2026-07-08 19:00:00,23940.3,23953.1,23872.8,23892.6,6498.0
2026-07-08 21:00:00,23892.4,23911.8,23888.3,23907.9,2824.0
2026-07-08 23:00:00,23908.2,23998.1,23907.0,23948.0,8097.0
2026-07-09 01:00:00,23949.2,24297.7,23942.0,24049.4,19141.0
2026-07-09 03:00:00,24048.4,24061.5,23950.6,23977.8,10270.0
2026-07-09 05:00:00,23978.7,24049.5,23872.5,23986.4,15540.0
2026-07-09 07:00:00,23985.4,24019.7,23906.4,23915.0,8710.0
2026-07-09 09:00:00,23914.9,23937.7,23828.4,23856.3,5672.0
2026-07-09 11:00:00,23855.3,23923.8,23841.2,23897.0,6522.0
2026-07-09 13:00:00,23896.5,24021.0,23883.0,24018.9,11698.0
2026-07-09 15:00:00,24018.4,24037.8,23987.4,23993.4,6015.0
2026-07-09 17:00:00,23993.9,24054.3,23989.4,24016.8,3810.0
2026-07-09 19:00:00,24017.0,24068.1,24014.9,24052.2,3678.0
2026-07-09 21:00:00,24054.7,24061.6,24048.5,24056.1,2106.0
2026-07-09 23:00:00,24056.4,24065.5,24018.3,24031.6,5343.0
2026-07-10 01:00:00,24031.9,24456.4,24011.9,24379.2,17657.0
2026-07-10 03:00:00,24376.2,24465.8,24358.3,24423.3,8089.0
2026-07-10 05:00:00,24423.5,24448.5,24226.9,24254.6,14356.0
2026-07-10 07:00:00,24255.6,24255.6,24099.9,24119.4,8975.0
2026-07-10 09:00:00,24120.0,24190.0,24106.9,24181.1,4446.0
2026-07-10 11:00:00,24179.6,24234.1,24132.3,24174.6,6668.0
2026-07-10 13:00:00,24175.1,24256.4,24136.9,24207.8,11083.0
2026-07-10 15:00:00,24205.8,24225.1,24172.5,24212.9,8265.0
2026-07-10 17:00:00,24212.4,24217.4,24166.1,24206.0,3780.0
2026-07-10 19:00:00,24189.8,24225.1,24178.8,24216.2,3391.0
2026-07-12 22:00:00,24175.7,24176.6,24132.8,24152.3,5818.0
2026-07-13 00:00:00,24152.0,24410.3,24054.0,24349.5,16052.0
2026-07-13 02:00:00,24350.5,24393.5,24067.7,24112.9,17810.0
2026-07-13 04:00:00,24100.7,24236.8,24072.9,24189.1,11053.0
2026-07-13 06:00:00,24190.1,24198.2,24072.1,24168.1,13554.0
2026-07-13 08:00:00,24167.6,24203.9,24152.5,24193.3,5069.0
2026-07-13 10:00:00,24193.8,24204.2,24151.8,24162.4,5132.0
2026-07-13 12:00:00,24161.9,24279.6,24122.7,24246.4,8392.0
2026-07-13 14:00:00,24245.9,24250.4,24105.0,24154.3,9967.0
2026-07-13 16:00:00,24154.8,24175.7,24084.1,24104.4,8165.0
2026-07-13 18:00:00,24104.9,24121.6,24044.1,24065.0,6807.0
2026-07-13 20:00:00,24064.8,24064.8,24023.0,24041.5,2506.0
2026-07-13 21:00:00,24046.1,24065.0,24036.5,24038.6,2981.0
2026-07-13 23:00:00,24038.3,24093.6,24015.7,24088.8,13399.0
2026-07-14 01:00:00,24089.4,24227.9,23867.4,24058.0,19984.0
2026-07-14 03:00:00,24057.0,24114.5,23971.1,24111.9,11898.0
2026-07-14 05:00:00,24112.6,24416.4,24112.6,24347.3,16704.0
2026-07-14 07:00:00,24345.3,24393.7,24292.2,24296.5,9975.0
2026-07-14 09:00:00,24296.8,24351.3,24288.9,24317.7,6811.0
2026-07-14 11:00:00,24316.7,24611.9,24295.7,24478.9,10594.0
2026-07-14 13:00:00,24480.4,24545.9,24420.2,24477.1,12607.0
2026-07-14 15:00:00,24478.6,24513.7,24398.6,24418.3,9628.0
2026-07-14 17:00:00,24418.8,24420.8,24366.3,24389.0,5278.0
2026-07-14 19:00:00,24371.9,24387.2,24353.6,24380.8,4306.0
2026-07-14 21:00:00,24382.8,24387.1,24362.5,24381.4,2083.0
2026-07-14 23:00:00,24381.2,24424.7,24377.8,24420.9,6431.0
2026-07-15 01:00:00,24421.5,24683.5,24404.7,24624.0,18485.0
2026-07-15 03:00:00,24627.0,24744.6,24605.0,24643.3,8720.0
2026-07-15 05:00:00,24644.2,24737.9,24606.7,24685.7,14583.0
2026-07-15 07:00:00,24686.7,24695.3,24603.1,24670.9,8731.0
2026-07-15 09:00:00,24671.5,24702.9,24604.5,24621.5,5630.0
2026-07-15 11:00:00,24621.0,24694.2,24590.5,24685.3,6552.0
2026-07-15 13:00:00,24686.8,24936.7,24679.4,24866.4,11936.0
2026-07-15 15:00:00,24865.9,24878.1,24763.8,24804.1,10387.0
2026-07-15 17:00:00,24804.6,24864.4,24792.3,24792.9,6833.0
2026-07-15 19:00:00,24793.0,24813.4,24782.0,24809.9,4851.0
2026-07-15 21:00:00,24809.3,24830.4,24806.3,24817.1,2048.0
2026-07-15 23:00:00,24816.8,24862.5,24812.7,24828.2,6338.0
2026-07-16 01:00:00,24828.8,25144.7,24738.0,25094.7,18493.0
2026-07-16 03:00:00,25095.7,25174.9,25064.3,25121.7,8448.0
2026-07-16 05:00:00,25122.0,25215.2,24920.2,25015.6,15970.0
2026-07-16 07:00:00,25016.6,25047.4,24944.2,24986.2,9460.0
2026-07-16 09:00:00,24986.8,25019.9,24941.7,24958.3,6102.0
2026-07-16 11:00:00,24956.8,24964.3,24868.9,24885.3,8755.0
2026-07-16 13:00:00,24885.8,25013.1,24881.8,24954.4,11431.0
2026-07-16 15:00:00,24953.9,24999.1,24904.2,24942.3,10164.0
2026-07-16 17:00:00,24942.8,24943.3,24890.5,24903.8,7695.0
2026-07-16 19:00:00,24897.7,24905.9,24856.4,24873.4,6596.0
2026-07-16 21:00:00,24872.2,24885.7,24859.7,24865.5,2411.0
2026-07-16 23:00:00,24865.8,24881.0,24819.8,24872.1,8175.0
2026-07-17 01:00:00,24872.7,25136.1,24556.9,24575.2,18549.0
2026-07-17 03:00:00,24576.2,24668.1,24422.7,24466.2,10921.0
2026-07-17 05:00:00,24466.8,24567.8,24334.4,24505.2,16762.0
2026-07-17 07:00:00,24507.2,24509.0,24417.9,24443.3,11012.0
2026-07-17 09:00:00,24442.7,24542.9,24431.9,24513.3,8070.0
2026-07-17 11:00:00,24512.3,24541.9,24483.5,24516.3,7163.0
2026-07-17 13:00:00,24516.8,24577.5,24433.4,24522.4,10745.0
2026-07-17 15:00:00,24525.4,24608.8,24490.2,24591.5,10325.0
2026-07-17 17:00:00,24592.5,24615.5,24550.4,24572.0,7502.0
2026-07-17 19:00:00,24571.8,24604.1,24537.2,24560.9,7966.0
2026-07-19 22:00:00,24558.2,24589.8,24516.8,24587.4,9742.0
2026-07-20 00:00:00,24589.5,25140.7,24567.0,25138.0,16253.0
2026-07-20 02:00:00,25140.0,25150.3,24976.1,25068.9,17442.0
2026-07-20 04:00:00,25049.3,25119.5,24946.0,24980.4,13124.0
2026-07-20 06:00:00,24981.9,25129.9,24966.0,25113.7,14830.0
2026-07-20 08:00:00,25113.2,25161.1,25096.2,25131.6,7346.0
2026-07-20 10:00:00,25131.1,25234.4,25099.8,25137.2,7826.0
2026-07-20 12:00:00,25136.7,25138.2,25044.4,25077.2,9891.0
2026-07-20 14:00:00,25075.7,25206.6,25051.0,25195.5,11694.0
2026-07-20 16:00:00,25196.0,25225.8,25152.2,25172.1,8234.0
2026-07-20 18:00:00,25172.6,25184.2,25056.2,25065.6,8976.0
2026-07-20 20:00:00,25065.9,25085.9,25029.6,25048.7,2441.0
2026-07-20 21:00:00,25047.2,25055.9,25022.3,25039.1,2330.0
2026-07-20 23:00:00,25040.0,25105.7,25037.3,25095.8,9358.0
2026-07-21 01:00:00,25096.1,25245.9,24988.2,25006.9,19104.0
2026-07-21 03:00:00,25005.9,25179.6,24994.7,25134.1,9436.0
2026-07-21 05:00:00,25134.2,25205.0,25069.4,25170.9,13885.0
2026-07-21 07:00:00,25170.4,25210.9,25114.1,25130.0,7749.0
2026-07-21 09:00:00,25129.4,25171.9,25095.8,25099.0,5504.0
2026-07-21 11:00:00,25097.5,25100.9,25003.1,25038.5,5938.0
2026-07-21 13:00:00,25040.5,25061.3,24943.7,24968.0,11620.0
2026-07-21 15:00:00,24969.0,25012.0,24959.8,24987.4,5802.0
2026-07-21 17:00:00,24986.9,24993.4,24946.9,24965.4,2994.0
2026-07-21 19:00:00,24955.8,24971.3,24929.3,24938.0,3687.0
2026-07-21 21:00:00,24939.3,24950.0,24920.4,24926.0,2096.0
2026-07-21 23:00:00,24925.4,24932.7,24912.3,24922.5,6309.0
2026-07-22 01:00:00,24922.8,25064.8,24815.4,24959.6,18376.0
2026-07-22 03:00:00,24957.6,24993.4,24882.6,24921.7,8761.0
2026-07-22 05:00:00,24922.3,24932.5,24804.2,24858.4,13356.0
2026-07-22 07:00:00,24857.9,24902.8,24832.7,24891.0,8401.0
2026-07-22 09:00:00,24893.2,24976.7,24893.2,24946.7,7125.0
2026-07-22 11:00:00,24944.2,24971.5,24900.0,24940.8,7240.0
2026-07-22 13:00:00,24942.3,25029.4,24939.8,24956.4,10954.0
2026-07-22 15:00:00,24956.9,25002.5,24931.1,25000.5,6183.0
2026-07-22 17:00:00,25000.0,25005.1,24953.9,24987.9,5757.0
2026-07-22 19:00:00,24977.6,24991.1,24934.2,24960.9,6277.0
2026-07-22 21:00:00,24966.3,24972.1,24900.1,24916.5,3463.0
2026-07-22 23:00:00,24916.8,25003.4,24903.4,24971.2,5650.0
2026-07-23 01:00:00,24971.8,25230.8,24852.6,25201.8,17066.0
2026-07-23 03:00:00,25202.8,25262.7,25160.9,25201.7,9382.0
2026-07-23 05:00:00,25232.5,25277.4,25182.7,25204.1,11647.0
2026-07-23 07:00:00,25205.6,25219.7,25129.3,25200.8,9396.0
2026-07-23 09:00:00,25201.0,25234.6,25156.5,25190.7,6487.0
2026-07-23 11:00:00,25190.2,25193.7,25029.0,25055.3,8811.0
2026-07-23 13:00:00,25052.3,25059.8,24903.1,24926.7,14451.0
2026-07-23 15:00:00,24928.2,24928.2,24838.8,24903.7,9445.0
2026-07-23 17:00:00,24904.2,24906.7,24847.2,24855.8,8796.0
2026-07-23 19:00:00,24855.7,24926.1,24833.0,24910.5,6910.0
2026-07-23 21:00:00,24909.0,24911.6,24878.1,24910.3,3387.0
2026-07-23 23:00:00,24910.6,24936.0,24887.2,24929.2,9185.0
2026-07-24 01:00:00,24929.3,25028.2,24846.0,24851.5,17245.0
2026-07-24 03:00:00,24851.3,24914.4,24838.5,24906.1,9101.0
2026-07-24 05:00:00,24906.3,24939.5,24817.5,24845.1,11870.0
2026-07-24 07:00:00,24843.1,24956.8,24834.9,24941.6,8388.0
2026-07-24 09:00:00,24947.5,24994.1,24938.0,24960.7,5432.0
2026-07-24 11:00:00,24958.7,25009.7,24914.4,24920.7,6828.0
2026-07-24 13:00:00,24920.2,25023.2,24911.7,25021.8,11826.0
2026-07-24 15:00:00,25023.3,25098.9,24995.9,25053.8,9656.0
2026-07-24 17:00:00,25054.8,25064.0,24995.2,24997.1,8200.0
2026-07-24 19:00:00,24997.6,25008.2,24963.8,24977.1,6701.0
2026-07-26 22:00:00,25126.8,25208.2,25125.5,25191.8,6259.0
2026-07-27 00:00:00,25190.6,25194.1,24917.2,25071.3,14663.0
2026-07-27 02:00:00,25072.3,25213.0,25051.2,25170.3,14630.0
2026-07-27 04:00:00,25158.2,25208.5,25135.1,25196.2,8708.0
2026-07-27 06:00:00,25196.7,25287.3,25189.9,25219.1,9311.0
2026-07-27 08:00:00,25218.6,25226.4,25189.5,25218.2,5587.0
2026-07-27 10:00:00,25217.2,25230.8,25180.5,25206.5,4910.0
2026-07-27 12:00:00,25206.2,25270.7,25171.5,25220.9,8636.0
2026-07-27 14:00:00,25220.8,25365.4,25174.8,25279.3,13823.0
2026-07-27 16:00:00,25278.8,25368.5,25263.8,25296.1,10401.0
2026-07-27 18:00:00,25295.6,25314.7,25251.5,25293.0,7844.0
2026-07-27 20:00:00,25293.8,25312.3,25281.0,25304.3,1868.0
2026-07-27 21:00:00,25299.6,25314.7,25283.8,25285.3,2150.0
2026-07-27 23:00:00,25285.6,25305.5,25229.0,25233.0,9855.0
2026-07-28 01:00:00,25234.2,25438.7,25106.2,25111.9,17878.0
2026-07-28 03:00:00,25112.9,25297.3,25075.9,25145.3,12050.0
2026-07-28 05:00:00,25145.6,25254.4,25118.7,25247.4,14239.0
2026-07-28 07:00:00,25247.7,25349.3,25230.9,25325.1,9639.0
2026-07-28 09:00:00,25324.5,25376.9,25299.7,25309.2,6394.0
2026-07-28 11:00:00,25309.7,25374.9,25283.9,25366.5,8677.0
2026-07-28 13:00:00,25365.5,25520.0,25306.0,25458.3,12872.0
2026-07-28 15:00:00,25459.3,25548.8,25443.5,25542.3,9119.0
2026-07-28 17:00:00,25542.8,25565.7,25491.5,25496.9,7472.0
2026-07-28 19:00:00,25497.1,25527.4,25471.7,25511.8,5424.0
2026-07-28 21:00:00,25513.7,25531.6,25467.5,25471.0,5059.0
2026-07-28 23:00:00,25471.3,25577.5,25464.6,25520.6,12675.0
2026-07-29 01:00:00,25520.5,25758.2,25481.0,25708.4,17716.0
2026-07-29 03:00:00,25707.9,25763.3,25614.0,25648.2,12644.0
2026-07-29 05:00:00,25652.9,25760.0,25600.7,25746.5,12451.0
2026-07-29 07:00:00,25745.5,25810.0,25723.8,25768.8,8051.0
2026-07-29 09:00:00,25763.8,25766.6,25642.3,25662.3,3886.0
2026-07-29 11:00:00,25664.3,25683.5,25610.7,25650.3,4342.0
2026-07-29 13:00:00,25650.8,25719.4,25614.4,25640.2,8874.0
2026-07-29 15:00:00,25639.7,25699.7,25632.3,25696.8,5275.0
2026-07-29 17:00:00,25697.8,25932.8,25694.8,25929.2,5112.0
2026-07-29 19:00:00,25929.1,25964.3,25648.9,25682.1,16982.0
2026-07-29 21:00:00,25680.0,25791.3,25644.6,25775.3,5667.0
2026-07-29 23:00:00,25775.6,25808.6,25749.4,25772.8,12433.0
2026-07-30 01:00:00,25773.4,25980.0,25682.0,25775.3,18973.0
2026-07-30 03:00:00,25774.3,25827.1,25672.6,25720.8,13652.0
2026-07-30 05:00:00,25754.5,25874.4,25631.0,25823.9,16354.0
2026-07-30 07:00:00,25823.4,25887.5,25779.5,25845.4,10895.0
2026-07-30 09:00:00,25845.9,25942.2,25845.6,25895.4,6983.0
2026-07-30 11:00:00,25895.9,25947.1,25867.7,25870.9,7327.0
2026-07-30 13:00:00,25872.4,25919.4,25812.1,25881.8,13190.0
2026-07-30 15:00:00,25882.8,26007.1,25867.5,25990.6,10238.0
2026-07-30 17:00:00,25993.1,26003.7,25956.8,25988.0,5171.0
2026-07-30 19:00:00,25988.1,26202.0,25985.9,26139.4,8364.0
2026-07-30 21:00:00,26136.7,26171.8,26114.8,26134.4,3724.0
2026-07-30 23:00:00,26135.0,26135.0,26053.6,26066.4,6723.0
2026-07-31 01:00:00,26067.0,26114.6,25612.3,25896.2,18455.0
2026-07-31 03:00:00,25895.2,25896.5,25724.5,25837.7,9941.0
2026-07-31 05:00:00,25838.3,25866.6,25759.9,25826.5,13984.0
2026-07-31 07:00:00,25827.5,25933.0,25808.8,25897.8,9658.0
2026-07-31 09:00:00,25912.8,25937.8,25884.8,25891.1,6439.0
2026-07-31 11:00:00,25891.6,25892.6,25825.5,25848.1,7849.0
2026-07-31 13:00:00,25849.6,25929.0,25765.0,25926.0,14479.0
2026-07-31 15:00:00,25926.5,25939.2,25846.5,25871.0,11303.0
2026-07-31 17:00:00,25870.0,25921.9,25862.7,25886.5,7785.0
2026-07-31 19:00:00,25886.6,25964.1,25846.8,25860.2,7378.0
2026-08-02 22:00:00,26002.5,26028.5,25978.3,25999.5,7413.0
2026-08-03 00:00:00,25998.9,26130.8,25894.6,25972.3,13947.0
2026-08-03 02:00:00,25971.8,26003.4,25800.7,25888.2,15529.0
2026-08-03 04:00:00,25874.5,25958.4,25853.6,25904.2,7403.0
2026-08-03 06:00:00,25903.7,25994.3,25886.6,25983.5,10044.0
2026-08-03 08:00:00,25984.0,26001.9,25947.2,25947.6,5616.0
2026-08-03 10:00:00,25947.1,25966.8,25936.0,25966.8,5287.0
2026-08-03 12:00:00,25966.3,25993.1,25917.7,25964.0,8988.0
2026-08-03 14:00:00,25963.5,26012.9,25933.8,25999.7,8089.0
2026-08-03 16:00:00,25999.2,26005.2,25919.9,25920.9,3785.0
2026-08-03 18:00:00,25921.9,25977.0,25921.4,25938.3,4049.0
2026-08-03 20:00:00,25938.1,25959.0,25927.7,25944.4,2341.0
2026-08-03 21:00:00,25944.1,25970.8,25943.0,25967.4,2210.0
2026-08-03 23:00:00,25967.7,25975.8,25954.3,25962.4,5738.0
2026-08-04 01:00:00,25961.8,26183.7,25789.8,25843.0,16942.0
2026-08-04 03:00:00,25841.0,25933.9,25838.0,25876.5,8129.0
2026-08-04 05:00:00,25892.1,25897.6,25762.3,25833.8,12605.0
2026-08-04 07:00:00,25835.8,25874.2,25769.9,25775.4,7661.0
2026-08-04 09:00:00,25775.1,25811.5,25737.5,25780.1,5769.0
2026-08-04 11:00:00,25778.1,25801.7,25725.6,25739.7,7470.0
2026-08-04 13:00:00,25739.2,25867.7,25677.3,25858.2,10840.0
2026-08-04 15:00:00,25858.7,25896.5,25828.5,25881.7,6191.0
2026-08-04 17:00:00,25881.2,25917.6,25875.1,25892.3,5339.0
2026-08-04 19:00:00,25888.7,25945.0,25888.5,25919.8,7841.0
2026-08-04 21:00:00,25913.9,25945.9,25909.2,25938.4,2888.0
2026-08-04 23:00:00,25938.7,25944.2,25922.0,25942.3,5830.0
2026-08-05 01:00:00,25941.1,25967.3,25721.8,25854.5,16530.0
2026-08-05 03:00:00,25855.5,25908.6,25809.3,25851.2,6711.0
2026-08-05 05:00:00,25850.8,25954.5,25790.5,25947.4,12764.0
2026-08-05 07:00:00,25948.4,25964.9,25857.9,25866.7,7272.0
2026-08-05 09:00:00,25867.3,25884.3,25789.4,25797.0,3933.0
2026-08-05 11:00:00,25798.0,25858.9,25750.2,25855.0,5048.0
2026-08-05 13:00:00,25855.5,25870.4,25720.3,25742.5,10821.0
2026-08-05 15:00:00,25743.0,25760.3,25659.6,25660.1,8434.0
2026-08-05 17:00:00,25660.6,25689.9,25627.9,25641.5,4825.0
2026-08-05 19:00:00,25641.6,25670.2,25616.2,25648.7,5726.0
2026-08-05 21:00:00,25653.2,25687.0,25638.5,25666.3,2839.0
2026-08-05 23:00:00,25666.0,25675.9,25641.4,25642.2,6670.0
2026-08-06 01:00:00,25642.5,25707.4,25381.8,25475.0,15880.0
2026-08-06 03:00:00,25475.6,25475.6,25393.0,25434.1,8076.0
2026-08-06 05:00:00,25434.7,25479.6,25405.9,25455.5,11101.0
2026-08-06 07:00:00,25456.0,25530.2,25451.8,25514.7,6971.0
2026-08-06 09:00:00,25558.5,25567.0,25527.7,25552.8,4158.0
2026-08-06 11:00:00,25553.8,25572.1,25525.5,25560.6,5683.0
2026-08-06 13:00:00,25560.1,25596.7,25517.6,25587.4,10248.0
2026-08-06 15:00:00,25588.4,25598.1,25410.0,25505.0,8369.0
2026-08-06 17:00:00,25505.5,25549.5,25490.4,25532.7,5925.0
2026-08-06 19:00:00,25516.8,25545.5,25506.9,25517.6,5449.0
2026-08-06 21:00:00,25520.4,25541.9,25510.6,25534.3,1934.0
2026-08-06 23:00:00,25534.0,25547.0,25509.2,25531.4,7331.0
2026-08-07 01:00:00,25532.0,25568.6,25387.4,25512.8,15792.0
2026-08-07 03:00:00,25513.8,25560.4,25499.6,25552.3,7824.0
2026-08-07 05:00:00,25556.9,25622.7,25513.9,25617.1,9650.0
2026-08-07 07:00:00,25617.6,25716.0,25614.3,25681.1,6047.0
2026-08-07 09:00:00,25644.5,25709.0,25644.5,25693.0,3028.0
2026-08-07 11:00:00,25693.5,25815.6,25686.1,25787.7,5221.0
2026-08-07 13:00:00,25788.2,25832.6,25731.4,25815.7,10378.0
2026-08-07 15:00:00,25815.2,25854.5,25803.2,25828.5,6835.0
2026-08-07 17:00:00,25829.0,25838.4,25788.1,25795.0,3286.0
2026-08-07 19:00:00,25795.1,25835.7,25790.1,25813.8,4951.0
2026-08-09 22:00:00,25808.1,25810.8,25776.6,25793.1,4631.0
2026-08-10 00:00:00,25792.5,25893.1,25711.0,25825.7,11208.0
2026-08-10 02:00:00,25825.2,25881.3,25754.3,25823.8,12950.0
2026-08-10 04:00:00,25814.3,25862.4,25775.4,25860.9,6847.0
2026-08-10 06:00:00,25859.4,25947.7,25832.3,25944.0,7743.0
2026-08-10 08:00:00,25945.0,25950.9,25904.9,25907.4,3368.0
2026-08-10 10:00:00,25907.3,25924.5,25895.0,25909.6,3185.0
2026-08-10 12:00:00,25909.1,25921.6,25827.4,25845.9,6074.0
2026-08-10 14:00:00,25845.4,25983.2,25841.4,25981.2,7620.0
2026-08-10 16:00:00,25981.7,26005.3,25954.4,25960.9,5078.0
2026-08-10 18:00:00,25961.4,25977.0,25938.5,25971.5,3234.0
2026-08-10 20:00:00,25970.9,25972.1,25957.2,25968.7,1569.0
2026-08-10 21:00:00,25968.2,25979.5,25953.5,25958.9,1089.0
2026-08-10 23:00:00,25959.5,25982.4,25939.9,25978.7,4355.0
2026-08-11 01:00:00,25978.1,26046.7,25782.6,25799.8,14834.0
2026-08-11 03:00:00,25800.3,25805.7,25736.2,25742.1,5124.0
2026-08-11 05:00:00,25762.7,25775.9,25629.0,25655.8,7899.0
2026-08-11 07:00:00,25656.8,25680.6,25591.5,25601.9,5905.0
2026-08-11 09:00:00,25601.3,25661.7,25601.0,25651.8,3629.0
2026-08-11 11:00:00,25649.8,25684.9,25598.3,25628.7,4651.0
2026-08-11 13:00:00,25630.2,25640.2,25544.6,25587.5,8055.0
2026-08-11 15:00:00,25588.5,25595.3,25522.3,25559.3,5011.0
2026-08-11 17:00:00,25559.8,25562.3,25506.8,25513.9,3452.0
2026-08-11 19:00:00,25514.0,25554.0,25504.2,25542.6,3836.0
2026-08-11 21:00:00,25546.3,25550.7,25534.9,25540.9,1260.0
2026-08-11 23:00:00,25541.1,25546.0,25527.5,25539.3,4213.0
2026-08-12 01:00:00,25539.0,25543.7,25313.3,25337.3,14188.0
2026-08-12 03:00:00,25336.3,25354.5,25301.7,25323.6,4878.0
2026-08-12 05:00:00,25324.2,25405.9,25306.1,25404.9,9301.0
2026-08-12 07:00:00,25405.4,25411.5,25352.0,25382.4,5010.0
2026-08-12 09:00:00,25395.9,25432.0,25379.0,25414.9,3533.0
2026-08-12 11:00:00,25416.9,25462.7,25393.9,25436.0,4626.0
2026-08-12 13:00:00,25435.5,25438.7,25320.5,25332.6,9229.0
2026-08-12 15:00:00,25332.1,25332.6,25285.7,25314.3,4875.0
2026-08-12 17:00:00,25315.3,25327.6,25286.8,25286.8,2436.0
2026-08-12 19:00:00,25287.0,25302.3,25267.1,25273.0,3599.0
2026-08-12 21:00:00,25271.3,25287.6,25271.3,25281.6,1389.0
2026-08-12 23:00:00,25281.3,25297.9,25280.9,25290.4,3608.0
2026-08-13 01:00:00,25290.1,25441.4,25247.6,25417.6,13916.0
2026-08-13 03:00:00,25418.1,25440.4,25394.9,25418.1,4794.0
2026-08-13 05:00:00,25431.0,25497.5,25333.1,25354.9,10119.0
2026-08-13 07:00:00,25355.9,25367.8,25306.8,25340.1,5821.0
2026-08-13 09:00:00,25340.4,25385.9,25340.1,25361.3,2764.0
2026-08-13 11:00:00,25361.8,25367.7,25304.0,25335.8,3537.0
2026-08-13 13:00:00,25337.3,25355.6,25223.6,25237.0,8377.0
2026-08-13 15:00:00,25238.0,25241.6,25180.1,25204.5,5419.0
2026-08-13 17:00:00,25205.0,25210.5,25180.7,25203.9,2643.0
2026-08-13 19:00:00,25186.7,25206.6,25185.3,25202.6,3514.0
2026-08-13 21:00:00,25201.7,25212.2,25200.9,25206.1,982.0
2026-08-13 23:00:00,25206.4,25217.9,25203.9,25206.7,2592.0
2026-08-14 01:00:00,25206.3,25266.0,25104.4,25160.3,14156.0
2026-08-14 03:00:00,25159.8,25165.3,25107.7,25108.3,4965.0
2026-08-14 05:00:00,25108.9,25159.0,25075.7,25103.3,9263.0
2026-08-14 07:00:00,25104.3,25117.3,25040.4,25062.5,4942.0
2026-08-14 09:00:00,25062.2,25141.1,25062.2,25133.0,2441.0
2026-08-14 11:00:00,25133.5,25193.8,25128.0,25162.5,3115.0
2026-08-14 13:00:00,25163.0,25269.0,25146.5,25232.9,8021.0
2026-08-14 15:00:00,25233.9,25256.9,25212.0,25219.0,4473.0
2026-08-14 17:00:00,25219.5,25246.2,25205.0,25230.0,2857.0
2026-08-14 19:00:00,25220.0,25224.2,25206.4,25218.2,2730.0
2026-08-16 22:00:00,25226.6,25252.0,25226.6,25249.9,1205.0
2026-08-17 00:00:00,25249.3,25450.9,25238.9,25441.5,8084.0
2026-08-17 02:00:00,25441.0,25512.5,25412.2,25492.2,9978.0
2026-08-17 04:00:00,25481.3,25548.7,25453.1,25527.6,4706.0
2026-08-17 06:00:00,25527.1,25550.4,25439.7,25441.8,6833.0
2026-08-17 08:00:00,25441.3,25445.0,25391.3,25421.1,3117.0
2026-08-17 10:00:00,25421.6,25472.7,25416.1,25456.5,3232.0
2026-08-17 12:00:00,25456.0,25456.0,25342.9,25382.6,6225.0
2026-08-17 14:00:00,25384.6,25426.3,25340.3,25366.3,6311.0
2026-08-17 16:00:00,25365.8,25389.1,25324.1,25327.8,3399.0
2026-08-17 18:00:00,25328.3,25353.2,25306.8,25308.9,3282.0
2026-08-17 20:00:00,25309.5,25311.4,25295.1,25299.1,1860.0
2026-08-17 21:00:00,25300.9,25308.9,25293.4,25301.1,1326.0
2026-08-17 23:00:00,25300.8,25315.8,25295.5,25308.9,2341.0
2026-08-18 01:00:00,25309.5,25410.1,25196.6,25264.7,14262.0
2026-08-18 03:00:00,25264.2,25275.7,25217.3,25228.6,6799.0
2026-08-18 05:00:00,25228.9,25460.1,25203.3,25460.1,12168.0
2026-08-18 07:00:00,25461.1,25470.6,25396.4,25434.4,7887.0
2026-08-18 09:00:00,25434.1,25454.0,25403.9,25436.6,4075.0
2026-08-18 11:00:00,25434.6,25492.1,25423.4,25464.2,4615.0
2026-08-18 13:00:00,25463.7,25517.2,25362.4,25372.9,10563.0
2026-08-18 15:00:00,25373.4,25388.8,25328.5,25367.1,7269.0
2026-08-18 17:00:00,25367.6,25374.3,25332.4,25362.3,3772.0
2026-08-18 19:00:00,25346.4,25375.7,25343.9,25357.8,3471.0
2026-08-18 21:00:00,25358.1,25369.4,25342.6,25345.4,1662.0
2026-08-18 23:00:00,25346.0,25371.4,25331.9,25358.2,4344.0
2026-08-19 01:00:00,25357.0,25511.7,25247.4,25488.6,15459.0
2026-08-19 03:00:00,25487.6,25530.1,25448.5,25490.3,6766.0
2026-08-19 05:00:00,25508.9,25530.4,25398.1,25501.6,12077.0
2026-08-19 07:00:00,25503.1,25510.3,25450.1,25451.4,5582.0
2026-08-19 09:00:00,25451.1,25497.5,25448.2,25473.5,3437.0
2026-08-19 11:00:00,25471.5,25629.0,25463.5,25614.5,6496.0
2026-08-19 13:00:00,25614.0,25743.0,25613.0,25710.0,10899.0
2026-08-19 15:00:00,25711.0,25769.5,25707.5,25725.5,6083.0
2026-08-19 17:00:00,25726.0,25741.0,25680.5,25712.0,6425.0
2026-08-19 19:00:00,25702.4,25728.2,25685.3,25706.6,4195.0
2026-08-19 21:00:00,25707.6,25745.2,25705.3,25743.6,2064.0
2026-08-19 23:00:00,25743.9,25753.5,25707.4,25713.7,4670.0
2026-08-20 01:00:00,25714.0,25833.8,25619.3,25669.6,13084.0
2026-08-20 03:00:00,25669.1,25791.5,25652.6,25767.1,5719.0
2026-08-20 05:00:00,25767.2,25851.0,25760.5,25829.5,9827.0
2026-08-20 07:00:00,25828.5,25828.5,25680.3,25704.4,7809.0
2026-08-20 09:00:00,25709.9,25745.4,25638.4,25714.9,7179.0
2026-08-20 11:00:00,25715.4,25716.9,25560.4,25609.9,8567.0
2026-08-20 13:00:00,25610.4,25710.9,25581.4,25694.4,12788.0
2026-08-20 15:00:00,25693.4,25740.9,25654.4,25717.4,9961.0
2026-08-20 17:00:00,25716.4,25723.9,25680.9,25711.4,5865.0
2026-08-20 19:00:00,25701.3,25723.5,25687.1,25723.5,4548.0
2026-08-20 21:00:00,25722.7,25732.6,25710.4,25729.7,1749.0
2026-08-20 23:00:00,25729.4,25738.8,25716.6,25717.3,4486.0
2026-08-21 01:00:00,25717.0,25923.9,25686.2,25888.4,14480.0
2026-08-21 03:00:00,25887.9,25921.9,25862.4,25889.0,6139.0
2026-08-21 05:00:00,25903.4,25982.9,25849.9,25968.9,9456.0
2026-08-21 07:00:00,25966.4,26052.5,25957.4,26046.5,5641.0
2026-08-21 09:00:00,26048.3,26081.8,26018.8,26021.8,3900.0
2026-08-21 11:00:00,26020.8,26054.8,26002.3,26022.8,5467.0
2026-08-21 13:00:00,26023.3,26064.8,25911.8,25929.8,8092.0
2026-08-21 15:00:00,25930.3,25984.3,25925.3,25936.8,6668.0
2026-08-21 17:00:00,25936.3,25937.3,25899.3,25901.3,3428.0
2026-08-21 19:00:00,25901.5,25921.8,25864.2,25882.7,3122.0
2026-08-23 22:00:00,25887.7,25956.6,25884.2,25955.9,3460.0
2026-08-24 00:00:00,25955.6,25959.4,25452.6,25460.6,11337.0
2026-08-24 02:00:00,25462.1,25535.6,25422.1,25455.1,11277.0
2026-08-24 04:00:00,25443.4,25497.6,25438.0,25463.1,7728.0
2026-08-24 06:00:00,25460.6,25551.1,25456.1,25479.1,7022.0
2026-08-24 08:00:00,25485.6,25529.5,25445.3,25529.5,5292.0
2026-08-24 10:00:00,25529.0,25562.5,25504.0,25523.0,6279.0
2026-08-24 12:00:00,25521.5,25581.3,25458.3,25559.3,8761.0
2026-08-24 14:00:00,25560.3,25627.3,25548.3,25597.8,6919.0
2026-08-24 16:00:00,25597.3,25644.8,25579.3,25582.8,6368.0
2026-08-24 18:00:00,25583.3,25603.8,25562.8,25592.0,4344.0
2026-08-24 20:00:00,25592.6,25610.4,25584.7,25607.7,1424.0
2026-08-24 21:00:00,25606.9,25618.0,25602.3,25608.0,1131.0
2026-08-24 23:00:00,25608.3,25618.3,25574.6,25612.7,4850.0
2026-08-25 01:00:00,25613.3,25668.2,25393.7,25430.7,12893.0
2026-08-25 03:00:00,25430.2,25495.8,25419.8,25449.5,6138.0
2026-08-25 05:00:00,25450.3,25536.3,25420.3,25516.3,8620.0
2026-08-25 07:00:00,25519.3,25553.6,25472.6,25527.8,6111.0
2026-08-25 09:00:00,25551.0,25628.0,25538.0,25618.0,5637.0
2026-08-25 11:00:00,25617.5,25618.5,25549.5,25551.0,5205.0
2026-08-25 13:00:00,25550.0,25653.5,25519.0,25595.5,9589.0
2026-08-25 15:00:00,25597.0,25650.5,25589.0,25644.0,6138.0
2026-08-25 17:00:00,25644.5,25667.0,25619.0,25644.2,3662.0
2026-08-25 19:00:00,25644.4,25661.9,25629.0,25649.3,3059.0
2026-08-25 21:00:00,25648.9,25692.0,25647.2,25678.1,965.0
2026-08-25 23:00:00,25678.8,25679.5,25622.4,25623.6,3909.0
2026-08-26 01:00:00,25623.0,25813.1,25622.7,25759.1,13036.0
2026-08-26 03:00:00,25758.6,25764.1,25666.8,25670.5,5260.0
2026-08-26 05:00:00,25670.8,25745.6,25652.6,25728.6,9040.0
2026-08-26 07:00:00,25727.1,25734.6,25629.1,25658.9,6380.0
2026-08-26 09:00:00,25662.5,25679.0,25626.5,25628.0,3623.0
2026-08-26 11:00:00,25627.5,25686.0,25627.0,25632.0,6004.0
2026-08-26 13:00:00,25632.5,25702.0,25618.5,25641.5,8018.0
2026-08-26 15:00:00,25640.5,25664.5,25605.0,25618.0,6793.0
2026-08-26 17:00:00,25620.5,25642.5,25596.5,25609.0,4395.0
2026-08-26 19:00:00,25590.9,25610.3,25551.3,25610.3,5645.0
2026-08-26 21:00:00,25620.2,25710.5,25618.4,25698.7,3357.0
2026-08-26 23:00:00,25698.4,25700.7,25526.4,25561.4,3933.0
2026-08-27 01:00:00,25561.1,25776.6,25507.1,25512.1,12440.0
2026-08-27 03:00:00,25511.1,25557.7,25503.6,25533.9,4531.0
2026-08-27 05:00:00,25535.1,25613.1,25508.6,25581.1,6994.0
2026-08-27 07:00:00,25579.1,25585.1,25538.8,25539.5,4930.0
2026-08-27 09:00:00,25576.5,25577.5,25480.5,25499.5,2326.0
2026-08-27 11:00:00,25500.0,25528.0,25491.0,25496.5,2410.0
2026-08-27 13:00:00,25496.0,25527.5,25441.5,25473.5,5993.0
2026-08-27 15:00:00,25474.5,25475.0,25436.0,25456.5,3034.0
2026-08-27 17:00:00,25454.5,25474.0,25447.0,25451.5,1621.0
2026-08-27 19:00:00,25451.8,25472.5,25450.3,25466.6,3905.0
2026-08-27 21:00:00,25473.9,25478.2,25456.0,25466.5,1446.0
2026-08-27 23:00:00,25467.1,25478.8,25448.4,25474.8,2875.0
2026-08-28 01:00:00,25475.1,25648.8,25347.8,25630.8,12691.0
2026-08-28 03:00:00,25630.3,25702.8,25627.8,25642.2,4932.0
2026-08-28 05:00:00,25664.6,25676.1,25582.6,25613.6,8403.0
2026-08-28 07:00:00,25613.1,25620.6,25533.7,25554.8,5835.0
2026-08-28 09:00:00,25608.5,25612.0,25579.0,25595.0,3023.0
2026-08-28 11:00:00,25594.5,25609.5,25583.5,25596.5,3715.0
2026-08-28 13:00:00,25597.0,25685.5,25503.0,25590.0,11002.0
2026-08-28 15:00:00,25592.5,25606.5,25472.0,25503.0,9298.0
2026-08-28 17:00:00,25502.5,25524.0,25480.0,25512.5,7376.0
2026-08-28 19:00:00,25499.3,25543.9,25499.3,25538.5,4482.0
2026-08-30 22:00:00,25528.9,25529.9,25449.6,25454.5,6058.0
2026-08-31 00:00:00,25453.9,25517.2,25245.1,25325.6,10788.0
