bartime,open,high,low,close,volume
2025-01-01 22:45:00,19987.2,20021.3,19987.2,19996.3,978.0
2025-01-01 23:30:00,19996.8,20000.4,19952.8,19957.1,1768.0
2025-01-02 00:15:00,19957.3,19964.2,19914.8,19956.6,2738.0
2025-01-02 01:00:00,19957.7,20017.0,19646.2,19726.2,6481.0
2025-01-02 01:45:00,19728.7,19728.7,19458.2,19546.2,8514.0
2025-01-02 02:30:00,19546.7,19780.2,19518.7,19685.2,7898.0
2025-01-02 03:15:00,19685.7,19729.7,19663.2,19696.2,4076.0
2025-01-02 04:00:00,19675.7,19689.3,19668.8,19688.6,957.0
2025-01-02 04:45:00,19688.8,19738.7,19632.7,19659.7,4383.0
2025-01-02 05:30:00,19658.2,19672.7,19549.2,19555.7,6358.0
2025-01-02 06:15:00,19556.7,19611.2,19499.2,19551.7,6806.0
2025-01-02 07:00:00,19552.2,19567.7,19532.7,19559.2,3061.0
2025-01-02 07:45:00,19560.2,19562.7,19503.2,19531.7,4217.0
2025-01-02 08:30:00,19523.7,19557.1,19514.8,19555.8,4250.0
2025-01-02 09:15:00,19555.6,19566.2,19528.7,19547.2,2063.0
2025-01-02 10:00:00,19547.7,19553.7,19496.2,19505.2,1615.0
2025-01-02 10:45:00,19505.7,19508.2,19462.7,19491.7,1456.0
2025-01-02 11:30:00,19492.2,19544.7,19487.7,19536.7,1372.0
2025-01-02 12:15:00,19537.2,19548.7,19526.2,19546.2,1271.0
2025-01-02 13:00:00,19547.2,19560.2,19525.2,19557.2,1717.0
2025-01-02 13:45:00,19556.7,19584.7,19538.7,19571.2,1850.0
2025-01-02 14:30:00,19573.2,19618.7,19556.2,19569.2,5275.0
2025-01-02 15:15:00,19569.7,19627.7,19553.7,19601.2,4622.0
2025-01-02 16:00:00,19602.2,19605.2,19543.7,19588.2,4121.0
2025-01-02 16:45:00,19587.7,19598.7,19547.7,19548.2,2933.0
2025-01-02 17:30:00,19547.7,19555.2,19514.7,19525.7,4301.0
2025-01-02 18:15:00,19525.2,19536.2,19498.2,19502.6,3055.0
2025-01-02 19:00:00,19502.5,19509.3,19484.3,19496.2,4549.0
2025-01-02 19:45:00,19496.4,19536.8,19489.7,19518.0,4520.0
2025-01-02 20:30:00,19518.1,19527.0,19491.9,19524.5,4282.0
2025-01-02 21:15:00,19523.9,19532.5,19520.0,19522.0,948.0
2025-01-02 22:45:00,19520.4,19523.8,19507.4,19511.1,666.0
2025-01-02 23:30:00,19511.6,19535.6,19502.0,19533.6,816.0
2025-01-03 00:15:00,19533.1,19553.9,19530.8,19542.1,993.0
2025-01-03 01:00:00,19541.8,19661.7,19540.0,19603.7,4740.0
2025-01-03 01:45:00,19602.7,19818.2,19564.2,19797.7,8457.0
2025-01-03 02:30:00,19796.7,19846.7,19712.2,19837.7,7213.0
2025-01-03 03:15:00,19838.2,19844.7,19727.7,19741.7,4683.0
2025-01-03 04:00:00,19725.8,19729.6,19712.3,19715.3,318.0
2025-01-03 04:45:00,19714.8,19736.7,19633.5,19665.5,4752.0
2025-01-03 05:30:00,19666.0,19708.5,19596.5,19608.5,6582.0
2025-01-03 06:15:00,19608.0,19670.5,19585.5,19649.5,6990.0
2025-01-03 07:00:00,19648.5,19667.0,19614.0,19653.5,3183.0
2025-01-03 07:45:00,19653.0,19719.5,19643.5,19669.5,3535.0
2025-01-03 08:30:00,19663.0,19685.4,19653.0,19684.6,2220.0
2025-01-03 09:15:00,19684.1,19708.5,19663.5,19666.0,1456.0
2025-01-03 10:00:00,19665.5,19676.0,19640.5,19667.0,1221.0
2025-01-03 10:45:00,19665.5,19689.5,19654.5,19687.5,837.0
2025-01-03 11:30:00,19686.0,19696.5,19674.0,19678.0,1003.0
2025-01-03 12:15:00,19678.5,19694.5,19674.0,19676.0,993.0
2025-01-03 13:00:00,19675.5,19695.5,19671.0,19693.5,1169.0
2025-01-03 13:45:00,19694.0,19726.0,19689.5,19719.5,1553.0
2025-01-03 14:30:00,19720.0,19750.0,19687.5,19697.5,4599.0
2025-01-03 15:15:00,19697.0,19724.0,19668.5,19724.0,3239.0
2025-01-03 16:00:00,19723.5,19739.5,19707.5,19736.5,2625.0
2025-01-03 16:45:00,19737.0,19751.0,19726.0,19728.5,1833.0
2025-01-03 17:30:00,19729.0,19744.0,19724.5,19743.0,1615.0
2025-01-03 18:15:00,19743.5,19754.5,19727.5,19735.0,1213.0
2025-01-03 19:00:00,19734.6,19769.3,19733.8,19767.9,1360.0
2025-01-03 19:45:00,19767.8,19775.4,19754.1,19773.5,1443.0
2025-01-03 20:30:00,19773.3,19780.2,19727.4,19732.8,1912.0
2025-01-03 21:15:00,19731.1,19735.1,19729.7,19734.5,333.0
2025-01-05 23:00:00,19746.4,19789.4,19742.6,19786.6,893.0
2025-01-05 23:45:00,19786.9,19795.2,19762.2,19764.0,1353.0
2025-01-06 00:30:00,19763.7,19764.3,19733.8,19736.8,1058.0
2025-01-06 01:15:00,19738.2,19842.7,19610.2,19627.2,7910.0
2025-01-06 02:00:00,19627.7,19784.7,19597.7,19730.6,8066.0
2025-01-06 02:45:00,19729.6,19768.6,19679.6,19692.1,6398.0
2025-01-06 03:30:00,19691.6,19698.6,19652.6,19654.3,1815.0
2025-01-06 04:15:00,19654.0,19665.4,19652.2,19662.5,275.0
2025-01-06 05:00:00,19668.1,19673.6,19606.1,19606.1,5305.0
2025-01-06 05:45:00,19605.6,19658.1,19584.1,19622.1,5315.0
2025-01-06 06:30:00,19622.6,19660.6,19595.6,19652.6,4090.0
2025-01-06 07:15:00,19652.1,19663.1,19614.6,19640.6,2162.0
2025-01-06 08:00:00,19643.6,19694.6,19629.6,19641.0,2584.0
2025-01-06 08:45:00,19641.2,19700.1,19640.2,19683.6,1596.0
2025-01-06 09:30:00,19683.1,19693.1,19665.6,19666.6,894.0
2025-01-06 10:15:00,19666.1,19675.6,19643.1,19645.1,1003.0
2025-01-06 11:00:00,19644.1,20071.6,19635.6,20009.1,4849.0
2025-01-06 11:45:00,20006.6,20047.6,19984.6,20008.1,3101.0
2025-01-06 12:30:00,20006.1,20096.6,19996.1,20054.6,2808.0
2025-01-06 13:15:00,20055.1,20107.6,20045.6,20073.1,2390.0
2025-01-06 14:00:00,20075.6,20105.6,19787.1,19846.1,5191.0
2025-01-06 14:45:00,19846.6,19929.6,19846.6,19900.1,4023.0
2025-01-06 15:30:00,19899.6,19904.6,19693.6,19737.6,4701.0
2025-01-06 16:15:00,19737.1,19738.1,19692.1,19724.6,2722.0
2025-01-06 17:00:00,19724.1,19724.1,19581.6,19581.6,2072.0
2025-01-06 17:45:00,19581.1,19607.1,19551.6,19602.1,2492.0
2025-01-06 18:30:00,19601.6,19618.9,19568.4,19617.3,2633.0
2025-01-06 19:15:00,19617.2,19617.2,19578.1,19578.7,3081.0
2025-01-06 20:00:00,19578.4,19589.4,19558.8,19571.1,2773.0
2025-01-06 20:45:00,19571.0,19583.5,19546.0,19580.0,2176.0
2025-01-06 21:30:00,19580.2,19586.0,19579.9,19584.9,259.0
2025-01-06 22:45:00,19590.1,19602.0,19588.3,19598.6,603.0
2025-01-06 23:30:00,19597.8,19603.3,19588.4,19592.2,830.0
2025-01-07 00:15:00,19592.4,19628.8,19587.8,19589.6,664.0
2025-01-07 01:00:00,19589.1,19604.2,19453.2,19538.2,5215.0
2025-01-07 01:45:00,19542.2,19628.7,19511.7,19514.2,7792.0
2025-01-07 02:30:00,19514.7,19515.2,19248.2,19302.2,7494.0
2025-01-07 03:15:00,19302.7,19313.2,19237.2,19266.2,4550.0
2025-01-07 04:00:00,19243.0,19262.7,19242.0,19262.2,577.0
2025-01-07 04:45:00,19262.0,19285.2,19206.2,19272.2,4718.0
2025-01-07 05:30:00,19271.7,19319.7,19263.2,19281.7,6111.0
2025-01-07 06:15:00,19282.2,19338.2,19278.2,19304.2,5305.0
2025-01-07 07:00:00,19306.2,19422.2,19303.2,19370.7,3578.0
2025-01-07 07:45:00,19371.2,19447.2,19371.2,19419.2,3966.0
2025-01-07 08:30:00,19399.7,19438.4,19396.1,19428.7,1634.0
2025-01-07 09:15:00,19428.9,19466.2,19423.7,19435.2,1758.0
2025-01-07 10:00:00,19435.7,19492.7,19430.2,19461.7,1358.0
2025-01-07 10:45:00,19461.2,19481.2,19430.2,19431.7,1223.0
2025-01-07 11:30:00,19432.2,19447.2,19413.2,19431.7,1290.0
2025-01-07 12:15:00,19431.2,19457.7,19430.2,19452.7,987.0
2025-01-07 13:00:00,19452.2,19475.7,19443.7,19450.7,1317.0
2025-01-07 13:45:00,19451.2,19473.7,19442.2,19458.7,1291.0
2025-01-07 14:30:00,19460.2,19510.2,19408.7,19425.7,5147.0
2025-01-07 15:15:00,19425.2,19482.7,19410.7,19430.2,4902.0
2025-01-07 16:00:00,19429.7,19448.7,19413.7,19421.7,4091.0
2025-01-07 16:45:00,19420.2,19437.2,19398.2,19404.2,3002.0
2025-01-07 17:30:00,19404.7,19419.7,19387.7,19406.2,2234.0
2025-01-07 18:15:00,19405.7,19412.2,19364.5,19364.7,1513.0
2025-01-07 19:00:00,19364.6,19380.2,19353.8,19363.4,2627.0
2025-01-07 19:45:00,19363.2,19364.6,19282.5,19287.3,3020.0
2025-01-07 20:30:00,19287.4,19330.4,19269.3,19326.6,3444.0
2025-01-07 21:15:00,19327.1,19329.3,19318.8,19321.8,532.0
2025-01-07 22:45:00,19332.2,19332.7,19316.6,19328.5,596.0
2025-01-07 23:30:00,19328.7,19348.1,19327.4,19347.0,807.0
2025-01-08 00:15:00,19346.5,19354.9,19345.0,19351.2,664.0
2025-01-08 01:00:00,19351.4,19450.7,19338.2,19375.7,4654.0
2025-01-08 01:45:00,19378.2,19378.2,19263.7,19284.7,8007.0
2025-01-08 02:30:00,19284.2,19295.2,19174.2,19178.2,6527.0
2025-01-08 03:15:00,19178.7,19192.2,19071.7,19094.7,4904.0
2025-01-08 04:00:00,19083.7,19096.4,19083.5,19089.8,414.0
2025-01-08 04:45:00,19090.1,19171.7,19084.2,19156.7,4831.0
2025-01-08 05:30:00,19156.2,19307.2,19147.7,19269.2,7631.0
2025-01-08 06:15:00,19269.7,19284.2,19193.2,19213.2,6289.0
2025-01-08 07:00:00,19212.7,19259.2,19212.7,19241.7,2942.0
2025-01-08 07:45:00,19242.2,19252.2,19221.7,19232.7,3263.0
2025-01-08 08:30:00,19224.3,19244.3,19220.8,19233.1,1813.0
2025-01-08 09:15:00,19233.3,19289.2,19233.3,19277.7,1631.0
2025-01-08 10:00:00,19278.2,19284.2,19257.2,19270.2,1091.0
2025-01-08 10:45:00,19269.7,19271.7,19202.7,19207.2,1461.0
2025-01-08 11:30:00,19207.7,19212.2,19049.2,19122.2,3886.0
2025-01-08 12:15:00,19122.7,19129.2,19078.7,19091.7,2527.0
2025-01-08 13:00:00,19092.2,19141.2,19092.2,19115.7,2761.0
2025-01-08 13:45:00,19116.2,19159.2,19110.2,19135.7,1941.0
2025-01-08 14:30:00,19136.2,19196.7,19088.7,19166.2,5112.0
2025-01-08 15:15:00,19166.7,19196.7,19143.2,19196.2,3361.0
2025-01-08 16:00:00,19195.7,19224.7,19166.2,19216.7,2599.0
2025-01-08 16:45:00,19218.2,19230.7,19174.7,19176.2,2349.0
2025-01-08 17:30:00,19176.7,19212.2,19168.7,19189.7,2652.0
2025-01-08 18:15:00,19189.2,19219.2,19180.2,19181.1,1884.0
2025-01-08 19:00:00,19181.4,19219.5,19174.9,19199.8,4740.0
2025-01-08 19:45:00,19199.7,19222.0,19190.2,19220.8,3581.0
2025-01-08 20:30:00,19220.6,19241.4,19217.7,19225.4,2670.0
2025-01-08 21:15:00,19226.0,19233.1,19201.3,19208.0,962.0
2025-01-08 22:45:00,19222.5,19226.0,19215.7,19223.6,402.0
2025-01-08 23:30:00,19223.3,19224.4,19183.7,19188.0,821.0
2025-01-09 00:15:00,19188.2,19197.8,19176.1,19192.8,998.0
2025-01-09 01:00:00,19192.0,19287.3,19188.8,19269.8,4241.0
2025-01-09 01:45:00,19270.3,19386.3,19227.3,19295.3,7940.0
2025-01-09 02:30:00,19294.3,19356.8,19270.3,19342.8,5801.0
2025-01-09 03:15:00,19343.8,19349.3,19257.3,19268.0,3459.0
2025-01-09 04:00:00,19258.0,19265.1,19252.0,19258.4,701.0
2025-01-09 04:45:00,19258.6,19277.4,19239.4,19269.9,3412.0
2025-01-09 05:30:00,19269.4,19272.9,19205.4,19233.4,4503.0
2025-01-09 06:15:00,19232.9,19292.4,19228.9,19251.4,4133.0
2025-01-09 07:00:00,19252.4,19264.4,19219.4,19227.4,2499.0
2025-01-09 07:45:00,19226.9,19268.9,19202.9,19266.9,3209.0
2025-01-09 08:30:00,19252.9,19266.9,19248.5,19250.9,2103.0
2025-01-09 09:15:00,19250.6,19292.4,19249.8,19279.9,1564.0
2025-01-09 10:00:00,19279.4,19354.9,19275.4,19292.9,1849.0
2025-01-09 10:45:00,19292.4,19311.4,19287.9,19302.4,1004.0
2025-01-09 11:30:00,19302.9,19305.4,19290.4,19302.9,810.0
2025-01-09 12:15:00,19302.4,19319.4,19278.9,19317.9,1072.0
2025-01-09 13:00:00,19317.4,19335.4,19306.4,19330.9,1294.0
2025-01-09 13:45:00,19330.4,19331.4,19305.4,19316.9,1336.0
2025-01-09 14:30:00,19316.4,19318.4,19280.9,19282.4,1164.0
2025-01-09 15:15:00,19282.9,19305.4,19281.4,19295.9,881.0
2025-01-09 16:00:00,19296.4,19299.9,19264.9,19271.4,826.0
2025-01-09 16:45:00,19271.9,19286.9,19262.4,19266.9,517.0
2025-01-09 17:30:00,19263.9,19274.9,19261.4,19268.9,409.0
2025-01-09 18:15:00,19269.4,19275.4,19261.9,19261.9,369.0
2025-01-09 19:00:00,19262.1,19264.3,19260.4,19260.4,10.0
2025-01-09 19:45:00,19260.6,19262.6,19260.0,19260.0,3.0
2025-01-09 20:30:00,19259.7,19261.9,19257.1,19260.6,30.0
2025-01-09 21:15:00,19260.8,19260.8,19260.8,19260.8,1.0
2025-01-09 22:45:00,19259.2,19263.7,19244.3,19246.4,1236.0
2025-01-09 23:30:00,19246.2,19251.2,19226.5,19233.9,1820.0
2025-01-10 00:15:00,19233.6,19278.7,19221.3,19257.0,1697.0
2025-01-10 01:00:00,19258.3,19359.4,19251.4,19261.9,5169.0
2025-01-10 01:45:00,19262.4,19270.4,19133.4,19246.9,8192.0
2025-01-10 02:30:00,19247.9,19291.4,19175.4,19190.9,6147.0
2025-01-10 03:15:00,19190.4,19201.4,19112.4,19156.9,4052.0
2025-01-10 04:00:00,19141.9,19143.9,19131.1,19138.1,658.0
2025-01-10 04:45:00,19138.4,19166.4,19097.4,19134.4,4127.0
2025-01-10 05:30:00,19133.4,19151.4,19045.4,19072.9,5312.0
2025-01-10 06:15:00,19072.4,19089.9,19033.9,19042.9,5325.0
2025-01-10 07:00:00,19040.9,19081.9,19038.9,19074.9,2837.0
2025-01-10 07:45:00,19075.4,19083.9,19042.0,19073.5,3072.0
2025-01-10 08:30:00,19060.1,19061.9,19009.0,19024.6,2177.0
2025-01-10 09:15:00,19051.5,19081.5,19045.0,19067.5,1471.0
2025-01-10 10:00:00,19068.0,19081.0,19055.0,19080.0,1316.0
2025-01-10 10:45:00,19079.5,19080.5,19063.5,19070.0,967.0
2025-01-10 11:30:00,19072.0,19073.0,19053.5,19063.0,1145.0
2025-01-10 12:15:00,19062.5,19075.0,19057.0,19071.0,1013.0
2025-01-10 13:00:00,19070.5,19097.0,18952.5,18991.0,3283.0
2025-01-10 13:45:00,18990.5,19024.5,18969.0,19011.5,4062.0
2025-01-10 14:30:00,19012.0,19014.0,18874.5,18914.0,6901.0
2025-01-10 15:15:00,18914.5,18957.0,18898.0,18909.0,5462.0
2025-01-10 16:00:00,18909.5,18923.0,18879.0,18895.0,4067.0
2025-01-10 16:45:00,18893.0,18896.5,18862.5,18869.0,2720.0
2025-01-10 17:30:00,18868.5,18897.0,18867.0,18890.5,2070.0
2025-01-10 18:15:00,18890.0,18932.0,18880.5,18919.1,2037.0
2025-01-10 19:00:00,18919.0,18921.9,18856.9,18866.7,4323.0
2025-01-10 19:45:00,18866.4,18893.1,18823.9,18831.9,4179.0
2025-01-10 20:30:00,18831.6,18853.2,18816.7,18832.2,3995.0
2025-01-10 21:15:00,18832.0,18837.8,18818.9,18826.1,1041.0
2025-01-12 23:00:00,18826.9,18903.5,18826.6,18899.1,1957.0
2025-01-12 23:45:00,18899.3,18899.3,18873.4,18887.1,1675.0
2025-01-13 00:30:00,18886.9,18914.9,18870.6,18873.3,1855.0
2025-01-13 01:15:00,18884.0,18936.5,18655.0,18741.0,8333.0
2025-01-13 02:00:00,18742.0,18805.0,18670.5,18799.0,8103.0
2025-01-13 02:45:00,18799.5,18866.5,18797.0,18803.0,6476.0
2025-01-13 03:30:00,18802.5,18861.0,18791.3,18810.5,2619.0
2025-01-13 04:15:00,18810.2,18812.9,18804.5,18812.4,749.0
2025-01-13 05:00:00,18818.5,18874.5,18801.5,18840.5,5091.0
2025-01-13 05:45:00,18840.0,18880.0,18823.5,18830.5,4773.0
2025-01-13 06:30:00,18830.0,18903.5,18819.5,18872.5,4265.0
2025-01-13 07:15:00,18872.0,18930.0,18872.0,18894.5,3059.0
2025-01-13 08:00:00,18893.0,18900.5,18847.2,18855.1,3076.0
2025-01-13 08:45:00,18855.6,18862.3,18801.7,18812.5,3491.0
2025-01-13 09:30:00,18813.0,18850.5,18812.5,18838.0,2133.0
2025-01-13 10:15:00,18837.5,18861.0,18836.0,18849.0,1292.0
2025-01-13 11:00:00,18848.0,18860.0,18814.0,18832.5,1647.0
2025-01-13 11:45:00,18832.0,18863.0,18812.5,18831.5,1731.0
2025-01-13 12:30:00,18831.0,18861.5,18824.5,18836.0,1701.0
2025-01-13 13:15:00,18835.5,18854.5,18831.5,18833.5,1297.0
2025-01-13 14:00:00,18833.0,18916.0,18807.0,18858.5,3484.0
2025-01-13 14:45:00,18857.5,18870.5,18809.0,18816.0,3726.0
2025-01-13 15:30:00,18816.5,18866.5,18816.0,18825.5,3075.0
2025-01-13 16:15:00,18826.0,18833.5,18791.0,18794.0,2315.0
2025-01-13 17:00:00,18793.5,18807.0,18787.5,18796.5,1762.0
2025-01-13 17:45:00,18796.0,18869.0,18796.0,18856.5,1826.0
2025-01-13 18:30:00,18857.0,18882.0,18847.6,18851.3,2402.0
2025-01-13 19:15:00,18851.5,18880.4,18848.2,18868.1,3368.0
2025-01-13 20:00:00,18868.0,18879.2,18850.2,18857.4,3396.0
2025-01-13 20:45:00,18857.3,18887.0,18856.5,18886.4,2136.0
2025-01-13 21:30:00,18887.0,18889.3,18879.9,18886.7,534.0
2025-01-13 22:45:00,18910.9,19020.5,18908.1,19003.7,828.0
2025-01-13 23:30:00,19004.2,19117.3,18984.2,19016.0,1582.0
2025-01-14 00:15:00,19016.5,19022.3,18923.5,18956.3,1031.0
2025-01-14 01:00:00,18956.6,19013.5,18900.5,18982.5,4911.0
2025-01-14 01:45:00,18979.5,19115.5,18947.5,19094.0,8332.0
2025-01-14 02:30:00,19094.5,19217.0,19012.0,19211.5,7547.0
2025-01-14 03:15:00,19208.5,19210.5,19138.0,19152.5,4500.0
2025-01-14 04:00:00,19131.5,19131.8,19111.2,19127.2,572.0
2025-01-14 04:45:00,19126.9,19193.0,19126.7,19161.5,4693.0
2025-01-14 05:30:00,19162.5,19331.5,19158.5,19302.5,6492.0
2025-01-14 06:15:00,19303.0,19340.5,19198.5,19240.5,6155.0
2025-01-14 07:00:00,19239.0,19251.0,19209.0,19242.5,3607.0
2025-01-14 07:45:00,19242.0,19245.0,19214.5,19231.0,3547.0
2025-01-14 08:30:00,19216.4,19242.2,19206.4,19229.6,2138.0
2025-01-14 09:15:00,19229.1,19241.5,19204.5,19212.0,1559.0
2025-01-14 10:00:00,19212.5,19236.0,19205.0,19226.5,1240.0
2025-01-14 10:45:00,19226.0,19228.0,19207.0,19211.0,1005.0
2025-01-14 11:30:00,19211.5,19226.0,19201.5,19202.0,1510.0
2025-01-14 12:15:00,19203.0,19217.0,19186.5,19211.0,1448.0
2025-01-14 13:00:00,19211.5,19283.0,19184.5,19216.5,2990.0
2025-01-14 13:45:00,19217.0,19244.5,19199.0,19214.5,3388.0
2025-01-14 14:30:00,19215.0,19264.0,19147.5,19181.0,5299.0
2025-01-14 15:15:00,19181.5,19209.0,19159.0,19188.5,4129.0
2025-01-14 16:00:00,19190.0,19208.0,19157.5,19159.0,3812.0
2025-01-14 16:45:00,19158.5,19175.0,19151.5,19171.0,2458.0
2025-01-14 17:30:00,19170.5,19202.5,19163.0,19199.5,2081.0
2025-01-14 18:15:00,19199.0,19205.5,19177.5,19179.2,1538.0
2025-01-14 19:00:00,19179.1,19204.7,19164.7,19182.1,2513.0
2025-01-14 19:45:00,19182.2,19182.2,19117.8,19139.1,4535.0
2025-01-14 20:30:00,19139.2,19201.0,19125.7,19199.3,3641.0
2025-01-14 21:15:00,19199.1,19208.3,19198.4,19199.3,664.0
2025-01-14 22:45:00,19192.2,19193.8,19182.5,19184.7,402.0
2025-01-14 23:30:00,19185.2,19186.4,19181.0,19183.0,484.0
2025-01-15 00:15:00,19183.3,19211.2,19183.0,19195.9,490.0
2025-01-15 01:00:00,19196.4,19215.0,19150.0,19208.5,4479.0
2025-01-15 01:45:00,19209.5,19265.2,19159.2,19260.2,7888.0
2025-01-15 02:30:00,19261.2,19325.2,19236.2,19283.2,6762.0
2025-01-15 03:15:00,19283.7,19290.2,19239.2,19271.2,3540.0
2025-01-15 04:00:00,19257.1,19259.6,19252.9,19257.3,235.0
2025-01-15 04:45:00,19257.1,19272.2,19222.7,19238.2,3375.0
2025-01-15 05:30:00,19237.7,19245.7,19201.7,19223.2,4489.0
2025-01-15 06:15:00,19224.2,19271.7,19217.7,19262.2,4120.0
2025-01-15 07:00:00,19264.2,19279.7,19254.2,19275.2,2063.0
2025-01-15 07:45:00,19275.7,19291.2,19249.2,19286.2,2734.0
2025-01-15 08:30:00,19269.9,19273.7,19262.8,19268.5,992.0
2025-01-15 09:15:00,19289.2,19297.7,19273.2,19293.7,1277.0
2025-01-15 10:00:00,19293.2,19293.2,19262.7,19280.7,1012.0
2025-01-15 10:45:00,19280.2,19313.2,19280.2,19312.2,1066.0
2025-01-15 11:30:00,19311.7,19321.2,19301.7,19310.2,1508.0
2025-01-15 12:15:00,19307.7,19318.2,19294.2,19297.7,1026.0
2025-01-15 13:00:00,19297.2,19442.2,19289.2,19423.7,3871.0
2025-01-15 13:45:00,19424.2,19472.7,19394.7,19419.2,3962.0
2025-01-15 14:30:00,19419.7,19428.2,19339.7,19383.2,5336.0
2025-01-15 15:15:00,19382.7,19411.7,19365.2,19366.2,3179.0
2025-01-15 16:00:00,19368.2,19387.7,19338.7,19342.2,2783.0
2025-01-15 16:45:00,19342.7,19374.7,19342.7,19370.2,2195.0
2025-01-15 17:30:00,19369.7,19397.2,19368.2,19397.2,1419.0
2025-01-15 18:15:00,19396.7,19407.7,19389.5,19389.6,1106.0
2025-01-15 19:00:00,19389.5,19424.7,19388.5,19411.9,1602.0
2025-01-15 19:45:00,19412.0,19445.8,19411.3,19438.0,1539.0
2025-01-15 20:30:00,19437.8,19438.3,19400.7,19403.3,1908.0
2025-01-15 21:15:00,19403.8,19426.7,19403.8,19425.6,476.0
2025-01-15 22:45:00,19428.4,19432.2,19421.5,19430.8,447.0
2025-01-15 23:30:00,19431.0,19439.3,19431.0,19437.5,522.0
2025-01-16 00:15:00,19437.2,19451.5,19401.8,19404.4,719.0
2025-01-16 01:00:00,19404.0,19679.7,19397.1,19674.7,5004.0
2025-01-16 01:45:00,19673.7,19686.7,19545.7,19568.2,8201.0
2025-01-16 02:30:00,19566.7,19578.2,19426.2,19428.2,6751.0
2025-01-16 03:15:00,19427.2,19474.1,19398.2,19456.6,3616.0
2025-01-16 04:00:00,19435.8,19439.8,19419.0,19420.6,355.0
2025-01-16 04:45:00,19421.0,19460.1,19347.6,19399.6,4489.0
2025-01-16 05:30:00,19399.1,19531.1,19392.6,19524.6,5584.0
2025-01-16 06:15:00,19525.6,19538.6,19495.1,19516.6,4705.0
2025-01-16 07:00:00,19517.6,19537.1,19491.1,19517.6,2988.0
2025-01-16 07:45:00,19518.1,19556.6,19502.6,19538.1,3118.0
2025-01-16 08:30:00,19518.1,19531.7,19495.7,19504.6,2632.0
2025-01-16 09:15:00,19504.3,19528.6,19484.6,19501.1,2119.0
2025-01-16 10:00:00,19501.6,19504.6,19478.1,19496.1,1146.0
2025-01-16 10:45:00,19496.6,19505.1,19485.1,19495.1,1210.0
2025-01-16 11:30:00,19495.6,19502.1,19458.6,19467.1,1399.0
2025-01-16 12:15:00,19466.6,19471.1,19447.6,19457.1,1577.0
2025-01-16 13:00:00,19456.6,19479.6,19441.6,19455.6,2633.0
2025-01-16 13:45:00,19456.1,19469.1,19448.1,19460.1,2007.0
2025-01-16 14:30:00,19459.6,19472.6,19425.6,19451.6,5587.0
2025-01-16 15:15:00,19451.1,19466.6,19439.6,19449.1,3704.0
2025-01-16 16:00:00,19448.6,19473.1,19433.1,19456.1,3531.0
2025-01-16 16:45:00,19456.6,19502.6,19451.1,19497.1,2549.0
2025-01-16 17:30:00,19497.6,19503.6,19473.6,19484.1,1927.0
2025-01-16 18:15:00,19485.1,19485.1,19448.1,19448.1,2027.0
2025-01-16 19:00:00,19448.0,19467.7,19445.4,19462.5,2377.0
2025-01-16 19:45:00,19462.6,19487.4,19462.3,19485.9,2213.0
2025-01-16 20:30:00,19485.8,19491.1,19427.0,19427.5,2832.0
2025-01-16 21:15:00,19428.5,19440.0,19423.3,19439.0,1023.0
2025-01-16 22:45:00,19447.7,19455.8,19441.9,19452.9,674.0
2025-01-16 23:30:00,19453.4,19462.7,19451.9,19457.3,703.0
2025-01-17 00:15:00,19457.1,19461.6,19454.0,19460.4,675.0
2025-01-17 01:00:00,19460.7,19511.1,19417.1,19455.1,4506.0
2025-01-17 01:45:00,19454.6,19588.6,19448.6,19504.6,7969.0
2025-01-17 02:30:00,19505.1,19524.6,19474.1,19513.1,5618.0
2025-01-17 03:15:00,19511.6,19658.1,19493.6,19571.1,5240.0
2025-01-17 04:00:00,19552.6,19569.4,19552.3,19562.3,582.0
2025-01-17 04:45:00,19562.0,19603.6,19532.1,19579.1,4721.0
2025-01-17 05:30:00,19578.6,19624.1,19544.6,19607.6,5292.0
2025-01-17 06:15:00,19608.1,19610.6,19572.6,19588.1,3741.0
2025-01-17 07:00:00,19589.6,19603.6,19566.6,19574.6,2498.0
2025-01-17 07:45:00,19574.1,19595.6,19563.6,19578.6,2820.0
2025-01-17 08:30:00,19563.8,19595.8,19563.3,19594.1,1382.0
2025-01-17 09:15:00,19602.1,19608.1,19557.1,19567.1,1745.0
2025-01-17 10:00:00,19565.6,19582.1,19557.1,19571.6,1305.0
2025-01-17 10:45:00,19572.1,19592.6,19562.1,19577.1,1191.0
2025-01-17 11:30:00,19576.6,19584.6,19549.1,19549.6,1161.0
2025-01-17 12:15:00,19549.1,19557.6,19531.1,19550.6,1420.0
2025-01-17 13:00:00,19550.1,19638.1,19522.6,19596.1,2797.0
2025-01-17 13:45:00,19595.6,19718.6,19537.6,19635.6,3165.0
2025-01-17 14:30:00,19632.1,19988.1,19600.1,19884.1,8553.0
2025-01-17 15:15:00,19884.6,19922.1,19814.6,19921.6,6133.0
2025-01-17 16:00:00,19920.6,19920.6,19834.1,19874.6,4103.0
2025-01-17 16:45:00,19874.1,19881.1,19847.6,19856.6,2665.0
2025-01-17 17:30:00,19855.6,19864.1,19791.6,19795.1,2242.0
2025-01-17 18:15:00,19794.6,19833.6,19794.6,19809.4,1953.0
2025-01-17 19:00:00,19809.2,19843.2,19809.2,19832.5,1927.0
2025-01-17 19:45:00,19832.7,19833.0,19811.5,19816.2,2279.0
2025-01-17 20:30:00,19816.4,19822.5,19792.0,19795.0,2293.0
2025-01-17 21:15:00,19794.4,19800.6,19791.8,19799.5,451.0
2025-01-19 23:00:00,19757.0,19767.0,19754.0,19765.0,75.0
2025-01-19 23:45:00,19764.0,19794.0,19758.0,19792.1,1124.0
2025-01-20 00:30:00,19792.4,19838.6,19771.7,19835.3,984.0
2025-01-20 01:15:00,19834.8,20002.1,19799.1,19915.6,8554.0
2025-01-20 02:00:00,19915.1,20079.6,19882.6,19983.1,7896.0
2025-01-20 02:45:00,19982.6,20026.6,19930.6,20019.1,6442.0
2025-01-20 03:30:00,20019.6,20097.6,20011.6,20046.5,2769.0
2025-01-20 04:15:00,20046.1,20048.0,20035.3,20041.9,298.0
2025-01-20 05:00:00,20070.1,20128.1,20030.1,20097.6,5702.0
2025-01-20 05:45:00,20098.1,20104.1,19972.1,19983.1,5287.0
2025-01-20 06:30:00,19984.6,19989.1,19905.6,19941.1,4446.0
2025-01-20 07:15:00,19940.1,19958.1,19920.6,19953.1,3008.0
2025-01-20 08:00:00,19951.1,19951.6,19906.9,19910.1,2718.0
2025-01-20 08:45:00,19910.6,19947.6,19907.5,19920.6,1441.0
2025-01-20 09:30:00,19921.1,19944.1,19911.1,19913.6,1589.0
2025-01-20 10:15:00,19914.1,19926.6,19892.6,19893.6,1327.0
2025-01-20 11:00:00,19892.6,19933.6,19891.1,19932.1,1221.0
2025-01-20 11:45:00,19932.6,19945.6,19906.1,19909.6,1391.0
2025-01-20 12:30:00,19910.1,19934.6,19907.6,19911.1,1391.0
2025-01-20 13:15:00,19910.6,20194.1,19874.1,20179.1,4655.0
2025-01-20 14:00:00,20178.6,20357.1,20123.6,20353.1,5153.0
2025-01-20 14:45:00,20354.1,20389.6,20291.6,20314.1,4739.0
2025-01-20 15:30:00,20313.1,20344.6,20253.1,20269.6,3216.0
2025-01-20 16:15:00,20270.1,20318.1,20258.6,20277.6,1742.0
2025-01-20 17:00:00,20277.1,20297.1,20189.6,20276.1,3847.0
2025-01-20 17:45:00,20273.1,20284.6,20252.1,20260.1,1309.0
2025-01-20 18:30:00,20260.6,20275.1,20252.6,20263.2,436.0
2025-01-20 19:15:00,20263.8,20287.3,20263.6,20287.3,97.0
2025-01-20 20:00:00,20287.1,20290.4,20280.5,20289.2,102.0
2025-01-20 20:45:00,20289.1,20295.5,20283.4,20295.5,119.0
2025-01-20 21:30:00,20295.7,20298.7,20295.1,20296.5,11.0
2025-01-20 22:45:00,20304.3,20321.5,20273.4,20312.9,1133.0
2025-01-20 23:30:00,20312.4,20322.0,20300.9,20311.1,1403.0
2025-01-21 00:15:00,20310.2,20313.9,20147.0,20154.1,3079.0
2025-01-21 01:00:00,20153.5,20215.6,19952.1,20001.1,7309.0
2025-01-21 01:45:00,20003.1,20117.1,19934.1,20105.1,8534.0
2025-01-21 02:30:00,20104.1,20127.6,20004.6,20077.1,6257.0
2025-01-21 03:15:00,20076.1,20241.1,20076.1,20183.0,5831.0
2025-01-21 04:00:00,20171.1,20171.3,20151.8,20154.3,1010.0
2025-01-21 04:45:00,20154.6,20225.5,20112.5,20127.5,4694.0
2025-01-21 05:30:00,20127.0,20171.5,20083.5,20163.5,5319.0
2025-01-21 06:15:00,20163.0,20172.0,20085.0,20128.5,4846.0
2025-01-21 07:00:00,20128.0,20165.0,20119.0,20143.5,3262.0
2025-01-21 07:45:00,20144.0,20161.5,20120.0,20153.5,3394.0
2025-01-21 08:30:00,20145.5,20164.3,20145.4,20161.2,2101.0
2025-01-21 09:15:00,20150.5,20150.5,20049.5,20067.0,2554.0
2025-01-21 10:00:00,20067.5,20101.5,20065.5,20078.0,1385.0
2025-01-21 10:45:00,20078.5,20082.0,20026.0,20030.5,1282.0
2025-01-21 11:30:00,20031.0,20055.5,20000.5,20032.5,1631.0
2025-01-21 12:15:00,20033.0,20051.0,20010.0,20016.5,1330.0
2025-01-21 13:00:00,20018.0,20066.0,19994.5,20050.0,2208.0
2025-01-21 13:45:00,20049.5,20080.0,20031.5,20063.0,2178.0
2025-01-21 14:30:00,20063.5,20079.0,19888.5,19908.5,7156.0
2025-01-21 15:15:00,19909.5,19956.5,19893.5,19918.5,4490.0
2025-01-21 16:00:00,19918.0,19995.5,19914.5,19981.5,2949.0
2025-01-21 16:45:00,19982.0,20023.5,19981.5,20021.5,2350.0
2025-01-21 17:30:00,20022.0,20028.5,20004.5,20015.0,1643.0
2025-01-21 18:15:00,20014.5,20028.5,20012.5,20018.0,1583.0
2025-01-21 19:00:00,20004.4,20013.2,19987.9,19998.0,1789.0
2025-01-21 19:45:00,19997.9,20012.9,19989.5,20012.6,1491.0
2025-01-21 20:30:00,20012.7,20015.2,19989.1,19999.4,1984.0
2025-01-21 21:15:00,19999.1,20010.8,19997.1,20010.3,514.0
2025-01-21 22:45:00,20081.6,20090.8,20013.8,20036.8,1491.0
2025-01-21 23:30:00,20037.3,20052.1,20036.2,20042.6,936.0
2025-01-22 00:15:00,20042.8,20044.8,19994.3,20027.1,867.0
2025-01-22 01:00:00,20026.5,20064.6,19921.1,19932.6,5030.0
2025-01-22 01:45:00,19930.6,19949.6,19780.6,19814.6,8009.0
2025-01-22 02:30:00,19815.1,19929.6,19809.1,19861.6,6230.0
2025-01-22 03:15:00,19861.1,19880.6,19831.1,19854.1,3275.0
2025-01-22 04:00:00,19840.4,19862.9,19837.3,19859.4,375.0
2025-01-22 04:45:00,19859.3,19879.6,19764.1,19788.1,3778.0
2025-01-22 05:30:00,19787.6,19835.6,19780.1,19793.7,4508.0
2025-01-22 06:15:00,19794.2,19796.7,19756.2,19773.2,4456.0
2025-01-22 07:00:00,19771.2,19813.7,19764.7,19794.2,2912.0
2025-01-22 07:45:00,19795.2,19836.2,19766.2,19831.7,4075.0
2025-01-22 08:30:00,19809.3,19841.0,19809.0,19840.5,1430.0
2025-01-22 09:15:00,19840.7,20015.7,19840.7,19967.7,3384.0
2025-01-22 10:00:00,19968.2,19986.7,19951.7,19968.2,1777.0
2025-01-22 10:45:00,19968.7,19988.7,19948.7,19962.7,1224.0
2025-01-22 11:30:00,19962.2,19962.7,19925.2,19935.7,1244.0
2025-01-22 12:15:00,19935.2,19955.7,19910.2,19937.2,1194.0
2025-01-22 13:00:00,19937.7,19953.2,19892.2,19903.2,1385.0
2025-01-22 13:45:00,19902.7,19915.7,19852.2,19880.7,2321.0
2025-01-22 14:30:00,19881.2,19909.2,19789.2,19906.7,5739.0
2025-01-22 15:15:00,19906.2,19912.7,19843.2,19852.7,2993.0
2025-01-22 16:00:00,19852.2,19874.7,19821.2,19866.2,2344.0
2025-01-22 16:45:00,19865.7,19889.2,19862.2,19876.7,1555.0
2025-01-22 17:30:00,19876.2,19907.2,19867.2,19904.7,1421.0
2025-01-22 18:15:00,19904.2,19932.2,19898.2,19898.2,1321.0
2025-01-22 19:00:00,19898.1,19903.4,19877.6,19891.6,1352.0
2025-01-22 19:45:00,19891.5,19897.7,19883.2,19893.6,1192.0
2025-01-22 20:30:00,19893.7,19893.9,19857.9,19863.7,1782.0
2025-01-22 21:15:00,19863.1,19868.1,19855.2,19867.7,428.0
2025-01-22 22:45:00,19865.5,19866.9,19857.5,19859.8,393.0
2025-01-22 23:30:00,19859.3,19882.5,19857.4,19882.5,571.0
2025-01-23 00:15:00,19882.3,19903.0,19881.4,19897.4,614.0
2025-01-23 01:00:00,19897.2,20073.7,19886.7,20033.7,5162.0
2025-01-23 01:45:00,20034.7,20037.7,19828.2,19905.2,8509.0
2025-01-23 02:30:00,19906.2,19930.2,19815.2,19822.2,6297.0
2025-01-23 03:15:00,19818.7,19864.7,19797.2,19846.7,3672.0
2025-01-23 04:00:00,19825.5,19836.8,19825.3,19834.5,273.0
2025-01-23 04:45:00,19834.8,19906.7,19763.2,19769.7,4701.0
2025-01-23 05:30:00,19768.7,19780.2,19695.2,19709.2,6097.0
2025-01-23 06:15:00,19709.7,19709.7,19656.2,19678.7,5139.0
2025-01-23 07:00:00,19678.2,19711.7,19663.2,19705.2,3003.0
2025-01-23 07:45:00,19704.7,19725.7,19697.2,19724.7,2806.0
2025-01-23 08:30:00,19697.4,19697.7,19678.1,19687.0,1538.0
2025-01-23 09:15:00,19709.2,19719.2,19674.2,19712.7,1398.0
2025-01-23 10:00:00,19712.2,19734.2,19708.7,19725.2,885.0
2025-01-23 10:45:00,19724.7,19730.7,19707.2,19720.2,597.0
2025-01-23 11:30:00,19720.7,19729.7,19701.2,19709.7,711.0
2025-01-23 12:15:00,19710.2,19728.7,19703.7,19728.2,755.0
2025-01-23 13:00:00,19727.7,19750.2,19712.7,19739.2,1629.0
2025-01-23 13:45:00,19738.7,19749.2,19732.2,19738.7,1408.0
2025-01-23 14:30:00,19739.2,19753.2,19689.2,19741.7,4016.0
2025-01-23 15:15:00,19742.2,19755.2,19715.7,19715.7,2193.0
2025-01-23 16:00:00,19715.2,19798.2,19692.2,19778.7,4201.0
2025-01-23 16:45:00,19776.2,19813.7,19755.2,19768.7,3286.0
2025-01-23 17:30:00,19769.2,19808.7,19766.7,19806.2,1609.0
2025-01-23 18:15:00,19805.7,19806.2,19773.7,19795.2,1338.0
2025-01-23 19:00:00,19782.1,19794.0,19772.9,19791.1,1326.0
2025-01-23 19:45:00,19791.2,19820.6,19783.0,19806.2,1405.0
2025-01-23 20:30:00,19805.9,19817.7,19792.4,19808.5,1664.0
2025-01-23 21:15:00,19807.9,19810.6,19802.9,19808.7,333.0
2025-01-23 22:45:00,19805.9,19806.5,19798.4,19798.9,423.0
2025-01-23 23:30:00,19799.4,19805.3,19796.3,19796.4,333.0
2025-01-24 00:15:00,19796.7,19801.9,19796.7,19800.5,535.0
2025-01-24 01:00:00,19800.4,19882.7,19778.7,19860.7,5069.0
2025-01-24 01:45:00,19855.2,20070.2,19843.2,20005.7,9011.0
2025-01-24 02:30:00,20003.2,20144.7,19996.7,20060.2,7999.0
2025-01-24 03:15:00,20059.2,20112.2,20037.7,20092.7,5393.0
2025-01-24 04:00:00,20074.9,20077.0,20044.3,20071.9,850.0
2025-01-24 04:45:00,20071.7,20158.7,20061.2,20132.7,4319.0
2025-01-24 05:30:00,20130.7,20174.2,20093.2,20105.2,5468.0
2025-01-24 06:15:00,20105.7,20141.2,20078.2,20091.2,4441.0
2025-01-24 07:00:00,20089.7,20101.7,20031.2,20075.7,3707.0
2025-01-24 07:45:00,20075.2,20106.2,20051.2,20098.7,3935.0
2025-01-24 08:30:00,20066.4,20069.5,20051.8,20060.0,1519.0
2025-01-24 09:15:00,20083.2,20124.7,20063.7,20085.2,2174.0
2025-01-24 10:00:00,20085.7,20092.7,20051.7,20061.7,1255.0
2025-01-24 10:45:00,20062.2,20076.7,20052.7,20066.2,833.0
2025-01-24 11:30:00,20065.7,20071.2,20029.7,20040.7,1027.0
2025-01-24 12:15:00,20041.2,20071.7,20040.7,20069.2,1280.0
2025-01-24 13:00:00,20069.7,20073.2,20037.2,20058.7,1202.0
2025-01-24 13:45:00,20058.2,20080.2,20044.2,20049.2,1668.0
2025-01-24 14:30:00,20047.2,20077.7,19989.7,20041.2,5205.0
2025-01-24 15:15:00,20040.7,20109.7,20038.2,20101.7,3267.0
2025-01-24 16:00:00,20101.2,20182.7,20097.7,20147.2,3243.0
2025-01-24 16:45:00,20146.2,20170.7,20140.7,20156.7,1904.0
2025-01-24 17:30:00,20156.2,20197.2,20152.7,20176.2,1333.0
2025-01-24 18:15:00,20176.7,20181.7,20118.6,20118.6,1196.0
2025-01-24 19:00:00,20118.5,20162.5,20118.4,20162.3,2333.0
2025-01-24 19:45:00,20162.1,20188.1,20152.5,20162.2,1888.0
2025-01-24 20:30:00,20162.4,20165.5,20128.3,20132.9,1945.0
2025-01-24 21:15:00,20133.4,20135.6,20126.6,20134.2,308.0
2025-01-26 23:00:00,20076.0,20156.7,20076.0,20142.4,1638.0
2025-01-26 23:45:00,20142.2,20148.8,20091.5,20098.1,791.0
2025-01-27 00:30:00,20097.6,20098.6,20062.9,20086.4,1299.0
2025-01-27 01:15:00,20087.1,20322.2,20051.2,20217.2,8516.0
2025-01-27 02:00:00,20218.2,20301.2,20197.8,20214.8,7030.0
2025-01-27 02:45:00,20212.8,20332.3,20157.3,20297.3,6398.0
2025-01-27 03:30:00,20297.8,20305.3,20236.2,20237.8,2344.0
2025-01-27 04:15:00,20238.3,20249.6,20202.3,20249.1,968.0
2025-01-27 05:00:00,20265.8,20284.3,20214.3,20280.3,4915.0
2025-01-27 05:45:00,20279.8,20295.8,20248.8,20290.3,4539.0
2025-01-27 06:30:00,20290.8,20296.8,20207.3,20241.8,4180.0
2025-01-27 07:15:00,20242.3,20244.8,20175.3,20188.8,3631.0
2025-01-27 08:00:00,20187.8,20227.3,20171.3,20185.2,4097.0
2025-01-27 08:45:00,20184.9,20276.8,20176.7,20237.8,4315.0
2025-01-27 09:30:00,20237.3,20408.3,20234.8,20369.3,3161.0
2025-01-27 10:15:00,20369.8,20479.8,20366.8,20472.3,3689.0
2025-01-27 11:00:00,20471.8,20488.3,20396.8,20428.3,3492.0
2025-01-27 11:45:00,20427.8,20433.3,20389.3,20428.8,2492.0
2025-01-27 12:30:00,20429.3,20461.8,20420.3,20446.8,2269.0
2025-01-27 13:15:00,20447.3,20448.8,20417.8,20426.8,2696.0
2025-01-27 14:00:00,20426.3,20426.8,20298.8,20306.3,5080.0
2025-01-27 14:45:00,20306.8,20322.3,20249.3,20301.8,5943.0
2025-01-27 15:30:00,20301.3,20385.8,20273.8,20366.3,5367.0
2025-01-27 16:15:00,20366.8,20378.8,20327.8,20342.8,4280.0
2025-01-27 17:00:00,20343.3,20394.8,20337.8,20384.3,2953.0
2025-01-27 17:45:00,20384.8,20401.3,20345.3,20373.8,2676.0
2025-01-27 18:30:00,20373.3,20392.3,20366.3,20372.5,2685.0
2025-01-27 19:15:00,20372.7,20394.8,20338.4,20341.2,3607.0
2025-01-27 20:00:00,20341.3,20369.3,20318.5,20369.3,3776.0
2025-01-27 20:45:00,20369.0,20376.0,20337.3,20370.9,2847.0
2025-01-27 21:30:00,20371.5,20372.1,20362.9,20367.0,431.0
2025-01-27 22:45:00,20387.9,20387.9,20308.6,20317.0,2004.0
2025-01-27 23:30:00,20319.1,20330.0,20307.0,20310.1,2058.0
2025-01-28 00:15:00,20309.6,20312.7,20287.1,20301.6,2010.0
2025-01-28 01:00:00,20302.2,20407.7,20198.7,20288.7,4955.0
2025-01-28 01:45:00,20289.7,20308.2,20181.2,20191.7,7247.0
2025-01-28 02:30:00,20192.7,20297.2,20191.7,20265.7,4831.0
2025-01-28 03:15:00,20266.2,20277.2,20233.2,20255.7,2972.0
2025-01-28 04:00:00,20248.6,20296.2,20244.9,20281.2,1013.0
2025-02-02 23:00:00,19930.9,20202.1,19928.6,20201.3,3794.0
2025-02-02 23:45:00,20201.6,20223.2,20127.9,20163.4,4397.0
2025-02-03 00:30:00,20162.6,20206.5,19998.2,20006.1,3912.0
2025-02-03 01:15:00,20004.7,20133.2,19775.7,19913.7,9716.0
2025-02-03 02:00:00,19915.7,19979.7,19737.7,19958.2,7771.0
2025-02-03 02:45:00,19957.2,20183.0,19872.2,20183.0,6029.0
2025-02-03 03:30:00,20185.0,20194.0,20078.1,20086.2,4494.0
2025-02-03 04:15:00,20086.5,20089.6,20050.7,20079.2,1519.0
2025-02-03 05:00:00,20079.4,20085.5,19997.5,20044.0,5019.0
2025-02-03 05:45:00,20045.0,20158.0,20030.5,20141.0,4258.0
2025-02-03 06:30:00,20140.5,20190.0,20120.5,20175.5,3892.0
2025-02-03 07:15:00,20177.0,20250.5,20157.0,20199.5,4412.0
2025-02-03 08:00:00,20200.0,20283.0,20195.5,20258.1,4137.0
2025-02-03 08:45:00,20257.8,20279.9,20241.0,20248.5,3013.0
2025-02-03 09:30:00,20249.0,20297.0,20214.5,20241.0,2009.0
2025-02-03 10:15:00,20241.5,20276.5,20223.5,20261.5,1496.0
2025-02-03 11:00:00,20262.0,20294.5,20259.0,20268.0,1579.0
2025-02-03 11:45:00,20268.5,20301.5,20255.0,20291.0,1539.0
2025-02-03 12:30:00,20291.5,20293.5,20235.0,20262.5,2705.0
2025-02-03 13:15:00,20262.0,20265.0,20225.0,20241.0,2000.0
2025-02-03 14:00:00,20240.5,20459.5,20184.5,20450.5,4785.0
2025-02-03 14:45:00,20450.0,20643.5,20375.0,20622.5,7688.0
2025-02-03 15:30:00,20623.5,20632.5,20527.0,20572.0,8736.0
2025-02-03 16:15:00,20572.5,20618.5,20520.0,20528.5,5701.0
2025-02-03 17:00:00,20529.0,20555.5,20500.5,20513.5,4352.0
2025-02-03 17:45:00,20514.0,20529.0,20432.0,20472.5,5536.0
2025-02-03 18:30:00,20473.0,20486.5,20441.7,20459.2,3061.0
2025-02-03 19:15:00,20459.0,20467.4,20446.3,20450.2,2467.0
2025-02-03 20:00:00,20450.7,20456.7,20442.1,20448.8,3066.0
2025-02-03 20:45:00,20449.0,20499.3,20439.0,20491.6,3544.0
2025-02-03 21:30:00,20492.2,20537.5,20482.5,20526.3,1888.0
2025-02-03 22:45:00,20569.0,20573.8,20537.3,20537.4,1084.0
2025-02-03 23:30:00,20537.5,20541.0,20518.9,20519.9,1240.0
2025-02-04 00:15:00,20519.7,20525.5,20476.4,20480.2,1071.0
2025-02-04 01:00:00,20480.1,20619.5,20425.1,20578.0,5733.0
2025-02-04 01:45:00,20576.5,20918.0,20505.0,20859.0,8895.0
2025-02-04 02:30:00,20859.5,20896.5,20716.5,20776.0,6782.0
2025-02-04 03:15:00,20775.5,20792.5,20597.5,20643.5,5579.0
2025-02-04 04:00:00,20629.5,20646.5,20629.5,20634.2,533.0
2025-02-04 04:45:00,20633.7,20637.2,20292.5,20553.0,6953.0
2025-02-04 05:30:00,20552.0,20654.5,20544.0,20629.5,6704.0
2025-02-04 06:15:00,20629.0,20737.0,20612.5,20718.0,4851.0
2025-02-04 07:00:00,20718.5,20793.5,20694.0,20790.5,4273.0
2025-02-04 07:45:00,20793.0,20828.0,20761.0,20805.5,5344.0
2025-02-04 08:30:00,20774.7,20796.6,20734.7,20790.1,3576.0
2025-02-04 09:15:00,20789.0,20818.5,20727.5,20752.0,2827.0
2025-02-04 10:00:00,20751.5,20767.5,20722.0,20744.5,1838.0
2025-02-04 10:45:00,20745.5,20791.0,20742.5,20753.5,1590.0
2025-02-04 11:30:00,20753.0,20755.0,20724.0,20733.0,1533.0
2025-02-04 12:15:00,20732.5,20785.0,20730.5,20774.0,1534.0
2025-02-04 13:00:00,20773.5,20775.5,20747.5,20754.0,1651.0
2025-02-04 13:45:00,20753.5,20802.0,20744.0,20799.5,1994.0
2025-02-04 14:30:00,20800.0,20875.0,20749.5,20864.0,7062.0
2025-02-04 15:15:00,20863.0,21002.0,20857.5,20984.0,5850.0
2025-02-04 16:00:00,20985.5,21033.5,20946.5,20966.5,4486.0
2025-02-04 16:45:00,20965.5,20983.0,20883.0,20893.0,4005.0
2025-02-04 17:30:00,20893.5,20978.0,20892.0,20967.5,3513.0
2025-02-04 18:15:00,20967.0,20972.5,20926.5,20926.5,2315.0
2025-02-04 19:00:00,20926.3,20936.5,20911.5,20915.0,1307.0
2025-02-04 19:45:00,20915.1,20920.1,20887.4,20891.1,2001.0
2025-02-04 20:30:00,20890.8,20914.2,20866.7,20868.3,2913.0
2025-02-04 21:15:00,20868.1,20879.2,20847.7,20861.1,1811.0
2025-02-04 22:45:00,20852.4,20880.6,20844.1,20877.8,844.0
2025-02-04 23:30:00,20878.9,20887.9,20867.8,20886.8,957.0
2025-02-05 00:15:00,20886.5,20904.1,20884.6,20891.5,976.0
2025-02-05 01:00:00,20890.4,20917.7,20520.7,20550.2,6376.0
2025-02-05 01:45:00,20549.2,20632.2,20427.2,20571.7,9418.0
2025-02-05 02:30:00,20572.2,20697.7,20544.7,20682.7,7574.0
2025-02-05 03:15:00,20681.2,20733.7,20643.2,20648.2,5531.0
2025-02-05 04:00:00,20640.7,20643.8,20627.1,20636.5,638.0
2025-02-05 04:45:00,20636.8,20669.7,20555.7,20583.7,5095.0
2025-02-05 05:30:00,20584.2,20595.7,20517.7,20548.2,5919.0
2025-02-05 06:15:00,20548.7,20602.2,20540.2,20543.7,5059.0
2025-02-05 07:00:00,20543.2,20616.2,20542.7,20591.2,3066.0
2025-02-05 07:45:00,20590.7,20631.2,20585.7,20608.2,3609.0
2025-02-05 08:30:00,20591.3,20593.7,20554.4,20588.5,2937.0
2025-02-05 09:15:00,20603.2,20610.7,20477.2,20514.7,2523.0
2025-02-05 10:00:00,20514.2,20587.2,20506.7,20575.2,1829.0
2025-02-05 10:45:00,20575.7,20604.7,20562.7,20586.2,1273.0
2025-02-05 11:30:00,20586.7,20606.7,20576.2,20587.2,1182.0
2025-02-05 12:15:00,20588.7,20607.7,20579.2,20583.7,1036.0
2025-02-05 13:00:00,20584.2,20688.2,20565.7,20608.7,3066.0
2025-02-05 13:45:00,20609.7,20617.7,20578.2,20606.7,2308.0
2025-02-05 14:30:00,20607.7,20677.2,20571.2,20604.2,6323.0
2025-02-05 15:15:00,20603.7,20683.7,20599.2,20667.7,4217.0
2025-02-05 16:00:00,20666.2,20668.2,20573.2,20585.2,3600.0
2025-02-05 16:45:00,20586.7,20627.7,20568.2,20600.7,2932.0
2025-02-05 17:30:00,20601.2,20643.7,20600.7,20643.2,1714.0
2025-02-05 18:15:00,20642.7,20665.7,20642.2,20644.2,1591.0
2025-02-05 19:00:00,20631.7,20639.0,20623.9,20624.1,1235.0
2025-02-05 19:45:00,20624.0,20624.9,20602.6,20607.7,1190.0
2025-02-05 20:30:00,20607.6,20624.7,20600.8,20623.1,1767.0
2025-02-05 21:15:00,20623.6,20632.3,20621.0,20630.5,487.0
2025-02-05 22:45:00,20630.6,20635.6,20627.9,20633.3,343.0
2025-02-05 23:30:00,20633.8,20651.1,20628.0,20649.4,635.0
2025-02-06 00:15:00,20648.9,20655.5,20607.3,20627.8,580.0
2025-02-06 01:00:00,20628.1,20739.7,20570.7,20674.2,4753.0
2025-02-06 01:45:00,20674.7,20685.7,20541.2,20578.2,7837.0
2025-02-06 02:30:00,20577.7,20813.2,20575.7,20723.7,7675.0
2025-02-06 03:15:00,20726.2,20744.2,20648.7,20672.2,4562.0
2025-02-06 04:00:00,20658.1,20679.9,20657.3,20675.3,218.0
2025-02-06 04:45:00,20674.8,20764.7,20662.2,20730.7,4782.0
2025-02-06 05:30:00,20730.2,20794.2,20706.7,20737.7,5497.0
2025-02-06 06:15:00,20738.2,20842.7,20734.2,20817.7,4558.0
2025-02-06 07:00:00,20818.2,20864.7,20801.2,20847.2,3664.0
2025-02-06 07:45:00,20847.7,20921.2,20840.2,20905.7,4081.0
2025-02-06 08:30:00,20892.7,20927.1,20889.3,20922.1,1334.0
2025-02-06 09:15:00,20925.2,20961.2,20874.7,20945.2,1865.0
2025-02-06 10:00:00,20937.2,20961.7,20913.2,20931.2,1311.0
2025-02-06 10:45:00,20931.7,20936.7,20894.2,20904.2,1612.0
2025-02-06 11:30:00,20903.7,20909.7,20875.2,20887.2,1877.0
2025-02-06 12:15:00,20886.7,20891.7,20874.2,20883.7,1355.0
2025-02-06 13:00:00,20884.2,20884.2,20844.2,20844.2,2262.0
2025-02-06 13:45:00,20845.2,20911.2,20841.2,20910.7,2135.0
2025-02-06 14:30:00,20911.2,20937.7,20850.7,20858.2,4940.0
2025-02-06 15:15:00,20857.7,20962.7,20857.2,20920.7,4129.0
2025-02-06 16:00:00,20921.2,20947.7,20903.2,20915.7,2461.0
2025-02-06 16:45:00,20915.2,20915.2,20857.7,20885.7,2270.0
2025-02-06 17:30:00,20885.2,20902.2,20865.7,20870.7,1868.0
2025-02-06 18:15:00,20871.7,20906.7,20868.7,20870.7,2028.0
2025-02-06 19:00:00,20856.3,20860.9,20821.3,20822.5,2102.0
2025-02-06 19:45:00,20822.2,20850.6,20821.9,20850.4,2001.0
2025-02-06 20:30:00,20850.6,20871.6,20798.8,20843.3,2977.0
2025-02-06 21:15:00,20844.4,20858.8,20839.5,20844.3,1647.0
2025-02-06 22:45:00,20832.4,20864.7,20831.9,20861.9,544.0
2025-02-06 23:30:00,20861.6,20870.1,20857.9,20868.4,510.0
2025-02-07 00:15:00,20867.8,20873.9,20861.1,20873.4,435.0
2025-02-07 01:00:00,20873.9,20973.8,20816.3,20954.8,4898.0
2025-02-07 01:45:00,20956.8,21126.8,20927.8,21087.8,9054.0
2025-02-07 02:30:00,21088.8,21209.3,21023.8,21196.8,8015.0
2025-02-07 03:15:00,21196.3,21241.3,21137.3,21225.8,6084.0
2025-02-07 04:00:00,21221.6,21221.6,21193.2,21194.0,288.0
2025-02-07 04:45:00,21193.1,21238.8,21132.3,21134.8,5540.0
2025-02-07 05:30:00,21135.3,21172.8,21032.8,21059.3,8337.0
2025-02-07 06:15:00,21059.8,21125.8,20937.8,21120.3,7139.0
2025-02-07 07:00:00,21119.8,21146.8,21096.8,21128.3,3878.0
2025-02-07 07:45:00,21129.3,21192.3,21115.3,21188.8,3641.0
2025-02-07 08:30:00,21167.9,21174.0,21143.1,21150.7,1162.0
2025-02-07 09:15:00,21183.3,21206.3,21150.3,21195.3,1724.0
2025-02-07 10:00:00,21194.8,21304.3,21168.3,21258.3,2512.0
2025-02-07 10:45:00,21257.8,21274.8,21161.3,21228.8,2328.0
2025-02-07 11:30:00,21228.3,21228.8,21188.3,21193.8,1482.0
2025-02-07 12:15:00,21194.3,21218.8,21177.8,21191.8,1359.0
2025-02-07 13:00:00,21192.3,21240.8,21149.3,21216.8,3221.0
2025-02-07 13:45:00,21216.3,21265.3,21200.8,21248.3,2807.0
2025-02-07 14:30:00,21247.8,21402.3,21232.8,21324.8,7587.0
2025-02-07 15:15:00,21326.8,21388.3,21132.8,21205.8,6325.0
2025-02-07 16:00:00,21204.8,21215.3,21104.3,21135.3,6930.0
2025-02-07 16:45:00,21134.3,21211.3,21088.3,21116.3,6081.0
2025-02-07 17:30:00,21115.8,21194.3,21107.3,21186.3,3602.0
2025-02-07 18:15:00,21186.8,21192.3,21107.3,21115.8,2625.0
2025-02-07 19:00:00,21103.6,21121.1,21095.4,21114.5,2568.0
2025-02-07 19:45:00,21114.6,21118.1,21088.8,21098.4,2473.0
2025-02-07 20:30:00,21098.6,21130.7,21097.1,21124.0,2474.0
2025-02-07 21:15:00,21123.6,21126.5,21120.1,21121.0,230.0
2025-02-09 23:00:00,21008.1,21102.9,21007.6,21099.7,1212.0
2025-02-09 23:45:00,21100.3,21196.2,21100.3,21193.5,1737.0
2025-02-10 00:30:00,21194.1,21197.9,21107.5,21155.3,1087.0
2025-02-10 01:15:00,21154.2,21496.8,21153.3,21492.8,9330.0
2025-02-10 02:00:00,21494.8,21546.3,21370.8,21427.3,9504.0
2025-02-10 02:45:00,21428.8,21486.3,21388.8,21446.3,7718.0
2025-02-10 03:30:00,21446.8,21484.8,21431.8,21434.5,2898.0
2025-02-10 04:15:00,21433.9,21438.2,21423.5,21423.8,240.0
2025-02-10 05:00:00,21451.8,21540.3,21401.3,21521.8,6857.0
2025-02-10 05:45:00,21522.3,21562.8,21464.8,21542.8,6290.0
2025-02-10 06:30:00,21543.8,21544.8,21464.3,21530.3,5339.0
2025-02-10 07:15:00,21529.8,21558.8,21511.3,21531.3,4181.0
2025-02-10 08:00:00,21531.8,21602.5,21495.3,21568.9,2963.0
2025-02-10 08:45:00,21569.2,21569.8,21515.8,21550.3,1835.0
2025-02-10 09:30:00,21551.3,21561.8,21522.3,21536.3,1684.0
2025-02-10 10:15:00,21535.8,21576.3,21523.8,21571.3,1408.0
2025-02-10 11:00:00,21570.8,21633.8,21553.8,21557.8,2197.0
2025-02-10 11:45:00,21558.3,21578.3,21539.3,21574.8,1392.0
2025-02-10 12:30:00,21575.3,21602.3,21572.8,21599.8,1371.0
2025-02-10 13:15:00,21599.3,21611.3,21577.3,21578.3,1348.0
2025-02-10 14:00:00,21579.8,21580.3,21476.8,21503.3,3905.0
2025-02-10 14:45:00,21502.8,21633.3,21452.8,21620.3,5625.0
2025-02-10 15:30:00,21621.8,21625.8,21552.8,21570.3,4565.0
2025-02-10 16:15:00,21569.8,21580.8,21527.8,21545.3,3639.0
2025-02-10 17:00:00,21544.8,21564.8,21495.8,21511.8,3092.0
2025-02-10 17:45:00,21513.3,21535.8,21503.3,21525.8,2280.0
2025-02-10 18:30:00,21525.3,21550.3,21518.8,21532.4,1656.0
2025-02-10 19:15:00,21532.6,21548.4,21532.3,21541.0,1052.0
2025-02-10 20:00:00,21541.2,21557.1,21534.0,21545.4,1141.0
2025-02-10 20:45:00,21545.3,21573.1,21539.9,21565.4,1196.0
2025-02-10 21:30:00,21566.0,21568.5,21564.3,21566.2,126.0
2025-02-10 22:45:00,21566.1,21566.1,21530.7,21536.0,855.0
2025-02-10 23:30:00,21536.2,21557.7,21535.2,21549.2,676.0
2025-02-11 00:15:00,21550.0,21579.9,21536.8,21536.8,514.0
2025-02-11 01:00:00,21536.6,21693.3,21514.9,21563.3,5973.0
2025-02-11 01:45:00,21562.8,21592.3,21436.3,21445.3,9246.0
2025-02-11 02:30:00,21445.8,21468.8,21307.3,21322.3,7954.0
2025-02-11 03:15:00,21322.8,21449.8,21319.8,21418.8,5564.0
2025-02-11 04:00:00,21407.8,21413.4,21403.9,21404.8,305.0
2025-02-11 04:45:00,21405.3,21501.8,21396.8,21443.3,4406.0
2025-02-11 05:30:00,21444.3,21496.3,21430.3,21485.3,5825.0
2025-02-11 06:15:00,21485.8,21487.8,21394.8,21409.8,5598.0
2025-02-11 07:00:00,21410.8,21426.3,21308.8,21333.8,4296.0
2025-02-11 07:45:00,21333.3,21343.3,21293.8,21308.3,4292.0
2025-02-11 08:30:00,21305.3,21311.9,21294.4,21306.9,1310.0
2025-02-11 09:15:00,21321.3,21334.3,21286.8,21322.3,1444.0
2025-02-11 10:00:00,21324.3,21348.8,21318.3,21339.8,1224.0
2025-02-11 10:45:00,21339.3,21362.3,21327.3,21349.3,1108.0
2025-02-11 11:30:00,21346.8,21382.8,21341.3,21375.8,1458.0
2025-02-11 12:15:00,21376.3,21388.3,21367.8,21384.3,1303.0
2025-02-11 13:00:00,21384.8,21384.8,21296.3,21304.8,2146.0
2025-02-11 13:45:00,21305.3,21464.3,21279.3,21445.3,4403.0
2025-02-11 14:30:00,21444.8,21546.3,21387.8,21540.3,6334.0
2025-02-11 15:15:00,21539.8,21613.3,21517.8,21577.3,4950.0
2025-02-11 16:00:00,21577.8,21614.3,21557.8,21578.3,3885.0
2025-02-11 16:45:00,21578.8,21584.3,21534.3,21546.8,2970.0
2025-02-11 17:30:00,21547.3,21551.8,21521.8,21531.3,2343.0
2025-02-11 18:15:00,21531.8,21552.8,21515.8,21523.3,2305.0
2025-02-11 19:00:00,21509.8,21533.9,21507.3,21530.8,1431.0
2025-02-11 19:45:00,21530.6,21533.3,21504.3,21505.3,1150.0
2025-02-11 20:30:00,21505.1,21509.3,21490.2,21502.6,1524.0
2025-02-11 21:15:00,21502.9,21511.5,21496.8,21509.7,209.0
2025-02-11 22:45:00,21513.2,21522.3,21505.8,21513.9,544.0
2025-02-11 23:30:00,21514.5,21540.8,21514.5,21534.2,680.0
2025-02-12 00:15:00,21533.6,21541.7,21495.9,21497.2,582.0
2025-02-12 01:00:00,21497.1,21589.1,21430.1,21467.1,5444.0
2025-02-12 01:45:00,21466.6,21764.1,21440.1,21734.6,9957.0
2025-02-12 02:30:00,21735.1,21799.1,21646.6,21696.1,9006.0
2025-02-12 03:15:00,21695.6,21735.1,21598.1,21655.1,6765.0
2025-02-12 04:00:00,21642.6,21648.0,21631.6,21633.0,333.0
2025-02-12 04:45:00,21632.7,21670.1,21587.6,21642.1,4846.0
2025-02-12 05:30:00,21643.1,21743.1,21625.6,21716.6,6216.0
2025-02-12 06:15:00,21717.1,21841.1,21692.6,21792.1,7379.0
2025-02-12 07:00:00,21791.6,21865.6,21770.6,21858.6,5223.0
2025-02-12 07:45:00,21858.1,21877.1,21836.6,21840.6,4658.0
2025-02-12 08:30:00,21828.5,21836.4,21801.2,21811.5,1001.0
2025-02-12 09:15:00,21811.2,21919.1,21808.6,21912.1,3024.0
2025-02-12 10:00:00,21912.6,21931.1,21900.1,21918.6,2061.0
2025-02-12 10:45:00,21918.1,21942.6,21894.6,21905.1,1833.0
2025-02-12 11:30:00,21904.1,21907.1,21834.1,21840.6,1901.0
2025-02-12 12:15:00,21841.1,21870.6,21837.1,21859.6,1771.0
2025-02-12 13:00:00,21859.1,21919.6,21742.6,21791.6,4218.0
2025-02-12 13:45:00,21791.1,21818.1,21750.1,21795.6,3684.0
2025-02-12 14:30:00,21795.1,21872.1,21727.6,21786.1,5830.0
2025-02-12 15:15:00,21783.1,21990.1,21777.6,21975.6,5748.0
2025-02-12 16:00:00,21974.6,21979.6,21928.6,21967.6,3874.0
2025-02-12 16:45:00,21966.1,22107.6,21955.1,22090.1,3859.0
2025-02-12 17:30:00,22089.6,22133.1,22071.1,22113.1,3361.0
2025-02-12 18:15:00,22113.6,22124.1,22040.1,22042.1,3120.0
2025-02-12 19:00:00,22028.8,22045.3,22017.3,22044.7,1672.0
2025-02-12 19:45:00,22044.9,22060.6,22039.0,22039.0,1368.0
2025-02-12 20:30:00,22039.1,22050.4,22020.6,22030.3,2352.0
2025-02-12 21:15:00,22030.9,22050.3,22026.1,22049.1,391.0
2025-02-12 22:45:00,22034.9,22040.3,22027.7,22030.8,480.0
2025-02-12 23:30:00,22030.2,22071.2,22029.2,22059.4,732.0
2025-02-13 00:15:00,22058.8,22104.1,22048.8,22087.1,604.0
2025-02-13 01:00:00,22085.9,22092.9,21931.9,21987.4,5856.0
2025-02-13 01:45:00,21989.9,22189.4,21988.4,22139.4,10051.0
2025-02-13 02:30:00,22139.9,22168.9,22049.4,22142.4,8740.0
2025-02-13 03:15:00,22142.9,22227.4,22138.9,22211.9,5699.0
2025-02-13 04:00:00,22206.0,22216.2,22205.9,22211.7,390.0
2025-02-13 04:45:00,22211.1,22355.9,22200.4,22340.4,5795.0
2025-02-13 05:30:00,22339.4,22542.4,22337.4,22480.4,9154.0
2025-02-13 06:15:00,22479.4,22483.4,22158.4,22160.4,9955.0
2025-02-13 07:00:00,22160.9,22177.9,21844.9,21872.9,9435.0
2025-02-13 07:45:00,21871.4,21871.9,21740.9,21837.4,7398.0
2025-02-13 08:30:00,21817.2,21817.2,21773.4,21795.2,2584.0
2025-02-13 09:15:00,21790.9,21825.4,21711.4,21779.9,3172.0
2025-02-13 10:00:00,21780.4,21816.9,21755.4,21812.4,1707.0
2025-02-13 10:45:00,21812.9,21815.4,21780.9,21785.4,1412.0
2025-02-13 11:30:00,21785.9,21826.9,21717.4,21738.9,2571.0
2025-02-13 12:15:00,21739.9,21781.4,21721.9,21771.9,1674.0
2025-02-13 13:00:00,21772.4,21794.9,21721.4,21753.9,2517.0
2025-02-13 13:45:00,21749.9,21749.9,21655.4,21663.4,3050.0
2025-02-13 14:30:00,21659.4,21872.4,21635.9,21850.9,7084.0
2025-02-13 15:15:00,21850.4,21906.4,21807.4,21898.9,4951.0
2025-02-13 16:00:00,21899.4,21979.9,21889.4,21946.4,3959.0
2025-02-13 16:45:00,21946.9,21953.4,21892.9,21912.4,2823.0
2025-02-13 17:30:00,21911.9,21930.9,21891.9,21902.9,2311.0
2025-02-13 18:15:00,21903.4,21928.4,21825.9,21911.4,4006.0
2025-02-13 19:00:00,21910.2,21961.1,21907.2,21947.1,2060.0
2025-02-13 19:45:00,21946.9,21960.2,21930.1,21949.5,1338.0
2025-02-13 20:30:00,21949.4,21978.0,21941.2,21960.8,1469.0
2025-02-13 21:15:00,21961.5,21967.8,21956.4,21961.3,303.0
2025-02-13 22:45:00,21958.9,21970.1,21957.8,21965.8,548.0
2025-02-13 23:30:00,21965.3,21966.3,21931.0,21934.6,656.0
2025-02-14 00:15:00,21935.2,21944.1,21886.3,21890.3,607.0
2025-02-14 01:00:00,21889.7,22245.7,21889.0,22195.2,5688.0
2025-02-14 01:45:00,22196.2,22284.7,22096.7,22134.2,9209.0
2025-02-14 02:30:00,22137.2,22407.2,22108.7,22401.7,8446.0
2025-02-14 03:15:00,22403.2,22415.2,22298.2,22317.7,7034.0
2025-02-14 04:00:00,22302.6,22303.9,22283.4,22299.0,266.0
2025-02-14 04:45:00,22304.0,22402.7,22299.4,22368.7,5793.0
2025-02-14 05:30:00,22370.7,22436.7,22121.2,22410.2,9444.0
2025-02-14 06:15:00,22409.2,22446.2,22296.7,22436.2,8920.0
2025-02-14 07:00:00,22435.7,22591.7,22409.2,22556.2,8401.0
2025-02-14 07:45:00,22555.7,22676.2,22551.7,22648.7,6784.0
2025-02-14 08:30:00,22598.9,22627.0,22591.3,22617.0,1069.0
2025-02-14 09:15:00,22616.4,22654.7,22593.7,22609.2,2492.0
2025-02-14 10:00:00,22603.7,22658.2,22579.2,22589.7,1718.0
2025-02-14 10:45:00,22590.2,22603.2,22490.2,22496.2,1745.0
2025-02-14 11:30:00,22495.7,22580.7,22495.2,22560.7,2059.0
2025-02-14 12:15:00,22561.2,22603.2,22561.2,22583.7,1523.0
2025-02-14 13:00:00,22583.2,22615.2,22565.2,22567.2,1759.0
2025-02-14 13:45:00,22566.7,22631.2,22562.2,22610.7,2170.0
2025-02-14 14:30:00,22608.2,22629.2,22502.2,22511.7,5498.0
2025-02-14 15:15:00,22510.7,22527.2,22426.2,22442.2,4751.0
2025-02-14 16:00:00,22442.7,22489.2,22406.7,22454.7,3990.0
2025-02-14 16:45:00,22455.2,22532.2,22447.2,22507.2,3138.0
2025-02-14 17:30:00,22507.7,22547.7,22500.2,22540.2,2337.0
2025-02-14 18:15:00,22540.7,22556.2,22502.2,22502.2,2259.0
2025-02-14 19:00:00,22489.8,22494.6,22483.2,22486.9,939.0
2025-02-14 19:45:00,22486.7,22503.2,22477.9,22489.6,927.0
2025-02-14 20:30:00,22489.4,22520.3,22488.5,22500.0,1397.0
2025-02-14 21:15:00,22499.5,22500.0,22486.5,22497.3,254.0
2025-02-16 23:00:00,22519.5,22523.0,22512.8,22521.9,583.0
2025-02-16 23:45:00,22521.6,22534.5,22519.8,22530.5,641.0
2025-02-17 00:30:00,22530.2,22569.9,22515.4,22569.9,635.0
2025-02-17 01:15:00,22633.2,22978.2,22596.2,22741.7,9228.0
2025-02-17 02:00:00,22743.7,22826.7,22531.7,22754.2,9770.0
2025-02-17 02:45:00,22753.7,22807.7,22556.7,22604.7,8946.0
2025-02-17 03:30:00,22604.2,22680.7,22522.2,22650.6,5256.0
2025-02-17 04:15:00,22651.2,22657.9,22646.6,22657.6,155.0
2025-02-17 05:00:00,22661.3,22701.3,22337.8,22411.3,9214.0
2025-02-17 05:45:00,22413.3,22632.3,22394.8,22611.3,8584.0
2025-02-17 06:30:00,22610.8,22751.3,22589.3,22688.8,7773.0
2025-02-17 07:15:00,22688.3,22721.3,22576.3,22604.8,6786.0
2025-02-17 08:00:00,22606.3,22646.3,22587.8,22598.8,2360.0
2025-02-17 08:45:00,22599.1,22638.3,22579.9,22609.8,934.0
2025-02-17 09:30:00,22611.8,22651.3,22584.3,22639.8,1669.0
2025-02-17 10:15:00,22642.8,22652.8,22587.3,22596.3,1390.0
2025-02-17 11:00:00,22595.8,22621.3,22593.8,22605.8,999.0
2025-02-17 11:45:00,22605.3,22636.3,22602.8,22625.3,960.0
2025-02-17 12:30:00,22625.8,22633.3,22615.8,22622.3,731.0
2025-02-17 13:15:00,22622.8,22649.8,22622.8,22642.3,1016.0
2025-02-17 14:00:00,22642.8,22699.3,22632.3,22698.8,1558.0
2025-02-17 14:45:00,22699.3,22703.3,22664.3,22698.3,1563.0
2025-02-17 15:30:00,22697.8,22711.8,22669.3,22684.3,1291.0
2025-02-17 16:15:00,22684.8,22730.3,22683.8,22708.3,1683.0
2025-02-17 17:00:00,22707.3,22708.8,22680.8,22686.3,1003.0
2025-02-17 17:45:00,22686.8,22706.8,22685.3,22698.3,697.0
2025-02-17 18:30:00,22697.3,22700.8,22678.5,22678.5,290.0
2025-02-17 19:15:00,22678.8,22688.6,22657.8,22660.6,31.0
2025-02-17 20:00:00,22660.7,22669.3,22660.6,22669.3,42.0
2025-02-17 20:45:00,22669.4,22672.4,22668.5,22668.5,20.0
2025-02-17 21:30:00,22668.7,22675.4,22668.6,22675.4,6.0
2025-02-17 22:45:00,22666.1,22668.1,22654.4,22655.7,430.0
2025-02-17 23:30:00,22655.1,22663.4,22643.5,22661.2,490.0
2025-02-18 00:15:00,22661.0,22664.4,22649.2,22652.8,551.0
2025-02-18 01:00:00,22652.2,22831.2,22603.2,22710.2,5468.0
2025-02-18 01:45:00,22708.2,22974.7,22654.2,22945.7,9691.0
2025-02-18 02:30:00,22946.2,23057.2,22879.7,22973.2,8713.0
2025-02-18 03:15:00,22972.7,23104.7,22964.7,23102.2,7029.0
2025-02-18 04:00:00,23087.4,23089.5,23068.7,23071.2,206.0
2025-02-18 04:45:00,23070.6,23155.7,22987.7,23062.7,6063.0
2025-02-18 05:30:00,23063.2,23073.7,22787.7,22842.2,9710.0
2025-02-18 06:15:00,22841.2,22887.2,22708.2,22835.2,8920.0
2025-02-18 07:00:00,22834.2,22918.2,22824.2,22902.2,5842.0
2025-02-18 07:45:00,22901.7,22994.2,22898.2,22987.7,4843.0
2025-02-18 08:30:00,22966.6,22969.3,22948.3,22950.1,869.0
2025-02-18 09:15:00,22976.2,22980.7,22893.7,22906.7,713.0
2025-02-18 10:00:00,22900.7,22900.7,22863.2,22863.2,227.0
2025-02-18 10:45:00,22873.7,22889.7,22854.2,22884.7,1455.0
2025-02-18 11:30:00,22885.2,22895.7,22872.2,22875.7,1176.0
2025-02-18 12:15:00,22875.2,22887.7,22857.2,22881.7,1226.0
2025-02-18 13:00:00,22882.2,22892.7,22854.7,22872.2,1791.0
2025-02-18 13:45:00,22871.7,22891.2,22860.2,22870.7,1811.0
2025-02-18 14:30:00,22869.7,22870.2,22705.2,22742.2,6516.0
2025-02-18 15:15:00,22741.7,22743.2,22663.2,22678.7,4454.0
2025-02-18 16:00:00,22678.2,22777.7,22664.2,22772.7,3675.0
2025-02-18 16:45:00,22772.2,22806.2,22730.7,22763.2,2894.0
2025-02-18 17:30:00,22762.7,22766.7,22708.7,22724.7,2264.0
2025-02-18 18:15:00,22725.2,22768.2,22717.7,22738.5,2242.0
2025-02-18 19:00:00,22738.7,22742.9,22719.6,22740.5,1707.0
2025-02-18 19:45:00,22740.6,22753.0,22738.5,22739.0,1037.0
2025-02-18 20:30:00,22738.8,22777.8,22728.6,22774.0,1327.0
2025-02-18 21:15:00,22773.4,22776.5,22764.6,22766.9,334.0
2025-02-18 22:45:00,22752.4,22769.5,22750.9,22759.1,437.0
2025-02-18 23:30:00,22758.6,22769.1,22757.9,22767.3,467.0
2025-02-19 00:15:00,22766.7,22785.5,22760.9,22761.6,456.0
2025-02-19 01:00:00,22762.2,22812.7,22638.2,22777.2,5273.0
2025-02-19 01:45:00,22777.7,22966.7,22749.7,22909.7,9608.0
2025-02-19 02:30:00,22910.7,22978.2,22857.2,22892.7,8260.0
2025-02-19 03:15:00,22893.2,22938.7,22837.7,22923.2,5957.0
2025-02-19 04:00:00,22913.3,22943.1,22901.5,22902.1,267.0
2025-02-19 04:45:00,22901.8,22974.2,22811.7,22869.2,5862.0
2025-02-19 05:30:00,22868.7,22946.2,22776.7,22912.2,7937.0
2025-02-19 06:15:00,22912.7,22928.2,22825.2,22924.2,6873.0
2025-02-19 07:00:00,22922.7,22933.2,22865.2,22929.7,4050.0
2025-02-19 07:45:00,22930.2,22955.2,22899.2,22903.7,3340.0
2025-02-19 08:30:00,22890.7,22907.9,22890.7,22899.8,825.0
2025-02-19 09:15:00,22910.7,22945.7,22898.2,22913.2,1732.0
2025-02-19 10:00:00,22915.2,22923.2,22880.2,22880.2,1515.0
2025-02-19 10:45:00,22879.7,22880.2,22807.2,22819.2,1679.0
2025-02-19 11:30:00,22820.2,22829.7,22757.2,22806.2,2553.0
2025-02-19 12:15:00,22804.7,22837.2,22797.7,22800.2,1887.0
2025-02-19 13:00:00,22801.2,22834.2,22793.2,22811.7,1930.0
2025-02-19 13:45:00,22810.7,22874.7,22782.7,22783.2,2561.0
2025-02-19 14:30:00,22783.7,22826.7,22675.7,22720.2,6338.0
2025-02-19 15:15:00,22721.2,22832.2,22700.7,22740.2,5019.0
2025-02-19 16:00:00,22740.7,22788.2,22715.2,22728.7,3170.0
2025-02-19 16:45:00,22729.2,22743.2,22696.7,22700.7,2261.0
2025-02-19 17:30:00,22701.2,22743.7,22697.7,22725.2,2034.0
2025-02-19 18:15:00,22724.7,22751.2,22719.2,22723.1,1836.0
2025-02-19 19:00:00,22723.3,22762.4,22721.7,22746.5,1316.0
2025-02-19 19:45:00,22746.4,22749.4,22715.8,22718.2,1348.0
2025-02-19 20:30:00,22718.5,22737.0,22705.5,22708.7,1853.0
2025-02-19 21:15:00,22709.2,22712.5,22704.1,22706.8,198.0
2025-02-19 22:00:00,22706.7,22706.7,22706.7,22706.7,1.0
2025-02-19 22:45:00,22705.4,22720.5,22705.4,22712.5,383.0
2025-02-19 23:30:00,22713.0,22728.4,22707.6,22715.7,420.0
2025-02-20 00:15:00,22715.4,22746.2,22709.1,22746.2,514.0
2025-02-20 01:00:00,22745.6,22846.6,22666.1,22687.6,5305.0
2025-02-20 01:45:00,22686.1,22722.6,22443.6,22462.1,9669.0
2025-02-20 02:30:00,22462.6,22635.1,22445.1,22562.1,9051.0
2025-02-20 03:15:00,22561.6,22648.6,22518.1,22616.6,6208.0
2025-02-20 04:00:00,22607.3,22607.9,22588.2,22590.1,326.0
2025-02-20 04:45:00,22589.8,22766.1,22586.8,22765.1,5237.0
2025-02-20 05:30:00,22767.1,22779.6,22648.1,22706.6,7842.0
2025-02-20 06:15:00,22705.1,22735.6,22609.1,22632.1,6625.0
2025-02-20 07:00:00,22631.1,22644.6,22581.1,22616.6,4504.0
2025-02-20 07:45:00,22617.1,22620.1,22555.1,22583.1,3961.0
2025-02-20 08:30:00,22563.8,22576.4,22561.7,22574.1,788.0
2025-02-20 09:15:00,22588.1,22620.6,22556.6,22590.6,1808.0
2025-02-20 10:00:00,22591.1,22755.1,22586.1,22750.6,2659.0
2025-02-20 10:45:00,22752.1,22913.6,22750.1,22900.1,4767.0
2025-02-20 11:30:00,22899.1,22941.6,22857.1,22940.6,2636.0
2025-02-20 12:15:00,22940.1,22992.6,22909.1,22988.6,3653.0
2025-02-20 13:00:00,22988.1,23044.1,22984.1,23000.1,3344.0
2025-02-20 13:45:00,23000.6,23038.6,22966.1,23012.1,3626.0
2025-02-20 14:30:00,23011.6,23312.6,23009.1,23156.1,8901.0
2025-02-20 15:15:00,23156.6,23181.6,23033.6,23050.1,7003.0
2025-02-20 16:00:00,23051.6,23106.1,22969.6,22974.1,5174.0
2025-02-20 16:45:00,22973.6,22997.6,22855.6,22989.1,6186.0
2025-02-20 17:30:00,22989.6,23027.1,22948.6,23024.6,3939.0
2025-02-20 18:15:00,23025.1,23047.6,22996.6,23005.3,3137.0
2025-02-20 19:00:00,23005.2,23037.5,22994.3,23035.1,1405.0
2025-02-20 19:45:00,23034.9,23058.5,23034.4,23046.1,1557.0
2025-02-20 20:30:00,23045.9,23054.2,23010.9,23010.9,1708.0
2025-02-20 21:15:00,23009.1,23032.6,23009.1,23028.6,248.0
2025-02-20 22:45:00,23035.0,23048.7,23033.6,23047.4,411.0
2025-02-20 23:30:00,23048.0,23060.5,23048.0,23057.1,514.0
2025-02-21 00:15:00,23056.8,23057.4,23036.5,23051.7,513.0
2025-02-21 01:00:00,23050.5,23106.8,22910.8,22989.3,5726.0
2025-02-21 01:45:00,22991.3,23156.8,22902.3,23088.8,9761.0
2025-02-21 02:30:00,23089.3,23216.3,23050.3,23174.3,8951.0
2025-02-21 03:15:00,23173.3,23258.8,23156.8,23224.3,6466.0
2025-02-21 04:00:00,23216.4,23220.5,23212.3,23212.9,178.0
2025-02-21 04:45:00,23212.5,23349.3,23207.8,23332.3,6282.0
2025-02-21 05:30:00,23332.8,23353.3,23152.8,23271.3,8738.0
2025-02-21 06:15:00,23271.8,23373.3,23262.3,23323.3,7051.0
2025-02-21 07:00:00,23324.3,23479.3,23324.3,23407.8,5771.0
2025-02-21 07:45:00,23408.3,23484.0,23366.0,23443.0,6577.0
2025-02-21 08:30:00,23419.9,23438.3,23388.0,23412.6,1205.0
2025-02-21 09:15:00,23412.9,23466.5,23400.0,23425.0,2386.0
2025-02-21 10:00:00,23424.5,23519.5,23417.0,23477.5,2309.0
2025-02-21 10:45:00,23477.0,23486.5,23442.0,23476.5,2006.0
2025-02-21 11:30:00,23476.0,23498.0,23457.5,23467.0,1812.0
2025-02-21 12:15:00,23469.0,23500.0,23459.0,23466.0,1702.0
2025-02-21 13:00:00,23465.5,23490.0,23442.5,23478.5,2380.0
2025-02-21 13:45:00,23479.0,23499.5,23454.0,23493.0,2368.0
2025-02-21 14:30:00,23493.5,23704.5,23465.5,23593.5,7933.0
2025-02-21 15:15:00,23592.5,23641.0,23430.5,23502.5,6612.0
2025-02-21 16:00:00,23503.0,23631.5,23491.5,23603.0,4951.0
2025-02-21 16:45:00,23606.0,23611.0,23542.5,23576.0,4225.0
2025-02-21 17:30:00,23576.5,23591.5,23402.5,23426.5,4416.0
2025-02-21 18:15:00,23426.0,23459.0,23386.5,23386.5,4400.0
2025-02-21 19:00:00,23376.5,23392.6,23344.5,23345.4,3641.0
2025-02-21 19:45:00,23345.2,23388.5,23339.1,23387.4,3432.0
2025-02-21 20:30:00,23387.9,23402.9,23369.5,23392.0,2705.0
2025-02-21 21:15:00,23393.2,23401.8,23389.0,23395.5,471.0
2025-02-23 23:00:00,23416.6,23465.5,23411.2,23464.3,1158.0
2025-02-23 23:45:00,23463.6,23509.6,23455.6,23506.9,970.0
2025-02-24 00:30:00,23506.5,23506.9,23442.2,23474.6,1021.0
2025-02-24 01:15:00,23474.0,23675.2,23224.2,23536.7,10212.0
2025-02-24 02:00:00,23534.7,23612.7,23386.7,23560.7,10525.0
2025-02-24 02:45:00,23561.7,23595.2,23430.7,23450.2,9451.0
2025-02-24 03:30:00,23448.2,23457.2,23314.7,23337.0,4965.0
2025-02-24 04:15:00,23337.6,23343.3,23335.5,23336.7,330.0
2025-02-24 05:00:00,23336.9,23403.7,23239.7,23388.2,8628.0
2025-02-24 05:45:00,23387.2,23431.2,23258.7,23396.2,8388.0
2025-02-24 06:30:00,23395.7,23541.2,23365.7,23463.7,7715.0
2025-02-24 07:15:00,23463.2,23479.2,23373.7,23379.2,5203.0
2025-02-24 08:00:00,23378.2,23381.2,23294.2,23320.5,3867.0
2025-02-24 08:45:00,23319.5,23367.2,23317.0,23341.2,2321.0
2025-02-24 09:30:00,23341.7,23347.7,23292.2,23307.7,2408.0
2025-02-24 10:15:00,23308.2,23309.2,23267.7,23286.7,2095.0
2025-02-24 11:00:00,23287.2,23322.7,23275.7,23310.2,1915.0
2025-02-24 11:45:00,23309.7,23312.7,23253.7,23293.2,2099.0
2025-02-24 12:30:00,23292.7,23296.7,23254.7,23289.2,2246.0
2025-02-24 13:15:00,23289.7,23300.7,23228.2,23246.7,2151.0
2025-02-24 14:00:00,23247.2,23250.2,22998.2,23026.7,6405.0
2025-02-24 14:45:00,23026.2,23048.2,22836.7,22856.2,8597.0
2025-02-24 15:30:00,22857.7,22930.7,22796.2,22799.7,5821.0
2025-02-24 16:15:00,22800.2,22852.2,22770.2,22789.7,4792.0
2025-02-24 17:00:00,22790.2,22874.7,22789.2,22867.2,3726.0
2025-02-24 17:45:00,22872.2,22872.2,22830.2,22846.2,2253.0
2025-02-24 18:30:00,22845.7,22870.7,22803.8,22808.2,2682.0
2025-02-24 19:15:00,22808.0,22828.8,22802.7,22825.4,2361.0
2025-02-24 20:00:00,22825.8,22825.8,22796.0,22811.7,2782.0
2025-02-24 20:45:00,22811.9,22826.7,22787.4,22817.4,2309.0
2025-02-24 21:30:00,22817.2,22819.9,22808.6,22817.2,301.0
2025-02-24 22:45:00,22819.2,22825.4,22813.4,22824.0,638.0
2025-02-24 23:30:00,22824.6,22824.8,22785.3,22810.8,1022.0
2025-02-25 00:15:00,22811.4,22827.1,22808.7,22816.0,915.0
2025-02-25 01:00:00,22815.4,22921.2,22737.2,22883.7,6391.0
2025-02-25 01:45:00,22883.2,23006.0,22854.7,23002.5,9934.0
2025-02-25 02:30:00,23001.5,23214.5,22981.5,23212.5,9611.0
2025-02-25 03:15:00,23213.0,23214.5,23145.5,23195.5,7268.0
2025-02-25 04:00:00,23175.7,23175.7,23155.0,23162.7,431.0
2025-02-25 04:45:00,23163.0,23241.0,23092.5,23229.0,6035.0
2025-02-25 05:30:00,23230.0,23230.5,23076.0,23136.5,7969.0
2025-02-25 06:15:00,23137.5,23155.5,22902.5,22957.0,8196.0
2025-02-25 07:00:00,22956.5,23033.5,22887.0,23016.5,6800.0
2025-02-25 07:45:00,23015.5,23052.0,22984.0,23004.5,4995.0
2025-02-25 08:30:00,22981.6,22993.3,22931.0,22979.7,2784.0
2025-02-25 09:15:00,22991.5,23088.5,22959.5,23078.0,2959.0
2025-02-25 10:00:00,23079.0,23127.0,23074.0,23104.0,1864.0
2025-02-25 10:45:00,23103.5,23133.5,23082.5,23133.0,2019.0
2025-02-25 11:30:00,23133.5,23196.0,23128.0,23189.5,2656.0
2025-02-25 12:15:00,23189.0,23195.5,23126.0,23140.0,2086.0
2025-02-25 13:00:00,23139.0,23204.0,23137.5,23183.0,2174.0
2025-02-25 13:45:00,23183.5,23191.5,23134.5,23140.5,2575.0
2025-02-25 14:30:00,23141.5,23154.0,22998.5,23031.5,7867.0
2025-02-25 15:15:00,23032.0,23159.5,22956.5,23143.0,6843.0
2025-02-25 16:00:00,23148.0,23152.0,23082.5,23131.0,5326.0
2025-02-25 16:45:00,23131.5,23158.0,23093.0,23107.0,3405.0
2025-02-25 17:30:00,23106.5,23169.0,23102.5,23151.0,2817.0
2025-02-25 18:15:00,23150.5,23155.5,23112.0,23135.0,2916.0
2025-02-25 19:00:00,23120.3,23124.9,23090.6,23121.9,3721.0
2025-02-25 19:45:00,23121.8,23139.0,23107.9,23128.5,4190.0
2025-02-25 20:30:00,23128.3,23144.9,23097.7,23138.1,4358.0
2025-02-25 21:15:00,23138.7,23163.0,23137.5,23153.0,776.0
2025-02-25 22:00:00,23152.8,23152.8,23152.8,23152.8,1.0
2025-02-25 22:45:00,23168.0,23182.2,23167.4,23176.0,492.0
2025-02-25 23:30:00,23175.8,23182.3,23157.1,23158.1,747.0
2025-02-26 00:15:00,23158.8,23169.7,23122.9,23128.1,647.0
2025-02-26 01:00:00,23127.5,23427.5,23109.9,23404.0,6089.0
2025-02-26 01:45:00,23401.5,23571.5,23396.0,23516.5,9865.0
2025-02-26 02:30:00,23516.0,23686.0,23435.5,23650.5,9444.0
2025-02-26 03:15:00,23651.5,23660.0,23527.5,23599.5,6740.0
2025-02-26 04:00:00,23597.4,23603.8,23583.6,23586.9,289.0
2025-02-26 04:45:00,23587.5,23775.5,23586.1,23772.5,6358.0
2025-02-26 05:30:00,23773.0,23783.5,23671.0,23721.5,8664.0
2025-02-26 06:15:00,23722.5,23841.5,23722.5,23821.5,7770.0
2025-02-26 07:00:00,23822.5,23971.0,23647.5,23745.0,6901.0
2025-02-26 07:45:00,23743.0,23778.5,23699.5,23751.5,7199.0
2025-02-26 08:30:00,23733.8,23758.8,23733.3,23758.8,1119.0
2025-02-26 09:15:00,23756.5,23766.5,23670.0,23696.5,2798.0
2025-02-26 10:00:00,23698.5,23781.5,23698.0,23732.5,2348.0
2025-02-26 10:45:00,23733.0,23739.5,23706.5,23721.5,1483.0
2025-02-26 11:30:00,23722.0,23753.5,23716.0,23746.5,1954.0
2025-02-26 12:15:00,23747.0,23772.5,23726.0,23735.5,1784.0
2025-02-26 13:00:00,23735.0,23746.5,23714.0,23723.5,1961.0
2025-02-26 13:45:00,23724.0,23729.5,23674.5,23717.5,2380.0
2025-02-26 14:30:00,23717.0,23777.5,23628.5,23756.0,6961.0
2025-02-26 15:15:00,23755.5,23861.0,23710.5,23828.5,4926.0
2025-02-26 16:00:00,23832.0,23842.5,23759.5,23763.5,3978.0
2025-02-26 16:45:00,23764.5,23806.0,23758.5,23788.5,3036.0
2025-02-26 17:30:00,23789.0,23807.5,23701.0,23719.0,2553.0
2025-02-26 18:15:00,23719.5,23750.0,23610.0,23610.0,2455.0
2025-02-26 19:00:00,23609.8,23631.6,23567.4,23626.9,4026.0
2025-02-26 19:45:00,23626.7,23664.7,23592.9,23662.0,3243.0
2025-02-26 20:30:00,23661.7,23757.4,23654.4,23739.6,3892.0
2025-02-26 21:15:00,23740.3,23793.3,23672.7,23750.3,4139.0
2025-02-26 22:00:00,23750.1,23750.1,23750.1,23750.1,1.0
2025-02-26 22:45:00,23721.8,23753.5,23703.4,23723.2,1272.0
2025-02-26 23:30:00,23724.5,23752.1,23722.4,23735.4,1618.0
2025-02-27 00:15:00,23735.7,23740.6,23651.4,23655.9,2184.0
2025-02-27 01:00:00,23656.5,23977.0,23651.5,23909.0,6431.0
2025-02-27 01:45:00,23908.5,24036.5,23687.5,23755.9,10763.0
2025-02-27 02:30:00,23759.4,23800.4,23546.4,23696.9,10402.0
2025-02-27 03:15:00,23697.4,23699.9,23545.4,23576.9,8424.0
2025-02-27 04:00:00,23572.9,23585.4,23569.6,23577.4,797.0
2025-02-27 04:45:00,23577.7,23636.4,23470.9,23601.4,6598.0
2025-02-27 05:30:00,23605.4,23797.4,23576.4,23778.4,9526.0
2025-02-27 06:15:00,23781.9,23915.4,23724.4,23858.9,9217.0
2025-02-27 07:00:00,23860.9,23900.4,23641.9,23669.9,8338.0
2025-02-27 07:45:00,23670.4,23738.4,23667.4,23696.4,5941.0
2025-02-27 08:30:00,23689.7,23730.0,23689.7,23705.2,1869.0
2025-02-27 09:15:00,23705.4,23801.9,23704.6,23787.4,3173.0
2025-02-27 10:00:00,23785.4,23795.4,23745.9,23772.9,2435.0
2025-02-27 10:45:00,23772.4,23882.4,23771.4,23840.9,2060.0
2025-02-27 11:30:00,23841.4,23856.9,23804.4,23832.4,2163.0
2025-02-27 12:15:00,23831.9,23896.4,23830.9,23885.4,2862.0
2025-02-27 13:00:00,23884.9,23932.4,23857.9,23866.9,3319.0
2025-02-27 13:45:00,23867.4,23871.9,23577.9,23601.9,6605.0
2025-02-27 14:30:00,23600.9,23706.4,23427.9,23536.4,8860.0
2025-02-27 15:15:00,23535.9,23677.9,23489.9,23630.9,7179.0
2025-02-27 16:00:00,23633.4,23709.4,23617.4,23689.4,5270.0
2025-02-27 16:45:00,23688.9,23714.4,23660.9,23700.9,3403.0
2025-02-27 17:30:00,23702.9,23714.4,23659.4,23710.4,2944.0
2025-02-27 18:15:00,23709.9,23753.9,23702.9,23718.6,2712.0
2025-02-27 19:00:00,23719.1,23724.4,23622.3,23633.9,4587.0
2025-02-27 19:45:00,23633.7,23644.0,23553.5,23553.9,5108.0
2025-02-27 20:30:00,23554.6,23599.0,23552.1,23577.4,4945.0
2025-02-27 21:15:00,23576.8,23598.8,23571.9,23580.3,1209.0
2025-02-27 22:45:00,23570.8,23592.1,23569.8,23587.2,864.0
2025-02-27 23:30:00,23587.8,23612.0,23585.8,23601.2,1138.0
2025-02-28 00:15:00,23600.9,23603.0,23530.6,23536.8,1374.0
2025-02-28 01:00:00,23538.1,23646.1,23415.1,23502.6,6383.0
2025-02-28 01:45:00,23501.1,23523.6,23176.1,23374.6,10010.0
2025-02-28 02:30:00,23378.6,23429.1,23208.1,23241.6,8353.0
2025-02-28 03:15:00,23237.6,23243.1,23118.6,23162.1,6694.0
2025-02-28 04:00:00,23150.1,23202.4,23141.0,23200.5,1409.0
2025-02-28 04:45:00,23200.9,23228.6,23057.6,23097.6,6158.0
2025-02-28 05:30:00,23098.6,23178.6,22977.6,23006.6,8384.0
2025-02-28 06:15:00,23009.6,23041.1,22892.6,22897.1,8765.0
2025-02-28 07:00:00,22896.1,22940.1,22800.1,22851.1,7468.0
2025-02-28 07:45:00,22850.6,23004.6,22850.6,22978.1,6482.0
2025-02-28 08:30:00,22964.5,22977.2,22950.2,22961.0,2035.0
2025-02-28 09:15:00,22999.1,23044.1,22929.1,22948.6,3021.0
2025-02-28 10:00:00,22948.1,23030.6,22947.6,23030.6,2015.0
2025-02-28 10:45:00,23029.6,23041.1,22988.6,23029.6,1502.0
2025-02-28 11:30:00,23028.6,23060.1,22993.6,22997.6,2020.0
2025-02-28 12:15:00,22997.1,23016.6,22957.6,22996.6,2463.0
2025-02-28 13:00:00,22997.1,23045.1,22992.1,23022.1,2553.0
2025-02-28 13:45:00,23022.6,23061.6,22991.6,23001.1,2721.0
2025-02-28 14:30:00,23002.1,23096.1,22918.1,23055.1,7409.0
2025-02-28 15:15:00,23054.6,23106.6,23000.1,23068.1,5708.0
2025-02-28 16:00:00,23067.6,23107.1,23036.6,23061.1,4576.0
2025-02-28 16:45:00,23060.6,23082.6,23008.6,23051.6,3598.0
2025-02-28 17:30:00,23052.1,23055.1,22954.1,22972.1,3460.0
2025-02-28 18:15:00,22972.6,22999.1,22897.6,22924.7,5193.0
2025-02-28 19:00:00,22924.5,23010.3,22924.3,23006.2,4604.0
2025-02-28 19:45:00,23006.6,23053.0,23005.2,23040.6,4509.0
2025-02-28 20:30:00,23039.7,23106.5,23015.0,23069.7,4778.0
2025-02-28 21:15:00,23070.4,23073.2,23056.6,23059.6,993.0
2025-03-02 23:00:00,23118.1,23145.1,23105.3,23110.1,1958.0
2025-03-02 23:45:00,23109.5,23136.3,23077.4,23078.8,3101.0
2025-03-03 00:30:00,23079.1,23119.6,23040.0,23116.5,2852.0
2025-03-03 01:15:00,23116.5,23330.6,23020.1,23286.1,9173.0
2025-03-03 02:00:00,23281.6,23395.6,23200.1,23369.1,9562.0
2025-03-03 02:45:00,23369.6,23386.6,23142.6,23238.1,9216.0
2025-03-03 03:30:00,23237.6,23259.6,23180.1,23220.7,3883.0
2025-03-03 04:15:00,23221.0,23234.5,23218.2,23234.1,550.0
2025-03-03 05:00:00,23233.8,23296.4,23143.9,23161.9,7769.0
2025-03-03 05:45:00,23161.4,23161.9,22878.9,22944.9,8224.0
2025-03-03 06:30:00,22942.9,23038.4,22869.4,23008.9,7772.0
2025-03-03 07:15:00,23009.4,23068.4,22920.9,23016.4,5401.0
2025-03-03 08:00:00,23012.6,23025.1,22967.1,23017.0,3918.0
2025-03-03 08:45:00,23018.8,23022.1,22985.6,23011.6,3354.0
2025-03-03 09:30:00,23011.1,23015.6,22910.6,22982.6,3044.0
2025-03-03 10:15:00,22982.1,23047.6,22979.6,23044.6,2548.0
2025-03-03 11:00:00,23043.6,23062.1,23020.1,23047.1,1720.0
2025-03-03 11:45:00,23046.6,23104.6,23042.1,23091.1,2694.0
2025-03-03 12:30:00,23091.6,23120.6,23069.6,23080.1,2346.0
2025-03-03 13:15:00,23080.6,23107.1,23058.6,23101.1,1996.0
2025-03-03 14:00:00,23101.6,23141.1,23015.6,23030.1,4158.0
2025-03-03 14:45:00,23029.6,23082.6,22963.1,23069.1,6009.0
2025-03-03 15:30:00,23068.6,23120.1,23020.1,23076.6,5042.0
2025-03-03 16:15:00,23077.6,23093.1,23025.6,23052.1,3878.0
2025-03-03 17:00:00,23051.6,23093.1,23046.6,23085.6,2495.0
2025-03-03 17:45:00,23086.1,23086.6,22939.6,22948.1,3211.0
2025-03-03 18:30:00,22947.6,22985.1,22892.6,22930.2,4740.0
2025-03-03 19:15:00,22930.5,22948.3,22836.3,22837.1,5113.0
2025-03-03 20:00:00,22837.2,22837.2,22725.4,22737.0,7243.0
2025-03-03 20:45:00,22737.4,22836.2,22736.7,22831.9,4410.0
2025-03-03 21:30:00,22831.4,22835.7,22815.6,22823.0,587.0
2025-03-03 22:00:00,22822.8,22822.8,22822.8,22822.8,1.0
2025-03-03 22:45:00,22797.7,22819.4,22784.8,22813.3,1070.0
2025-03-03 23:30:00,22813.9,22820.1,22763.1,22768.6,2130.0
2025-03-04 00:15:00,22766.8,22832.7,22759.2,22831.3,2322.0
2025-03-04 01:00:00,22831.6,22876.1,22556.8,22609.3,7121.0
2025-03-04 01:45:00,22608.3,22781.8,22595.9,22718.4,10086.0
2025-03-04 02:30:00,22720.4,22880.4,22692.9,22828.9,9312.0
2025-03-04 03:15:00,22831.4,22934.9,22829.9,22899.4,6795.0
2025-03-04 04:00:00,22895.4,22905.8,22866.4,22872.6,1414.0
2025-03-04 04:45:00,22872.5,23048.9,22805.9,22921.4,7061.0
2025-03-04 05:30:00,22922.9,23019.4,22902.4,22911.4,7837.0
2025-03-04 06:15:00,22910.9,23033.4,22904.4,23014.4,6589.0
2025-03-04 07:00:00,23014.9,23026.9,22901.9,22991.9,5256.0
2025-03-04 07:45:00,22992.4,23016.9,22872.8,22910.3,4854.0
2025-03-04 08:30:00,22893.3,22934.9,22883.1,22908.3,3753.0
2025-03-04 09:15:00,22906.8,22960.8,22864.8,22912.8,2790.0
2025-03-04 10:00:00,22911.3,22918.3,22864.8,22899.8,2773.0
2025-03-04 10:45:00,22900.3,22923.8,22888.3,22905.8,1878.0
2025-03-04 11:30:00,22906.3,22975.8,22894.3,22914.3,2663.0
2025-03-04 12:15:00,22914.8,22937.3,22877.8,22883.8,3339.0
2025-03-04 13:00:00,22884.3,22886.3,22811.3,22850.8,3455.0
2025-03-04 13:45:00,22850.3,22912.8,22817.8,22847.3,3599.0
2025-03-04 14:30:00,22847.8,22874.8,22753.8,22800.3,8277.0
2025-03-04 15:15:00,22799.8,22851.3,22681.3,22814.3,7393.0
2025-03-04 16:00:00,22813.8,22844.3,22744.3,22840.8,5552.0
2025-03-04 16:45:00,22840.3,23012.8,22831.8,23009.3,5074.0
2025-03-04 17:30:00,23006.8,23037.8,22907.8,23022.8,5591.0
2025-03-04 18:15:00,23022.3,23047.8,22986.8,23042.8,4246.0
2025-03-04 19:00:00,23028.6,23110.9,23027.1,23088.9,5985.0
2025-03-04 19:45:00,23089.0,23166.2,23089.0,23146.4,5443.0
2025-03-04 20:30:00,23146.0,23147.4,23003.8,23070.0,8188.0
2025-03-04 21:15:00,23068.7,23159.2,23058.9,23104.7,4976.0
2025-03-04 22:45:00,23098.3,23127.5,23082.8,23126.4,1257.0
2025-03-04 23:30:00,23125.8,23132.9,23103.0,23118.5,1866.0
2025-03-05 00:15:00,23117.2,23120.6,23050.0,23070.4,2709.0
2025-03-05 01:00:00,23071.2,23501.3,23062.6,23478.3,6752.0
2025-03-05 01:45:00,23476.3,23532.8,23239.3,23269.8,9043.0
2025-03-05 02:30:00,23269.3,23315.8,23087.8,23247.8,8329.0
2025-03-05 03:15:00,23246.8,23353.3,23234.3,23332.3,6104.0
2025-03-05 04:00:00,23315.7,23327.6,23301.4,23304.0,1584.0
2025-03-05 04:45:00,23303.7,23427.8,23293.6,23330.8,5323.0
2025-03-05 05:30:00,23330.3,23522.8,23327.3,23522.3,6560.0
2025-03-05 06:15:00,23521.8,23571.8,23442.8,23528.8,6584.0
2025-03-05 07:00:00,23529.3,23643.8,23529.3,23627.3,5290.0
2025-03-05 07:45:00,23626.8,23626.8,23502.2,23574.2,4878.0
2025-03-05 08:30:00,23556.4,23557.1,23505.0,23542.2,3174.0
2025-03-05 09:15:00,23542.5,23612.2,23508.2,23587.2,2693.0
2025-03-05 10:00:00,23586.7,23602.7,23503.7,23521.2,2522.0
2025-03-05 10:45:00,23520.7,23530.7,23450.7,23463.2,2163.0
2025-03-05 11:30:00,23462.7,23503.7,23444.2,23493.2,2826.0
2025-03-05 12:15:00,23492.7,23528.2,23457.2,23467.7,2461.0
2025-03-05 13:00:00,23471.2,23492.2,23436.7,23461.2,4008.0
2025-03-05 13:45:00,23461.7,23536.2,23442.2,23535.7,3564.0
2025-03-05 14:30:00,23532.7,23693.7,23454.7,23648.7,7823.0
2025-03-05 15:15:00,23649.2,23789.2,23579.7,23746.7,6848.0
2025-03-05 16:00:00,23746.2,23750.2,23642.2,23696.2,5881.0
2025-03-05 16:45:00,23696.7,23848.7,23687.7,23845.2,4958.0
2025-03-05 17:30:00,23844.7,23894.7,23804.7,23829.2,4668.0
2025-03-05 18:15:00,23829.7,23939.7,23821.7,23925.6,4070.0
2025-03-05 19:00:00,23925.4,23989.7,23911.8,23954.1,5994.0
2025-03-05 19:45:00,23954.3,23985.6,23938.7,23984.0,5550.0
2025-03-05 20:30:00,23983.9,23986.3,23930.5,23938.4,5525.0
2025-03-05 21:15:00,23939.2,23958.1,23919.9,23926.2,1717.0
2025-03-05 22:45:00,23915.1,23935.1,23909.6,23920.1,913.0
2025-03-05 23:30:00,23920.5,23920.8,23897.7,23916.7,1502.0
2025-03-06 00:15:00,23917.5,23922.1,23862.0,23874.4,1227.0
2025-03-06 01:00:00,23874.7,24120.8,23871.8,24034.8,5997.0
2025-03-06 01:45:00,24035.8,24206.8,24005.8,24090.3,8937.0
2025-03-06 02:30:00,24089.8,24218.3,24034.8,24214.3,7671.0
2025-03-06 03:15:00,24213.8,24258.3,24174.3,24225.8,5399.0
2025-03-06 04:00:00,24212.3,24225.5,24209.3,24216.8,605.0
2025-03-06 04:45:00,24217.4,24304.8,24200.3,24244.8,5255.0
2025-03-06 05:30:00,24245.3,24310.8,24162.3,24282.3,7311.0
2025-03-06 06:15:00,24280.8,24323.8,24214.8,24310.8,6689.0
2025-03-06 07:00:00,24310.3,24420.3,24299.8,24348.3,4883.0
2025-03-06 07:45:00,24347.8,24383.8,24275.3,24376.3,6109.0
2025-03-06 08:30:00,24357.8,24372.2,24286.8,24317.4,5076.0
2025-03-06 09:15:00,24317.1,24469.8,24277.8,24347.8,4220.0
2025-03-06 10:00:00,24350.8,24393.3,24283.3,24300.8,3329.0
2025-03-06 10:45:00,24301.8,24312.3,24228.3,24245.3,3029.0
2025-03-06 11:30:00,24245.8,24320.8,24237.8,24311.3,2386.0
2025-03-06 12:15:00,24310.8,24351.8,24286.8,24312.3,2396.0
2025-03-06 13:00:00,24312.8,24346.3,24286.3,24321.8,3199.0
2025-03-06 13:45:00,24321.3,24328.8,24249.3,24273.8,4346.0
2025-03-06 14:30:00,24268.3,24356.3,24188.3,24280.3,8401.0
2025-03-06 15:15:00,24279.8,24291.3,24057.3,24090.8,7248.0
2025-03-06 16:00:00,24093.3,24196.3,24093.3,24119.8,6299.0
2025-03-06 16:45:00,24120.8,24153.8,24019.8,24074.8,5635.0
2025-03-06 17:30:00,24075.3,24104.8,24016.3,24100.3,4691.0
2025-03-06 18:15:00,24099.8,24155.8,24045.8,24052.6,4291.0
2025-03-06 19:00:00,24052.8,24060.2,24023.8,24052.9,5315.0
2025-03-06 19:45:00,24052.7,24132.8,24051.3,24106.7,7031.0
2025-03-06 20:30:00,24106.9,24148.4,24083.0,24138.9,5845.0
2025-03-06 21:15:00,24136.9,24179.1,24136.9,24145.5,2804.0
2025-03-06 22:00:00,24145.6,24145.6,24145.6,24145.6,1.0
2025-03-06 22:45:00,24153.1,24161.6,24128.1,24128.5,1035.0
2025-03-06 23:30:00,24128.8,24140.6,24117.2,24127.6,1248.0
2025-03-07 00:15:00,24126.2,24168.4,24084.6,24134.5,2122.0
2025-03-07 01:00:00,24135.9,24257.8,24094.8,24238.3,6360.0
2025-03-07 01:45:00,24238.8,24305.5,24071.5,24260.5,9682.0
2025-03-07 02:30:00,24259.5,24452.5,24237.0,24381.0,9004.0
2025-03-07 03:15:00,24380.5,24526.5,24363.5,24522.0,7835.0
2025-03-07 04:00:00,24508.5,24530.1,24505.8,24527.4,905.0
2025-03-07 04:45:00,24527.1,24666.5,24455.5,24568.0,6686.0
2025-03-07 05:30:00,24567.0,24615.0,24259.5,24302.5,10124.0
2025-03-07 06:15:00,24301.5,24317.0,24148.0,24194.5,9312.0
2025-03-07 07:00:00,24191.5,24258.5,24147.5,24203.5,6989.0
2025-03-07 07:45:00,24204.0,24242.0,24177.0,24204.0,5187.0
2025-03-07 08:30:00,24181.6,24197.6,24131.6,24196.6,2962.0
2025-03-07 09:15:00,24227.0,24227.0,24186.0,24196.0,2241.0
2025-03-07 10:00:00,24196.5,24203.0,24121.0,24158.0,2384.0
2025-03-07 10:45:00,24158.5,24219.5,24158.5,24208.0,2147.0
2025-03-07 11:30:00,24207.5,24224.0,24160.0,24177.5,1817.0
2025-03-07 12:15:00,24179.0,24182.0,24117.5,24127.5,2421.0
2025-03-07 13:00:00,24126.0,24182.5,24079.5,24104.0,3980.0
2025-03-07 13:45:00,24104.5,24139.5,24061.5,24121.5,4845.0
2025-03-07 14:30:00,24119.0,24301.0,24032.0,24275.0,8294.0
2025-03-07 15:15:00,24273.0,24277.0,24092.0,24179.5,7731.0
2025-03-07 16:00:00,24181.0,24188.5,23983.0,24019.5,6377.0
2025-03-07 16:45:00,24019.0,24032.5,23951.0,24017.0,6202.0
2025-03-07 17:30:00,24017.5,24081.0,24000.5,24054.5,5850.0
2025-03-07 18:15:00,24054.0,24110.0,24021.0,24098.0,5014.0
2025-03-07 19:00:00,24098.2,24145.0,24088.0,24104.7,6135.0
2025-03-07 19:45:00,24104.9,24116.5,24087.0,24104.7,6171.0
2025-03-07 20:30:00,24104.2,24114.7,24035.4,24075.0,6092.0
2025-03-07 21:15:00,24074.3,24083.7,24063.4,24069.5,1228.0
2025-03-09 22:00:00,23994.3,23995.0,23903.7,23975.0,3247.0
2025-03-09 22:45:00,23975.6,24003.1,23885.7,23995.1,2689.0
2025-03-09 23:30:00,23995.7,24000.8,23968.5,23989.5,2466.0
2025-03-10 00:15:00,23989.3,24042.4,23971.4,24042.0,2358.0
2025-03-10 01:00:00,24042.4,24301.6,24021.5,24140.1,6458.0
2025-03-10 01:45:00,24138.6,24160.6,23912.6,24007.6,10425.0
2025-03-10 02:30:00,24007.1,24081.1,23789.1,23800.1,8922.0
2025-03-10 03:15:00,23800.6,23805.1,23700.6,23718.6,6203.0
2025-03-10 04:00:00,23699.3,23709.2,23682.3,23683.3,819.0
2025-03-10 04:45:00,23682.7,23745.1,23643.1,23675.1,5624.0
2025-03-10 05:30:00,23676.1,23829.1,23630.6,23810.1,7825.0
2025-03-10 06:15:00,23811.1,23898.6,23779.1,23796.1,7891.0
2025-03-10 07:00:00,23797.6,23832.6,23714.1,23825.1,5792.0
2025-03-10 07:45:00,23824.1,23830.6,23719.1,23727.6,5350.0
2025-03-10 08:30:00,23717.6,23718.9,23611.1,23680.5,4651.0
2025-03-10 09:15:00,23680.2,23730.1,23618.6,23702.1,3730.0
2025-03-10 10:00:00,23702.6,23739.6,23666.6,23670.1,2572.0
2025-03-10 10:45:00,23669.6,23730.6,23639.1,23723.1,2946.0
2025-03-10 11:30:00,23724.1,23724.6,23597.1,23606.6,2920.0
2025-03-10 12:15:00,23606.1,23610.6,23542.1,23586.1,3158.0
2025-03-10 13:00:00,23589.6,23689.1,23565.6,23661.1,5975.0
2025-03-10 13:45:00,23660.6,23672.1,23451.6,23452.1,7634.0
2025-03-10 14:30:00,23452.6,23479.6,23362.1,23468.1,7409.0
2025-03-10 15:15:00,23466.1,23573.6,23455.1,23534.6,6556.0
2025-03-10 16:00:00,23535.1,23554.1,23480.6,23489.1,5257.0
2025-03-10 16:45:00,23488.6,23503.6,23394.1,23428.1,5229.0
2025-03-10 17:30:00,23428.6,23429.6,23287.1,23333.1,5580.0
2025-03-10 18:15:00,23332.6,23351.1,23283.2,23283.2,4952.0
2025-03-10 19:00:00,23282.6,23319.6,23198.1,23259.9,7830.0
2025-03-10 19:45:00,23259.8,23318.8,23248.9,23313.8,5627.0
2025-03-10 20:30:00,23314.0,23316.3,23303.9,23311.8,1083.0
2025-03-10 21:45:00,23293.3,23304.8,23233.1,23266.4,2017.0
2025-03-10 22:30:00,23269.4,23285.8,23232.0,23248.5,2440.0
2025-03-10 23:15:00,23249.3,23280.4,23192.0,23272.8,4092.0
2025-03-11 00:00:00,23273.5,23286.9,23242.5,23245.0,3928.0
2025-03-11 00:45:00,23244.7,23353.6,23185.0,23344.6,6880.0
2025-03-11 01:30:00,23335.1,23658.3,23259.1,23649.8,10751.0
2025-03-11 02:15:00,23652.8,23727.8,23511.3,23561.3,9877.0
2025-03-11 03:00:00,23563.3,23710.8,23521.8,23600.3,7946.0
2025-03-11 03:45:00,23600.8,23602.8,23534.1,23593.6,3108.0
2025-03-11 04:30:00,23592.9,23610.8,23496.3,23593.8,3932.0
2025-03-11 05:15:00,23591.3,23643.3,23522.3,23567.8,8525.0
2025-03-11 06:00:00,23564.3,23673.3,23544.8,23634.8,7850.0
2025-03-11 06:45:00,23632.8,23781.3,23626.8,23770.3,7386.0
2025-03-11 07:30:00,23770.8,23866.3,23727.2,23771.2,7116.0
2025-03-11 08:15:00,23770.7,23783.7,23737.0,23757.2,3984.0
2025-03-11 09:00:00,23756.2,23908.2,23745.6,23884.2,4670.0
2025-03-11 09:45:00,23884.7,23912.2,23814.2,23815.7,3650.0
2025-03-11 10:30:00,23815.2,23847.7,23777.7,23795.7,3118.0
2025-03-11 11:15:00,23795.2,23840.2,23777.7,23832.7,2860.0
2025-03-11 12:00:00,23831.7,23853.7,23777.2,23843.2,3666.0
2025-03-11 12:45:00,23843.7,23857.7,23796.2,23818.2,3668.0
2025-03-11 13:30:00,23819.2,23927.2,23636.7,23672.2,9748.0
2025-03-11 14:15:00,23671.7,23695.2,23530.2,23592.2,9140.0
2025-03-11 15:00:00,23593.2,23736.2,23575.7,23725.2,8714.0
2025-03-11 15:45:00,23724.7,23730.7,23625.7,23633.7,7432.0
2025-03-11 16:30:00,23634.7,23648.2,23574.2,23575.2,6216.0
2025-03-11 17:15:00,23575.7,23616.2,23532.7,23589.2,6736.0
2025-03-11 18:00:00,23588.7,23743.2,23585.2,23735.7,7516.0
2025-03-11 18:45:00,23736.2,23764.2,23684.9,23712.1,7865.0
2025-03-11 19:30:00,23712.2,23734.1,23649.0,23687.6,7578.0
2025-03-11 20:15:00,23689.0,23689.0,23642.5,23653.4,2229.0
2025-03-11 21:45:00,23667.7,23689.0,23651.1,23680.6,1364.0
2025-03-11 22:30:00,23681.0,23715.3,23674.2,23707.8,1773.0
2025-03-11 23:15:00,23708.1,23714.1,23683.0,23713.8,1939.0
2025-03-12 00:00:00,23713.4,23728.5,23689.5,23697.5,2433.0
2025-03-12 00:45:00,23697.9,23881.2,23652.2,23816.2,3707.0
2025-03-12 01:30:00,23813.7,23941.7,23698.2,23783.7,10848.0
2025-03-12 02:15:00,23782.2,23812.2,23677.7,23797.2,9372.0
2025-03-12 03:00:00,23795.7,23830.2,23599.4,23629.9,7563.0
2025-03-12 03:45:00,23630.4,23631.9,23590.7,23619.7,2365.0
2025-03-12 04:30:00,23619.3,23672.4,23584.9,23644.4,3516.0
2025-03-12 05:15:00,23645.4,23790.4,23634.9,23744.9,7878.0
2025-03-12 06:00:00,23744.4,23751.4,23578.4,23596.9,7432.0
2025-03-12 06:45:00,23597.4,23599.9,23353.9,23414.4,8651.0
2025-03-12 07:30:00,23413.9,23621.9,23400.9,23604.4,6788.0
2025-03-12 08:15:00,23604.9,23675.0,23590.8,23669.4,3893.0
2025-03-12 09:00:00,23670.7,23705.4,23610.9,23629.9,3650.0
2025-03-12 09:45:00,23630.4,23662.9,23607.9,23619.4,2214.0
2025-03-12 10:30:00,23618.9,23668.9,23609.9,23665.9,1423.0
2025-03-12 11:15:00,23664.4,23703.9,23651.9,23664.9,2209.0
2025-03-12 12:00:00,23661.9,23794.4,23634.9,23648.4,4318.0
2025-03-12 12:45:00,23648.9,23691.9,23619.4,23622.4,5426.0
2025-03-12 13:30:00,23622.9,23659.4,23495.4,23498.4,9308.0
2025-03-12 14:15:00,23497.4,23516.4,23418.9,23426.9,7578.0
2025-03-12 15:00:00,23427.9,23514.9,23415.9,23490.4,6677.0
2025-03-12 15:45:00,23489.9,23600.9,23487.4,23591.9,6170.0
2025-03-12 16:30:00,23592.4,23624.4,23552.9,23573.9,5759.0
2025-03-12 17:15:00,23573.4,23585.9,23501.9,23502.9,5274.0
2025-03-12 18:00:00,23503.4,23592.4,23502.9,23590.9,5095.0
2025-03-12 18:45:00,23590.4,23612.4,23560.9,23570.5,5336.0
2025-03-12 19:30:00,23570.3,23591.2,23535.9,23539.6,5138.0
2025-03-12 20:15:00,23539.3,23547.7,23529.6,23537.7,1177.0
2025-03-12 21:45:00,23535.7,23577.5,23535.7,23568.1,1133.0
2025-03-12 22:30:00,23568.5,23589.9,23558.0,23577.2,1398.0
2025-03-12 23:15:00,23576.2,23602.7,23572.8,23586.2,1135.0
2025-03-13 00:00:00,23584.8,23595.4,23563.1,23571.6,1590.0
2025-03-13 00:45:00,23586.6,23670.9,23575.7,23612.4,2934.0
2025-03-13 01:30:00,23609.9,23678.9,23442.4,23615.4,10559.0
2025-03-13 02:15:00,23615.9,23709.9,23490.9,23691.4,9229.0
2025-03-13 03:00:00,23689.9,23713.9,23433.4,23484.9,7965.0
2025-03-13 03:45:00,23483.9,23488.9,23388.7,23400.5,2695.0
2025-03-13 04:30:00,23399.8,23409.4,23293.9,23327.9,4327.0
2025-03-13 05:15:00,23328.4,23350.4,23180.4,23291.4,8398.0
2025-03-13 06:00:00,23286.4,23416.4,23229.9,23391.9,8288.0
2025-03-13 06:45:00,23391.4,23498.9,23376.4,23475.4,6579.0
2025-03-13 07:30:00,23475.9,23484.2,23393.9,23437.7,5946.0
2025-03-13 08:15:00,23438.2,23464.2,23399.2,23463.7,4507.0
2025-03-13 09:00:00,23463.1,23530.2,23436.6,23518.7,3204.0
2025-03-13 09:45:00,23518.2,23541.7,23509.2,23519.7,2364.0
2025-03-13 10:30:00,23519.2,23532.2,23453.7,23470.2,2572.0
2025-03-13 11:15:00,23469.7,23478.7,23372.2,23415.2,3393.0
2025-03-13 12:00:00,23414.7,23442.7,23372.2,23412.2,4314.0
2025-03-13 12:45:00,23411.7,23415.7,23376.2,23392.7,3809.0
2025-03-13 13:30:00,23403.7,23701.7,23392.2,23695.2,9035.0
2025-03-13 14:15:00,23694.7,23701.7,23606.7,23652.7,7502.0
2025-03-13 15:00:00,23656.7,23697.2,23613.2,23657.2,6069.0
2025-03-13 15:45:00,23656.7,23722.2,23634.7,23671.2,5991.0
2025-03-13 16:30:00,23670.7,23720.2,23651.2,23677.7,5590.0
2025-03-13 17:15:00,23678.2,23681.2,23636.2,23639.2,4563.0
2025-03-13 18:00:00,23637.7,23769.2,23636.7,23769.2,4783.0
2025-03-13 18:45:00,23768.7,23774.7,23694.6,23705.9,5100.0
2025-03-13 19:30:00,23706.8,23748.2,23665.5,23745.8,5018.0
2025-03-13 20:15:00,23745.1,23750.2,23723.9,23725.7,1031.0
2025-03-13 21:45:00,23737.5,23767.3,23730.1,23763.0,1322.0
2025-03-13 22:30:00,23763.8,23795.6,23757.4,23788.7,1499.0
2025-03-13 23:15:00,23788.0,23788.1,23762.4,23769.3,1255.0
2025-03-14 00:00:00,23769.7,23795.9,23752.4,23756.9,2274.0
2025-03-14 00:45:00,23757.0,23804.2,23645.7,23653.2,2874.0
2025-03-14 01:30:00,23652.7,23793.7,23470.2,23793.7,10841.0
2025-03-14 02:15:00,23793.2,23906.2,23759.7,23878.7,9720.0
2025-03-14 03:00:00,23876.7,24035.2,23876.7,24031.2,8304.0
2025-03-14 03:45:00,24031.7,24106.2,24025.2,24028.3,2564.0
2025-03-14 04:30:00,24027.9,24113.7,23901.7,23918.7,3903.0
2025-03-14 05:15:00,23918.2,24066.7,23900.7,24066.7,8894.0
2025-03-14 06:00:00,24067.7,24079.7,23974.2,23997.2,7977.0
2025-03-14 06:45:00,23999.2,24051.7,23973.7,24021.7,5735.0
2025-03-14 07:30:00,24022.7,24049.7,23935.2,23970.7,5822.0
2025-03-14 08:15:00,23971.2,24042.2,23965.7,24007.8,3129.0
2025-03-14 09:00:00,24009.2,24162.2,24008.8,24134.7,3062.0
2025-03-14 09:45:00,24134.2,24184.7,24130.7,24148.2,2719.0
2025-03-14 10:30:00,24149.2,24186.7,24084.2,24171.7,4485.0
2025-03-14 11:15:00,24172.2,24227.7,24154.2,24203.2,3202.0
2025-03-14 12:00:00,24203.7,24222.7,24178.7,24187.2,2878.0
2025-03-14 12:45:00,24186.7,24211.2,24162.2,24177.2,2850.0
2025-03-14 13:30:00,24181.7,24252.7,24108.2,24228.2,8539.0
2025-03-14 14:15:00,24227.7,24240.2,24100.7,24163.2,6929.0
2025-03-14 15:00:00,24163.7,24176.7,24113.7,24141.7,4561.0
2025-03-14 15:45:00,24141.2,24199.2,24103.2,24111.7,4801.0
2025-03-14 16:30:00,24112.2,24191.7,24108.7,24180.2,4144.0
2025-03-14 17:15:00,24179.7,24201.2,24172.2,24177.7,4046.0
2025-03-14 18:00:00,24178.2,24206.7,24163.2,24200.2,3541.0
2025-03-14 18:45:00,24200.7,24203.7,24162.1,24174.0,3239.0
2025-03-14 19:30:00,24174.2,24215.2,24149.2,24151.4,3569.0
2025-03-14 20:15:00,24151.6,24162.7,24138.8,24160.8,1092.0
2025-03-16 22:00:00,24162.6,24178.8,24139.5,24155.9,2619.0
2025-03-16 22:45:00,24156.3,24157.3,24130.9,24156.7,2714.0
2025-03-16 23:30:00,24156.9,24178.9,24153.4,24173.5,1826.0
2025-03-17 00:15:00,24174.2,24270.8,24162.2,24237.2,1718.0
2025-03-17 01:00:00,24237.0,24309.0,24160.5,24252.5,7070.0
2025-03-17 01:45:00,24253.0,24338.5,24078.5,24312.0,10104.0
2025-03-17 02:30:00,24311.5,24358.5,24268.0,24272.0,8760.0
2025-03-17 03:15:00,24269.0,24302.0,24228.5,24271.0,5009.0
2025-03-17 04:00:00,24262.1,24273.1,24257.0,24265.7,1201.0
2025-03-17 04:45:00,24265.6,24312.0,24187.0,24194.5,5193.0
2025-03-17 05:30:00,24195.0,24278.0,24191.5,24218.0,6657.0
2025-03-17 06:15:00,24217.5,24226.0,24146.0,24195.0,6361.0
2025-03-17 07:00:00,24194.0,24202.5,24069.0,24116.5,4917.0
2025-03-17 07:45:00,24116.0,24167.0,24114.5,24157.5,4155.0
2025-03-17 08:30:00,24153.9,24164.0,24138.6,24154.8,2865.0
2025-03-17 09:15:00,24154.5,24185.5,24112.5,24184.0,2383.0
2025-03-17 10:00:00,24185.0,24223.5,24181.5,24209.0,1889.0
2025-03-17 10:45:00,24208.5,24241.5,24204.5,24223.5,1649.0
2025-03-17 11:30:00,24224.0,24238.5,24209.5,24218.5,1998.0
2025-03-17 12:15:00,24218.0,24255.5,24189.5,24199.5,3235.0
2025-03-17 13:00:00,24199.0,24381.0,24185.5,24362.0,5034.0
2025-03-17 13:45:00,24362.5,24548.5,24355.0,24488.5,8379.0
2025-03-17 14:30:00,24485.5,24578.5,24469.5,24555.0,6238.0
2025-03-17 15:15:00,24554.5,24644.0,24540.0,24612.0,5032.0
2025-03-17 16:00:00,24611.0,24630.5,24586.0,24619.5,4449.0
2025-03-17 16:45:00,24620.0,24663.0,24610.0,24646.0,3822.0
2025-03-17 17:30:00,24645.5,24692.0,24636.0,24688.0,3274.0
2025-03-17 18:15:00,24688.5,24704.0,24657.5,24663.0,2934.0
2025-03-17 19:00:00,24647.9,24668.5,24632.2,24660.0,4164.0
2025-03-17 19:45:00,24659.8,24671.2,24613.7,24627.3,3209.0
2025-03-17 20:30:00,24626.7,24633.1,24623.9,24631.2,656.0
2025-03-17 21:45:00,24625.0,24634.7,24618.6,24632.5,959.0
2025-03-17 22:30:00,24633.1,24641.5,24625.5,24629.9,975.0
2025-03-17 23:15:00,24629.3,24639.2,24625.8,24630.0,894.0
2025-03-18 00:00:00,24629.1,24637.7,24605.8,24634.4,1564.0
2025-03-18 00:45:00,24633.8,24744.5,24611.5,24720.0,2985.0
2025-03-18 01:30:00,24721.0,24721.0,24493.0,24536.5,10309.0
2025-03-18 02:15:00,24537.0,24688.0,24514.5,24651.0,8264.0
2025-03-18 03:00:00,24651.5,24656.0,24543.5,24636.0,6942.0
2025-03-18 03:45:00,24636.5,24641.0,24565.5,24577.9,1820.0
2025-03-18 04:30:00,24578.5,24606.5,24544.0,24578.0,3363.0
2025-03-18 05:15:00,24582.0,24709.0,24581.0,24651.0,7025.0
2025-03-18 06:00:00,24650.5,24693.0,24591.5,24685.5,6604.0
2025-03-18 06:45:00,24683.5,24735.0,24635.5,24733.0,5560.0
2025-03-18 07:30:00,24732.5,24764.0,24698.5,24742.0,5928.0
2025-03-18 08:15:00,24741.5,24869.4,24738.0,24813.9,3631.0
2025-03-18 09:00:00,24814.2,24845.5,24770.5,24810.5,3427.0
2025-03-18 09:45:00,24811.0,24833.0,24748.0,24753.0,3237.0
2025-03-18 10:30:00,24752.5,24769.0,24733.0,24753.0,2570.0
2025-03-18 11:15:00,24753.5,24756.0,24699.5,24706.0,2577.0
2025-03-18 12:00:00,24705.5,24727.0,24684.0,24703.0,2864.0
2025-03-18 12:45:00,24703.5,24761.5,24673.5,24757.0,3189.0
2025-03-18 13:30:00,24754.0,24780.5,24586.0,24586.5,8867.0
2025-03-18 14:15:00,24587.5,24722.0,24587.0,24695.0,6454.0
2025-03-18 15:00:00,24696.0,24769.0,24637.5,24755.5,5883.0
2025-03-18 15:45:00,24754.0,24761.5,24710.5,24745.0,4613.0
2025-03-18 16:30:00,24744.5,24746.5,24662.0,24685.0,4193.0
2025-03-18 17:15:00,24685.5,24730.5,24650.5,24695.0,4893.0
2025-03-18 18:00:00,24696.0,24705.5,24672.5,24685.0,3707.0
2025-03-18 18:45:00,24685.5,24717.0,24674.2,24683.3,4365.0
2025-03-18 19:30:00,24681.1,24688.6,24661.0,24678.4,3914.0
2025-03-18 20:15:00,24677.8,24679.4,24663.0,24664.8,677.0
2025-03-18 21:45:00,24664.9,24665.9,24644.3,24648.2,640.0
2025-03-18 22:30:00,24648.7,24685.0,24648.1,24681.7,908.0
2025-03-18 23:15:00,24680.5,24684.4,24666.8,24681.4,920.0
2025-03-19 00:00:00,24682.0,24723.7,24679.3,24721.8,1539.0
2025-03-19 00:45:00,24722.1,24760.0,24694.7,24702.0,2683.0
2025-03-19 01:30:00,24702.5,24798.5,24620.0,24652.6,10056.0
2025-03-19 02:15:00,24652.1,24816.1,24607.6,24755.6,8723.0
2025-03-19 03:00:00,24756.1,24801.1,24730.1,24771.1,6534.0
2025-03-19 03:45:00,24771.6,24801.6,24759.1,24760.5,1815.0
2025-03-19 04:30:00,24760.8,24875.1,24733.1,24860.1,3081.0
2025-03-19 05:15:00,24858.1,24889.1,24694.1,24722.6,7884.0
2025-03-19 06:00:00,24722.1,24789.6,24706.6,24776.1,6528.0
2025-03-19 06:45:00,24775.6,24785.1,24739.1,24780.6,4888.0
2025-03-19 07:30:00,24780.1,24795.6,24733.6,24748.1,5167.0
2025-03-19 08:15:00,24747.6,24752.6,24679.1,24708.6,2789.0
2025-03-19 09:00:00,24708.3,24865.1,24704.0,24835.6,3213.0
2025-03-19 09:45:00,24836.1,24842.6,24804.6,24823.6,1953.0
2025-03-19 10:30:00,24823.1,24857.1,24809.1,24856.6,2102.0
2025-03-19 11:15:00,24856.1,24906.1,24820.6,24854.6,2699.0
2025-03-19 12:00:00,24854.1,24882.6,24811.1,24834.6,2823.0
2025-03-19 12:45:00,24835.1,24847.1,24788.6,24814.6,2428.0
2025-03-19 13:30:00,24815.1,24820.1,24571.1,24649.1,7942.0
2025-03-19 14:15:00,24648.6,24695.6,24592.1,24594.6,4941.0
2025-03-19 15:00:00,24595.1,24675.1,24589.1,24668.1,3950.0
2025-03-19 15:45:00,24669.1,24693.6,24639.6,24659.6,3158.0
2025-03-19 16:30:00,24660.1,24672.6,24589.6,24592.6,2690.0
2025-03-19 17:15:00,24592.1,24609.6,24576.6,24600.6,3196.0
2025-03-19 18:00:00,24600.1,24686.6,24598.6,24684.1,6244.0
2025-03-19 18:45:00,24684.6,24721.3,24648.1,24661.7,6530.0
2025-03-19 19:30:00,24661.6,24703.3,24658.7,24684.8,5028.0
2025-03-19 20:15:00,24685.3,24688.3,24669.8,24671.9,619.0
2025-03-19 21:45:00,24681.6,24705.7,24678.0,24702.0,604.0
2025-03-19 22:30:00,24702.5,24720.1,24695.2,24697.7,979.0
2025-03-19 23:15:00,24697.4,24715.4,24692.2,24713.6,645.0
2025-03-20 00:00:00,24714.7,24723.1,24702.6,24717.5,1074.0
2025-03-20 00:45:00,24717.8,24759.6,24654.6,24663.6,1993.0
2025-03-20 01:30:00,24663.1,24677.1,24351.6,24507.6,10559.0
2025-03-20 02:15:00,24508.1,24568.0,24461.0,24524.0,8935.0
2025-03-20 03:00:00,24523.5,24604.5,24456.0,24463.0,6970.0
2025-03-20 03:45:00,24464.0,24484.5,24448.0,24472.3,1546.0
2025-03-20 04:30:00,24472.9,24505.0,24437.5,24488.5,3085.0
2025-03-20 05:15:00,24489.0,24501.5,24380.5,24412.0,6846.0
2025-03-20 06:00:00,24410.5,24414.0,24260.0,24293.0,7103.0
2025-03-20 06:45:00,24294.0,24316.5,24209.5,24234.5,6323.0
2025-03-20 07:30:00,24234.0,24257.5,24205.0,24250.0,4793.0
2025-03-20 08:15:00,24250.5,24250.5,24141.9,24147.4,2567.0
2025-03-20 09:00:00,24147.7,24159.5,24079.0,24117.0,3614.0
2025-03-20 09:45:00,24116.5,24133.0,24062.0,24117.0,4319.0
2025-03-20 10:30:00,24117.5,24123.0,24048.5,24105.0,4460.0
2025-03-20 11:15:00,24105.5,24125.5,24054.0,24070.5,3052.0
2025-03-20 12:00:00,24069.0,24069.0,24024.5,24057.0,3279.0
2025-03-20 12:45:00,24056.5,24069.5,23999.0,24006.5,3081.0
2025-03-20 13:30:00,24007.0,24139.5,23964.5,24125.5,7661.0
2025-03-20 14:15:00,24126.0,24127.5,23990.0,24069.0,6127.0
2025-03-20 15:00:00,24069.5,24077.0,23969.5,23994.0,5006.0
2025-03-20 15:45:00,23994.5,24041.5,23981.0,24005.5,4203.0
2025-03-20 16:30:00,24006.0,24045.5,23994.5,24028.0,3857.0
2025-03-20 17:15:00,24027.5,24041.0,23987.5,24020.5,3369.0
2025-03-20 18:00:00,24020.0,24059.5,24018.5,24047.0,3422.0
2025-03-20 18:45:00,24046.5,24064.0,24021.0,24021.5,3745.0
2025-03-20 19:30:00,24021.6,24053.8,24021.6,24041.2,3640.0
2025-03-20 20:15:00,24042.9,24046.7,24038.6,24041.5,442.0
2025-03-20 21:45:00,24037.1,24047.3,24034.5,24045.8,484.0
2025-03-20 22:30:00,24046.4,24049.9,24016.7,24019.7,805.0
2025-03-20 23:15:00,24020.8,24028.1,24013.1,24025.2,964.0
2025-03-21 00:00:00,24024.6,24046.7,24021.1,24039.1,1068.0
2025-03-21 00:45:00,24038.6,24142.5,24034.4,24097.5,2349.0
2025-03-21 01:30:00,24110.0,24233.9,24037.0,24153.4,10073.0
2025-03-21 02:15:00,24152.9,24188.9,23827.9,23830.9,8942.0
2025-03-21 03:00:00,23829.9,23861.9,23674.9,23729.4,8605.0
2025-03-21 03:45:00,23727.4,23776.9,23726.4,23742.4,2325.0
2025-03-21 04:30:00,23742.7,23775.4,23711.9,23722.4,3285.0
2025-03-21 05:15:00,23720.9,23782.9,23597.9,23648.9,7762.0
2025-03-21 06:00:00,23646.4,23778.9,23592.4,23765.9,7757.0
2025-03-21 06:45:00,23766.9,23822.4,23712.9,23752.9,6173.0
2025-03-21 07:30:00,23751.4,23769.4,23651.9,23667.9,5713.0
2025-03-21 08:15:00,23667.4,23670.9,23562.3,23588.6,4361.0
2025-03-21 09:00:00,23588.8,23602.9,23534.9,23573.9,3392.0
2025-03-21 09:45:00,23573.4,23615.9,23557.9,23611.4,2654.0
2025-03-21 10:30:00,23611.9,23670.9,23575.9,23650.4,2866.0
2025-03-21 11:15:00,23649.9,23671.9,23644.9,23656.4,2313.0
2025-03-21 12:00:00,23655.9,23676.4,23608.4,23612.9,2792.0
2025-03-21 12:45:00,23613.4,23644.4,23553.9,23566.4,3336.0
2025-03-21 13:30:00,23569.4,23643.9,23507.4,23524.9,7789.0
2025-03-21 14:15:00,23524.4,23569.9,23518.4,23555.9,5108.0
2025-03-21 15:00:00,23556.9,23619.9,23548.4,23604.4,4442.0
2025-03-21 15:45:00,23603.9,23653.9,23529.9,23653.9,4961.0
2025-03-21 16:30:00,23653.4,23674.9,23636.9,23651.9,3766.0
2025-03-21 17:15:00,23651.4,23684.4,23637.9,23672.4,2649.0
2025-03-21 18:00:00,23671.9,23679.9,23608.4,23659.9,2790.0
2025-03-21 18:45:00,23660.4,23665.9,23617.6,23620.4,3134.0
2025-03-21 19:30:00,23620.3,23640.0,23610.1,23636.2,3303.0
2025-03-21 20:15:00,23636.7,23643.9,23630.7,23637.5,593.0
2025-03-23 22:00:00,23722.3,23727.0,23675.3,23676.8,1357.0
2025-03-23 22:45:00,23677.4,23679.5,23665.8,23678.2,721.0
2025-03-23 23:30:00,23677.6,23719.3,23674.9,23712.2,935.0
2025-03-24 00:15:00,23711.6,23717.1,23692.6,23696.1,831.0
2025-03-24 01:00:00,23695.5,23770.0,23619.0,23623.0,5610.0
2025-03-24 01:45:00,23621.0,23739.5,23536.5,23727.5,9767.0
2025-03-24 02:30:00,23720.5,23761.0,23586.5,23687.5,8139.0
2025-03-24 03:15:00,23688.0,23697.0,23576.0,23665.0,5652.0
2025-03-24 04:00:00,23655.5,23655.5,23649.6,23654.6,316.0
2025-03-24 04:45:00,23654.3,23726.0,23648.5,23656.5,5461.0
2025-03-24 05:30:00,23656.0,23701.0,23600.5,23608.0,7063.0
2025-03-24 06:15:00,23608.5,23759.5,23592.5,23759.0,7287.0
2025-03-24 07:00:00,23758.5,23960.5,23758.5,23883.0,7369.0
2025-03-24 07:45:00,23882.0,23963.5,23880.0,23952.5,4425.0
2025-03-24 08:30:00,23935.7,23943.2,23926.8,23942.9,2088.0
2025-03-24 09:15:00,23919.0,23919.0,23791.5,23799.5,3486.0
2025-03-24 10:00:00,23799.0,23835.5,23791.5,23813.0,2171.0
2025-03-24 10:45:00,23812.5,23812.5,23757.0,23760.5,2039.0
2025-03-24 11:30:00,23761.0,23766.0,23727.0,23744.5,2260.0
2025-03-24 12:15:00,23744.0,23750.5,23713.0,23731.0,2264.0
2025-03-24 13:00:00,23731.5,23755.0,23629.5,23710.0,4319.0
2025-03-24 13:45:00,23712.0,23745.0,23653.0,23717.0,5253.0
2025-03-24 14:30:00,23716.5,23716.5,23647.0,23664.0,3708.0
2025-03-24 15:15:00,23664.5,23678.5,23611.5,23621.5,3034.0
2025-03-24 16:00:00,23621.0,23652.0,23596.5,23611.0,3187.0
2025-03-24 16:45:00,23611.5,23625.5,23583.0,23625.0,2444.0
2025-03-24 17:30:00,23625.5,23625.5,23578.0,23593.5,2168.0
2025-03-24 18:15:00,23594.0,23624.5,23573.0,23591.5,2594.0
2025-03-24 19:00:00,23581.6,23603.8,23566.2,23602.9,1078.0
2025-03-24 19:45:00,23603.1,23618.3,23596.5,23615.5,1407.0
2025-03-24 20:30:00,23616.1,23617.8,23607.2,23607.5,174.0
2025-03-24 21:45:00,23613.1,23614.5,23602.5,23603.1,268.0
2025-03-24 22:30:00,23604.8,23609.1,23602.3,23605.6,319.0
2025-03-24 23:15:00,23606.2,23611.2,23583.7,23607.0,365.0
2025-03-25 00:00:00,23607.1,23638.4,23597.0,23638.4,714.0
2025-03-25 00:45:00,23639.0,23651.1,23588.0,23594.5,2165.0
2025-03-25 01:30:00,23595.5,23743.5,23480.0,23517.5,9511.0
2025-03-25 02:15:00,23518.0,23534.5,23314.0,23382.5,7645.0
2025-03-25 03:00:00,23381.5,23475.0,23369.5,23371.0,6437.0
2025-03-25 03:45:00,23370.5,23384.0,23351.0,23363.2,1181.0
2025-03-25 04:30:00,23363.7,23456.5,23362.0,23440.5,2406.0
2025-03-25 05:15:00,23441.0,23505.5,23407.0,23434.5,6559.0
2025-03-25 06:00:00,23434.0,23472.0,23356.5,23358.5,5602.0
2025-03-25 06:45:00,23359.0,23420.5,23332.5,23402.0,4807.0
2025-03-25 07:30:00,23402.5,23411.5,23335.5,23346.5,4800.0
2025-03-25 08:15:00,23347.0,23348.5,23275.9,23305.9,2545.0
2025-03-25 09:00:00,23306.5,23425.0,23295.9,23419.0,2031.0
2025-03-25 09:45:00,23420.0,23468.5,23412.0,23465.0,1934.0
2025-03-25 10:30:00,23465.5,23492.0,23449.0,23485.0,2254.0
2025-03-25 11:15:00,23485.5,23515.0,23472.0,23475.0,1734.0
2025-03-25 12:00:00,23479.0,23530.0,23475.0,23527.5,1854.0
2025-03-25 12:45:00,23528.0,23530.5,23507.0,23520.5,1972.0
2025-03-25 13:30:00,23521.0,23652.5,23485.5,23607.0,6766.0
2025-03-25 14:15:00,23606.5,23606.5,23526.5,23569.5,4321.0
2025-03-25 15:00:00,23570.0,23589.0,23494.0,23500.0,2995.0
2025-03-25 15:45:00,23500.5,23527.5,23476.0,23498.0,2880.0
2025-03-25 16:30:00,23497.5,23545.0,23494.0,23530.0,2161.0
2025-03-25 17:15:00,23529.5,23539.0,23496.5,23504.0,1768.0
2025-03-25 18:00:00,23503.5,23505.5,23452.5,23458.0,1907.0
2025-03-25 18:45:00,23457.5,23469.5,23435.3,23435.3,1723.0
2025-03-25 19:30:00,23435.6,23468.3,23435.6,23465.3,2070.0
2025-03-25 20:15:00,23465.9,23479.2,23464.8,23478.7,218.0
2025-03-25 21:00:00,23478.5,23478.8,23478.5,23478.8,2.0
2025-03-25 21:45:00,23477.5,23484.1,23474.5,23475.4,314.0
2025-03-25 22:30:00,23474.8,23483.0,23471.9,23482.2,290.0
2025-03-25 23:15:00,23482.8,23483.4,23470.3,23476.9,262.0
2025-03-26 00:00:00,23476.4,23497.2,23472.7,23496.7,576.0
2025-03-26 00:45:00,23496.1,23509.5,23456.0,23502.0,1782.0
2025-03-26 01:30:00,23501.5,23601.9,23420.9,23422.9,9529.0
2025-03-26 02:15:00,23430.9,23465.9,23357.4,23448.4,7719.0
2025-03-26 03:00:00,23447.4,23471.9,23386.9,23427.9,5652.0
2025-03-26 03:45:00,23428.4,23434.9,23394.7,23399.6,1135.0
2025-03-26 04:30:00,23399.8,23463.4,23380.4,23427.4,2463.0
2025-03-26 05:15:00,23426.9,23438.9,23359.9,23415.4,5654.0
2025-03-26 06:00:00,23415.9,23503.9,23389.9,23416.9,5735.0
2025-03-26 06:45:00,23417.4,23510.4,23403.9,23507.4,4260.0
2025-03-26 07:30:00,23509.4,23536.9,23440.9,23449.4,3705.0
2025-03-26 08:15:00,23448.9,23462.4,23428.7,23431.8,2130.0
2025-03-26 09:00:00,23432.3,23468.9,23424.9,23425.9,2272.0
2025-03-26 09:45:00,23425.4,23450.4,23405.4,23435.9,2049.0
2025-03-26 10:30:00,23435.4,23470.4,23432.9,23464.9,1228.0
2025-03-26 11:15:00,23464.4,23480.4,23450.9,23454.9,1239.0
2025-03-26 12:00:00,23453.9,23468.4,23432.9,23467.9,1671.0
2025-03-26 12:45:00,23468.4,23503.4,23458.9,23468.9,2086.0
2025-03-26 13:30:00,23469.4,23522.9,23386.9,23404.4,6350.0
2025-03-26 14:15:00,23403.9,23538.9,23366.4,23530.9,4815.0
2025-03-26 15:00:00,23530.4,23606.4,23525.9,23555.9,4551.0
2025-03-26 15:45:00,23555.4,23562.4,23485.9,23491.9,4091.0
2025-03-26 16:30:00,23491.4,23500.9,23450.9,23462.9,3501.0
2025-03-26 17:15:00,23462.4,23462.9,23403.4,23415.9,3176.0
2025-03-26 18:00:00,23416.4,23439.4,23404.4,23413.4,2632.0
2025-03-26 18:45:00,23412.9,23428.9,23401.0,23409.2,2653.0
2025-03-26 19:30:00,23409.4,23436.0,23409.4,23425.3,2847.0
2025-03-26 20:15:00,23425.9,23426.9,23412.7,23418.3,608.0
2025-03-26 21:00:00,23418.2,23418.2,23418.1,23418.1,2.0
2025-03-26 21:45:00,23398.3,23423.1,23383.1,23390.6,2096.0
2025-03-26 22:30:00,23391.1,23407.9,23391.1,23403.5,1549.0
2025-03-26 23:15:00,23403.7,23434.9,23403.5,23419.3,772.0
2025-03-27 00:00:00,23418.4,23439.9,23413.5,23432.6,1303.0
2025-03-27 00:45:00,23433.2,23583.4,23424.5,23580.9,2472.0
2025-03-27 01:30:00,23579.4,23698.5,23395.5,23548.5,10310.0
2025-03-27 02:15:00,23551.0,23890.0,23533.0,23821.5,9584.0
2025-03-27 03:00:00,23822.0,23826.5,23670.5,23725.5,7632.0
2025-03-27 03:45:00,23726.0,23763.0,23712.0,23722.8,1637.0
2025-03-27 04:30:00,23722.3,23783.5,23678.0,23714.0,2795.0
2025-03-27 05:15:00,23713.5,23726.5,23637.5,23646.5,6956.0
2025-03-27 06:00:00,23647.0,23715.0,23635.5,23676.5,6294.0
2025-03-27 06:45:00,23677.0,23679.5,23560.5,23630.0,5475.0
2025-03-27 07:30:00,23630.5,23661.5,23547.5,23581.5,4967.0
2025-03-27 08:15:00,23582.0,23637.4,23572.0,23635.8,3299.0
2025-03-27 09:00:00,23636.1,23652.5,23598.0,23606.5,2257.0
2025-03-27 09:45:00,23607.0,23637.5,23602.0,23624.5,1258.0
2025-03-27 10:30:00,23624.0,23675.5,23622.5,23661.5,1650.0
2025-03-27 11:15:00,23661.0,23675.5,23628.5,23629.5,1663.0
2025-03-27 12:00:00,23627.5,23644.5,23609.5,23617.5,2092.0
2025-03-27 12:45:00,23617.0,23618.0,23565.0,23571.0,2255.0
2025-03-27 13:30:00,23570.5,23706.5,23554.0,23669.5,6678.0
2025-03-27 14:15:00,23669.0,23792.0,23659.5,23763.0,4401.0
2025-03-27 15:00:00,23763.5,23817.5,23744.5,23787.5,3172.0
2025-03-27 15:45:00,23787.0,23820.0,23755.5,23799.0,3151.0
2025-03-27 16:30:00,23799.5,23816.0,23756.0,23773.5,2187.0
2025-03-27 17:15:00,23773.0,23779.5,23715.0,23720.5,1893.0
2025-03-27 18:00:00,23719.5,23775.5,23718.5,23772.0,1665.0
2025-03-27 18:45:00,23772.5,23784.0,23747.7,23767.1,2762.0
2025-03-27 19:30:00,23767.4,23771.1,23728.3,23740.5,3369.0
2025-03-27 20:15:00,23741.7,23746.1,23732.0,23736.9,475.0
2025-03-27 21:00:00,23737.7,23737.7,23737.7,23737.7,1.0
2025-03-27 21:45:00,23734.7,23751.2,23734.7,23747.9,549.0
2025-03-27 22:30:00,23748.5,23754.1,23726.7,23730.5,655.0
2025-03-27 23:15:00,23729.9,23742.0,23727.9,23738.1,790.0
2025-03-28 00:00:00,23739.7,23757.3,23719.7,23757.0,1076.0
2025-03-28 00:45:00,23756.4,23773.7,23674.2,23724.7,2202.0
2025-03-28 01:30:00,23728.7,23766.7,23616.7,23627.7,9865.0
2025-03-28 02:15:00,23626.7,23633.2,23396.2,23437.7,8854.0
2025-03-28 03:00:00,23436.7,23507.7,23311.2,23342.7,7166.0
2025-03-28 03:45:00,23343.7,23352.7,23313.0,23316.5,1652.0
2025-03-28 04:30:00,23316.2,23412.7,23315.1,23390.2,2935.0
2025-03-28 05:15:00,23390.7,23390.7,23244.7,23350.2,7760.0
2025-03-28 06:00:00,23349.2,23476.7,23326.7,23472.2,7206.0
2025-03-28 06:45:00,23470.7,23474.2,23383.7,23422.7,4996.0
2025-03-28 07:30:00,23423.2,23426.7,23371.2,23387.7,4598.0
2025-03-28 08:15:00,23387.2,23405.7,23347.0,23380.6,2694.0
2025-03-28 09:00:00,23381.7,23423.7,23331.7,23338.2,2462.0
2025-03-28 09:45:00,23337.7,23342.7,23295.2,23321.2,2396.0
2025-03-28 10:30:00,23321.7,23338.7,23298.7,23314.2,1755.0
2025-03-28 11:15:00,23314.7,23357.7,23310.7,23351.2,1587.0
2025-03-28 12:00:00,23349.2,23357.2,23319.2,23325.2,2728.0
2025-03-28 12:45:00,23325.7,23409.7,23282.7,23388.2,3918.0
2025-03-28 13:30:00,23386.2,23402.2,23183.2,23189.2,7574.0
2025-03-28 14:15:00,23186.7,23275.7,23170.2,23257.7,6652.0
2025-03-28 15:00:00,23257.2,23318.2,23232.2,23288.2,4965.0
2025-03-28 15:45:00,23287.7,23294.7,23235.2,23251.7,3769.0
2025-03-28 16:30:00,23252.2,23274.2,23209.2,23216.2,3193.0
2025-03-28 17:15:00,23215.7,23225.7,23193.7,23210.2,3207.0
2025-03-28 18:00:00,23209.7,23254.2,23209.2,23222.7,3009.0
2025-03-28 18:45:00,23223.2,23234.7,23192.2,23192.7,2678.0
2025-03-28 19:30:00,23192.8,23214.5,23175.0,23180.5,3106.0
2025-03-28 20:15:00,23180.0,23180.7,23141.1,23143.0,984.0
2025-03-30 22:00:00,23099.3,23111.4,23073.8,23109.6,1846.0
2025-03-30 22:45:00,23109.9,23111.8,23063.0,23063.0,1255.0
2025-03-30 23:30:00,23063.5,23076.9,23022.3,23026.4,3013.0
2025-03-31 00:15:00,23026.6,23084.6,23009.4,23084.1,2519.0
2025-03-31 01:00:00,23084.6,23261.2,23070.9,23167.2,6699.0
2025-03-31 01:45:00,23166.7,23377.7,23150.2,23257.7,9271.0
2025-03-31 02:30:00,23256.2,23329.7,23048.7,23091.7,8635.0
2025-03-31 03:15:00,23091.2,23199.1,22996.1,23008.1,6596.0
2025-03-31 04:00:00,22994.5,23011.3,22976.7,23006.7,1110.0
2025-03-31 04:45:00,23007.3,23121.6,22980.1,23044.6,6073.0
2025-03-31 05:30:00,23043.1,23085.1,22989.6,23083.1,7347.0
2025-03-31 06:15:00,23083.6,23156.1,23078.6,23141.6,6969.0
2025-03-31 07:00:00,23142.6,23232.1,23129.1,23150.6,5916.0
2025-03-31 07:45:00,23149.6,23175.6,23063.1,23104.6,5130.0
2025-03-31 08:30:00,23098.6,23103.1,23052.2,23056.6,2626.0
2025-03-31 09:15:00,23092.1,23106.1,22984.6,22995.6,2509.0
2025-03-31 10:00:00,22994.1,23017.1,22965.6,23011.6,2868.0
2025-03-31 10:45:00,23012.1,23033.6,22976.6,22984.1,2608.0
2025-03-31 11:30:00,22984.6,23048.1,22979.6,23003.6,2466.0
2025-03-31 12:15:00,23004.1,23051.1,22981.1,23021.1,2216.0
2025-03-31 13:00:00,23020.6,23064.6,22947.6,22948.1,4325.0
2025-03-31 13:45:00,22947.6,23092.1,22936.6,23016.1,6607.0
2025-03-31 14:30:00,23016.6,23082.1,23008.1,23062.6,5252.0
2025-03-31 15:15:00,23063.1,23137.1,23062.6,23096.6,4064.0
2025-03-31 16:00:00,23096.1,23154.6,23067.1,23144.1,2996.0
2025-03-31 16:45:00,23144.6,23174.1,23124.1,23140.6,3144.0
2025-03-31 17:30:00,23140.1,23203.1,23133.1,23191.1,2574.0
2025-03-31 18:15:00,23191.6,23215.6,23174.2,23174.2,2772.0
2025-03-31 19:00:00,23174.1,23233.5,23173.9,23221.2,4499.0
2025-03-31 19:45:00,23220.4,23230.7,23169.4,23188.3,4017.0
2025-03-31 20:30:00,23187.2,23190.9,23183.1,23185.2,409.0
2025-03-31 21:45:00,23184.4,23189.3,23130.5,23149.6,1540.0
2025-03-31 22:30:00,23150.1,23204.8,23150.1,23197.8,1069.0
2025-03-31 23:15:00,23198.8,23199.5,23172.8,23183.1,1435.0
2025-04-01 00:00:00,23182.8,23183.1,23157.5,23163.5,2287.0
2025-04-01 00:45:00,23163.2,23241.2,23151.9,23240.2,3155.0
2025-04-01 01:30:00,23250.7,23353.7,23175.7,23322.7,9707.0
2025-04-01 02:15:00,23322.2,23378.2,23210.2,23297.7,8939.0
2025-04-01 03:00:00,23293.2,23442.7,23282.2,23376.2,6926.0
2025-04-01 03:45:00,23376.7,23393.2,23323.3,23339.7,1898.0
2025-04-01 04:30:00,23340.3,23353.4,23176.9,23186.4,3555.0
2025-04-01 05:15:00,23185.9,23240.4,23112.4,23183.4,8435.0
2025-04-01 06:00:00,23183.9,23240.9,23133.4,23237.9,6092.0
2025-04-01 06:45:00,23238.4,23328.4,23227.4,23243.4,5347.0
2025-04-01 07:30:00,23243.9,23247.4,23114.9,23187.9,4858.0
2025-04-01 08:15:00,23188.4,23225.4,23176.9,23218.3,2018.0
2025-04-01 09:00:00,23218.0,23268.9,23214.9,23249.9,2208.0
2025-04-01 09:45:00,23249.4,23258.9,23168.9,23170.4,2981.0
2025-04-01 10:30:00,23170.9,23173.4,23099.9,23118.4,2801.0
2025-04-01 11:15:00,23117.9,23133.9,23076.4,23128.4,2726.0
2025-04-01 12:00:00,23126.9,23167.9,23121.4,23144.4,2438.0
2025-04-01 12:45:00,23144.9,23163.9,23124.4,23131.9,2275.0
2025-04-01 13:30:00,23131.4,23171.9,23031.4,23072.4,6939.0
2025-04-01 14:15:00,23074.9,23173.4,23038.4,23169.9,5619.0
2025-04-01 15:00:00,23169.4,23272.9,23159.9,23234.4,4970.0
2025-04-01 15:45:00,23233.9,23248.9,23182.9,23184.9,4108.0
2025-04-01 16:30:00,23185.4,23207.9,23157.4,23183.4,3464.0
2025-04-01 17:15:00,23181.9,23181.9,23130.9,23131.9,2736.0
2025-04-01 18:00:00,23132.4,23136.9,23087.9,23101.4,3096.0
2025-04-01 18:45:00,23101.9,23126.5,23088.9,23107.2,3462.0
2025-04-01 19:30:00,23107.0,23152.9,23105.3,23145.0,3828.0
2025-04-01 20:15:00,23144.4,23156.4,23124.5,23140.0,1222.0
2025-04-01 21:45:00,23146.0,23203.7,23144.5,23184.4,1296.0
2025-04-01 22:30:00,23184.2,23186.6,23162.9,23172.2,1122.0
2025-04-01 23:15:00,23172.4,23186.2,23172.4,23174.8,1105.0
2025-04-02 00:00:00,23175.9,23176.1,23129.7,23143.3,3067.0
2025-04-02 00:45:00,23142.7,23177.8,23109.8,23127.8,3000.0
2025-04-02 01:30:00,23116.3,23193.3,22937.8,23166.3,9768.0
2025-04-02 02:15:00,23167.3,23365.3,23164.3,23276.3,8726.0
2025-04-02 03:00:00,23277.3,23334.3,23177.8,23181.8,6273.0
2025-04-02 03:45:00,23178.8,23212.8,23169.3,23196.9,1769.0
2025-04-02 04:30:00,23197.4,23228.3,23144.3,23167.3,2825.0
2025-04-02 05:15:00,23168.3,23207.8,23117.8,23123.3,5865.0
2025-04-02 06:00:00,23122.3,23161.8,23082.3,23114.8,5417.0
2025-04-02 06:45:00,23114.3,23189.8,23110.8,23131.8,5255.0
2025-04-02 07:30:00,23132.8,23191.6,23112.3,23188.1,4195.0
2025-04-02 08:15:00,23188.6,23201.6,23167.9,23172.6,2219.0
2025-04-02 09:00:00,23172.0,23224.6,23151.6,23209.1,2293.0
2025-04-02 09:45:00,23208.6,23208.6,23036.6,23133.6,3446.0
2025-04-02 10:30:00,23134.1,23149.1,23090.1,23132.1,2074.0
2025-04-02 11:15:00,23133.6,23164.6,23123.6,23138.1,1933.0
2025-04-02 12:00:00,23138.6,23147.6,23099.6,23123.6,2889.0
2025-04-02 12:45:00,23123.1,23173.6,23119.1,23144.1,2553.0
2025-04-02 13:30:00,23143.6,23186.1,23055.1,23095.6,7375.0
2025-04-02 14:15:00,23095.1,23102.6,23046.1,23096.6,5114.0
2025-04-02 15:00:00,23093.6,23115.6,23049.1,23062.6,4120.0
2025-04-02 15:45:00,23062.1,23123.6,23043.6,23121.1,3603.0
2025-04-02 16:30:00,23121.6,23153.1,23098.6,23140.6,3183.0
2025-04-02 17:15:00,23140.1,23140.6,23059.6,23064.1,3249.0
2025-04-02 18:00:00,23063.6,23081.1,23020.1,23063.1,3960.0
2025-04-02 18:45:00,23062.6,23071.1,23035.5,23062.6,4622.0
2025-04-02 19:30:00,23062.3,23162.5,23012.8,23121.7,5485.0
2025-04-02 20:15:00,23120.5,23148.5,22610.5,22648.0,9361.0
2025-04-02 21:45:00,22555.5,22555.5,22372.4,22474.1,4492.0
2025-04-02 22:30:00,22474.0,22528.8,22388.8,22437.1,4902.0
2025-04-02 23:15:00,22436.8,22446.9,22405.4,22413.4,3810.0
2025-04-03 00:00:00,22414.5,22614.9,22414.5,22574.8,6241.0
2025-04-03 00:45:00,22575.0,22664.5,22446.5,22593.5,5998.0
2025-04-03 01:30:00,22595.5,22921.0,22584.0,22807.5,9908.0
2025-04-03 02:15:00,22806.5,22946.5,22798.0,22819.0,8141.0
2025-04-03 03:00:00,22812.0,22855.5,22736.0,22768.5,7296.0
2025-04-03 03:45:00,22769.0,22804.0,22763.0,22771.5,3042.0
2025-04-03 04:30:00,22771.7,22817.5,22712.0,22743.0,3881.0
2025-04-03 05:15:00,22742.5,22750.5,22641.5,22718.0,6224.0
2025-04-03 06:00:00,22719.5,22829.0,22718.5,22811.5,7317.0
2025-04-03 06:45:00,22811.0,22835.0,22744.0,22756.0,6062.0
2025-04-03 07:30:00,22757.0,22814.0,22747.0,22783.5,5201.0
2025-04-03 08:15:00,22783.0,22800.0,22761.4,22778.8,4155.0
2025-04-03 09:00:00,22779.1,22790.6,22688.0,22760.5,3392.0
2025-04-03 09:45:00,22760.0,22776.5,22710.0,22712.5,4497.0
2025-04-03 10:30:00,22712.0,22719.0,22630.0,22684.0,4743.0
2025-04-03 11:15:00,22685.0,22691.0,22657.0,22684.5,3685.0
2025-04-03 12:00:00,22683.5,22733.0,22592.5,22620.0,4828.0
2025-04-03 12:45:00,22619.5,22657.0,22564.5,22608.5,5939.0
2025-04-03 13:30:00,22607.5,22744.0,22606.5,22693.0,8342.0
2025-04-03 14:15:00,22691.5,22791.5,22685.5,22687.0,7187.0
2025-04-03 15:00:00,22686.5,22723.0,22666.0,22709.5,6599.0
2025-04-03 15:45:00,22708.5,22790.5,22695.5,22780.0,5138.0
2025-04-03 16:30:00,22781.0,22788.5,22719.0,22744.5,4508.0
2025-04-03 17:15:00,22744.0,22781.0,22714.5,22763.5,4128.0
2025-04-03 18:00:00,22762.5,22779.5,22707.5,22752.0,3755.0
2025-04-03 18:45:00,22753.0,22766.5,22700.0,22704.9,5575.0
2025-04-03 19:30:00,22704.7,22714.1,22687.5,22698.4,6032.0
2025-04-03 20:15:00,22697.9,22697.9,22646.4,22664.8,2007.0
2025-04-03 21:45:00,22672.8,22692.9,22634.6,22662.1,1776.0
2025-04-03 22:30:00,22662.5,22682.4,22662.3,22669.3,1829.0
2025-04-03 23:15:00,22668.8,22696.3,22652.0,22678.3,2336.0
2025-04-04 00:00:00,22678.9,22711.7,22677.6,22678.1,4188.0
2025-04-04 00:45:00,22678.4,22763.5,22673.8,22693.1,3237.0
2025-04-04 01:30:00,22693.2,22697.5,22667.5,22696.0,2346.0
2025-04-04 02:15:00,22696.3,22698.6,22670.0,22671.2,2086.0
2025-04-04 03:00:00,22670.6,22672.5,22529.5,22539.0,2777.0
2025-04-04 03:45:00,22538.7,22597.0,22522.7,22584.6,3279.0
2025-04-04 04:30:00,22584.3,22586.2,22533.1,22550.5,3199.0
2025-04-04 05:15:00,22550.8,22640.0,22549.6,22639.1,3799.0
2025-04-04 06:00:00,22638.2,22658.1,22606.6,22611.2,4375.0
2025-04-04 06:45:00,22610.6,22618.5,22580.5,22603.5,6260.0
2025-04-04 07:30:00,22603.2,22611.4,22512.0,22525.0,6767.0
2025-04-04 08:15:00,22525.3,22558.4,22490.3,22501.5,6307.0
2025-04-04 09:00:00,22506.1,22520.1,22479.6,22494.5,5423.0
2025-04-04 09:45:00,22495.3,22509.9,21606.1,21611.1,8536.0
2025-04-04 10:30:00,21610.0,21887.8,21561.3,21774.2,9723.0
2025-04-04 11:15:00,21774.6,21840.2,21611.7,21833.3,8740.0
2025-04-04 12:00:00,21832.7,21928.6,21753.0,21860.9,8558.0
2025-04-04 12:45:00,21860.6,21932.6,21828.0,21831.3,8862.0
2025-04-04 13:30:00,21831.6,21892.3,21704.7,21725.5,10138.0
2025-04-04 14:15:00,21724.8,21759.1,21456.8,21628.5,9401.0
2025-04-04 15:00:00,21628.0,21788.5,21612.8,21673.5,10404.0
2025-04-04 15:45:00,21673.7,21710.8,21565.5,21591.7,9190.0
2025-04-04 16:30:00,21589.2,21619.4,21531.5,21537.3,8334.0
2025-04-04 17:15:00,21537.1,21615.0,21504.2,21599.4,8519.0
2025-04-04 18:00:00,21599.6,21637.0,21504.3,21506.2,8102.0
2025-04-04 18:45:00,21506.1,21531.4,21471.5,21521.6,8672.0
2025-04-04 19:30:00,21520.2,21570.7,21433.6,21498.0,9061.0
2025-04-04 20:15:00,21497.4,21510.2,21416.4,21484.5,4270.0
2025-04-06 22:00:00,21017.3,21019.2,20703.7,20834.1,7151.0
2025-04-06 22:45:00,20834.4,20927.9,20780.6,20924.8,5829.0
2025-04-06 23:30:00,20924.9,21044.7,20892.2,20960.6,6607.0
2025-04-07 00:15:00,20961.5,21117.6,20961.5,21090.3,8261.0
2025-04-07 01:00:00,21089.7,21136.0,20461.0,20727.5,9882.0
2025-04-07 01:45:00,20726.0,20910.5,20477.0,20730.5,10947.0
2025-04-07 02:30:00,20734.0,20796.5,20556.5,20579.0,10052.0
2025-04-07 03:15:00,20578.5,20616.5,20368.0,20369.5,9049.0
2025-04-07 04:00:00,20359.4,20407.0,20281.7,20300.2,6116.0
2025-04-07 04:45:00,20299.9,20620.5,20168.5,20316.0,8644.0
2025-04-07 05:30:00,20318.5,20356.5,19868.0,19959.0,10330.0
2025-04-07 06:15:00,19959.5,20249.5,19844.5,20010.5,10719.0
2025-04-07 07:00:00,20009.5,20018.5,19698.5,19724.5,9898.0
2025-04-07 07:45:00,19723.0,19758.5,19377.0,19720.5,9214.0
2025-04-07 08:30:00,19721.2,19762.7,19658.7,19679.1,7714.0
2025-04-07 09:15:00,19678.8,19826.0,19601.5,19766.0,7463.0
2025-04-07 10:00:00,19763.0,20108.5,19752.0,20097.0,8555.0
2025-04-07 10:45:00,20096.5,20240.5,19987.0,20088.0,8071.0
2025-04-07 11:30:00,20084.0,20088.5,19907.5,19966.5,7855.0
2025-04-07 12:15:00,19967.0,20179.5,19961.0,20141.0,7755.0
2025-04-07 13:00:00,20142.0,20142.5,19847.5,19906.0,8171.0
2025-04-07 13:45:00,19905.0,20642.0,19891.5,20162.5,10178.0
2025-04-07 14:30:00,20159.5,20387.0,19936.0,19959.5,10367.0
2025-04-07 15:15:00,19958.0,20121.0,19624.0,19634.0,9938.0
2025-04-07 16:00:00,19635.0,19663.0,19340.0,19411.5,9760.0
2025-04-07 16:45:00,19411.0,19599.5,19262.0,19572.0,8972.0
2025-04-07 17:30:00,19571.5,19784.0,19489.5,19670.0,9059.0
2025-04-07 18:15:00,19669.5,19769.5,19563.5,19588.0,8389.0
2025-04-07 20:30:00,19705.5,19708.2,19678.5,19683.0,1504.0
2025-04-07 21:45:00,19704.1,19730.3,19689.2,19729.5,1570.0
2025-04-07 22:30:00,19729.2,19794.6,19720.0,19794.3,1798.0
2025-04-07 23:15:00,19797.7,19797.7,19770.0,19783.7,3068.0
2025-04-08 00:00:00,19783.4,19868.4,19758.4,19831.0,6162.0
2025-04-08 00:45:00,19830.8,20223.4,19765.8,20164.9,8284.0
2025-04-08 01:30:00,20164.4,20385.9,20034.4,20338.4,10847.0
2025-04-08 02:15:00,20335.4,20338.9,20040.4,20044.9,9876.0
2025-04-08 03:00:00,20043.4,20233.9,19980.4,20066.9,9187.0
2025-04-08 03:45:00,20067.9,20086.9,19991.4,20061.2,4124.0
2025-04-08 04:30:00,20061.0,20161.5,19977.0,19992.0,4928.0
2025-04-08 05:15:00,19991.5,19998.0,19705.5,19873.5,9873.0
2025-04-08 06:00:00,19873.0,19954.5,19677.0,19909.0,9778.0
2025-04-08 06:45:00,19908.0,20184.0,19897.0,20064.0,9795.0
2025-04-08 07:30:00,20064.5,20091.5,19929.5,19932.0,8160.0
2025-04-08 08:15:00,19932.5,19953.6,19867.2,19949.5,5663.0
2025-04-08 09:00:00,19949.2,19955.5,19764.0,19830.5,5755.0
2025-04-08 09:45:00,19830.0,19879.0,19757.0,19853.5,4951.0
2025-04-08 10:30:00,19854.0,19941.5,19845.0,19914.5,4935.0
2025-04-08 11:15:00,19914.0,20070.0,19894.0,20025.5,6155.0
2025-04-08 12:00:00,20025.0,20054.0,19930.0,19990.0,5778.0
2025-04-08 12:45:00,19990.5,20252.5,19990.5,20245.5,6319.0
2025-04-08 13:30:00,20245.0,20257.5,19987.0,20073.5,9183.0
2025-04-08 14:15:00,20074.0,20096.5,19915.0,19915.0,7728.0
2025-04-08 15:00:00,19917.0,19979.0,19841.5,19871.5,7042.0
2025-04-08 15:45:00,19872.0,19893.5,19765.5,19797.0,7114.0
2025-04-08 16:30:00,19796.5,19808.0,19428.5,19484.5,8825.0
2025-04-08 17:15:00,19485.0,19537.0,19301.0,19346.5,8924.0
2025-04-08 18:00:00,19346.0,19455.0,19285.5,19307.0,8201.0
2025-04-08 18:45:00,19306.5,19339.5,19038.0,19119.1,7840.0
2025-04-08 19:30:00,19119.2,19203.8,19017.7,19123.0,8957.0
2025-04-08 20:15:00,19121.3,19134.9,19051.6,19116.0,3775.0
2025-04-08 21:00:00,19116.6,19116.6,19116.6,19116.6,1.0
2025-04-08 21:45:00,19114.2,19123.4,18847.1,18864.1,3842.0
2025-04-08 22:30:00,18863.8,18933.5,18833.9,18882.3,4182.0
2025-04-08 23:15:00,18882.6,18887.5,18781.6,18865.4,5263.0
2025-04-09 00:00:00,18865.1,18867.9,18793.8,18848.4,6076.0
2025-04-09 00:45:00,18848.6,19284.3,18844.3,19187.8,6537.0
2025-04-09 01:30:00,19182.3,19827.8,19111.3,19813.8,10496.0
2025-04-09 02:15:00,19815.8,19938.8,19651.8,19876.3,10150.0
2025-04-09 03:00:00,19875.8,19922.3,19703.3,19747.3,8899.0
2025-04-09 03:45:00,19748.3,19827.8,19637.8,19643.5,6265.0
2025-04-09 04:30:00,19642.1,19758.8,19575.8,19705.3,7208.0
2025-04-09 05:15:00,19705.8,19998.3,19648.3,19922.3,9085.0
2025-04-09 06:00:00,19921.3,20135.8,19860.8,19991.8,9439.0
2025-04-09 06:45:00,19993.3,20287.3,19899.3,20222.8,9992.0
2025-04-09 07:30:00,20222.3,20397.8,20097.3,20109.3,8881.0
2025-04-09 08:15:00,20110.8,20251.0,20054.8,20236.0,6485.0
2025-04-09 09:00:00,20235.5,20244.6,20022.8,20060.3,5431.0
2025-04-09 09:45:00,20061.3,20065.8,19959.3,20003.3,6697.0
2025-04-09 10:30:00,20002.8,20087.8,19594.3,19736.8,7905.0
2025-04-09 11:15:00,19737.3,19841.3,19448.3,19488.8,9001.0
2025-04-09 12:00:00,19491.8,19615.3,19454.3,19524.3,7256.0
2025-04-09 12:45:00,19523.8,19746.8,19511.3,19734.8,7978.0
2025-04-09 13:30:00,19733.3,19989.8,19677.8,19806.8,10191.0
2025-04-09 14:15:00,19807.3,19851.8,19540.8,19542.8,8993.0
2025-04-09 15:00:00,19543.8,19678.8,19532.8,19596.3,8588.0
2025-04-09 15:45:00,19596.8,19766.3,19593.3,19738.8,7668.0
2025-04-09 16:30:00,19739.3,19951.3,19722.8,19846.8,7298.0
2025-04-09 17:15:00,19847.3,20385.8,19676.3,20325.8,10090.0
2025-04-09 18:00:00,20325.3,20429.8,20221.8,20291.3,8699.0
2025-04-09 18:45:00,20296.3,20360.5,20114.8,20306.1,8701.0
2025-04-09 19:30:00,20306.2,20407.1,20295.7,20348.4,9222.0
2025-04-09 20:15:00,20348.8,20488.3,20348.4,20481.6,3161.0
2025-04-09 21:45:00,20452.4,20478.8,20424.3,20478.8,2545.0
2025-04-09 22:30:00,20477.6,20518.0,20460.8,20495.0,2626.0
2025-04-09 23:15:00,20495.2,20510.3,20484.6,20497.8,2610.0
2025-04-10 00:00:00,20493.2,20598.2,20481.5,20515.6,5915.0
2025-04-10 00:45:00,20515.8,20809.3,20476.5,20624.3,6806.0
2025-04-10 01:30:00,20622.8,21177.8,20622.8,21086.8,10508.0
2025-04-10 02:15:00,21087.3,21114.3,20776.3,20776.3,9534.0
2025-04-10 03:00:00,20774.8,20854.8,20469.3,20479.8,8825.0
2025-04-10 03:45:00,20480.3,20619.8,20474.8,20539.1,4425.0
2025-04-10 04:30:00,20540.4,20770.8,20535.7,20745.8,5372.0
2025-04-10 05:15:00,20746.8,20873.8,20711.8,20764.3,8837.0
2025-04-10 06:00:00,20765.3,20897.3,20695.3,20701.3,8842.0
2025-04-10 06:45:00,20704.8,20809.8,20639.3,20683.8,8320.0
2025-04-10 07:30:00,20684.3,20696.8,20603.3,20624.3,7669.0
2025-04-10 08:15:00,20625.8,20671.8,20576.1,20597.8,6280.0
2025-04-10 09:00:00,20597.3,20624.3,20487.3,20494.8,4455.0
2025-04-10 09:45:00,20494.3,20601.8,20494.3,20581.8,4812.0
2025-04-10 10:30:00,20581.3,20750.3,20581.3,20593.3,5574.0
2025-04-10 11:15:00,20592.3,20629.3,20552.3,20585.3,4311.0
2025-04-10 12:00:00,20586.8,20728.8,20568.3,20582.8,5611.0
2025-04-10 12:45:00,20585.3,20638.3,20526.8,20567.8,5910.0
2025-04-10 13:30:00,20566.3,20585.8,20374.3,20450.3,9543.0
2025-04-10 14:15:00,20450.8,20635.3,20449.3,20518.8,8282.0
2025-04-10 15:00:00,20512.8,20516.3,20368.3,20377.3,7663.0
2025-04-10 15:45:00,20376.8,20404.8,20143.3,20191.8,8707.0
2025-04-10 16:30:00,20193.8,20467.3,20188.8,20299.8,9053.0
2025-04-10 17:15:00,20299.3,20512.8,20252.8,20499.3,8445.0
2025-04-10 18:00:00,20495.8,20646.8,20444.3,20621.3,8380.0
2025-04-10 18:45:00,20621.8,20633.8,20526.6,20526.9,8537.0
2025-04-10 19:30:00,20526.8,20567.7,20217.1,20524.1,9487.0
2025-04-10 20:15:00,20521.0,20523.0,20455.8,20487.5,2255.0
2025-04-10 21:45:00,20483.9,20527.6,20477.5,20510.6,1752.0
2025-04-10 22:30:00,20510.8,20557.7,20441.0,20446.2,3363.0
2025-04-10 23:15:00,20445.9,20446.2,20351.2,20376.2,3722.0
2025-04-11 00:00:00,20373.6,20383.1,20195.6,20208.6,6074.0
2025-04-11 00:45:00,20208.0,20597.5,20177.1,20526.5,6876.0
2025-04-11 01:30:00,20528.5,20694.5,20411.0,20443.0,9777.0
2025-04-11 02:15:00,20444.0,20661.5,20405.0,20510.0,8535.0
2025-04-11 03:00:00,20516.0,20656.5,20495.5,20649.5,8168.0
2025-04-11 03:45:00,20649.0,20810.7,20635.0,20773.3,4613.0
2025-04-11 04:30:00,20773.2,20909.0,20744.3,20857.0,5165.0
2025-04-11 05:15:00,20861.5,21098.0,20824.0,21052.0,9796.0
2025-04-11 06:00:00,21052.5,21112.0,20839.0,20886.0,8899.0
2025-04-11 06:45:00,20886.5,21029.0,20861.0,20975.5,7999.0
2025-04-11 07:30:00,20975.0,21015.5,20700.0,20840.5,7960.0
2025-04-11 08:15:00,20843.0,20866.5,20725.7,20773.3,6966.0
2025-04-11 09:00:00,20772.0,20883.5,20749.5,20876.5,6278.0
2025-04-11 09:45:00,20876.0,21084.5,20868.0,20966.0,6292.0
2025-04-11 10:30:00,20964.0,21020.0,20919.5,20972.5,4480.0
2025-04-11 11:15:00,20972.0,20978.0,20855.5,20904.0,4201.0
2025-04-11 12:00:00,20905.0,20965.0,20887.0,20895.5,4671.0
2025-04-11 12:45:00,20896.0,20920.5,20812.5,20814.5,5864.0
2025-04-11 13:30:00,20819.0,20913.0,20718.5,20791.5,9007.0
2025-04-11 14:15:00,20790.0,20826.5,20665.0,20696.5,8785.0
2025-04-11 15:00:00,20696.0,20808.0,20654.0,20808.0,7985.0
2025-04-11 15:45:00,20807.5,20827.0,20743.5,20803.5,6584.0
2025-04-11 16:30:00,20802.5,20967.5,20801.5,20939.0,6844.0
2025-04-11 17:15:00,20938.5,21045.5,20905.0,20999.5,6838.0
2025-04-11 18:00:00,20998.5,21061.0,20977.0,21041.0,6300.0
2025-04-11 18:45:00,21041.5,21109.8,21016.5,21091.2,6234.0
2025-04-11 19:30:00,21091.1,21120.5,21070.8,21120.0,6549.0
2025-04-11 20:15:00,21120.5,21130.2,21096.8,21100.8,1445.0
2025-04-13 22:00:00,21304.8,21329.2,21213.7,21256.2,4565.0
2025-04-13 22:45:00,21255.9,21309.3,21233.7,21297.8,3556.0
2025-04-13 23:30:00,21298.1,21360.5,21277.8,21355.2,3318.0
2025-04-14 00:15:00,21354.9,21358.6,21229.9,21244.5,3120.0
2025-04-14 01:00:00,21244.7,21396.0,21206.5,21268.5,7210.0
2025-04-14 01:45:00,21274.5,21474.0,21194.5,21381.5,9136.0
2025-04-14 02:30:00,21382.0,21504.0,21332.0,21389.5,7858.0
2025-04-14 03:15:00,21389.0,21473.5,21361.0,21395.0,5102.0
2025-04-14 04:00:00,21381.3,21406.0,21377.2,21404.0,1349.0
2025-04-14 04:45:00,21404.2,21435.5,21290.5,21320.0,5641.0
2025-04-14 05:30:00,21320.5,21360.5,21253.5,21328.5,6231.0
2025-04-14 06:15:00,21328.0,21382.5,21297.5,21335.0,5131.0
2025-04-14 07:00:00,21335.5,21388.5,21301.0,21371.5,4425.0
2025-04-14 07:45:00,21371.0,21411.0,21353.5,21388.0,3655.0
2025-04-14 08:30:00,21373.3,21384.4,21324.5,21331.1,2829.0
2025-04-14 09:15:00,21376.5,21389.0,21337.5,21380.0,2467.0
2025-04-14 10:00:00,21379.5,21411.0,21357.0,21383.5,2341.0
2025-04-14 10:45:00,21384.0,21433.5,21382.0,21415.5,2508.0
2025-04-14 11:30:00,21415.0,21420.5,21373.0,21386.0,2596.0
2025-04-14 12:15:00,21386.5,21450.5,21380.5,21436.0,2904.0
2025-04-14 13:00:00,21436.5,21460.0,21363.0,21419.5,5841.0
2025-04-14 13:45:00,21421.5,21650.0,21417.5,21635.0,8764.0
2025-04-14 14:30:00,21636.5,21655.5,21545.5,21551.5,6751.0
2025-04-14 15:15:00,21552.0,21557.0,21392.5,21392.5,6453.0
2025-04-14 16:00:00,21393.5,21472.0,21366.0,21466.0,6699.0
2025-04-14 16:45:00,21465.5,21570.0,21420.5,21529.5,6406.0
2025-04-14 17:30:00,21528.5,21575.5,21507.0,21520.5,5150.0
2025-04-14 18:15:00,21520.0,21568.5,21512.5,21553.0,3605.0
2025-04-14 19:00:00,21553.1,21586.5,21552.5,21568.8,5257.0
2025-04-14 19:45:00,21568.7,21569.7,21435.2,21461.3,5024.0
2025-04-14 20:30:00,21461.9,21506.0,21461.9,21500.7,1259.0
2025-04-14 21:45:00,21504.9,21505.8,21467.5,21468.4,1226.0
2025-04-14 22:30:00,21468.1,21482.6,21453.9,21470.7,1703.0
2025-04-14 23:15:00,21471.0,21484.5,21447.9,21459.0,2051.0
2025-04-15 00:00:00,21459.5,21502.1,21459.5,21477.6,2786.0
2025-04-15 00:45:00,21477.4,21591.6,21438.8,21534.1,2985.0
2025-04-15 01:30:00,21522.1,21531.6,21331.1,21373.6,8751.0
2025-04-15 02:15:00,21373.1,21434.6,21326.6,21372.6,7205.0
2025-04-15 03:00:00,21373.1,21427.1,21334.1,21399.6,5942.0
2025-04-15 03:45:00,21399.1,21440.1,21385.6,21417.7,1699.0
2025-04-15 04:30:00,21417.4,21479.1,21389.1,21398.6,3657.0
2025-04-15 05:15:00,21398.1,21442.6,21345.1,21347.6,5937.0
2025-04-15 06:00:00,21346.6,21368.6,21270.6,21360.6,5880.0
2025-04-15 06:45:00,21360.1,21439.6,21356.1,21407.6,4285.0
2025-04-15 07:30:00,21408.1,21467.6,21376.1,21467.6,4123.0
2025-04-15 08:15:00,21468.1,21477.6,21422.0,21443.5,3743.0
2025-04-15 09:00:00,21444.0,21515.1,21428.0,21484.1,2370.0
2025-04-15 09:45:00,21483.6,21516.1,21482.1,21516.1,1540.0
2025-04-15 10:30:00,21516.6,21545.1,21483.1,21492.1,2323.0
2025-04-15 11:15:00,21490.1,21524.1,21457.1,21473.1,2775.0
2025-04-15 12:00:00,21473.6,21502.6,21444.1,21485.6,3162.0
2025-04-15 12:45:00,21484.6,21487.6,21440.6,21450.1,2795.0
2025-04-15 13:30:00,21450.6,21485.6,21387.6,21440.1,6981.0
2025-04-15 14:15:00,21440.6,21451.6,21362.1,21436.6,6867.0
2025-04-15 15:00:00,21438.1,21508.6,21432.6,21478.1,4935.0
2025-04-15 15:45:00,21477.6,21508.6,21464.1,21465.6,4152.0
2025-04-15 16:30:00,21465.1,21477.1,21408.6,21436.1,3503.0
2025-04-15 17:15:00,21435.6,21452.1,21413.6,21429.1,4188.0
2025-04-15 18:00:00,21429.6,21441.6,21411.6,21438.1,3753.0
2025-04-15 18:45:00,21437.6,21447.6,21404.6,21411.9,3494.0
2025-04-15 19:30:00,21412.2,21418.6,21391.0,21394.9,4005.0
2025-04-15 20:15:00,21393.9,21397.9,21376.3,21381.8,901.0
2025-04-15 21:00:00,21381.6,21381.6,21381.6,21381.6,1.0
2025-04-15 21:45:00,21296.0,21323.7,21248.0,21319.9,2008.0
2025-04-15 22:30:00,21319.6,21326.3,21297.2,21308.8,2210.0
2025-04-15 23:15:00,21309.1,21317.9,21294.8,21315.3,1967.0
2025-04-16 00:00:00,21314.8,21320.9,21276.4,21294.4,3111.0
2025-04-16 00:45:00,21294.7,21353.8,21262.1,21311.1,3588.0
2025-04-16 01:30:00,21309.1,21346.1,21045.1,21052.1,8385.0
2025-04-16 02:15:00,21051.1,21108.6,20988.6,21036.1,6981.0
2025-04-16 03:00:00,21036.6,21045.6,20862.6,20910.6,5815.0
2025-04-16 03:45:00,20911.1,20933.1,20878.9,20886.2,1550.0
2025-04-16 04:30:00,20886.5,20939.1,20853.6,20936.1,3329.0
2025-04-16 05:15:00,20938.1,20956.1,20831.6,20919.1,7195.0
2025-04-16 06:00:00,20917.1,20974.6,20901.1,20965.6,5655.0
2025-04-16 06:45:00,20965.1,21153.1,20962.1,21050.6,6174.0
2025-04-16 07:30:00,21051.1,21088.6,20973.1,21001.6,4433.0
2025-04-16 08:15:00,21003.6,21299.8,21000.6,21153.2,6444.0
2025-04-16 09:00:00,21153.8,21337.6,21129.7,21287.6,5216.0
2025-04-16 09:45:00,21288.1,21309.1,21251.1,21308.6,2518.0
2025-04-16 10:30:00,21308.1,21323.6,21207.6,21299.6,2588.0
2025-04-16 11:15:00,21299.1,21312.1,21272.6,21276.1,2054.0
2025-04-16 12:00:00,21275.6,21288.6,21215.6,21221.6,2844.0
2025-04-16 12:45:00,21221.1,21228.1,21149.6,21150.1,3434.0
2025-04-16 13:30:00,21150.6,21205.1,21097.6,21155.1,7590.0
2025-04-16 14:15:00,21154.6,21210.6,21137.1,21182.1,5317.0
2025-04-16 15:00:00,21181.1,21274.1,21172.6,21270.6,4642.0
2025-04-16 15:45:00,21271.1,21274.6,21220.1,21223.1,4019.0
2025-04-16 16:30:00,21223.6,21245.1,21188.6,21199.1,3458.0
2025-04-16 17:15:00,21198.6,21212.1,21058.6,21058.6,5001.0
2025-04-16 18:00:00,21059.1,21088.6,20995.6,20996.6,6038.0
2025-04-16 18:45:00,20997.1,21007.6,20955.7,20958.8,4799.0
2025-04-16 19:30:00,20959.2,21047.2,20959.2,21016.6,6144.0
2025-04-16 20:15:00,21017.1,21024.6,20970.8,20983.8,1891.0
2025-04-16 21:00:00,20983.7,20983.7,20983.7,20983.7,1.0
2025-04-16 21:45:00,21019.8,21022.6,20993.6,21011.0,1659.0
2025-04-16 22:30:00,21011.2,21026.6,20994.4,21009.8,2077.0
2025-04-16 23:15:00,21009.5,21032.5,20986.7,21028.1,2368.0
2025-04-17 00:00:00,21028.7,21065.1,21012.6,21047.0,3553.0
2025-04-17 00:45:00,21046.5,21160.2,21045.1,21046.1,3452.0
2025-04-17 01:30:00,21046.6,21289.1,21017.6,21250.6,10231.0
2025-04-17 02:15:00,21250.1,21323.6,21220.1,21315.6,8156.0
2025-04-17 03:00:00,21316.6,21404.1,21272.6,21349.1,5632.0
2025-04-17 03:45:00,21348.6,21400.6,21348.6,21377.4,1586.0
2025-04-17 04:30:00,21377.1,21395.1,21297.1,21318.6,3320.0
2025-04-17 05:15:00,21319.1,21348.6,21284.6,21293.6,5959.0
2025-04-17 06:00:00,21294.1,21360.1,21252.6,21276.6,5220.0
2025-04-17 06:45:00,21276.1,21357.1,21263.6,21350.1,4772.0
2025-04-17 07:30:00,21350.6,21416.1,21334.1,21375.6,3769.0
2025-04-17 08:15:00,21376.1,21399.1,21320.5,21328.6,2927.0
2025-04-17 09:00:00,21328.8,21375.1,21319.8,21361.6,2486.0
2025-04-17 09:45:00,21361.1,21369.6,21306.6,21330.1,2311.0
2025-04-17 10:30:00,21330.6,21353.1,21309.6,21310.6,2420.0
2025-04-17 11:15:00,21311.1,21343.6,21310.1,21336.1,2278.0
2025-04-17 12:00:00,21336.6,21452.6,21318.6,21383.6,3952.0
2025-04-17 12:45:00,21384.1,21398.6,21318.1,21325.1,4204.0
2025-04-17 13:30:00,21326.1,21376.6,21223.1,21249.1,8370.0
2025-04-17 14:15:00,21248.6,21301.1,21159.1,21167.6,6963.0
2025-04-17 15:00:00,21168.1,21240.1,21162.6,21184.6,5807.0
2025-04-17 15:45:00,21186.1,21241.1,21173.1,21227.6,6140.0
2025-04-17 16:30:00,21228.1,21238.1,21184.6,21189.1,5292.0
2025-04-17 17:15:00,21189.6,21223.6,21169.6,21215.6,4286.0
2025-04-17 18:00:00,21215.1,21298.6,21208.6,21278.1,4514.0
2025-04-17 18:45:00,21277.6,21283.6,21223.0,21225.8,5515.0
2025-04-17 19:30:00,21225.9,21238.2,21174.5,21225.3,5893.0
2025-04-17 20:15:00,21223.6,21235.7,21199.5,21226.7,1881.0
2025-04-20 22:00:00,21149.1,21152.0,21067.2,21070.5,2613.0
2025-04-20 22:45:00,21071.6,21100.6,21068.2,21082.0,1537.0
2025-04-20 23:30:00,21082.3,21128.3,21081.7,21127.2,1707.0
2025-04-21 00:15:00,21126.9,21146.4,21116.4,21116.4,2053.0
2025-04-21 01:00:00,21116.9,21160.6,21104.8,21143.2,2319.0
2025-04-21 01:45:00,21143.5,21144.0,21078.4,21080.4,2112.0
2025-04-21 02:30:00,21080.3,21085.9,21056.7,21081.0,2145.0
2025-04-21 03:15:00,21080.7,21092.6,21076.7,21085.6,1241.0
2025-04-21 04:00:00,21085.4,21099.3,21083.6,21086.7,821.0
2025-04-21 04:45:00,21087.2,21092.1,21079.8,21084.3,863.0
2025-04-21 05:30:00,21084.9,21123.7,21078.3,21120.9,858.0
2025-04-21 06:15:00,21121.2,21123.6,21096.9,21109.8,1213.0
2025-04-21 07:00:00,21110.3,21114.9,21078.4,21085.3,1399.0
2025-04-21 07:45:00,21085.1,21090.5,21067.8,21083.4,1868.0
2025-04-21 08:30:00,21083.9,21090.6,21063.7,21068.8,1371.0
2025-04-21 09:15:00,21068.5,21082.7,21062.1,21081.8,1279.0
2025-04-21 10:00:00,21081.5,21091.8,21071.9,21084.5,1193.0
2025-04-21 10:45:00,21084.8,21116.6,21041.8,21061.1,2162.0
2025-04-21 11:30:00,21062.3,21071.9,21041.2,21069.5,2787.0
2025-04-21 12:15:00,21069.2,21096.5,21064.3,21082.7,2236.0
2025-04-21 13:00:00,21083.0,21111.4,21043.1,21049.7,4714.0
2025-04-21 13:45:00,21049.5,21074.8,20971.5,20999.2,5461.0
2025-04-21 14:30:00,20999.0,21024.0,20989.1,20992.0,3944.0
2025-04-21 15:15:00,20991.9,21005.1,20957.3,20957.6,3365.0
2025-04-21 16:00:00,20957.5,20990.9,20954.9,20986.3,2584.0
2025-04-21 16:45:00,20986.6,20987.8,20924.2,20926.9,3187.0
2025-04-21 17:30:00,20926.7,20942.1,20911.7,20941.1,2937.0
2025-04-21 18:15:00,20941.0,20965.6,20939.3,20945.4,2816.0
2025-04-21 19:00:00,20945.1,21004.8,20944.9,21000.2,3903.0
2025-04-21 19:45:00,21000.0,21031.1,20986.7,20995.8,3665.0
2025-04-21 20:30:00,20996.3,21014.3,20994.6,21007.6,566.0
2025-04-21 21:45:00,21015.5,21020.7,20983.7,20988.2,1043.0
2025-04-21 22:30:00,20988.5,21018.8,20988.5,21010.2,1117.0
2025-04-21 23:15:00,21010.7,21091.9,21005.3,21091.9,1797.0
2025-04-22 00:00:00,21092.5,21107.7,21084.6,21094.1,2626.0
2025-04-22 00:45:00,21094.4,21314.2,21092.8,21282.2,3252.0
2025-04-22 01:30:00,21281.7,21437.2,21163.2,21226.7,10209.0
2025-04-22 02:15:00,21227.2,21371.7,21224.7,21371.7,7987.0
2025-04-22 03:00:00,21370.2,21393.7,21262.7,21361.7,6559.0
2025-04-22 03:45:00,21362.2,21390.7,21350.9,21356.1,2020.0
2025-04-22 04:30:00,21355.2,21439.5,21347.9,21434.0,3292.0
2025-04-22 05:15:00,21434.5,21534.0,21415.0,21495.5,6242.0
2025-04-22 06:00:00,21496.5,21572.5,21480.0,21484.0,5188.0
2025-04-22 06:45:00,21483.5,21519.5,21398.5,21435.0,5012.0
2025-04-22 07:30:00,21435.5,21556.0,21433.5,21551.0,4416.0
2025-04-22 08:15:00,21550.5,21570.8,21525.0,21551.4,2433.0
2025-04-22 09:00:00,21551.7,21599.0,21526.5,21569.5,2273.0
2025-04-22 09:45:00,21570.0,21584.0,21521.0,21527.0,2200.0
2025-04-22 10:30:00,21527.5,21546.5,21514.0,21522.5,1971.0
2025-04-22 11:15:00,21522.0,21594.5,21506.0,21560.5,2219.0
2025-04-22 12:00:00,21561.0,21590.5,21553.0,21588.0,2532.0
2025-04-22 12:45:00,21588.5,21607.5,21567.0,21568.5,2894.0
2025-04-22 13:30:00,21571.0,21594.0,21534.5,21551.0,6254.0
2025-04-22 14:15:00,21551.5,21627.0,21533.5,21594.0,3985.0
2025-04-22 15:00:00,21595.0,21647.5,21581.0,21593.0,3914.0
2025-04-22 15:45:00,21593.5,21833.5,21578.5,21817.5,6360.0
2025-04-22 16:30:00,21818.0,21845.5,21702.5,21706.0,5573.0
2025-04-22 17:15:00,21708.0,21713.5,21620.0,21642.5,5860.0
2025-04-22 18:00:00,21642.0,21743.0,21642.0,21723.0,3966.0
2025-04-22 18:45:00,21724.0,21743.5,21686.2,21690.1,3608.0
2025-04-22 19:30:00,21689.9,21734.7,21683.6,21700.5,5165.0
2025-04-22 20:15:00,21699.9,21716.1,21694.7,21697.5,990.0
2025-04-22 21:45:00,21903.6,21966.6,21877.1,21934.4,3494.0
2025-04-22 22:30:00,21935.0,21982.0,21908.3,21975.3,3268.0
2025-04-22 23:15:00,21975.6,22146.7,21922.8,22132.8,2420.0
2025-04-23 00:00:00,22133.7,22141.1,21982.7,21989.5,3284.0
2025-04-23 00:45:00,21989.8,22164.2,21960.7,22070.2,4256.0
2025-04-23 01:30:00,22069.7,22082.2,21849.2,21905.7,9745.0
2025-04-23 02:15:00,21906.2,22006.7,21874.7,22005.2,7375.0
2025-04-23 03:00:00,22005.7,22098.7,21995.7,22089.7,5517.0
2025-04-23 03:45:00,22090.2,22095.7,22049.8,22054.9,1834.0
2025-04-23 04:30:00,22055.2,22134.2,22047.7,22112.7,2905.0
2025-04-23 05:15:00,22112.2,22128.2,22014.2,22051.2,5448.0
2025-04-23 06:00:00,22053.2,22056.2,21985.2,22045.7,5109.0
2025-04-23 06:45:00,22045.2,22118.7,21993.7,21998.7,4543.0
2025-04-23 07:30:00,21998.2,22086.2,21989.7,22084.7,4357.0
2025-04-23 08:15:00,22084.2,22153.0,22082.2,22130.7,2652.0
2025-04-23 09:00:00,22131.2,22180.2,22130.2,22155.7,2132.0
2025-04-23 09:45:00,22156.2,22158.2,22110.7,22115.7,1915.0
2025-04-23 10:30:00,22116.2,22134.2,22099.7,22128.7,2084.0
2025-04-23 11:15:00,22127.7,22129.2,22091.2,22100.2,2155.0
2025-04-23 12:00:00,22101.2,22128.7,22092.7,22126.2,1806.0
2025-04-23 12:45:00,22125.7,22146.2,22117.2,22125.2,2613.0
2025-04-23 13:30:00,22125.7,22365.7,22057.2,22269.2,9226.0
2025-04-23 14:15:00,22269.7,22319.7,22178.7,22254.7,7236.0
2025-04-23 15:00:00,22255.2,22261.7,22122.2,22142.7,5986.0
2025-04-23 15:45:00,22143.2,22153.7,22066.2,22092.7,5415.0
2025-04-23 16:30:00,22092.2,22093.7,22044.7,22090.7,4522.0
2025-04-23 17:15:00,22091.2,22093.7,22045.2,22086.2,3491.0
2025-04-23 18:00:00,22085.7,22093.7,22041.2,22043.2,3695.0
2025-04-23 18:45:00,22042.7,22055.7,22015.7,22023.8,5226.0
2025-04-23 19:30:00,22023.5,22044.1,21994.6,22005.2,6325.0
2025-04-23 20:15:00,22004.6,22082.9,22004.6,22034.2,2464.0
2025-04-23 21:00:00,22034.0,22034.0,22034.0,22034.0,1.0
2025-04-23 21:45:00,22041.9,22041.9,21958.8,22004.5,1681.0
2025-04-23 22:30:00,22004.7,22032.9,21932.4,21984.5,1922.0
2025-04-23 23:15:00,21984.2,22001.5,21974.9,21990.4,2090.0
2025-04-24 00:00:00,21990.6,22013.0,21981.5,22000.1,2701.0
2025-04-24 00:45:00,22000.6,22064.3,21991.6,22034.8,3352.0
2025-04-24 01:30:00,22026.8,22072.3,21931.3,21975.8,9410.0
2025-04-24 02:15:00,21974.3,22012.3,21825.3,21840.8,7194.0
2025-04-24 03:00:00,21839.3,21839.3,21702.3,21770.8,6499.0
2025-04-24 03:45:00,21770.3,21785.3,21750.7,21758.9,1976.0
2025-04-24 04:30:00,21758.6,21822.3,21749.8,21789.3,3229.0
2025-04-24 05:15:00,21788.8,21861.3,21780.8,21811.3,5114.0
2025-04-24 06:00:00,21810.8,21833.8,21770.3,21812.3,4502.0
2025-04-24 06:45:00,21813.8,21844.8,21798.3,21830.3,4168.0
2025-04-24 07:30:00,21829.8,21900.8,21801.8,21881.3,3631.0
2025-04-24 08:15:00,21880.8,21896.8,21842.4,21866.4,3434.0
2025-04-24 09:00:00,21866.7,21912.3,21862.5,21907.8,2195.0
2025-04-24 09:45:00,21908.3,21946.3,21897.8,21931.8,2121.0
2025-04-24 10:30:00,21931.3,21964.8,21926.8,21955.8,2299.0
2025-04-24 11:15:00,21955.3,21990.8,21934.8,21949.8,2618.0
2025-04-24 12:00:00,21949.3,21987.8,21947.8,21977.8,2568.0
2025-04-24 12:45:00,21977.3,22002.3,21966.3,21972.8,2464.0
2025-04-24 13:30:00,21971.8,22081.3,21940.3,22062.8,6644.0
2025-04-24 14:15:00,22063.3,22116.3,22035.8,22079.3,4899.0
2025-04-24 15:00:00,22079.8,22109.8,22039.8,22050.8,3814.0
2025-04-24 15:45:00,22052.8,22144.8,22038.3,22139.8,3600.0
2025-04-24 16:30:00,22140.3,22166.3,22114.8,22138.8,3348.0
2025-04-24 17:15:00,22138.3,22153.8,22108.3,22146.8,2630.0
2025-04-24 18:00:00,22146.3,22168.3,22139.8,22149.8,2641.0
2025-04-24 18:45:00,22150.3,22161.8,22118.2,22124.0,2816.0
2025-04-24 19:30:00,22124.1,22182.5,22109.7,22149.0,4154.0
2025-04-24 20:15:00,22149.6,22154.8,22132.8,22140.3,1545.0
2025-04-24 21:45:00,22187.0,22196.4,22152.6,22194.3,1329.0
2025-04-24 22:30:00,22194.6,22241.1,22184.7,22225.1,1403.0
2025-04-24 23:15:00,22225.4,22240.0,22218.1,22221.1,1630.0
2025-04-25 00:00:00,22220.3,22232.1,22179.2,22202.5,1784.0
2025-04-25 00:45:00,22202.8,22220.8,22052.5,22056.5,2676.0
2025-04-25 01:30:00,22057.0,22114.5,21996.0,22073.5,9724.0
2025-04-25 02:15:00,22073.0,22229.5,22063.0,22175.5,7108.0
2025-04-25 03:00:00,22177.0,22267.5,22149.5,22201.5,6525.0
2025-04-25 03:45:00,22202.0,22228.7,22184.3,22187.1,2299.0
2025-04-25 04:30:00,22187.3,22228.5,22162.4,22217.5,3678.0
2025-04-25 05:15:00,22218.0,22224.5,22068.5,22093.0,6212.0
2025-04-25 06:00:00,22092.5,22095.5,22001.0,22018.5,6113.0
2025-04-25 06:45:00,22019.0,22086.0,21951.5,21952.0,5169.0
2025-04-25 07:30:00,21951.5,21985.5,21907.0,21979.5,4687.0
2025-04-25 08:15:00,21979.0,22005.0,21959.3,21972.5,2504.0
2025-04-25 09:00:00,21972.8,21990.5,21951.5,21971.0,2576.0
2025-04-25 09:45:00,21971.5,22041.5,21933.0,21936.0,2898.0
2025-04-25 10:30:00,21936.5,21961.0,21911.0,21951.0,3201.0
2025-04-25 11:15:00,21950.5,21964.5,21933.0,21954.0,2165.0
2025-04-25 12:00:00,21951.5,22008.0,21945.5,21988.0,2690.0
2025-04-25 12:45:00,21989.5,22031.5,21959.5,22004.0,2868.0
2025-04-25 13:30:00,22003.5,22080.5,21993.0,22017.5,6784.0
2025-04-25 14:15:00,22017.0,22020.5,21946.0,21991.5,4987.0
2025-04-25 15:00:00,21991.0,22020.5,21978.0,21995.0,3639.0
2025-04-25 15:45:00,21994.5,22041.0,21993.5,22037.0,2254.0
2025-04-25 16:30:00,22036.5,22065.5,22027.0,22065.5,2223.0
2025-04-25 17:15:00,22065.0,22088.5,21977.0,21992.0,4170.0
2025-04-25 18:00:00,21993.0,22053.0,21990.0,22048.0,2758.0
2025-04-25 18:45:00,22048.5,22055.0,22018.8,22019.3,2941.0
2025-04-25 19:30:00,22019.0,22048.1,22015.4,22047.1,4100.0
2025-04-25 20:15:00,22047.6,22059.6,22038.1,22049.4,911.0
2025-04-27 22:00:00,22015.9,22041.2,22007.7,22027.8,1676.0
2025-04-27 22:45:00,22027.5,22030.4,22004.1,22013.6,1264.0
2025-04-27 23:30:00,22013.9,22031.4,22010.7,22022.8,1395.0
2025-04-28 00:15:00,22023.4,22049.9,22009.3,22013.5,1592.0
2025-04-28 01:00:00,22013.2,22104.2,21809.2,21844.7,5546.0
2025-04-28 01:45:00,21847.7,21931.2,21786.7,21890.2,8374.0
2025-04-28 02:30:00,21889.7,21957.7,21871.2,21908.7,5880.0
2025-04-28 03:15:00,21909.2,21991.2,21889.2,21975.7,3550.0
2025-04-28 04:00:00,21966.8,21981.8,21965.8,21974.6,539.0
2025-04-28 04:45:00,21974.4,22036.7,21958.2,21983.2,4144.0
2025-04-28 05:30:00,21982.7,22027.2,21952.7,21994.7,4838.0
2025-04-28 06:15:00,21995.2,22037.2,21977.7,22018.7,4731.0
2025-04-28 07:00:00,22019.2,22026.2,21930.2,21960.2,4230.0
2025-04-28 07:45:00,21959.7,21966.7,21938.7,21946.7,2999.0
2025-04-28 08:30:00,21934.5,21957.0,21927.8,21948.0,1474.0
2025-04-28 09:15:00,21949.2,22020.2,21949.2,21992.2,1623.0
2025-04-28 10:00:00,21992.7,21995.7,21974.2,21980.7,1334.0
2025-04-28 10:45:00,21981.2,21985.7,21955.2,21966.7,1259.0
2025-04-28 11:30:00,21967.2,21974.2,21953.7,21960.2,1636.0
2025-04-28 12:15:00,21960.7,21988.7,21959.2,21983.7,1263.0
2025-04-28 13:00:00,21983.2,22065.2,21979.7,22061.2,2880.0
2025-04-28 13:45:00,22060.7,22062.7,21985.2,22025.7,4578.0
2025-04-28 14:30:00,22026.2,22046.7,21964.7,21981.7,3560.0
2025-04-28 15:15:00,21979.7,21980.2,21926.7,21954.2,3297.0
2025-04-28 16:00:00,21953.7,21961.7,21937.2,21955.2,2536.0
2025-04-28 16:45:00,21954.7,21969.7,21947.7,21947.7,1810.0
2025-04-28 17:30:00,21947.2,22002.7,21942.2,21995.2,1482.0
2025-04-28 18:15:00,21996.2,22021.7,21983.7,21990.7,1482.0
2025-04-28 19:00:00,21971.5,21998.2,21970.8,21992.0,3107.0
2025-04-28 19:45:00,21991.9,22008.4,21960.5,21963.4,2527.0
2025-04-28 20:30:00,21963.9,21968.6,21961.3,21964.9,305.0
2025-04-28 21:45:00,21959.6,21968.0,21950.3,21956.4,774.0
2025-04-28 22:30:00,21956.7,21976.6,21948.9,21973.8,1347.0
2025-04-28 23:15:00,21974.2,21999.6,21969.0,21999.1,1105.0
2025-04-29 00:00:00,21999.3,22001.9,21977.6,21980.4,1249.0
2025-04-29 00:45:00,21980.9,22087.7,21980.9,22024.7,2034.0
2025-04-29 01:30:00,22024.2,22207.5,21931.5,22194.5,9428.0
2025-04-29 02:15:00,22193.5,22223.5,22058.5,22063.0,6399.0
2025-04-29 03:00:00,22062.5,22096.5,22036.5,22036.5,4204.0
2025-04-29 03:45:00,22034.5,22055.5,22006.1,22037.9,1843.0
2025-04-29 04:30:00,22037.6,22063.0,21999.0,22031.5,2875.0
2025-04-29 05:15:00,22031.0,22036.0,21934.5,21962.5,4543.0
2025-04-29 06:00:00,21963.5,22001.0,21929.0,21994.0,4134.0
2025-04-29 06:45:00,21994.5,22017.0,21963.0,22007.5,3971.0
2025-04-29 07:30:00,22008.0,22041.0,21947.8,21952.3,3337.0
2025-04-29 08:15:00,21952.8,21977.3,21944.8,21966.5,1842.0
2025-04-29 09:00:00,21966.2,21968.9,21930.3,21935.3,1788.0
2025-04-29 09:45:00,21936.8,21942.8,21913.8,21940.8,1120.0
2025-04-29 10:30:00,21940.3,21942.3,21890.3,21921.3,2026.0
2025-04-29 11:15:00,21920.8,21932.8,21907.3,21926.8,1471.0
2025-04-29 12:00:00,21927.3,21984.3,21921.3,21981.3,2441.0
2025-04-29 12:45:00,21979.3,22000.8,21955.8,21988.3,3449.0
2025-04-29 13:30:00,21988.8,22024.3,21965.3,22010.8,5963.0
2025-04-29 14:15:00,22011.3,22032.8,21957.3,21978.8,3991.0
2025-04-29 15:00:00,21978.3,21998.8,21967.8,21980.8,3423.0
2025-04-29 15:45:00,21981.8,21999.8,21977.3,21991.3,2516.0
2025-04-29 16:30:00,21990.8,21998.8,21958.8,21983.3,2577.0
2025-04-29 17:15:00,21983.8,22034.3,21978.3,22019.8,2199.0
2025-04-29 18:00:00,22019.3,22027.8,22006.3,22009.3,1885.0
2025-04-29 18:45:00,22008.8,22009.3,21970.2,21972.8,2991.0
2025-04-29 19:30:00,21973.1,21986.4,21958.3,21972.8,3351.0
2025-04-29 20:15:00,21972.2,21980.8,21950.8,21968.7,1332.0
2025-04-29 21:45:00,21968.9,21973.7,21953.3,21958.3,974.0
2025-04-29 22:30:00,21958.0,21960.3,21945.9,21953.0,1047.0
2025-04-29 23:15:00,21952.7,21964.4,21952.7,21961.2,914.0
2025-04-30 00:00:00,21959.3,21971.4,21948.5,21957.8,2097.0
2025-04-30 00:45:00,21958.1,22055.5,21944.2,22051.5,2647.0
2025-04-30 01:30:00,22052.0,22059.0,21833.0,21922.0,8344.0
2025-04-30 02:15:00,21922.5,21971.0,21882.5,21910.5,6171.0
2025-04-30 03:00:00,21910.0,22073.5,21906.5,22038.0,5438.0
2025-04-30 03:45:00,22037.5,22061.5,22028.5,22043.8,1551.0
2025-04-30 04:30:00,22043.2,22105.0,22028.5,22098.5,2741.0
2025-04-30 05:15:00,22094.5,22096.0,22001.5,22068.0,4621.0
2025-04-30 06:00:00,22066.5,22113.5,22047.5,22056.5,4232.0
2025-04-30 06:45:00,22056.0,22110.5,22051.0,22089.5,3332.0
2025-04-30 07:30:00,22089.0,22141.5,22064.0,22140.5,3275.0
2025-04-30 08:15:00,22140.0,22154.0,22111.9,22111.9,2033.0
2025-04-30 09:00:00,22111.0,22159.0,22111.0,22120.5,1838.0
2025-04-30 09:45:00,22120.0,22134.5,22106.5,22132.5,1204.0
2025-04-30 10:30:00,22132.0,22133.5,22115.5,22120.0,1507.0
2025-04-30 11:15:00,22119.5,22134.5,22106.0,22118.5,1567.0
2025-04-30 12:00:00,22118.0,22126.0,22065.0,22068.0,3062.0
2025-04-30 12:45:00,22068.5,22078.0,22001.0,22025.0,3563.0
2025-04-30 13:30:00,22025.5,22036.5,21853.0,21899.0,6250.0
2025-04-30 14:15:00,21899.5,21920.0,21865.0,21908.5,4450.0
2025-04-30 15:00:00,21908.0,21940.0,21874.0,21907.5,4080.0
2025-04-30 15:45:00,21908.0,21920.5,21888.0,21891.0,2938.0
2025-04-30 16:30:00,21890.5,21916.5,21883.0,21889.5,2528.0
2025-04-30 17:15:00,21890.0,21965.5,21889.5,21955.5,2620.0
2025-04-30 18:00:00,21955.0,22052.5,21940.5,21969.5,4392.0
2025-04-30 18:45:00,21969.0,21999.0,21966.0,21985.1,3629.0
2025-04-30 19:30:00,21985.4,22088.5,21983.1,22068.8,6552.0
2025-04-30 20:15:00,22068.3,22130.1,22066.2,22105.3,2762.0
2025-04-30 21:45:00,22104.2,22147.4,22096.7,22112.6,2248.0
2025-04-30 22:30:00,22114.7,22142.2,22103.9,22125.7,1879.0
2025-04-30 23:15:00,22125.5,22144.2,22124.5,22142.7,1612.0
2025-05-01 00:00:00,22143.2,22159.9,22137.6,22148.5,1955.0
2025-05-01 00:45:00,22148.8,22160.1,22138.4,22152.4,1640.0
2025-05-01 01:30:00,22152.7,22163.0,22145.4,22145.7,966.0
2025-05-01 02:15:00,22145.9,22157.0,22117.0,22119.3,836.0
2025-05-01 03:00:00,22119.1,22140.5,22110.9,22122.1,979.0
2025-05-01 03:45:00,22122.4,22128.7,22115.3,22116.4,704.0
2025-05-01 04:30:00,22116.7,22130.6,22115.2,22130.6,652.0
2025-05-01 05:15:00,22130.0,22140.0,22112.7,22113.8,1173.0
2025-05-01 06:00:00,22113.4,22137.6,22112.0,22128.6,1312.0
2025-05-01 06:45:00,22128.3,22145.7,22107.9,22144.0,1620.0
2025-05-01 07:30:00,22143.7,22147.4,22115.3,22122.3,1583.0
2025-05-01 08:15:00,22122.8,22151.0,22122.3,22149.9,1603.0
2025-05-01 09:00:00,22150.2,22170.9,22148.2,22162.5,1551.0
2025-05-01 09:45:00,22162.8,22173.3,22153.9,22155.1,1614.0
2025-05-01 10:30:00,22155.3,22162.9,22136.9,22155.4,1813.0
2025-05-01 11:15:00,22155.8,22159.5,22131.0,22150.2,2159.0
2025-05-01 12:00:00,22149.6,22160.4,22106.6,22132.5,3124.0
2025-05-01 12:45:00,22133.1,22138.1,22095.0,22119.0,3116.0
2025-05-01 13:30:00,22119.6,22149.6,22083.5,22106.4,7349.0
2025-05-01 14:15:00,22106.7,22129.0,22085.2,22111.6,3983.0
2025-05-01 15:00:00,22111.7,22129.3,22103.1,22103.1,3262.0
2025-05-01 15:45:00,22103.2,22103.4,22061.9,22073.0,4476.0
2025-05-01 16:30:00,22072.9,22086.7,22059.1,22085.3,3952.0
2025-05-01 17:15:00,22085.4,22092.6,22071.5,22080.7,3424.0
2025-05-01 18:00:00,22080.9,22121.9,22077.6,22121.2,3128.0
2025-05-01 18:45:00,22121.3,22126.7,22097.4,22118.5,3007.0
2025-05-01 19:30:00,22118.7,22119.6,22010.1,22029.6,5260.0
2025-05-01 20:15:00,22029.0,22070.2,22021.2,22032.4,3088.0
2025-05-01 21:45:00,21997.2,22011.4,21984.2,22006.8,1205.0
2025-05-01 22:30:00,22007.1,22020.0,21999.7,22016.0,1126.0
2025-05-01 23:15:00,22016.2,22034.4,22009.6,22018.0,1367.0
2025-05-02 00:00:00,22019.3,22144.6,22003.5,22142.2,3782.0
2025-05-02 00:45:00,22142.7,22307.5,22093.2,22135.5,4403.0
2025-05-02 01:30:00,22147.0,22462.7,22051.5,22431.7,8681.0
2025-05-02 02:15:00,22431.2,22503.7,22392.2,22394.2,6089.0
2025-05-02 03:00:00,22394.7,22529.2,22342.2,22512.2,4412.0
2025-05-02 03:45:00,22511.7,22538.2,22495.2,22503.2,2314.0
2025-05-02 04:30:00,22503.5,22549.7,22485.2,22498.7,2204.0
2025-05-02 05:15:00,22499.2,22541.7,22474.2,22480.7,3155.0
2025-05-02 06:00:00,22481.2,22558.2,22416.2,22542.7,3796.0
2025-05-02 06:45:00,22542.2,22556.7,22497.2,22525.2,3764.0
2025-05-02 07:30:00,22525.7,22550.2,22502.2,22522.2,3690.0
2025-05-02 08:15:00,22523.2,22539.7,22459.7,22460.3,2754.0
2025-05-02 09:00:00,22460.0,22558.2,22458.1,22553.7,2570.0
2025-05-02 09:45:00,22553.2,22568.7,22520.2,22540.2,2186.0
2025-05-02 10:30:00,22540.7,22547.2,22501.2,22519.7,1813.0
2025-05-02 11:15:00,22519.2,22565.2,22518.7,22552.7,1783.0
2025-05-02 12:00:00,22553.2,22613.2,22533.7,22607.7,3004.0
2025-05-02 12:45:00,22608.2,22712.2,22598.2,22703.2,3930.0
2025-05-02 13:30:00,22700.7,22712.7,22539.7,22586.2,6172.0
2025-05-02 14:15:00,22584.7,22600.2,22556.7,22599.7,4002.0
2025-05-02 15:00:00,22599.2,22600.2,22525.7,22530.7,2723.0
2025-05-02 15:45:00,22531.2,22649.7,22507.7,22632.2,3995.0
2025-05-02 16:30:00,22631.7,22681.2,22620.7,22649.2,2725.0
2025-05-02 17:15:00,22650.2,22698.7,22646.7,22662.2,2402.0
2025-05-02 18:00:00,22662.7,22696.7,22662.2,22670.7,1812.0
2025-05-02 18:45:00,22669.2,22686.2,22647.2,22681.2,2823.0
2025-05-02 19:30:00,22681.0,22681.0,22652.3,22668.7,3885.0
2025-05-02 20:15:00,22668.2,22668.7,22654.9,22663.7,835.0
2025-05-04 22:00:00,22624.3,22640.2,22610.6,22611.9,1848.0
2025-05-04 22:45:00,22612.0,22613.3,22597.5,22598.6,1140.0
2025-05-04 23:30:00,22598.1,22605.7,22569.0,22600.8,1999.0
2025-05-05 00:15:00,22601.1,22636.8,22600.1,22631.2,1579.0
2025-05-05 01:00:00,22630.7,22663.5,22623.1,22629.0,1698.0
2025-05-05 01:45:00,22629.2,22629.8,22487.3,22532.0,1733.0
2025-05-05 02:30:00,22532.4,22532.9,22517.8,22520.4,1133.0
2025-05-05 03:15:00,22520.2,22538.6,22513.2,22536.8,988.0
2025-05-05 04:00:00,22536.4,22536.8,22521.2,22531.0,1330.0
2025-05-05 04:45:00,22530.7,22543.0,22521.6,22536.5,1256.0
2025-05-05 05:30:00,22536.8,22541.8,22489.4,22504.8,1661.0
2025-05-05 06:15:00,22505.0,22534.6,22502.7,22514.9,1432.0
2025-05-05 07:00:00,22515.3,22523.5,22506.3,22518.3,2321.0
2025-05-05 07:45:00,22518.1,22527.5,22512.6,22520.1,1893.0
2025-05-05 08:30:00,22519.7,22519.9,22490.4,22504.6,2328.0
2025-05-05 09:15:00,22504.4,22547.9,22502.2,22531.7,1674.0
2025-05-05 10:00:00,22531.3,22536.0,22517.9,22519.6,1615.0
2025-05-05 10:45:00,22519.1,22534.6,22518.0,22526.0,1497.0
2025-05-05 11:30:00,22526.2,22534.4,22513.4,22530.7,1588.0
2025-05-05 12:15:00,22531.6,22533.8,22519.4,22530.8,1546.0
2025-05-05 13:00:00,22530.3,22540.5,22519.7,22535.0,2817.0
2025-05-05 13:45:00,22535.1,22583.0,22527.5,22580.9,4601.0
2025-05-05 14:30:00,22580.8,22610.9,22566.4,22591.7,3379.0
2025-05-05 15:15:00,22591.6,22612.3,22563.7,22573.9,2509.0
2025-05-05 16:00:00,22573.8,22600.2,22571.7,22600.1,1763.0
2025-05-05 16:45:00,22600.0,22600.2,22586.6,22593.2,1741.0
2025-05-05 17:30:00,22593.3,22608.6,22591.9,22608.3,1235.0
2025-05-05 18:15:00,22608.4,22620.0,22605.5,22608.6,937.0
2025-05-05 19:00:00,22608.5,22610.8,22592.7,22594.1,2131.0
2025-05-05 19:45:00,22594.0,22598.7,22561.5,22563.6,2504.0
2025-05-05 20:30:00,22564.0,22573.4,22560.6,22571.8,506.0
2025-05-05 21:45:00,22565.4,22580.0,22565.4,22576.3,651.0
2025-05-05 22:30:00,22576.8,22578.5,22570.1,22574.7,602.0
2025-05-05 23:15:00,22575.1,22578.0,22567.9,22569.5,774.0
2025-05-06 00:00:00,22569.8,22631.4,22567.0,22602.2,1513.0
2025-05-06 00:45:00,22602.1,22687.5,22506.0,22511.5,3638.0
2025-05-06 01:30:00,22508.5,22648.0,22438.5,22637.5,9424.0
2025-05-06 02:15:00,22640.0,22677.0,22578.5,22629.5,7225.0
2025-05-06 03:00:00,22627.5,22716.5,22606.5,22708.5,4854.0
2025-05-06 03:45:00,22709.0,22709.0,22639.7,22639.7,1247.0
2025-05-06 04:30:00,22638.8,22681.5,22630.5,22672.0,2497.0
2025-05-06 05:15:00,22671.5,22712.0,22624.5,22674.0,4647.0
2025-05-06 06:00:00,22672.5,22725.0,22638.0,22723.5,4255.0
2025-05-06 06:45:00,22724.0,22761.5,22698.0,22702.5,3530.0
2025-05-06 07:30:00,22702.0,22711.0,22632.7,22643.2,3460.0
2025-05-06 08:15:00,22644.2,22649.7,22606.6,22623.5,2636.0
2025-05-06 09:00:00,22623.7,22629.6,22470.7,22514.7,3641.0
2025-05-06 09:45:00,22515.2,22751.2,22508.7,22718.7,4233.0
2025-05-06 10:30:00,22719.2,22794.2,22710.7,22779.2,3734.0
2025-05-06 11:15:00,22778.7,22809.7,22745.2,22780.7,2386.0
2025-05-06 12:00:00,22780.2,22859.2,22763.2,22853.2,2053.0
2025-05-06 12:45:00,22852.7,22908.2,22844.7,22861.2,2376.0
2025-05-06 13:30:00,22861.7,22934.2,22834.7,22923.2,5254.0
2025-05-06 14:15:00,22923.7,23025.7,22922.2,22958.7,3814.0
2025-05-06 15:00:00,22958.2,23009.7,22951.7,22966.7,3182.0
2025-05-06 15:45:00,22967.2,23001.7,22952.7,22970.2,3059.0
2025-05-06 16:30:00,22969.7,22975.2,22917.7,22947.2,2799.0
2025-05-06 17:15:00,22947.7,22956.2,22901.7,22922.7,2693.0
2025-05-06 18:00:00,22922.2,22937.7,22892.7,22909.2,2388.0
2025-05-06 18:45:00,22908.7,22933.2,22900.7,22928.6,2026.0
2025-05-06 19:30:00,22928.8,22965.0,22920.1,22927.7,3179.0
2025-05-06 20:15:00,22926.8,22934.3,22888.4,22914.2,1798.0
2025-05-06 21:00:00,22914.3,22914.3,22914.3,22914.3,1.0
2025-05-06 21:45:00,22904.0,23177.0,22904.0,23124.4,4026.0
2025-05-06 22:30:00,23124.0,23167.3,23077.0,23146.5,3196.0
2025-05-06 23:15:00,23146.3,23153.2,23132.0,23149.0,2143.0
2025-05-07 00:00:00,23148.4,23184.6,23089.4,23176.8,3113.0
2025-05-07 00:45:00,23177.1,23263.2,23126.3,23254.7,4431.0
2025-05-07 01:30:00,23243.7,23256.2,22993.7,23011.9,9700.0
2025-05-07 02:15:00,23009.9,23040.9,22888.4,22932.9,8002.0
2025-05-07 03:00:00,22930.9,22940.4,22748.4,22792.9,6344.0
2025-05-07 03:45:00,22792.4,22795.4,22759.4,22787.9,1887.0
2025-05-07 04:30:00,22787.7,22827.4,22776.4,22792.9,3065.0
2025-05-07 05:15:00,22791.9,22882.4,22771.4,22794.9,5691.0
2025-05-07 06:00:00,22792.9,22815.4,22737.9,22799.4,4954.0
2025-05-07 06:45:00,22798.9,22842.4,22784.9,22790.9,3646.0
2025-05-07 07:30:00,22790.4,22793.4,22635.5,22657.5,3842.0
2025-05-07 08:15:00,22657.0,22677.0,22643.5,22671.1,1929.0
2025-05-07 09:00:00,22670.9,22691.5,22614.5,22632.0,2109.0
2025-05-07 09:45:00,22632.5,22649.5,22610.0,22638.0,1721.0
2025-05-07 10:30:00,22637.5,22683.5,22631.0,22683.5,1666.0
2025-05-07 11:15:00,22684.0,22695.5,22668.0,22683.0,1483.0
2025-05-07 12:00:00,22683.5,22697.0,22651.5,22672.5,1751.0
2025-05-07 12:45:00,22675.0,22681.0,22622.5,22635.0,2391.0
2025-05-07 13:30:00,22635.5,22650.5,22525.0,22555.0,5923.0
2025-05-07 14:15:00,22555.5,22615.5,22544.0,22585.0,3580.0
2025-05-07 15:00:00,22584.0,22618.5,22567.0,22582.0,3589.0
2025-05-07 15:45:00,22581.5,22600.0,22562.0,22566.5,2576.0
2025-05-07 16:30:00,22567.0,22611.0,22562.5,22610.0,2042.0
2025-05-07 17:15:00,22610.5,22612.5,22550.0,22574.0,2549.0
2025-05-07 18:00:00,22572.0,22605.5,22512.5,22578.0,4852.0
2025-05-07 18:45:00,22578.5,22599.0,22525.9,22526.9,6361.0
2025-05-07 19:30:00,22526.8,22602.7,22526.8,22569.4,6822.0
2025-05-07 20:15:00,22568.8,22573.0,22549.5,22557.3,1044.0
2025-05-07 21:00:00,22557.4,22557.4,22557.4,22557.4,1.0
2025-05-07 21:45:00,22550.9,22561.4,22538.3,22561.1,967.0
2025-05-07 22:30:00,22561.4,22579.1,22561.4,22576.3,894.0
2025-05-07 23:15:00,22576.0,22584.8,22569.2,22574.1,859.0
2025-05-08 00:00:00,22574.6,22599.8,22573.3,22574.1,2062.0
2025-05-08 00:45:00,22573.8,22662.5,22567.5,22630.5,4507.0
2025-05-08 01:30:00,22626.0,22833.5,22612.5,22780.3,9178.0
2025-05-08 02:15:00,22780.8,22928.3,22777.3,22919.8,7669.0
2025-05-08 03:00:00,22920.3,22991.3,22916.3,22950.3,6111.0
2025-05-08 03:45:00,22950.8,22970.3,22937.2,22940.3,1701.0
2025-05-08 04:30:00,22940.4,22954.8,22853.8,22854.3,3018.0
2025-05-08 05:15:00,22853.3,22866.3,22805.3,22859.8,5406.0
2025-05-08 06:00:00,22859.3,22878.8,22774.8,22803.3,4013.0
2025-05-08 06:45:00,22803.8,22804.3,22726.3,22791.3,3383.0
2025-05-08 07:30:00,22790.8,22801.8,22752.8,22794.3,3000.0
2025-05-08 08:15:00,22794.8,22832.4,22789.3,22831.9,1605.0
2025-05-08 09:00:00,22832.2,22840.8,22791.8,22805.3,1442.0
2025-05-08 09:45:00,22805.8,22818.8,22785.8,22793.3,1299.0
2025-05-08 10:30:00,22791.3,22799.8,22768.8,22797.8,1438.0
2025-05-08 11:15:00,22797.3,22810.3,22779.3,22808.8,1378.0
2025-05-08 12:00:00,22809.3,22844.3,22799.3,22807.8,2457.0
2025-05-08 12:45:00,22807.3,22833.8,22786.8,22833.8,2068.0
2025-05-08 13:30:00,22834.3,22834.8,22681.8,22729.8,5399.0
2025-05-08 14:15:00,22730.8,22746.8,22674.8,22684.8,3736.0
2025-05-08 15:00:00,22685.3,22861.8,22677.8,22858.3,4299.0
2025-05-08 15:45:00,22859.3,22868.3,22802.8,22816.8,3853.0
2025-05-08 16:30:00,22816.3,22881.8,22811.8,22842.3,2645.0
2025-05-08 17:15:00,22841.8,22858.3,22821.8,22824.8,2433.0
2025-05-08 18:00:00,22824.3,22834.3,22798.3,22819.3,1869.0
2025-05-08 18:45:00,22819.8,22847.2,22789.6,22822.9,2961.0
2025-05-08 19:30:00,22823.1,22827.0,22770.4,22780.7,4147.0
2025-05-08 20:15:00,22781.7,22788.8,22774.3,22779.7,884.0
2025-05-08 21:45:00,22787.1,22793.0,22773.3,22791.3,703.0
2025-05-08 22:30:00,22789.6,22803.4,22781.2,22801.7,905.0
2025-05-08 23:15:00,22801.1,22802.3,22777.9,22790.4,1267.0
2025-05-09 00:00:00,22790.1,22898.8,22778.3,22845.2,2089.0
2025-05-09 00:45:00,22845.1,22886.6,22813.6,22819.6,2625.0
2025-05-09 01:30:00,22818.6,22903.6,22741.6,22817.6,8317.0
2025-05-09 02:15:00,22818.1,22870.1,22743.6,22748.6,6521.0
2025-05-09 03:00:00,22748.1,22757.6,22682.1,22734.6,4983.0
2025-05-09 03:45:00,22735.1,22772.1,22734.1,22754.9,1588.0
2025-05-09 04:30:00,22754.7,22802.6,22752.7,22773.1,2183.0
2025-05-09 05:15:00,22773.6,22860.1,22750.1,22857.6,4202.0
2025-05-09 06:00:00,22858.6,22872.1,22811.1,22811.1,3639.0
2025-05-09 06:45:00,22809.6,22860.6,22795.6,22847.6,2875.0
2025-05-09 07:30:00,22850.1,22883.8,22847.6,22855.3,2497.0
2025-05-09 08:15:00,22853.8,22873.3,22840.9,22852.7,1573.0
2025-05-09 09:00:00,22852.4,22916.3,22851.6,22912.3,1472.0
2025-05-09 09:45:00,22912.8,22930.3,22908.3,22909.8,1145.0
2025-05-09 10:30:00,22909.3,22954.8,22907.3,22954.8,1257.0
2025-05-09 11:15:00,22955.3,22968.8,22863.8,22923.3,2715.0
2025-05-09 12:00:00,22922.8,22976.3,22921.8,22959.3,1902.0
2025-05-09 12:45:00,22958.8,22982.8,22953.8,22955.8,1556.0
2025-05-09 13:30:00,22956.3,22982.8,22885.8,22890.3,4522.0
2025-05-09 14:15:00,22889.8,22917.8,22873.8,22905.8,3755.0
2025-05-09 15:00:00,22904.8,22915.3,22856.8,22874.8,2887.0
2025-05-09 15:45:00,22873.3,22874.8,22826.3,22852.3,2526.0
2025-05-09 16:30:00,22852.8,22860.8,22813.8,22815.3,2369.0
2025-05-09 17:15:00,22814.8,22851.8,22798.3,22850.3,2353.0
2025-05-09 18:00:00,22849.3,22855.3,22829.3,22832.3,1917.0
2025-05-09 18:45:00,22832.8,22850.8,22827.7,22828.9,2171.0
2025-05-09 19:30:00,22829.0,22829.1,22803.0,22814.4,3173.0
2025-05-09 20:15:00,22813.8,22828.3,22807.3,22827.7,702.0
2025-05-11 22:00:00,23089.8,23114.0,23030.9,23059.6,2444.0
2025-05-11 22:45:00,23060.0,23136.1,23052.8,23126.8,2234.0
2025-05-11 23:30:00,23127.1,23137.9,23093.4,23120.5,2863.0
2025-05-12 00:15:00,23120.9,23186.9,23112.5,23181.4,2441.0
2025-05-12 01:00:00,23169.1,23281.1,23040.5,23070.0,6798.0
2025-05-12 01:45:00,23071.5,23255.5,23014.5,23186.0,8793.0
2025-05-12 02:30:00,23189.0,23195.0,22988.5,23001.0,6588.0
2025-05-12 03:15:00,23001.5,23087.5,22981.5,23081.0,3834.0
2025-05-12 04:00:00,23067.6,23071.0,23059.7,23066.1,666.0
2025-05-12 04:45:00,23066.5,23163.0,23066.1,23161.0,4049.0
2025-05-12 05:30:00,23161.5,23223.5,23127.0,23222.5,4506.0
2025-05-12 06:15:00,23222.0,23227.0,23123.5,23182.0,5008.0
2025-05-12 07:00:00,23180.0,23713.5,23180.0,23581.5,10355.0
2025-05-12 07:45:00,23581.0,23594.5,23457.0,23487.5,6254.0
2025-05-12 08:30:00,23470.3,23525.5,23453.8,23506.0,3003.0
2025-05-12 09:15:00,23524.5,23593.0,23504.0,23505.0,3153.0
2025-05-12 10:00:00,23504.5,23509.0,23444.0,23462.5,2990.0
2025-05-12 10:45:00,23462.0,23517.0,23442.5,23489.5,3155.0
2025-05-12 11:30:00,23486.5,23491.0,23440.0,23469.0,2887.0
2025-05-12 12:15:00,23468.5,23506.5,23455.5,23491.5,2273.0
2025-05-12 13:00:00,23492.0,23584.0,23415.5,23429.5,4988.0
2025-05-12 13:45:00,23428.0,23485.0,23396.0,23428.5,6229.0
2025-05-12 14:30:00,23428.0,23487.5,23368.0,23469.5,4623.0
2025-05-12 15:15:00,23470.0,23484.0,23433.0,23461.5,3933.0
2025-05-12 16:00:00,23461.0,23512.5,23457.5,23512.0,2762.0
2025-05-12 16:45:00,23512.5,23513.0,23479.5,23480.5,2168.0
2025-05-12 17:30:00,23480.0,23493.5,23468.5,23476.0,1800.0
2025-05-12 18:15:00,23475.5,23496.0,23470.8,23470.8,1729.0
2025-05-12 19:00:00,23471.0,23492.2,23461.8,23473.4,2500.0
2025-05-12 19:45:00,23473.7,23557.5,23464.2,23522.0,2861.0
2025-05-12 20:30:00,23522.9,23531.4,23519.0,23526.4,448.0
2025-05-12 21:45:00,23551.4,23552.6,23523.9,23534.5,939.0
2025-05-12 22:30:00,23534.7,23551.7,23519.8,23549.9,997.0
2025-05-12 23:15:00,23550.8,23566.4,23509.4,23509.4,803.0
2025-05-13 00:00:00,23508.4,23568.1,23474.7,23511.4,2072.0
2025-05-13 00:45:00,23510.9,23515.1,23398.2,23404.2,3096.0
2025-05-13 01:30:00,23403.7,23427.2,23221.2,23231.7,8842.0
2025-05-13 02:15:00,23232.7,23293.7,23183.7,23218.7,6451.0
2025-05-13 03:00:00,23217.7,23230.2,23134.7,23158.2,4451.0
2025-05-13 03:45:00,23157.7,23160.2,23122.2,23124.8,1381.0
2025-05-13 04:30:00,23123.9,23233.7,23103.3,23232.7,2695.0
2025-05-13 05:15:00,23233.2,23239.7,23165.7,23234.7,4235.0
2025-05-13 06:00:00,23235.2,23240.7,23177.7,23208.7,3684.0
2025-05-13 06:45:00,23208.2,23212.7,23119.2,23121.2,3094.0
2025-05-13 07:30:00,23119.7,23136.7,23079.2,23101.3,3544.0
2025-05-13 08:15:00,23100.8,23118.8,23076.1,23078.8,1807.0
2025-05-13 09:00:00,23079.3,23102.8,23043.3,23056.8,1990.0
2025-05-13 09:45:00,23057.3,23089.3,23046.8,23077.8,1596.0
2025-05-13 10:30:00,23078.8,23121.3,23065.3,23121.3,1820.0
2025-05-13 11:15:00,23120.8,23170.8,23112.3,23166.3,1944.0
2025-05-13 12:00:00,23167.3,23251.3,23154.3,23200.3,3316.0
2025-05-13 12:45:00,23199.8,23218.3,23169.3,23208.8,2701.0
2025-05-13 13:30:00,23211.8,23282.8,23162.8,23259.8,5544.0
2025-05-13 14:15:00,23259.3,23343.8,23233.3,23340.3,4658.0
2025-05-13 15:00:00,23339.3,23370.8,23321.8,23365.3,3528.0
2025-05-13 15:45:00,23364.3,23382.8,23345.8,23370.3,2679.0
2025-05-13 16:30:00,23369.8,23404.8,23367.8,23379.3,2091.0
2025-05-13 17:15:00,23379.8,23397.8,23360.8,23362.8,2088.0
2025-05-13 18:00:00,23363.3,23368.3,23340.8,23362.3,1908.0
2025-05-13 18:45:00,23361.8,23375.3,23357.3,23364.8,1743.0
2025-05-13 19:30:00,23365.1,23370.3,23233.9,23260.1,2934.0
2025-05-13 20:15:00,23259.3,23265.1,23246.5,23264.3,812.0
2025-05-13 21:45:00,23281.1,23293.2,23276.4,23288.8,673.0
2025-05-13 22:30:00,23289.3,23294.6,23276.6,23294.6,679.0
2025-05-13 23:15:00,23293.8,23341.9,23285.4,23336.3,754.0
2025-05-14 00:00:00,23335.5,23351.8,23316.3,23316.3,1355.0
2025-05-14 00:45:00,23317.2,23377.5,23284.1,23335.0,2453.0
2025-05-14 01:30:00,23335.5,23439.0,23281.0,23427.0,8647.0
2025-05-14 02:15:00,23426.5,23459.0,23304.5,23374.5,6620.0
2025-05-14 03:00:00,23373.0,23468.8,23347.0,23458.8,5599.0
2025-05-14 03:45:00,23456.8,23462.3,23420.0,23436.2,1307.0
2025-05-14 04:30:00,23435.3,23520.3,23433.9,23510.3,2803.0
2025-05-14 05:15:00,23511.3,23603.3,23497.8,23520.3,7448.0
2025-05-14 06:00:00,23521.3,23582.3,23497.3,23579.8,5428.0
2025-05-14 06:45:00,23581.3,23625.3,23567.8,23572.8,4272.0
2025-05-14 07:30:00,23572.3,23636.3,23557.8,23583.7,3868.0
2025-05-14 08:15:00,23584.2,23601.2,23558.0,23573.5,2152.0
2025-05-14 09:00:00,23573.1,23686.7,23538.0,23608.2,2903.0
2025-05-14 09:45:00,23608.7,23630.7,23549.2,23567.2,2224.0
2025-05-14 10:30:00,23566.7,23602.7,23559.7,23584.2,1695.0
2025-05-14 11:15:00,23583.7,23627.2,23573.7,23626.2,1788.0
2025-05-14 12:00:00,23625.7,23679.7,23614.7,23658.2,2055.0
2025-05-14 12:45:00,23661.7,23676.2,23606.2,23674.7,2345.0
2025-05-14 13:30:00,23674.2,23702.2,23557.2,23608.7,6048.0
2025-05-14 14:15:00,23609.2,23672.7,23601.2,23650.2,4176.0
2025-05-14 15:00:00,23649.7,23678.7,23596.2,23618.2,3549.0
2025-05-14 15:45:00,23616.7,23652.7,23608.2,23636.2,2687.0
2025-05-14 16:30:00,23635.7,23639.2,23578.2,23619.7,2953.0
2025-05-14 17:15:00,23620.2,23627.2,23585.2,23623.2,2511.0
2025-05-14 18:00:00,23623.7,23625.7,23585.7,23613.7,2406.0
2025-05-14 18:45:00,23613.2,23626.7,23576.0,23587.2,2513.0
2025-05-14 19:30:00,23587.3,23623.3,23566.4,23619.7,3364.0
2025-05-14 20:15:00,23618.8,23619.6,23599.1,23599.1,624.0
2025-05-14 21:00:00,23598.8,23598.8,23598.8,23598.8,1.0
2025-05-14 21:45:00,23584.2,23587.6,23572.7,23580.4,591.0
2025-05-14 22:30:00,23581.2,23582.1,23553.5,23565.0,571.0
2025-05-14 23:15:00,23565.8,23574.7,23547.9,23572.5,695.0
2025-05-15 00:00:00,23571.6,23592.7,23568.6,23592.7,840.0
2025-05-15 00:45:00,23592.5,23655.7,23579.9,23598.2,1916.0
2025-05-15 01:30:00,23597.7,23636.7,23494.7,23629.2,8342.0
2025-05-15 02:15:00,23627.7,23713.2,23601.2,23614.2,7084.0
2025-05-15 03:00:00,23611.2,23626.2,23555.2,23579.2,4620.0
2025-05-15 03:45:00,23579.7,23589.7,23568.8,23573.7,776.0
2025-05-15 04:30:00,23574.0,23574.8,23504.2,23510.7,2104.0
2025-05-15 05:15:00,23511.2,23522.7,23431.2,23439.2,5504.0
2025-05-15 06:00:00,23437.2,23480.2,23404.7,23430.2,5086.0
2025-05-15 06:45:00,23430.7,23461.7,23375.7,23388.2,3978.0
2025-05-15 07:30:00,23387.7,23432.4,23387.7,23423.4,2826.0
2025-05-15 08:15:00,23424.4,23433.9,23378.6,23386.5,1870.0
2025-05-15 09:00:00,23386.0,23472.4,23317.9,23333.4,2979.0
2025-05-15 09:45:00,23332.9,23384.4,23320.4,23342.9,2707.0
2025-05-15 10:30:00,23343.4,23380.4,23333.4,23374.9,1810.0
2025-05-15 11:15:00,23375.4,23377.4,23335.4,23337.4,1719.0
2025-05-15 12:00:00,23336.9,23403.9,23327.9,23400.9,2314.0
2025-05-15 12:45:00,23400.4,23410.4,23329.4,23332.9,2766.0
2025-05-15 13:30:00,23333.4,23347.9,23235.9,23244.9,6519.0
2025-05-15 14:15:00,23245.4,23250.9,23176.9,23202.9,5056.0
2025-05-15 15:00:00,23203.4,23279.9,23199.9,23276.4,3915.0
2025-05-15 15:45:00,23276.9,23288.4,23240.4,23245.4,2951.0
2025-05-15 16:30:00,23245.9,23274.4,23239.4,23252.9,2011.0
2025-05-15 17:15:00,23252.4,23282.4,23248.9,23279.9,1958.0
2025-05-15 18:00:00,23279.4,23283.4,23264.4,23280.9,2414.0
2025-05-15 18:45:00,23281.4,23282.4,23244.5,23247.1,3067.0
2025-05-15 19:30:00,23247.0,23288.1,23247.0,23278.9,3389.0
2025-05-15 20:15:00,23279.4,23284.0,23274.8,23275.1,604.0
2025-05-15 21:45:00,23280.2,23283.4,23271.7,23282.2,509.0
2025-05-15 22:30:00,23282.7,23285.8,23276.8,23277.3,552.0
2025-05-15 23:15:00,23277.9,23291.6,23277.4,23289.0,457.0
2025-05-16 00:00:00,23290.1,23297.9,23286.8,23290.8,949.0
2025-05-16 00:45:00,23290.5,23290.5,23218.9,23250.4,2352.0
2025-05-16 01:30:00,23249.9,23332.9,23197.9,23228.9,8983.0
2025-05-16 02:15:00,23228.4,23255.4,23180.4,23242.9,6936.0
2025-05-16 03:00:00,23242.4,23305.3,23238.9,23289.3,4149.0
2025-05-16 03:45:00,23288.8,23297.8,23264.6,23279.0,971.0
2025-05-16 04:30:00,23279.1,23343.8,23267.8,23338.8,2160.0
2025-05-16 05:15:00,23337.3,23368.8,23300.3,23303.3,4767.0
2025-05-16 06:00:00,23302.8,23364.8,23286.8,23341.3,4228.0
2025-05-16 06:45:00,23340.8,23378.3,23332.3,23364.3,2939.0
2025-05-16 07:30:00,23364.8,23381.8,23307.8,23313.3,3393.0
2025-05-16 08:15:00,23312.8,23331.8,23287.6,23297.7,1396.0
2025-05-16 09:00:00,23298.7,23327.8,23291.5,23318.3,1094.0
2025-05-16 09:45:00,23320.3,23350.3,23316.8,23344.3,1566.0
2025-05-16 10:30:00,23343.8,23349.3,23322.8,23328.8,977.0
2025-05-16 11:15:00,23329.3,23334.3,23305.3,23319.8,1097.0
2025-05-16 12:00:00,23320.8,23321.8,23294.3,23298.8,1482.0
2025-05-16 12:45:00,23299.3,23312.8,23276.3,23298.3,1828.0
2025-05-16 13:30:00,23300.3,23321.8,23239.3,23311.3,5195.0
2025-05-16 14:15:00,23310.8,23321.3,23248.8,23268.3,3804.0
2025-05-16 15:00:00,23268.8,23289.8,23256.3,23287.3,2668.0
2025-05-16 15:45:00,23287.8,23287.8,23251.3,23272.8,1947.0
2025-05-16 16:30:00,23272.3,23298.3,23267.8,23297.3,1766.0
2025-05-16 17:15:00,23296.8,23312.8,23277.3,23287.8,1761.0
2025-05-16 18:00:00,23288.3,23321.3,23286.3,23303.3,1845.0
2025-05-16 18:45:00,23303.8,23322.3,23298.4,23300.2,1412.0
2025-05-16 19:30:00,23300.1,23313.2,23275.5,23279.8,2605.0
2025-05-16 20:15:00,23279.2,23282.3,23205.8,23225.6,1484.0
2025-05-18 22:00:00,23197.7,23226.0,23189.0,23216.4,2365.0
2025-05-18 22:45:00,23216.7,23242.7,23216.2,23242.2,986.0
2025-05-18 23:30:00,23242.4,23269.7,23236.5,23246.6,1602.0
2025-05-19 00:15:00,23246.3,23261.9,23224.2,23232.2,1994.0
2025-05-19 01:00:00,23232.5,23232.7,23059.3,23098.8,5897.0
2025-05-19 01:45:00,23099.3,23230.3,23043.8,23225.3,8173.0
2025-05-19 02:30:00,23226.3,23278.8,23208.8,23229.8,6109.0
2025-05-19 03:15:00,23229.3,23274.3,23193.8,23224.8,3700.0
2025-05-19 04:00:00,23213.4,23222.8,23209.3,23222.0,1089.0
2025-05-19 04:45:00,23221.7,23302.8,23207.9,23282.3,3425.0
2025-05-19 05:30:00,23282.8,23380.3,23269.8,23367.8,4140.0
2025-05-19 06:15:00,23367.3,23373.8,23285.8,23288.3,3871.0
2025-05-19 07:00:00,23287.8,23404.3,23285.3,23362.3,3170.0
2025-05-19 07:45:00,23363.8,23363.8,23300.3,23315.3,2627.0
2025-05-19 08:30:00,23288.7,23297.2,23278.6,23294.4,2141.0
2025-05-19 09:15:00,23303.8,23325.8,23270.3,23298.8,1366.0
2025-05-19 10:00:00,23297.8,23303.8,23265.8,23296.8,1318.0
2025-05-19 10:45:00,23297.3,23314.8,23284.8,23293.8,1268.0
2025-05-19 11:30:00,23291.8,23322.8,23289.8,23318.3,1348.0
2025-05-19 12:15:00,23317.8,23317.8,23266.8,23283.3,1712.0
2025-05-19 13:00:00,23281.8,23288.8,23241.8,23270.3,3751.0
2025-05-19 13:45:00,23273.3,23331.3,23261.3,23303.8,3875.0
2025-05-19 14:30:00,23303.3,23374.3,23301.8,23369.3,2601.0
2025-05-19 15:15:00,23369.8,23434.3,23365.3,23410.3,2798.0
2025-05-19 16:00:00,23410.8,23427.8,23401.8,23410.3,1624.0
2025-05-19 16:45:00,23411.3,23439.3,23411.3,23424.8,1449.0
2025-05-19 17:30:00,23425.3,23435.8,23397.3,23401.8,1516.0
2025-05-19 18:15:00,23401.3,23428.8,23394.3,23412.3,1155.0
2025-05-19 19:00:00,23412.4,23426.1,23412.2,23414.3,2008.0
2025-05-19 19:45:00,23414.0,23457.6,23411.7,23424.6,2029.0
2025-05-19 20:30:00,23424.1,23438.3,23421.7,23436.8,373.0
2025-05-19 21:45:00,23441.4,23445.7,23433.1,23442.0,435.0
2025-05-19 22:30:00,23441.0,23471.7,23437.4,23468.6,403.0
2025-05-19 23:15:00,23468.3,23489.6,23450.8,23451.5,668.0
2025-05-20 00:00:00,23452.0,23480.8,23433.3,23479.3,1080.0
2025-05-20 00:45:00,23479.9,23479.9,23382.5,23442.0,2058.0
2025-05-20 01:30:00,23443.0,23604.5,23339.5,23540.0,8338.0
2025-05-20 02:15:00,23540.5,23580.5,23469.0,23567.0,5521.0
2025-05-20 03:00:00,23565.0,23669.0,23550.5,23650.5,4529.0
2025-05-20 03:45:00,23650.0,23652.0,23617.4,23620.5,1070.0
2025-05-20 04:30:00,23620.0,23684.0,23617.5,23654.5,2733.0
2025-05-20 05:15:00,23655.0,23674.0,23606.0,23652.0,4514.0
2025-05-20 06:00:00,23652.5,23713.5,23640.5,23657.0,3888.0
2025-05-20 06:45:00,23657.5,23709.5,23631.0,23686.0,2925.0
2025-05-20 07:30:00,23686.5,23695.5,23641.6,23649.1,2484.0
2025-05-20 08:15:00,23648.1,23662.6,23625.9,23627.0,1563.0
2025-05-20 09:00:00,23627.3,23670.6,23625.8,23646.6,1358.0
2025-05-20 09:45:00,23646.1,23653.1,23631.6,23633.1,976.0
2025-05-20 10:30:00,23633.6,23657.1,23626.1,23652.1,1178.0
2025-05-20 11:15:00,23654.1,23689.6,23650.6,23681.6,1021.0
2025-05-20 12:00:00,23681.1,23716.6,23676.1,23697.6,1742.0
2025-05-20 12:45:00,23699.6,23715.6,23673.6,23680.6,1977.0
2025-05-20 13:30:00,23681.1,23721.6,23657.6,23694.6,5236.0
2025-05-20 14:15:00,23695.1,23703.6,23640.1,23678.1,3422.0
2025-05-20 15:00:00,23678.6,23690.6,23658.1,23661.6,2424.0
2025-05-20 15:45:00,23660.6,23696.1,23658.1,23679.6,1704.0
2025-05-20 16:30:00,23679.1,23735.6,23678.6,23734.6,1474.0
2025-05-20 17:15:00,23734.1,23736.1,23713.6,23731.6,1557.0
2025-05-20 18:00:00,23731.1,23758.1,23688.6,23697.6,2318.0
2025-05-20 18:45:00,23698.1,23702.6,23657.7,23691.6,2730.0
2025-05-20 19:30:00,23693.5,23722.3,23693.5,23702.7,2796.0
2025-05-20 20:15:00,23702.3,23717.1,23702.3,23706.9,575.0
2025-05-20 21:00:00,23706.7,23706.7,23706.7,23706.7,1.0
2025-05-20 21:45:00,23706.6,23710.0,23667.5,23683.8,1595.0
2025-05-20 22:30:00,23683.0,23709.9,23683.0,23708.8,978.0
2025-05-20 23:15:00,23708.5,23715.2,23703.1,23708.8,452.0
2025-05-21 00:00:00,23708.5,23737.9,23678.3,23696.4,1353.0
2025-05-21 00:45:00,23696.6,23748.6,23682.1,23694.1,1942.0
2025-05-21 01:30:00,23694.6,23889.6,23681.1,23798.1,8588.0
2025-05-21 02:15:00,23797.6,23887.6,23747.6,23874.1,6788.0
2025-05-21 03:00:00,23875.6,23876.1,23795.6,23804.1,4725.0
2025-05-21 03:45:00,23804.6,23810.1,23778.6,23778.6,1103.0
2025-05-21 04:30:00,23779.1,23927.1,23774.0,23880.1,2809.0
2025-05-21 05:15:00,23880.6,23898.6,23784.1,23785.6,5428.0
2025-05-21 06:00:00,23784.1,23798.6,23756.1,23778.1,3966.0
2025-05-21 06:45:00,23777.1,23796.1,23743.1,23793.6,2900.0
2025-05-21 07:30:00,23794.1,23833.4,23785.1,23821.9,2658.0
2025-05-21 08:15:00,23822.4,23828.4,23775.5,23787.2,1619.0
2025-05-21 09:00:00,23787.7,23804.9,23772.9,23782.9,1628.0
2025-05-21 09:45:00,23782.4,23819.9,23774.9,23814.9,1897.0
2025-05-21 10:30:00,23814.4,23832.4,23812.9,23822.9,1359.0
2025-05-21 11:15:00,23823.4,23830.4,23803.4,23816.9,1020.0
2025-05-21 12:00:00,23817.4,23863.9,23792.4,23827.9,2078.0
2025-05-21 12:45:00,23827.4,23884.4,23816.9,23854.9,2158.0
2025-05-21 13:30:00,23854.4,23908.4,23777.4,23805.4,5953.0
2025-05-21 14:15:00,23804.9,23813.4,23762.4,23797.4,3591.0
2025-05-21 15:00:00,23796.9,23805.4,23766.4,23784.9,2831.0
2025-05-21 15:45:00,23784.4,23809.4,23774.4,23777.4,2134.0
2025-05-21 16:30:00,23776.9,23838.4,23776.9,23818.4,1597.0
2025-05-21 17:15:00,23819.9,23819.9,23689.9,23723.9,5225.0
2025-05-21 18:00:00,23722.9,23729.9,23685.4,23712.9,3620.0
2025-05-21 18:45:00,23712.4,23712.4,23579.8,23596.9,4595.0
2025-05-21 19:30:00,23597.2,23646.7,23595.3,23599.7,5047.0
2025-05-21 20:15:00,23599.2,23617.3,23597.4,23612.9,907.0
2025-05-21 21:45:00,23616.9,23634.1,23599.3,23615.0,1529.0
2025-05-21 22:30:00,23615.6,23642.7,23614.1,23640.9,1108.0
2025-05-21 23:15:00,23640.7,23655.1,23638.9,23641.8,889.0
2025-05-22 00:00:00,23642.4,23665.8,23636.8,23665.6,1644.0
2025-05-22 00:45:00,23665.8,23769.0,23662.3,23724.5,2454.0
2025-05-22 01:30:00,23724.0,23777.5,23622.0,23686.5,8305.0
2025-05-22 02:15:00,23686.0,23758.0,23597.0,23608.5,6330.0
2025-05-22 03:00:00,23611.0,23754.0,23602.0,23707.5,5235.0
2025-05-22 03:45:00,23708.0,23709.5,23669.5,23673.8,965.0
2025-05-22 04:30:00,23674.0,23689.0,23582.5,23582.5,2744.0
2025-05-22 05:15:00,23583.0,23646.5,23570.5,23642.5,5137.0
2025-05-22 06:00:00,23643.0,23645.5,23552.5,23562.5,4113.0
2025-05-22 06:45:00,23563.0,23570.5,23473.0,23510.5,3486.0
2025-05-22 07:30:00,23511.0,23530.9,23464.0,23508.9,3311.0
2025-05-22 08:15:00,23508.4,23554.4,23505.9,23520.1,1678.0
2025-05-22 09:00:00,23520.4,23543.4,23482.4,23511.9,1509.0
2025-05-22 09:45:00,23510.4,23519.9,23476.4,23491.4,1264.0
2025-05-22 10:30:00,23490.4,23519.9,23483.4,23494.4,1276.0
2025-05-22 11:15:00,23493.9,23503.4,23461.9,23463.9,1650.0
2025-05-22 12:00:00,23464.4,23489.9,23457.4,23485.9,2247.0
2025-05-22 12:45:00,23487.4,23535.4,23486.4,23498.9,1929.0
2025-05-22 13:30:00,23497.9,23527.9,23441.4,23476.9,5409.0
2025-05-22 14:15:00,23476.4,23522.4,23474.9,23511.9,3516.0
2025-05-22 15:00:00,23511.4,23545.4,23486.4,23536.9,3107.0
2025-05-22 15:45:00,23535.9,23548.9,23521.4,23527.9,2087.0
2025-05-22 16:30:00,23528.4,23528.4,23492.9,23496.4,2212.0
2025-05-22 17:15:00,23495.9,23546.9,23495.9,23539.9,1911.0
2025-05-22 18:00:00,23540.4,23548.9,23528.4,23531.9,1750.0
2025-05-22 18:45:00,23531.4,23538.4,23509.2,23529.0,2094.0
2025-05-22 19:30:00,23528.8,23529.3,23485.5,23501.6,3896.0
2025-05-22 20:15:00,23502.7,23525.6,23499.1,23524.7,777.0
2025-05-22 21:45:00,23530.8,23535.6,23518.6,23526.6,697.0
2025-05-22 22:30:00,23526.9,23527.3,23480.5,23497.0,961.0
2025-05-22 23:15:00,23497.9,23505.2,23493.5,23502.5,680.0
2025-05-23 00:00:00,23503.7,23517.2,23502.3,23508.0,1294.0
2025-05-23 00:45:00,23507.4,23559.4,23503.3,23540.4,1869.0
2025-05-23 01:30:00,23540.9,23662.9,23491.4,23647.9,8476.0
2025-05-23 02:15:00,23648.4,23688.9,23581.9,23685.9,7047.0
2025-05-23 03:00:00,23686.4,23746.4,23673.9,23690.9,5028.0
2025-05-23 03:45:00,23690.4,23695.4,23670.0,23670.5,991.0
2025-05-23 04:30:00,23670.0,23703.9,23651.9,23703.4,2353.0
2025-05-23 05:15:00,23703.9,23749.9,23632.4,23632.4,4860.0
2025-05-23 06:00:00,23632.9,23632.9,23506.4,23536.9,7117.0
2025-05-23 06:45:00,23536.4,23554.9,23482.4,23551.9,4086.0
2025-05-23 07:30:00,23551.4,23596.3,23504.9,23575.3,3574.0
2025-05-23 08:15:00,23575.8,23582.3,23542.6,23544.6,1689.0
2025-05-23 09:00:00,23544.1,23586.8,23532.2,23575.8,1906.0
2025-05-23 09:45:00,23576.3,23603.3,23566.3,23578.3,1593.0
2025-05-23 10:30:00,23578.8,23595.8,23567.8,23567.8,902.0
2025-05-23 11:15:00,23567.3,23578.8,23355.3,23358.3,5157.0
2025-05-23 12:00:00,23358.8,23401.3,23298.3,23392.8,5752.0
2025-05-23 12:45:00,23393.3,23408.8,23333.8,23390.8,3604.0
2025-05-23 13:30:00,23390.3,23527.3,23378.8,23523.3,6528.0
2025-05-23 14:15:00,23523.8,23532.3,23492.3,23498.3,4198.0
2025-05-23 15:00:00,23498.8,23514.8,23473.3,23502.8,3126.0
2025-05-23 15:45:00,23503.3,23503.3,23446.8,23476.8,3015.0
2025-05-23 16:30:00,23477.3,23512.8,23460.8,23509.8,1732.0
2025-05-23 17:15:00,23510.3,23529.3,23507.8,23519.3,1722.0
2025-05-23 18:00:00,23518.3,23539.3,23512.3,23520.8,1968.0
2025-05-23 18:45:00,23520.3,23521.8,23465.5,23469.1,3165.0
2025-05-23 19:30:00,23469.0,23491.9,23446.3,23455.4,4116.0
2025-05-23 20:15:00,23455.9,23463.9,23444.0,23462.3,891.0
2025-05-25 22:00:00,23491.5,23637.6,23491.5,23587.7,3812.0
2025-05-25 22:45:00,23587.5,23612.2,23583.9,23598.6,2067.0
2025-05-25 23:30:00,23598.3,23620.1,23592.0,23602.5,2320.0
2025-05-26 00:15:00,23602.7,23634.1,23602.7,23613.0,2358.0
2025-05-26 01:00:00,23612.7,23613.0,23428.3,23513.3,5850.0
2025-05-26 01:45:00,23515.3,23559.3,23384.3,23522.3,8305.0
2025-05-26 02:30:00,23522.8,23530.3,23365.3,23380.3,6236.0
2025-05-26 03:15:00,23381.3,23385.8,23301.8,23354.8,4606.0
2025-05-26 04:00:00,23342.3,23348.3,23336.7,23348.0,519.0
2025-05-26 04:45:00,23347.5,23369.3,23274.3,23277.3,4385.0
2025-05-26 05:30:00,23278.3,23331.8,23268.3,23299.3,5558.0
2025-05-26 06:15:00,23299.8,23312.8,23264.3,23307.8,4719.0
2025-05-26 07:00:00,23308.3,23320.3,23216.8,23260.8,3778.0
2025-05-26 07:45:00,23260.3,23263.8,23209.3,23217.8,3337.0
2025-05-26 08:30:00,23210.2,23219.0,23192.5,23208.4,1217.0
2025-05-26 09:15:00,23208.1,23210.2,23190.2,23193.9,912.0
2025-05-26 10:00:00,23194.2,23214.0,23189.4,23208.9,730.0
2025-05-26 10:45:00,23208.6,23224.6,23203.2,23221.0,626.0
2025-05-26 11:30:00,23220.4,23229.8,23217.7,23224.1,458.0
2025-05-26 12:15:00,23224.7,23230.5,23207.7,23208.5,675.0
2025-05-26 13:00:00,23208.8,23234.5,23203.5,23228.6,1478.0
2025-05-26 13:45:00,23228.9,23228.9,23199.3,23207.1,1620.0
2025-05-26 14:30:00,23207.4,23207.9,23159.2,23168.8,1988.0
2025-05-26 15:15:00,23169.3,23211.6,23166.6,23210.0,1128.0
2025-05-26 16:00:00,23210.2,23232.1,23205.7,23232.1,849.0
2025-05-26 16:45:00,23232.4,23244.9,23223.3,23226.6,528.0
2025-05-26 17:30:00,23225.7,23227.3,23220.4,23221.4,34.0
2025-05-26 18:15:00,23222.4,23222.5,23221.4,23221.6,5.0
2025-05-26 19:00:00,23221.9,23228.6,23221.8,23223.3,53.0
2025-05-26 19:45:00,23222.1,23225.7,23218.9,23224.8,34.0
2025-05-26 20:30:00,23225.0,23225.8,23225.0,23225.8,3.0
2025-05-26 21:45:00,23220.5,23221.2,23203.5,23206.8,844.0
2025-05-26 22:30:00,23206.2,23209.4,23191.4,23207.1,713.0
2025-05-26 23:15:00,23207.2,23210.7,23181.4,23189.5,589.0
2025-05-27 00:00:00,23188.7,23195.8,23177.4,23183.5,1062.0
2025-05-27 00:45:00,23184.0,23255.3,23182.8,23219.8,2469.0
2025-05-27 01:30:00,23220.3,23355.3,23165.3,23350.3,8943.0
2025-05-27 02:15:00,23350.8,23353.3,23189.8,23202.8,6938.0
2025-05-27 03:00:00,23205.3,23241.8,23142.3,23194.8,5462.0
2025-05-27 03:45:00,23195.3,23220.3,23192.3,23213.4,1190.0
2025-05-27 04:30:00,23212.8,23252.8,23203.3,23226.8,2683.0
2025-05-27 05:15:00,23226.3,23319.3,23197.3,23319.3,5705.0
2025-05-27 06:00:00,23321.3,23390.8,23312.3,23345.3,5918.0
2025-05-27 06:45:00,23344.8,23376.8,23330.3,23345.3,4120.0
2025-05-27 07:30:00,23345.8,23386.3,23289.3,23290.8,4128.0
2025-05-27 08:15:00,23290.3,23303.3,23257.3,23268.3,1836.0
2025-05-27 09:00:00,23268.5,23364.3,23266.0,23346.8,1818.0
2025-05-27 09:45:00,23346.3,23360.3,23321.3,23340.3,1505.0
2025-05-27 10:30:00,23341.3,23346.3,23274.3,23307.3,2436.0
2025-05-27 11:15:00,23307.8,23330.3,23301.3,23312.8,1580.0
2025-05-27 12:00:00,23312.3,23333.8,23298.8,23317.3,1883.0
2025-05-27 12:45:00,23317.8,23356.8,23307.8,23320.8,2009.0
2025-05-27 13:30:00,23321.3,23346.3,23282.3,23332.3,5084.0
2025-05-27 14:15:00,23332.8,23354.8,23315.8,23317.3,3269.0
2025-05-27 15:00:00,23318.3,23321.3,23287.8,23297.8,2503.0
2025-05-27 15:45:00,23298.3,23327.3,23288.8,23322.3,1954.0
2025-05-27 16:30:00,23321.8,23327.3,23304.3,23308.8,1703.0
2025-05-27 17:15:00,23308.3,23313.3,23284.8,23309.8,1472.0
2025-05-27 18:00:00,23310.3,23326.8,23304.3,23322.8,1432.0
2025-05-27 18:45:00,23323.3,23326.3,23303.1,23306.7,1339.0
2025-05-27 19:30:00,23306.4,23342.5,23299.3,23337.6,2635.0
2025-05-27 20:15:00,23338.1,23343.8,23334.1,23341.1,741.0
2025-05-27 21:00:00,23341.0,23341.0,23341.0,23341.0,1.0
2025-05-27 21:45:00,23347.9,23347.9,23332.0,23336.9,543.0
2025-05-27 22:30:00,23336.4,23359.2,23332.4,23358.7,355.0
2025-05-27 23:15:00,23359.2,23364.1,23353.5,23357.1,365.0
2025-05-28 00:00:00,23357.0,23357.0,23347.1,23352.5,703.0
2025-05-28 00:45:00,23352.7,23380.8,23324.8,23369.8,1895.0
2025-05-28 01:30:00,23378.8,23437.8,23275.8,23286.8,8107.0
2025-05-28 02:15:00,23287.3,23303.8,23233.3,23268.8,6108.0
2025-05-28 03:00:00,23269.3,23271.3,23196.3,23199.3,4806.0
2025-05-28 03:45:00,23198.3,23227.3,23192.8,23208.1,1199.0
2025-05-28 04:30:00,23208.6,23247.3,23178.8,23246.8,2119.0
2025-05-28 05:15:00,23245.3,23260.3,23150.3,23186.8,5197.0
2025-05-28 06:00:00,23187.8,23195.3,23134.8,23173.3,4751.0
2025-05-28 06:45:00,23172.8,23254.3,23169.3,23214.8,3677.0
2025-05-28 07:30:00,23214.3,23239.6,23181.1,23205.1,3768.0
2025-05-28 08:15:00,23204.6,23226.6,23191.1,23201.8,1212.0
2025-05-28 09:00:00,23202.0,23216.1,23170.1,23202.1,1419.0
2025-05-28 09:45:00,23201.6,23208.6,23183.6,23206.1,1246.0
2025-05-28 10:30:00,23206.6,23235.1,23192.6,23195.1,1506.0
2025-05-28 11:15:00,23194.6,23207.6,23170.6,23204.1,1343.0
2025-05-28 12:00:00,23203.6,23209.6,23180.1,23188.1,1549.0
2025-05-28 12:45:00,23187.6,23191.1,23137.1,23139.6,1726.0
2025-05-28 13:30:00,23142.1,23143.6,23103.6,23128.1,4192.0
2025-05-28 14:15:00,23127.6,23131.6,23068.1,23079.1,3117.0
2025-05-28 15:00:00,23080.1,23105.1,23061.6,23074.1,2695.0
2025-05-28 15:45:00,23074.6,23088.1,23064.6,23079.6,1601.0
2025-05-28 16:30:00,23079.1,23107.6,23065.1,23103.1,1435.0
2025-05-28 17:15:00,23102.6,23113.1,23087.1,23089.6,1193.0
2025-05-28 18:00:00,23089.1,23107.1,23082.1,23087.1,1014.0
2025-05-28 18:45:00,23087.6,23121.1,23062.3,23065.4,3338.0
2025-05-28 19:30:00,23065.2,23074.4,23019.7,23040.2,3861.0
2025-05-28 20:15:00,23039.7,23100.3,23020.2,23097.6,2699.0
2025-05-28 21:45:00,23089.8,23096.2,23077.5,23092.1,1049.0
2025-05-28 22:30:00,23091.8,23218.5,23089.2,23215.5,3569.0
2025-05-28 23:15:00,23215.7,23248.5,23186.1,23219.5,5386.0
2025-05-29 00:00:00,23219.0,23234.3,23186.2,23224.7,4008.0
2025-05-29 00:45:00,23224.4,23284.5,23172.1,23220.5,4063.0
2025-05-29 01:30:00,23218.5,23365.0,23169.5,23261.5,9449.0
2025-05-29 02:15:00,23264.5,23379.5,23252.5,23320.5,8195.0
2025-05-29 03:00:00,23322.0,23431.0,23281.0,23402.0,6985.0
2025-05-29 03:45:00,23401.5,23412.5,23367.5,23377.7,1913.0
2025-05-29 04:30:00,23377.3,23460.5,23367.6,23452.5,3188.0
2025-05-29 05:15:00,23451.5,23532.5,23440.5,23454.5,7016.0
2025-05-29 06:00:00,23452.5,23463.5,23380.5,23421.5,5793.0
2025-05-29 06:45:00,23422.5,23582.5,23418.5,23529.5,5375.0
2025-05-29 07:30:00,23529.0,23569.7,23505.7,23506.2,3905.0
2025-05-29 08:15:00,23505.7,23505.7,23437.1,23452.2,1983.0
2025-05-29 09:00:00,23452.7,23492.2,23447.6,23478.2,1851.0
2025-05-29 09:45:00,23478.7,23484.2,23457.7,23462.7,1417.0
2025-05-29 10:30:00,23463.2,23470.2,23368.7,23401.2,1837.0
2025-05-29 11:15:00,23400.7,23402.7,23365.7,23366.2,1501.0
2025-05-29 12:00:00,23366.7,23425.7,23366.7,23394.7,2777.0
2025-05-29 12:45:00,23395.2,23442.2,23393.2,23442.2,2013.0
2025-05-29 13:30:00,23442.7,23448.2,23295.7,23313.2,5936.0
2025-05-29 14:15:00,23313.7,23323.2,23269.2,23313.7,4392.0
2025-05-29 15:00:00,23314.2,23325.7,23284.7,23286.7,3545.0
2025-05-29 15:45:00,23287.2,23319.2,23256.7,23311.2,3599.0
2025-05-29 16:30:00,23310.7,23329.2,23306.7,23325.2,2770.0
2025-05-29 17:15:00,23325.7,23343.7,23319.2,23322.7,2786.0
2025-05-29 18:00:00,23323.2,23341.7,23309.7,23320.2,2340.0
2025-05-29 18:45:00,23320.7,23326.2,23284.7,23295.9,2876.0
2025-05-29 19:30:00,23296.1,23323.2,23295.3,23300.6,3475.0
2025-05-29 20:15:00,23302.1,23316.7,23297.7,23300.8,698.0
2025-05-29 21:00:00,23300.9,23300.9,23300.9,23300.9,1.0
2025-05-29 21:45:00,23289.1,23308.4,23282.3,23283.1,1335.0
2025-05-29 22:30:00,23283.4,23290.6,23272.3,23287.2,1311.0
2025-05-29 23:15:00,23286.9,23293.1,23268.1,23268.1,1297.0
2025-05-30 00:00:00,23268.6,23287.8,23268.1,23287.3,1928.0
2025-05-30 00:45:00,23287.8,23311.1,23220.2,23280.6,3513.0
2025-05-30 01:30:00,23279.6,23328.1,23168.0,23196.5,8591.0
2025-05-30 02:15:00,23196.0,23209.5,23134.5,23185.0,6076.0
2025-05-30 03:00:00,23184.0,23240.0,23151.5,23212.5,4656.0
2025-05-30 03:45:00,23213.0,23223.5,23184.2,23185.1,1149.0
2025-05-30 04:30:00,23184.9,23227.5,23178.7,23206.5,2352.0
2025-05-30 05:15:00,23206.0,23241.5,23179.5,23195.0,4562.0
2025-05-30 06:00:00,23194.5,23211.5,23168.5,23199.5,4052.0
2025-05-30 06:45:00,23200.0,23219.5,23142.0,23194.5,4126.0
2025-05-30 07:30:00,23194.0,23309.4,23189.0,23292.9,3712.0
2025-05-30 08:15:00,23291.4,23302.4,23271.6,23272.7,1882.0
2025-05-30 09:00:00,23272.8,23299.9,23270.9,23286.9,1646.0
2025-05-30 09:45:00,23287.4,23290.4,23264.9,23281.9,1216.0
2025-05-30 10:30:00,23282.4,23334.9,23280.4,23314.4,1168.0
2025-05-30 11:15:00,23314.9,23320.4,23291.4,23295.4,1251.0
2025-05-30 12:00:00,23296.4,23311.9,23116.4,23153.9,4620.0
2025-05-30 12:45:00,23154.4,23158.4,23118.4,23132.4,2710.0
2025-05-30 13:30:00,23131.9,23131.9,23067.9,23110.4,5351.0
2025-05-30 14:15:00,23109.9,23144.4,23074.9,23080.9,3368.0
2025-05-30 15:00:00,23082.4,23116.4,23060.9,23070.4,3169.0
2025-05-30 15:45:00,23069.9,23092.4,22974.9,23003.9,2883.0
2025-05-30 16:30:00,23003.4,23012.9,22925.4,22989.4,5730.0
2025-05-30 17:15:00,22988.9,22998.9,22964.9,22967.4,2987.0
2025-05-30 18:00:00,22967.9,23033.9,22966.9,23005.4,3257.0
2025-05-30 18:45:00,23005.9,23047.2,23005.9,23037.7,3217.0
2025-05-30 19:30:00,23037.9,23059.8,22984.9,23011.3,5234.0
2025-05-30 20:15:00,23011.7,23013.9,22996.6,23003.6,928.0
2025-06-01 22:00:00,22962.4,22983.8,22959.5,22969.6,1313.0
2025-06-01 22:45:00,22969.9,22975.6,22958.0,22959.0,885.0
2025-06-01 23:30:00,22958.6,22984.1,22949.7,22983.0,1398.0
2025-06-02 00:15:00,22983.5,22988.7,22962.3,22966.3,1630.0
2025-06-02 01:00:00,22965.7,23056.5,22821.0,22828.0,5430.0
2025-06-02 01:45:00,22828.5,22835.5,22643.0,22693.5,7386.0
2025-06-02 02:30:00,22691.5,22753.5,22665.0,22690.5,4479.0
2025-06-02 03:15:00,22691.0,22750.0,22636.5,22736.0,3765.0
2025-06-02 04:00:00,22726.0,22737.7,22723.9,22731.7,536.0
2025-06-02 04:45:00,22732.0,22877.0,22716.2,22850.5,3950.0
2025-06-02 05:30:00,22849.5,22910.0,22811.0,22889.0,3725.0
2025-06-02 06:15:00,22888.5,23030.0,22888.5,23020.5,4332.0
2025-06-02 07:00:00,23021.0,23145.0,23019.5,23091.5,5810.0
2025-06-02 07:45:00,23091.0,23171.6,23085.0,23146.1,4282.0
2025-06-02 08:30:00,23137.5,23140.7,23087.8,23093.2,2317.0
2025-06-02 09:15:00,23092.8,23198.6,23092.8,23144.6,2476.0
2025-06-02 10:00:00,23144.1,23165.1,23136.1,23159.6,1993.0
2025-06-02 10:45:00,23160.1,23179.6,23158.6,23163.1,1577.0
2025-06-02 11:30:00,23162.6,23198.6,23160.6,23169.6,1624.0
2025-06-02 12:15:00,23170.1,23196.1,23158.1,23185.6,1576.0
2025-06-02 13:00:00,23187.1,23201.1,23133.6,23170.6,3423.0
2025-06-02 13:45:00,23170.1,23178.1,23092.6,23159.6,4910.0
2025-06-02 14:30:00,23160.1,23247.1,23152.1,23218.6,4013.0
2025-06-02 15:15:00,23219.6,23231.6,23196.6,23208.6,2771.0
2025-06-02 16:00:00,23209.1,23215.6,23192.1,23196.1,1941.0
2025-06-02 16:45:00,23196.6,23231.6,23196.1,23216.6,1792.0
2025-06-02 17:30:00,23215.6,23230.1,23208.1,23228.1,1607.0
2025-06-02 18:15:00,23228.6,23265.6,23228.1,23261.6,1425.0
2025-06-02 19:00:00,23246.1,23281.4,23246.1,23270.3,1537.0
2025-06-02 19:45:00,23270.2,23304.6,23258.9,23300.9,2274.0
2025-06-02 20:30:00,23300.4,23300.4,23290.3,23293.3,408.0
2025-06-02 21:00:00,23294.0,23305.1,23286.3,23304.9,84.0
2025-06-02 21:45:00,23305.0,23305.6,23278.7,23281.0,482.0
2025-06-02 22:30:00,23281.6,23288.8,23280.2,23283.6,524.0
2025-06-02 23:15:00,23283.0,23293.2,23254.6,23264.4,1311.0
2025-06-03 00:00:00,23265.0,23266.8,23253.3,23260.5,906.0
2025-06-03 00:45:00,23260.0,23305.9,23212.8,23303.4,2043.0
2025-06-03 01:30:00,23301.4,23487.4,23294.4,23410.9,9445.0
2025-06-03 02:15:00,23410.4,23512.4,23395.4,23509.4,7220.0
2025-06-03 03:00:00,23508.4,23538.9,23407.9,23421.4,5658.0
2025-06-03 03:45:00,23418.4,23421.9,23393.2,23394.3,1111.0
2025-06-03 04:30:00,23394.8,23434.9,23386.7,23422.4,2449.0
2025-06-03 05:15:00,23421.9,23480.4,23376.4,23474.4,5148.0
2025-06-03 06:00:00,23475.4,23514.4,23459.4,23498.9,4208.0
2025-06-03 06:45:00,23498.4,23550.4,23475.4,23501.9,3903.0
2025-06-03 07:30:00,23502.4,23525.6,23472.1,23484.6,3663.0
2025-06-03 08:15:00,23484.1,23502.1,23477.6,23499.8,1738.0
2025-06-03 09:00:00,23499.2,23530.1,23493.1,23525.6,1438.0
2025-06-03 09:45:00,23526.1,23531.6,23494.1,23522.6,1679.0
2025-06-03 10:30:00,23523.1,23527.6,23497.6,23500.6,1343.0
2025-06-03 11:15:00,23500.1,23501.1,23468.6,23483.1,1670.0
2025-06-03 12:00:00,23484.1,23523.6,23468.6,23514.6,1993.0
2025-06-03 12:45:00,23515.1,23541.6,23500.6,23508.1,2096.0
2025-06-03 13:30:00,23508.6,23513.6,23399.6,23423.6,5305.0
2025-06-03 14:15:00,23423.1,23472.1,23415.6,23469.1,3359.0
2025-06-03 15:00:00,23468.6,23505.6,23451.1,23467.6,2741.0
2025-06-03 15:45:00,23467.1,23519.1,23465.6,23503.6,2208.0
2025-06-03 16:30:00,23503.1,23512.6,23496.6,23511.1,1413.0
2025-06-03 17:15:00,23511.6,23538.1,23510.6,23532.6,1338.0
2025-06-03 18:00:00,23533.1,23535.6,23513.6,23525.6,1721.0
2025-06-03 18:45:00,23525.1,23532.6,23504.9,23513.3,1915.0
2025-06-03 19:30:00,23513.2,23514.4,23473.3,23477.2,2850.0
2025-06-03 20:15:00,23477.7,23490.7,23472.6,23483.9,732.0
2025-06-03 21:00:00,23484.0,23486.7,23482.2,23485.0,89.0
2025-06-03 21:45:00,23485.3,23500.3,23481.8,23499.2,736.0
2025-06-03 22:30:00,23499.4,23503.1,23486.2,23498.7,786.0
2025-06-03 23:15:00,23498.2,23500.8,23489.4,23496.7,805.0
2025-06-04 00:00:00,23496.5,23506.7,23489.3,23500.6,1822.0
2025-06-04 00:45:00,23501.1,23542.2,23479.7,23484.2,2072.0
2025-06-04 01:30:00,23483.7,23716.7,23481.2,23650.9,9314.0
2025-06-04 02:15:00,23649.9,23689.9,23591.4,23638.9,6739.0
2025-06-04 03:00:00,23638.4,23725.9,23623.9,23668.9,5080.0
2025-06-04 03:45:00,23668.4,23702.9,23659.9,23685.1,1158.0
2025-06-04 04:30:00,23685.2,23734.9,23676.1,23695.4,2307.0
2025-06-04 05:15:00,23698.4,23707.4,23619.4,23687.4,5175.0
2025-06-04 06:00:00,23687.9,23699.9,23610.9,23622.4,4824.0
2025-06-04 06:45:00,23622.9,23660.9,23619.9,23641.4,3584.0
2025-06-04 07:30:00,23641.9,23678.6,23623.9,23673.6,3312.0
2025-06-04 08:15:00,23672.6,23675.1,23655.3,23657.0,1479.0
2025-06-04 09:00:00,23657.2,23678.6,23654.8,23663.6,1592.0
2025-06-04 09:45:00,23663.1,23675.1,23648.6,23661.1,1401.0
2025-06-04 10:30:00,23661.6,23676.6,23651.6,23667.6,1082.0
2025-06-04 11:15:00,23667.1,23682.1,23649.1,23654.1,1594.0
2025-06-04 12:00:00,23654.6,23683.1,23653.6,23678.6,2365.0
2025-06-04 12:45:00,23679.1,23692.1,23656.1,23663.6,1967.0
2025-06-04 13:30:00,23663.1,23748.1,23643.1,23734.6,5550.0
2025-06-04 14:15:00,23735.1,23783.6,23732.1,23752.1,3509.0
2025-06-04 15:00:00,23751.6,23828.1,23749.6,23793.1,3266.0
2025-06-04 15:45:00,23793.6,23829.1,23771.6,23783.1,3488.0
2025-06-04 16:30:00,23782.6,23801.1,23765.6,23795.1,1952.0
2025-06-04 17:15:00,23794.6,23810.6,23787.6,23789.1,1412.0
2025-06-04 18:00:00,23789.6,23802.1,23784.6,23799.1,1454.0
2025-06-04 18:45:00,23799.6,23801.7,23778.2,23801.5,1539.0
2025-06-04 19:30:00,23801.4,23805.4,23773.0,23783.0,2750.0
2025-06-04 20:15:00,23783.8,23786.1,23773.5,23776.9,631.0
2025-06-04 21:00:00,23777.6,23779.5,23775.8,23776.6,63.0
2025-06-04 21:45:00,23776.5,23778.1,23763.0,23777.7,634.0
2025-06-04 22:30:00,23778.3,23782.8,23769.8,23772.1,552.0
2025-06-04 23:15:00,23772.7,23773.5,23764.6,23768.7,436.0
2025-06-05 00:00:00,23768.2,23790.8,23767.6,23787.5,867.0
2025-06-05 00:45:00,23787.3,23901.0,23770.9,23891.0,2107.0
2025-06-05 01:30:00,23892.5,23928.0,23813.0,23900.5,9152.0
2025-06-05 02:15:00,23902.0,23935.5,23836.0,23894.5,7862.0
2025-06-05 03:00:00,23894.0,23916.0,23772.5,23777.5,5956.0
2025-06-05 03:45:00,23776.0,23781.5,23747.6,23757.7,1329.0
2025-06-05 04:30:00,23757.9,23783.0,23737.5,23772.0,2285.0
2025-06-05 05:15:00,23772.5,23809.0,23758.5,23797.5,5421.0
2025-06-05 06:00:00,23798.0,23842.0,23775.5,23833.0,4921.0
2025-06-05 06:45:00,23832.5,23905.5,23827.0,23871.0,3928.0
2025-06-05 07:30:00,23872.0,23916.0,23865.8,23870.3,3651.0
2025-06-05 08:15:00,23869.8,23897.8,23852.6,23861.6,1841.0
2025-06-05 09:00:00,23861.8,23916.3,23852.4,23900.3,1734.0
2025-06-05 09:45:00,23901.3,23907.8,23887.3,23897.3,1390.0
2025-06-05 10:30:00,23897.8,23906.3,23840.8,23842.3,1602.0
2025-06-05 11:15:00,23842.8,23865.3,23841.3,23854.3,1314.0
2025-06-05 12:00:00,23853.8,23876.3,23848.3,23864.3,2160.0
2025-06-05 12:45:00,23862.3,24023.8,23856.3,23985.3,5158.0
2025-06-05 13:30:00,23984.8,23987.3,23817.8,23829.8,6605.0
2025-06-05 14:15:00,23832.3,24046.8,23817.3,24039.8,5482.0
2025-06-05 15:00:00,24039.3,24060.3,23927.3,23937.8,4553.0
2025-06-05 15:45:00,23937.3,23981.8,23920.3,23980.8,3191.0
2025-06-05 16:30:00,23979.8,23981.8,23903.3,23940.8,3322.0
2025-06-05 17:15:00,23941.3,23958.8,23934.8,23943.8,2050.0
2025-06-05 18:00:00,23944.3,23948.3,23890.3,23922.3,3014.0
2025-06-05 18:45:00,23921.8,23936.8,23823.5,23840.3,5252.0
2025-06-05 19:30:00,23840.4,23900.2,23839.6,23888.4,6519.0
2025-06-05 20:15:00,23887.8,23891.0,23857.6,23861.1,2207.0
2025-06-05 21:00:00,23861.4,23865.2,23851.5,23856.4,299.0
2025-06-05 21:45:00,23856.3,23882.9,23848.5,23882.2,998.0
2025-06-05 22:30:00,23882.8,23898.7,23875.7,23896.1,905.0
2025-06-05 23:15:00,23896.3,23902.6,23884.8,23889.2,1177.0
2025-06-06 00:00:00,23890.0,23920.0,23890.0,23908.0,1864.0
2025-06-06 00:45:00,23907.7,23963.5,23897.5,23963.5,2373.0
2025-06-06 01:30:00,23962.0,23962.0,23824.0,23846.5,9009.0
2025-06-06 02:15:00,23847.5,23858.0,23782.5,23849.0,6243.0
2025-06-06 03:00:00,23850.0,23876.0,23796.0,23830.0,4823.0
2025-06-06 03:45:00,23829.5,23860.0,23828.5,23856.8,1195.0
2025-06-06 04:30:00,23857.4,23894.5,23841.5,23863.5,2300.0
2025-06-06 05:15:00,23863.0,23866.0,23798.0,23817.5,4401.0
2025-06-06 06:00:00,23816.5,23872.0,23785.0,23864.0,4093.0
2025-06-06 06:45:00,23865.0,23878.5,23796.0,23801.0,4158.0
2025-06-06 07:30:00,23798.0,23841.0,23771.0,23822.4,4070.0
2025-06-06 08:15:00,23821.9,23834.9,23784.0,23799.2,1748.0
2025-06-06 09:00:00,23799.5,23812.4,23777.9,23795.9,1967.0
2025-06-06 09:45:00,23796.4,23815.4,23786.4,23788.9,1367.0
2025-06-06 10:30:00,23787.9,23798.4,23766.4,23767.9,1470.0
2025-06-06 11:15:00,23768.4,23798.9,23767.9,23784.9,1601.0
2025-06-06 12:00:00,23786.4,23825.4,23769.9,23804.4,3310.0
2025-06-06 12:45:00,23804.9,23822.4,23777.9,23785.4,3393.0
2025-06-06 13:30:00,23786.9,23838.9,23761.4,23789.4,5487.0
2025-06-06 14:15:00,23789.9,23815.9,23766.4,23780.4,3435.0
2025-06-06 15:00:00,23775.9,23806.9,23748.9,23799.9,3375.0
2025-06-06 15:45:00,23800.4,23813.9,23793.9,23806.9,1900.0
2025-06-06 16:30:00,23806.4,23810.9,23782.9,23806.9,1682.0
2025-06-06 17:15:00,23806.4,23825.4,23801.9,23813.4,1196.0
2025-06-06 18:00:00,23812.9,23923.9,23812.9,23899.9,2103.0
2025-06-06 18:45:00,23899.4,23918.9,23883.4,23886.2,2234.0
2025-06-06 19:30:00,23886.1,23918.5,23885.4,23907.7,2838.0
2025-06-06 20:15:00,23907.1,23917.3,23907.1,23909.4,732.0
2025-06-08 22:00:00,23918.8,23923.9,23878.2,23882.1,2192.0
2025-06-08 22:45:00,23882.8,23891.2,23873.3,23889.9,1127.0
2025-06-08 23:30:00,23890.4,23907.0,23888.0,23904.8,1060.0
2025-06-09 00:15:00,23905.4,23906.1,23888.5,23890.5,1199.0
2025-06-09 01:00:00,23890.0,24112.2,23883.7,24106.2,5514.0
2025-06-09 01:45:00,24106.7,24184.2,24083.7,24174.2,8775.0
2025-06-09 02:30:00,24174.7,24188.2,24100.2,24108.7,7093.0
2025-06-09 03:15:00,24109.2,24116.2,24013.7,24043.7,5013.0
2025-06-09 04:00:00,24043.2,24043.2,24024.5,24029.6,446.0
2025-06-09 04:45:00,24030.5,24060.7,24000.7,24028.2,4506.0
2025-06-09 05:30:00,24026.2,24108.7,23995.2,24099.2,5426.0
2025-06-09 06:15:00,24098.7,24126.7,24050.7,24117.2,4413.0
2025-06-09 07:00:00,24118.2,24161.2,24114.2,24146.2,3571.0
2025-06-09 07:45:00,24146.7,24192.6,24118.6,24146.6,3051.0
2025-06-09 08:30:00,24113.8,24142.2,24101.8,24130.6,1401.0
2025-06-09 09:15:00,24142.1,24169.1,24138.1,24161.1,1484.0
2025-06-09 10:00:00,24160.6,24172.6,24151.1,24153.1,1178.0
2025-06-09 10:45:00,24154.1,24161.6,24146.6,24153.6,1176.0
2025-06-09 11:30:00,24153.1,24163.1,24138.6,24140.1,1132.0
2025-06-09 12:15:00,24140.6,24140.6,24107.6,24107.6,1303.0
2025-06-09 13:00:00,24109.1,24118.6,24067.6,24086.1,3478.0
2025-06-09 13:45:00,24086.6,24141.1,24066.1,24128.6,3679.0
2025-06-09 14:30:00,24128.1,24167.1,24119.1,24166.1,3107.0
2025-06-09 15:15:00,24166.6,24197.1,24163.6,24168.6,2364.0
2025-06-09 16:00:00,24168.1,24174.1,24148.6,24166.6,1571.0
2025-06-09 16:45:00,24167.6,24200.1,24165.6,24190.6,1601.0
2025-06-09 17:30:00,24191.1,24210.1,24181.6,24202.1,1309.0
2025-06-09 18:15:00,24201.6,24216.6,24198.1,24207.1,1245.0
2025-06-09 19:00:00,24191.0,24195.4,24163.3,24164.7,1701.0
2025-06-09 19:45:00,24164.5,24174.3,24133.2,24140.4,2299.0
2025-06-09 20:30:00,24139.3,24154.7,24138.6,24154.5,438.0
2025-06-09 21:00:00,24155.0,24156.7,24152.1,24155.3,75.0
2025-06-09 21:45:00,24155.5,24172.8,24154.3,24162.8,574.0
2025-06-09 22:30:00,24163.7,24168.1,24157.0,24164.4,389.0
2025-06-09 23:15:00,24165.4,24171.3,24164.6,24167.2,210.0
2025-06-10 00:00:00,24166.4,24199.4,24147.7,24199.4,817.0
2025-06-10 00:45:00,24199.0,24242.1,24168.6,24205.6,2032.0
2025-06-10 01:30:00,24206.1,24293.6,24156.1,24288.1,9090.0
2025-06-10 02:15:00,24287.6,24306.6,24223.6,24224.1,6684.0
2025-06-10 03:00:00,24225.1,24263.7,24216.1,24245.2,4834.0
2025-06-10 03:45:00,24244.7,24279.2,24234.1,24235.6,1118.0
2025-06-10 04:30:00,24236.7,24294.7,24177.7,24181.7,2472.0
2025-06-10 05:15:00,24182.2,24182.2,24015.2,24122.2,8595.0
2025-06-10 06:00:00,24121.7,24168.7,24074.7,24161.7,6022.0
2025-06-10 06:45:00,24162.2,24165.7,24100.2,24133.2,4587.0
2025-06-10 07:30:00,24132.7,24166.7,24088.6,24090.6,4203.0
2025-06-10 08:15:00,24090.1,24129.1,24088.1,24120.6,2503.0
2025-06-10 09:00:00,24121.9,24144.3,24090.1,24109.1,1943.0
2025-06-10 09:45:00,24109.6,24137.6,24102.1,24130.1,1415.0
2025-06-10 10:30:00,24130.6,24150.6,24127.6,24140.1,1232.0
2025-06-10 11:15:00,24140.6,24181.1,24140.6,24175.6,1348.0
2025-06-10 12:00:00,24176.1,24191.6,24169.6,24184.1,1387.0
2025-06-10 12:45:00,24184.6,24213.6,24165.1,24212.1,1735.0
2025-06-10 13:30:00,24211.6,24220.6,24139.1,24148.6,4769.0
2025-06-10 14:15:00,24148.1,24162.1,24087.1,24093.1,2966.0
2025-06-10 15:00:00,24093.6,24113.6,24057.6,24090.1,2763.0
2025-06-10 15:45:00,24089.6,24099.1,24059.1,24096.6,1675.0
2025-06-10 16:30:00,24097.1,24118.6,24088.1,24118.6,1386.0
2025-06-10 17:15:00,24118.1,24135.6,24101.6,24121.6,1540.0
2025-06-10 18:00:00,24120.6,24138.6,24099.6,24134.6,1929.0
2025-06-10 18:45:00,24134.1,24214.8,24126.6,24198.6,2693.0
2025-06-10 19:30:00,24198.3,24216.0,24172.9,24173.5,3376.0
2025-06-10 20:15:00,24174.4,24209.4,24174.4,24190.7,1041.0
2025-06-10 21:00:00,24194.0,24194.0,24184.7,24185.6,73.0
2025-06-10 21:45:00,24185.4,24194.3,24179.3,24185.8,642.0
2025-06-10 22:30:00,24185.7,24251.2,24165.0,24204.3,1684.0
2025-06-10 23:15:00,24203.9,24243.5,24182.5,24197.6,1639.0
2025-06-11 00:00:00,24195.7,24219.2,24177.3,24187.1,2073.0
2025-06-11 00:45:00,24188.0,24225.5,24170.2,24184.0,2354.0
2025-06-11 01:30:00,24183.5,24386.5,24174.0,24367.5,9114.0
2025-06-11 02:15:00,24367.0,24417.5,24307.5,24332.0,7234.0
2025-06-11 03:00:00,24333.0,24435.0,24310.0,24411.5,5154.0
2025-06-11 03:45:00,24412.0,24424.5,24391.4,24392.4,1155.0
2025-06-11 04:30:00,24392.7,24448.0,24372.7,24422.5,2555.0
2025-06-11 05:15:00,24423.0,24449.0,24386.0,24404.0,4598.0
2025-06-11 06:00:00,24404.5,24459.5,24403.0,24419.5,4530.0
2025-06-11 06:45:00,24421.0,24424.0,24370.0,24392.0,3697.0
2025-06-11 07:30:00,24391.5,24394.0,24325.6,24335.1,2989.0
2025-06-11 08:15:00,24334.1,24370.1,24330.6,24354.7,1576.0
2025-06-11 09:00:00,24355.2,24367.6,24347.6,24351.1,1273.0
2025-06-11 09:45:00,24350.6,24367.6,24339.6,24361.6,1382.0
2025-06-11 10:30:00,24361.1,24364.1,24339.1,24341.6,1186.0
2025-06-11 11:15:00,24341.1,24346.1,24327.6,24334.6,1332.0
2025-06-11 12:00:00,24335.1,24427.6,24290.1,24390.1,5012.0
2025-06-11 12:45:00,24390.6,24405.6,24334.1,24338.6,3519.0
2025-06-11 13:30:00,24338.1,24375.6,24271.1,24315.1,4926.0
2025-06-11 14:15:00,24315.6,24338.6,24293.1,24318.1,2904.0
2025-06-11 15:00:00,24318.6,24346.6,24289.6,24339.6,2941.0
2025-06-11 15:45:00,24340.1,24356.6,24312.1,24327.1,2550.0
2025-06-11 16:30:00,24327.6,24338.6,24302.6,24336.1,2020.0
2025-06-11 17:15:00,24335.6,24343.1,24327.1,24333.6,1465.0
2025-06-11 18:00:00,24333.1,24338.1,24272.6,24288.6,3466.0
2025-06-11 18:45:00,24288.1,24292.1,24244.0,24282.8,4283.0
2025-06-11 19:30:00,24282.7,24311.0,24272.2,24308.3,4415.0
2025-06-11 20:15:00,24308.8,24319.1,24300.7,24304.9,1218.0
2025-06-11 21:00:00,24306.1,24309.0,24295.5,24296.4,156.0
2025-06-11 21:45:00,24296.7,24308.4,24283.9,24307.0,972.0
2025-06-11 22:30:00,24307.2,24310.8,24243.6,24262.2,1449.0
2025-06-11 23:15:00,24262.7,24280.2,24256.0,24265.0,910.0
2025-06-12 00:00:00,24265.6,24273.8,24242.4,24251.3,2120.0
2025-06-12 00:45:00,24250.2,24284.2,24190.7,24199.2,2947.0
2025-06-12 01:30:00,24198.7,24234.2,24161.7,24202.7,8165.0
2025-06-12 02:15:00,24203.7,24295.7,24191.7,24273.2,5567.0
2025-06-12 03:00:00,24273.7,24284.2,24224.2,24245.2,4445.0
2025-06-12 03:45:00,24245.7,24257.2,24229.4,24232.7,1190.0
2025-06-12 04:30:00,24233.3,24257.2,24199.7,24216.7,2200.0
2025-06-12 05:15:00,24217.2,24228.2,24114.2,24151.7,5457.0
2025-06-12 06:00:00,24148.7,24175.2,24131.2,24163.2,4311.0
2025-06-12 06:45:00,24162.7,24175.2,24103.7,24106.7,3724.0
2025-06-12 07:30:00,24106.2,24106.7,24000.2,24048.2,4464.0
2025-06-12 08:15:00,24047.7,24084.0,24046.7,24081.7,2592.0
2025-06-12 09:00:00,24081.9,24113.2,24056.2,24070.7,2098.0
2025-06-12 09:45:00,24071.2,24092.2,24063.2,24084.7,1900.0
2025-06-12 10:30:00,24085.2,24127.3,24085.2,24114.7,1944.0
2025-06-12 11:15:00,24114.2,24121.8,24101.8,24116.6,1752.0
2025-06-12 12:00:00,24116.1,24173.2,24115.6,24172.2,2469.0
2025-06-12 12:45:00,24172.7,24183.6,24154.3,24159.2,2250.0
2025-06-12 13:30:00,24156.2,24202.4,24122.4,24183.1,4261.0
2025-06-12 14:15:00,24182.6,24204.9,24175.1,24178.1,2725.0
2025-06-12 15:00:00,24183.6,24188.3,24149.0,24168.6,2846.0
2025-06-12 15:45:00,24169.1,24196.9,24163.6,24190.7,2100.0
2025-06-12 16:30:00,24190.2,24205.5,24178.2,24205.1,1962.0
2025-06-12 17:15:00,24204.1,24219.4,24194.6,24198.9,1504.0
2025-06-12 18:00:00,24198.4,24208.8,24187.9,24202.3,1356.0
2025-06-12 18:45:00,24201.8,24208.2,24180.8,24181.5,1410.0
2025-06-12 19:30:00,24181.4,24185.0,24163.3,24170.6,2391.0
2025-06-12 20:15:00,24170.0,24172.3,24160.7,24160.8,826.0
2025-06-12 21:00:00,24162.4,24166.9,24161.2,24166.3,79.0
2025-06-12 21:45:00,24166.4,24168.4,24144.7,24147.7,920.0
2025-06-12 22:30:00,24147.9,24152.6,24138.5,24147.0,852.0
2025-06-12 23:15:00,24147.2,24151.5,24105.9,24106.7,1106.0
2025-06-13 00:00:00,24106.5,24152.1,23942.5,24019.4,9833.0
2025-06-13 00:45:00,24019.5,24040.4,23861.9,23968.3,7509.0
2025-06-13 01:30:00,23969.8,24097.1,23909.8,23942.1,9414.0
2025-06-13 02:15:00,23941.6,23958.5,23784.6,23794.7,7985.0
2025-06-13 03:00:00,23794.2,23886.2,23790.7,23867.5,5252.0
2025-06-13 03:45:00,23868.0,23873.6,23814.8,23826.7,2660.0
2025-06-13 04:30:00,23826.4,23865.5,23782.5,23817.2,4267.0
2025-06-13 05:15:00,23816.7,23873.4,23771.1,23854.1,6145.0
2025-06-13 06:00:00,23855.1,23903.7,23801.3,23807.4,5657.0
2025-06-13 06:45:00,23806.4,23853.3,23789.6,23828.3,4899.0
2025-06-13 07:30:00,23827.8,23875.9,23777.2,23862.0,3984.0
2025-06-13 08:15:00,23861.5,23891.3,23821.6,23834.4,3484.0
2025-06-13 09:00:00,23833.8,23875.3,23823.3,23830.9,3225.0
2025-06-13 09:45:00,23830.4,23853.6,23806.7,23823.6,2347.0
2025-06-13 10:30:00,23824.1,23830.5,23793.1,23819.1,1917.0
2025-06-13 11:15:00,23818.6,23844.5,23810.3,23839.0,1521.0
2025-06-13 12:00:00,23838.5,23845.5,23823.3,23824.8,1833.0
2025-06-13 12:45:00,23825.3,23826.9,23798.0,23802.3,2035.0
2025-06-13 13:30:00,23788.8,23869.4,23780.0,23833.1,4722.0
2025-06-13 14:15:00,23832.6,23847.7,23813.1,23845.8,3267.0
2025-06-13 15:00:00,23846.3,23894.8,23832.9,23886.9,2549.0
2025-06-13 15:45:00,23886.4,23895.9,23873.4,23874.9,1762.0
2025-06-13 16:30:00,23874.4,23882.0,23842.3,23848.9,1795.0
2025-06-13 17:15:00,23847.4,23848.4,23812.8,23821.3,2006.0
2025-06-13 18:00:00,23820.8,23825.3,23735.7,23739.6,3254.0
2025-06-13 18:45:00,23739.1,23765.3,23735.9,23738.1,4576.0
2025-06-13 19:30:00,23738.2,23801.9,23735.7,23801.4,5422.0
2025-06-13 20:15:00,23802.0,23808.9,23773.6,23807.4,1382.0
2025-06-15 22:00:00,23756.3,23872.1,23752.6,23862.2,5291.0
2025-06-15 22:45:00,23862.8,23862.8,23828.6,23836.8,3305.0
2025-06-15 23:30:00,23836.5,23875.8,23833.2,23866.5,3400.0
2025-06-16 00:15:00,23867.0,23875.7,23833.9,23834.9,2677.0
2025-06-16 01:00:00,23835.1,23851.3,23706.2,23849.0,6043.0
2025-06-16 01:45:00,23850.0,23922.2,23762.5,23918.2,8815.0
2025-06-16 02:30:00,23917.7,23919.2,23822.0,23853.4,6829.0
2025-06-16 03:15:00,23852.9,23885.6,23844.8,23869.5,3962.0
2025-06-16 04:00:00,23853.0,23859.3,23846.7,23847.6,955.0
2025-06-16 04:45:00,23847.4,23948.6,23846.2,23947.1,4553.0
2025-06-16 05:30:00,23946.1,23966.7,23914.5,23960.9,5357.0
2025-06-16 06:15:00,23960.4,24014.8,23951.3,24012.4,4957.0
2025-06-16 07:00:00,24012.9,24122.4,24012.9,24087.4,5466.0
2025-06-16 07:45:00,24086.9,24094.4,24044.9,24075.5,3387.0
2025-06-16 08:30:00,24060.8,24063.7,24038.5,24040.2,2552.0
2025-06-16 09:15:00,24061.4,24084.3,24049.0,24064.8,1509.0
2025-06-16 10:00:00,24064.3,24077.5,24051.4,24070.4,988.0
2025-06-16 10:45:00,24070.9,24076.7,24048.7,24052.6,1206.0
2025-06-16 11:30:00,24052.1,24095.4,24050.7,24092.9,1052.0
2025-06-16 12:15:00,24093.4,24113.9,24091.2,24108.3,1765.0
2025-06-16 13:00:00,24108.8,24187.1,24095.5,24143.6,3492.0
2025-06-16 13:45:00,24143.1,24253.9,24141.2,24252.4,4372.0
2025-06-16 14:30:00,24251.9,24264.4,24206.5,24210.5,3101.0
2025-06-16 15:15:00,24211.0,24211.0,24163.8,24169.5,2526.0
2025-06-16 16:00:00,24170.0,24198.4,24161.9,24165.4,1728.0
2025-06-16 16:45:00,24164.9,24189.4,24149.4,24184.8,1774.0
2025-06-16 17:30:00,24184.3,24197.7,24146.5,24159.5,1595.0
2025-06-16 18:15:00,24160.5,24163.0,24111.1,24111.1,1360.0
2025-06-16 19:00:00,24111.0,24117.0,24093.9,24094.5,2729.0
2025-06-16 19:45:00,24094.4,24124.4,24084.7,24116.0,2449.0
2025-06-16 20:30:00,24116.2,24120.0,24109.8,24113.9,452.0
2025-06-16 21:00:00,24118.1,24124.1,24114.8,24123.4,157.0
2025-06-16 21:45:00,24122.5,24123.1,24099.6,24101.4,861.0
2025-06-16 22:30:00,24101.2,24101.2,24054.2,24091.9,4005.0
2025-06-16 23:15:00,24092.0,24104.6,24045.5,24046.2,4932.0
2025-06-17 00:00:00,24047.2,24104.4,24043.3,24083.7,4710.0
2025-06-17 00:45:00,24083.5,24126.1,24047.2,24090.2,4154.0
2025-06-17 01:30:00,24089.7,24124.0,24012.4,24019.3,9394.0
2025-06-17 02:15:00,24018.8,24037.8,23948.2,23996.4,7392.0
2025-06-17 03:00:00,23996.5,24033.4,23958.7,24021.0,5120.0
2025-06-17 03:45:00,24020.5,24026.1,24006.0,24006.3,2267.0
2025-06-17 04:30:00,24006.0,24022.8,23984.0,24005.5,3344.0
2025-06-17 05:15:00,24004.5,24034.1,23925.5,23935.8,5663.0
2025-06-17 06:00:00,23932.3,23972.8,23907.1,23970.8,4900.0
2025-06-17 06:45:00,23971.3,23981.1,23869.9,23894.6,4540.0
2025-06-17 07:30:00,23895.1,23976.0,23893.6,23952.0,3433.0
2025-06-17 08:15:00,23953.0,23984.2,23947.7,23965.6,3051.0
2025-06-17 09:00:00,23967.0,23978.9,23931.2,23949.4,2686.0
2025-06-17 09:45:00,23949.9,23958.6,23933.2,23949.9,1419.0
2025-06-17 10:30:00,23949.4,23979.8,23943.9,23975.6,1478.0
2025-06-17 11:15:00,23975.1,23985.5,23970.9,23981.9,1322.0
2025-06-17 12:00:00,23982.4,23996.1,23968.9,23982.8,1836.0
2025-06-17 12:45:00,23983.3,23984.8,23949.7,23964.6,2071.0
2025-06-17 13:30:00,23966.6,23980.6,23925.2,23967.9,4273.0
2025-06-17 14:15:00,23968.4,23969.5,23893.7,23901.8,3027.0
2025-06-17 15:00:00,23902.3,23951.0,23901.8,23927.6,2515.0
2025-06-17 15:45:00,23928.1,23954.9,23912.7,23934.5,2125.0
2025-06-17 16:30:00,23934.0,23934.1,23835.3,23837.8,2546.0
2025-06-17 17:15:00,23837.3,23847.1,23802.2,23807.4,2736.0
2025-06-17 18:00:00,23805.9,23822.1,23793.4,23806.1,2675.0
2025-06-17 18:45:00,23806.6,23824.4,23800.2,23808.8,953.0
2025-06-17 19:30:00,23808.7,23815.9,23798.5,23805.1,272.0
2025-06-17 20:15:00,23760.9,23811.7,23752.4,23807.3,147.0
2025-06-17 21:00:00,23805.3,23806.3,23797.3,23805.2,111.0
2025-06-17 21:45:00,23805.1,23805.1,23776.2,23778.4,1270.0
2025-06-17 22:30:00,23778.7,23782.1,23762.3,23770.2,1473.0
2025-06-17 23:15:00,23770.5,23793.0,23769.9,23781.4,1287.0
2025-06-18 00:00:00,23781.1,23837.2,23781.1,23833.7,2382.0
2025-06-18 00:45:00,23833.4,23905.1,23821.3,23862.8,2376.0
2025-06-18 01:30:00,23858.8,23882.6,23658.4,23658.6,8719.0
2025-06-18 02:15:00,23658.0,23724.0,23636.9,23692.1,6681.0
2025-06-18 03:00:00,23689.1,23700.5,23645.9,23688.3,4335.0
2025-06-18 03:45:00,23688.8,23691.2,23667.2,23671.9,1252.0
2025-06-18 04:30:00,23672.2,23713.7,23671.7,23697.0,2691.0
2025-06-18 05:15:00,23697.5,23714.1,23637.3,23652.5,4918.0
2025-06-18 06:00:00,23651.5,23668.0,23617.7,23660.9,4292.0
2025-06-18 06:45:00,23660.4,23694.8,23653.3,23680.4,3300.0
2025-06-18 07:30:00,23679.9,23709.5,23671.2,23684.8,3128.0
2025-06-18 08:15:00,23685.6,23686.1,23645.7,23660.5,1545.0
2025-06-18 09:00:00,23660.4,23692.4,23660.3,23676.3,1370.0
2025-06-18 09:45:00,23676.8,23678.8,23637.8,23643.5,1456.0
2025-06-18 10:30:00,23643.0,23646.1,23582.9,23592.2,2028.0
2025-06-18 11:15:00,23592.7,23619.7,23578.6,23615.3,1848.0
2025-06-18 12:00:00,23614.8,23639.1,23610.6,23613.4,1739.0
2025-06-18 12:45:00,23612.9,23642.2,23609.1,23617.4,1844.0
2025-06-18 13:30:00,23617.9,23654.5,23561.4,23649.0,4623.0
2025-06-18 14:15:00,23649.5,23665.4,23630.0,23630.2,3005.0
2025-06-18 15:00:00,23630.7,23642.0,23617.7,23635.2,2317.0
2025-06-18 15:45:00,23635.7,23645.7,23611.3,23612.7,2080.0
2025-06-18 16:30:00,23612.2,23619.3,23599.5,23616.3,1566.0
2025-06-18 17:15:00,23616.8,23618.3,23579.4,23609.4,2033.0
2025-06-18 18:00:00,23608.9,23655.1,23582.8,23616.3,4406.0
2025-06-18 18:45:00,23615.8,23620.3,23513.0,23546.7,4741.0
2025-06-18 19:30:00,23546.3,23572.3,23543.1,23566.1,3439.0
2025-06-18 20:15:00,23566.7,23570.2,23556.9,23558.4,595.0
2025-06-18 21:00:00,23559.7,23560.1,23547.0,23557.0,153.0
2025-06-18 21:45:00,23557.3,23564.1,23538.8,23549.8,883.0
2025-06-18 22:30:00,23549.4,23558.6,23537.8,23548.7,777.0
2025-06-18 23:15:00,23547.8,23554.7,23538.5,23552.7,630.0
2025-06-19 00:00:00,23553.2,23554.4,23501.3,23528.2,1704.0
2025-06-19 00:45:00,23529.4,23610.4,23470.5,23605.0,3008.0
2025-06-19 01:30:00,23597.5,23639.8,23471.1,23473.6,8712.0
2025-06-19 02:15:00,23474.1,23488.7,23368.0,23368.2,6391.0
2025-06-19 03:00:00,23368.5,23379.2,23260.7,23268.3,5995.0
2025-06-19 03:45:00,23268.8,23269.8,23215.8,23234.8,1998.0
2025-06-19 04:30:00,23235.1,23273.2,23203.7,23270.3,3176.0
2025-06-19 05:15:00,23270.8,23303.8,23221.2,23230.2,5997.0
2025-06-19 06:00:00,23229.7,23252.9,23176.5,23204.2,5466.0
2025-06-19 06:45:00,23203.7,23236.3,23185.0,23216.9,4265.0
2025-06-19 07:30:00,23217.4,23241.3,23204.4,23221.4,3778.0
2025-06-19 08:15:00,23220.9,23251.9,23216.4,23232.5,1672.0
2025-06-19 09:00:00,23233.1,23253.4,23231.0,23236.9,1464.0
2025-06-19 09:45:00,23236.4,23239.9,23206.2,23222.9,1191.0
2025-06-19 10:30:00,23222.4,23226.9,23177.2,23179.3,1361.0
2025-06-19 11:15:00,23178.8,23204.3,23176.7,23197.1,1250.0
2025-06-19 12:00:00,23196.6,23211.7,23157.1,23159.6,1652.0
2025-06-19 12:45:00,23160.1,23190.9,23147.5,23183.3,1766.0
2025-06-19 13:30:00,23183.8,23200.4,23156.2,23166.8,2335.0
2025-06-19 14:15:00,23167.3,23170.3,23131.4,23152.9,1867.0
2025-06-19 15:00:00,23153.4,23165.5,23126.5,23146.4,1752.0
2025-06-19 15:45:00,23145.9,23150.2,23117.6,23131.3,1183.0
2025-06-19 16:30:00,23130.8,23139.5,23128.7,23139.5,763.0
2025-06-19 17:15:00,23140.5,23181.2,23133.9,23181.2,544.0
2025-06-19 18:00:00,23182.2,23198.1,23176.2,23192.9,543.0
2025-06-19 18:45:00,23192.4,23198.8,23163.4,23187.3,189.0
2025-06-19 19:30:00,23185.1,23185.1,23156.6,23156.6,126.0
2025-06-19 21:45:00,23184.7,23191.6,23175.0,23188.7,1446.0
2025-06-19 22:30:00,23188.4,23237.2,23182.9,23185.3,2079.0
2025-06-19 23:15:00,23185.0,23207.6,23185.0,23197.2,1269.0
2025-06-20 00:00:00,23197.8,23221.2,23194.6,23206.6,1625.0
2025-06-20 00:45:00,23206.9,23305.9,23188.4,23287.3,2687.0
2025-06-20 01:30:00,23291.3,23378.9,23291.3,23361.3,8509.0
2025-06-20 02:15:00,23362.3,23464.9,23354.0,23436.5,5875.0
2025-06-20 03:00:00,23438.5,23511.7,23415.4,23497.3,4350.0
2025-06-20 03:45:00,23497.8,23508.8,23478.0,23482.6,1088.0
2025-06-20 04:30:00,23483.2,23530.9,23481.4,23490.7,2250.0
2025-06-20 05:15:00,23492.2,23504.6,23404.1,23418.3,4179.0
2025-06-20 06:00:00,23419.3,23424.6,23378.3,23414.5,3925.0
2025-06-20 06:45:00,23415.1,23445.3,23388.7,23431.7,3427.0
2025-06-20 07:30:00,23431.2,23568.0,23410.1,23526.9,3870.0
2025-06-20 08:15:00,23525.4,23533.6,23478.8,23481.3,2058.0
2025-06-20 09:00:00,23481.6,23550.8,23479.2,23542.4,1549.0
2025-06-20 09:45:00,23542.9,23586.7,23532.4,23563.5,1590.0
2025-06-20 10:30:00,23563.0,23588.4,23555.7,23561.8,1309.0
2025-06-20 11:15:00,23561.3,23632.0,23547.8,23589.0,2359.0
2025-06-20 12:00:00,23589.5,23621.1,23573.7,23607.1,2447.0
2025-06-20 12:45:00,23606.6,23607.5,23573.4,23576.3,2082.0
2025-06-20 13:30:00,23575.3,23575.3,23493.8,23493.8,4678.0
2025-06-20 14:15:00,23494.3,23500.9,23407.0,23432.7,4431.0
2025-06-20 15:00:00,23431.7,23451.0,23394.9,23442.9,3208.0
2025-06-20 15:45:00,23441.9,23447.1,23406.8,23440.0,2684.0
2025-06-20 16:30:00,23438.5,23458.4,23434.6,23446.9,2115.0
2025-06-20 17:15:00,23446.4,23457.9,23391.9,23413.5,1960.0
2025-06-20 18:00:00,23414.0,23442.5,23411.5,23435.7,1714.0
2025-06-20 18:45:00,23436.2,23446.0,23387.6,23391.8,2410.0
2025-06-20 19:30:00,23392.0,23433.7,23386.2,23409.0,3125.0
2025-06-20 20:15:00,23408.4,23419.1,23400.8,23416.3,926.0
2025-06-22 22:00:00,23316.3,23379.3,23305.2,23356.9,3834.0
2025-06-22 22:45:00,23358.1,23360.7,23339.0,23353.5,1861.0
2025-06-22 23:30:00,23353.2,23359.6,23327.8,23328.1,2036.0
2025-06-23 00:15:00,23328.4,23343.9,23316.7,23336.3,1584.0
2025-06-23 01:00:00,23336.6,23390.6,23246.9,23359.3,5799.0
2025-06-23 01:45:00,23358.3,23429.7,23274.1,23420.0,8502.0
2025-06-23 02:30:00,23419.0,23516.2,23400.7,23515.7,6220.0
2025-06-23 03:15:00,23515.2,23597.9,23472.5,23498.1,4662.0
2025-06-23 04:00:00,23484.8,23486.0,23476.5,23480.6,488.0
2025-06-23 04:45:00,23480.3,23631.4,23475.9,23594.1,5317.0
2025-06-23 05:30:00,23594.6,23686.6,23570.9,23663.6,6570.0
2025-06-23 06:15:00,23664.1,23689.4,23635.2,23659.6,5459.0
2025-06-23 07:00:00,23659.1,23684.7,23633.5,23663.4,3836.0
2025-06-23 07:45:00,23663.9,23716.3,23662.7,23671.3,3221.0
2025-06-23 08:30:00,23654.6,23661.8,23641.3,23647.6,1715.0
2025-06-23 09:15:00,23660.2,23660.2,23606.2,23626.4,2015.0
2025-06-23 10:00:00,23626.9,23664.6,23600.8,23604.7,2244.0
2025-06-23 10:45:00,23605.2,23614.5,23569.7,23573.4,1895.0
2025-06-23 11:30:00,23573.9,23596.6,23535.1,23590.8,2412.0
2025-06-23 12:15:00,23591.3,23619.3,23571.3,23613.0,1956.0
2025-06-23 13:00:00,23613.5,23626.1,23568.2,23616.2,3616.0
2025-06-23 13:45:00,23616.7,23677.0,23616.7,23643.8,4357.0
2025-06-23 14:30:00,23644.3,23674.0,23632.1,23666.2,3156.0
2025-06-23 15:15:00,23666.7,23682.8,23629.1,23635.2,2858.0
2025-06-23 16:00:00,23634.7,23636.1,23543.7,23614.1,3655.0
2025-06-23 16:45:00,23614.6,23677.5,23589.2,23671.1,4382.0
2025-06-23 17:30:00,23671.6,23728.9,23671.6,23726.9,3041.0
2025-06-23 18:15:00,23726.4,23743.8,23717.4,23727.5,2168.0
2025-06-23 19:00:00,23727.3,23749.8,23727.0,23730.9,1575.0
2025-06-23 19:45:00,23730.8,23741.5,23716.9,23727.1,1954.0
2025-06-23 20:30:00,23726.5,23733.7,23725.3,23729.7,389.0
2025-06-23 21:00:00,23729.9,23730.4,23728.0,23729.5,78.0
2025-06-23 21:45:00,23729.4,23831.3,23726.4,23815.6,2314.0
2025-06-23 22:30:00,23815.9,23835.8,23748.2,23777.5,2017.0
2025-06-23 23:15:00,23777.4,23799.5,23773.8,23792.6,1461.0
2025-06-24 00:00:00,23792.0,23799.3,23779.7,23784.1,1513.0
2025-06-24 00:45:00,23785.3,23882.9,23744.7,23880.0,3412.0
2025-06-24 01:30:00,23879.5,24111.1,23872.4,24100.3,9104.0
2025-06-24 02:15:00,24100.8,24153.4,24074.0,24144.1,7072.0
2025-06-24 03:00:00,24144.6,24199.5,24137.0,24154.2,4329.0
2025-06-24 03:45:00,24153.7,24165.1,24125.7,24137.9,1496.0
2025-06-24 04:30:00,24137.5,24206.2,24136.9,24200.5,2323.0
2025-06-24 05:15:00,24199.4,24200.4,24078.7,24088.8,5509.0
2025-06-24 06:00:00,24089.8,24210.9,24088.8,24195.4,4501.0
2025-06-24 06:45:00,24195.9,24233.0,24177.9,24212.0,3900.0
2025-06-24 07:30:00,24211.5,24214.5,24145.3,24150.5,4497.0
2025-06-24 08:15:00,24151.5,24183.3,24136.3,24142.6,2025.0
2025-06-24 09:00:00,24142.3,24218.7,24141.8,24199.0,1544.0
2025-06-24 09:45:00,24199.5,24200.7,24143.4,24156.5,1497.0
2025-06-24 10:30:00,24157.0,24158.2,24134.0,24145.0,1359.0
2025-06-24 11:15:00,24145.5,24158.1,24134.0,24146.8,1450.0
2025-06-24 12:00:00,24146.3,24174.1,24127.1,24164.7,1974.0
2025-06-24 12:45:00,24164.2,24186.2,24143.2,24144.7,2461.0
2025-06-24 13:30:00,24144.2,24201.9,24106.0,24195.8,4685.0
2025-06-24 14:15:00,24196.3,24280.0,24196.3,24270.0,3276.0
2025-06-24 15:00:00,24267.0,24316.6,24265.5,24296.3,2812.0
2025-06-24 15:45:00,24296.8,24333.2,24287.1,24332.3,1875.0
2025-06-24 16:30:00,24331.8,24353.3,24331.3,24347.1,1585.0
2025-06-24 17:15:00,24346.6,24372.3,24339.5,24361.3,1553.0
2025-06-24 18:00:00,24361.8,24373.1,24351.8,24361.3,1235.0
2025-06-24 18:45:00,24360.3,24482.8,24351.2,24447.0,1033.0
2025-06-24 19:30:00,24446.9,24455.3,24425.0,24427.4,1638.0
2025-06-24 20:15:00,24426.8,24430.8,24422.0,24422.1,527.0
2025-06-24 21:00:00,24424.4,24441.2,24424.4,24432.1,124.0
2025-06-24 21:45:00,24432.6,24433.9,24398.6,24400.4,680.0
2025-06-24 22:30:00,24401.0,24415.3,24393.7,24407.0,424.0
2025-06-24 23:15:00,24407.6,24426.3,24401.8,24423.4,416.0
2025-06-25 00:00:00,24424.6,24425.7,24394.9,24399.9,935.0
2025-06-25 00:45:00,24400.2,24404.9,24301.6,24303.8,2300.0
2025-06-25 01:30:00,24302.3,24433.5,24268.4,24375.5,9094.0
2025-06-25 02:15:00,24375.0,24384.4,24297.2,24363.0,6879.0
2025-06-25 03:00:00,24363.5,24402.1,24330.5,24372.1,5185.0
2025-06-25 03:45:00,24372.6,24374.1,24339.3,24347.7,991.0
2025-06-25 04:30:00,24348.3,24373.0,24320.8,24372.2,2470.0
2025-06-25 05:15:00,24370.7,24405.7,24348.3,24398.3,6080.0
2025-06-25 06:00:00,24399.3,24489.8,24398.7,24462.9,6635.0
2025-06-25 06:45:00,24462.4,24534.5,24453.5,24517.3,4798.0
2025-06-25 07:30:00,24516.8,24518.2,24445.8,24456.7,4119.0
2025-06-25 08:15:00,24456.2,24475.0,24444.6,24468.2,1265.0
2025-06-25 09:00:00,24467.6,24480.8,24420.3,24421.8,1260.0
2025-06-25 09:45:00,24422.8,24441.8,24387.2,24397.7,1570.0
2025-06-25 10:30:00,24398.7,24407.3,24384.9,24398.7,1087.0
2025-06-25 11:15:00,24397.7,24460.8,24397.7,24445.9,1314.0
2025-06-25 12:00:00,24445.4,24464.6,24425.5,24431.7,1839.0
2025-06-25 12:45:00,24431.2,24459.9,24413.2,24423.7,1945.0
2025-06-25 13:30:00,24423.2,24431.8,24340.6,24361.4,4988.0
2025-06-25 14:15:00,24360.9,24370.2,24324.8,24365.6,3102.0
2025-06-25 15:00:00,24365.1,24377.8,24329.1,24366.4,2563.0
2025-06-25 15:45:00,24365.9,24374.7,24356.2,24364.1,1891.0
2025-06-25 16:30:00,24363.6,24378.8,24358.3,24363.8,1766.0
2025-06-25 17:15:00,24364.3,24374.3,24329.5,24335.6,2077.0
2025-06-25 18:00:00,24336.1,24341.2,24325.0,24331.8,1941.0
2025-06-25 18:45:00,24332.3,24340.9,24315.7,24339.4,1182.0
2025-06-25 19:30:00,24339.2,24345.4,24328.2,24337.6,1771.0
2025-06-25 20:15:00,24338.2,24342.4,24333.4,24342.1,392.0
2025-06-25 21:00:00,24343.6,24344.5,24337.6,24341.5,78.0
2025-06-25 21:45:00,24341.4,24354.3,24332.9,24342.4,632.0
2025-06-25 22:30:00,24343.0,24349.6,24336.0,24345.9,598.0
2025-06-25 23:15:00,24345.6,24350.4,24335.5,24348.6,596.0
2025-06-26 00:00:00,24349.2,24362.6,24340.8,24342.7,723.0
2025-06-26 00:45:00,24342.3,24352.1,24300.0,24327.7,2135.0
2025-06-26 01:30:00,24328.2,24329.3,24226.7,24297.2,9024.0
2025-06-26 02:15:00,24297.7,24376.6,24250.4,24356.9,7217.0
2025-06-26 03:00:00,24357.2,24386.0,24326.2,24344.6,4681.0
2025-06-26 03:45:00,24344.1,24350.2,24314.5,24324.4,1067.0
2025-06-26 04:30:00,24324.8,24342.9,24302.9,24304.4,905.0
2025-06-26 05:15:00,24302.9,24331.6,24256.8,24267.0,5340.0
2025-06-26 06:00:00,24265.0,24309.2,24229.1,24296.5,4948.0
2025-06-26 06:45:00,24295.0,24339.6,24290.8,24317.9,3800.0
2025-06-26 07:30:00,24318.4,24344.2,24292.4,24339.4,3927.0
2025-06-26 08:15:00,24338.9,24358.2,24338.6,24353.7,1076.0
2025-06-26 09:00:00,24354.3,24355.0,24300.9,24333.8,1462.0
2025-06-26 09:45:00,24333.3,24378.8,24331.7,24375.1,1165.0
2025-06-26 10:30:00,24375.6,24381.1,24319.0,24321.9,1193.0
2025-06-26 11:15:00,24321.4,24335.9,24310.5,24331.8,1174.0
2025-06-26 12:00:00,24332.3,24339.1,24290.1,24310.5,1954.0
2025-06-26 12:45:00,24311.0,24328.3,24277.5,24326.6,2329.0
2025-06-26 13:30:00,24327.1,24357.0,24269.2,24356.5,4542.0
2025-06-26 14:15:00,24357.0,24441.5,24356.2,24395.0,4011.0
2025-06-26 15:00:00,24393.0,24423.7,24377.9,24392.6,3027.0
2025-06-26 15:45:00,24393.1,24438.4,24389.0,24413.1,1810.0
2025-06-26 16:30:00,24412.1,24427.8,24399.7,24404.2,1414.0
2025-06-26 17:15:00,24404.7,24419.7,24398.5,24402.1,1090.0
2025-06-26 18:00:00,24400.1,24411.3,24370.9,24378.4,1162.0
2025-06-26 18:45:00,24377.9,24377.9,24351.0,24358.1,899.0
2025-06-26 19:30:00,24358.0,24366.4,24337.6,24339.4,1705.0
2025-06-26 20:15:00,24340.0,24361.3,24338.2,24360.3,608.0
2025-06-26 21:00:00,24359.7,24369.7,24359.7,24368.0,145.0
2025-06-26 21:45:00,24368.6,24388.4,24362.2,24385.8,904.0
2025-06-26 22:30:00,24385.2,24395.8,24382.0,24385.8,459.0
2025-06-26 23:15:00,24385.2,24389.4,24380.6,24383.8,456.0
2025-06-27 00:00:00,24384.4,24404.0,24380.6,24400.0,1132.0
2025-06-27 00:45:00,24399.8,24434.5,24343.9,24432.4,2130.0
2025-06-27 01:30:00,24431.9,24466.9,24362.7,24420.5,9972.0
2025-06-27 02:15:00,24422.0,24449.0,24314.1,24418.6,7915.0
2025-06-27 03:00:00,24419.6,24448.6,24294.3,24304.0,6255.0
2025-06-27 03:45:00,24304.5,24326.6,24295.1,24295.1,1265.0
2025-06-27 04:30:00,24294.8,24325.8,24231.6,24249.2,2684.0
2025-06-27 05:15:00,24250.2,24264.7,24176.2,24213.3,6335.0
2025-06-27 06:00:00,24213.8,24282.5,24185.9,24239.5,5290.0
2025-06-27 06:45:00,24240.0,24307.1,24227.2,24275.5,4185.0
2025-06-27 07:30:00,24274.5,24276.5,24209.1,24242.1,3709.0
2025-06-27 08:15:00,24242.6,24254.0,24234.5,24242.6,1025.0
2025-06-27 09:00:00,24242.9,24247.2,24216.7,24238.4,1200.0
2025-06-27 09:45:00,24237.9,24244.0,24213.9,24217.9,1253.0
2025-06-27 10:30:00,24218.9,24251.4,24217.4,24244.0,1042.0
2025-06-27 11:15:00,24242.5,24252.8,24233.9,24252.8,1167.0
2025-06-27 12:00:00,24252.3,24276.8,24236.0,24254.7,1848.0
2025-06-27 12:45:00,24255.2,24264.0,24226.0,24233.8,2067.0
2025-06-27 13:30:00,24233.3,24293.6,24207.2,24237.4,4735.0
2025-06-27 14:15:00,24236.9,24240.1,24180.0,24202.1,3198.0
2025-06-27 15:00:00,24203.1,24271.7,24201.9,24263.0,2391.0
2025-06-27 15:45:00,24264.5,24278.7,24243.6,24257.0,1709.0
2025-06-27 16:30:00,24256.5,24259.7,24238.1,24240.3,1164.0
2025-06-27 17:15:00,24240.8,24243.7,24164.8,24200.4,2139.0
2025-06-27 18:00:00,24199.9,24207.6,24155.7,24176.4,2961.0
2025-06-27 18:45:00,24176.9,24203.1,24162.2,24199.2,2325.0
2025-06-27 19:30:00,24199.4,24239.8,24199.4,24207.9,2607.0
2025-06-27 20:15:00,24208.5,24216.8,24201.5,24216.6,815.0
2025-06-29 22:00:00,24231.4,24262.3,24227.1,24259.6,839.0
2025-06-29 22:45:00,24259.3,24286.1,24256.4,24274.5,681.0
2025-06-29 23:30:00,24275.1,24276.7,24260.4,24266.5,840.0
2025-06-30 00:15:00,24267.1,24275.7,24259.4,24260.6,518.0
2025-06-30 01:00:00,24260.0,24288.3,24141.8,24145.9,5402.0
2025-06-30 01:45:00,24146.4,24174.8,24061.8,24126.6,8941.0
2025-06-30 02:30:00,24126.1,24189.1,24084.4,24107.0,6904.0
2025-06-30 03:15:00,24106.0,24162.0,24095.3,24155.0,4023.0
2025-06-30 04:00:00,24144.8,24149.8,24144.3,24148.6,176.0
2025-06-30 04:45:00,24148.3,24229.7,24143.4,24215.3,4770.0
2025-06-30 05:30:00,24214.8,24215.8,24161.6,24183.4,5482.0
2025-06-30 06:15:00,24182.9,24214.2,24176.8,24190.8,4899.0
2025-06-30 07:00:00,24191.3,24204.1,24059.8,24062.9,4203.0
2025-06-30 07:45:00,24063.9,24085.4,24019.5,24084.4,4202.0
2025-06-30 08:30:00,24069.5,24069.9,24062.7,24069.9,351.0
2025-06-30 09:15:00,24088.3,24109.5,24043.9,24045.2,1621.0
2025-06-30 10:00:00,24043.2,24096.8,24038.6,24087.6,1240.0
2025-06-30 10:45:00,24088.1,24102.3,24081.3,24093.4,1039.0
2025-06-30 11:30:00,24093.9,24111.5,24087.9,24099.4,988.0
2025-06-30 12:15:00,24098.9,24099.4,24055.4,24060.9,1414.0
2025-06-30 13:00:00,24061.4,24071.9,23996.4,24021.8,3112.0
2025-06-30 13:45:00,24022.3,24102.2,24012.0,24101.7,3781.0
2025-06-30 14:30:00,24104.2,24142.3,24098.5,24123.2,3020.0
2025-06-30 15:15:00,24122.7,24149.3,24115.7,24138.6,2586.0
2025-06-30 16:00:00,24139.1,24151.0,24122.8,24139.6,1642.0
2025-06-30 16:45:00,24140.1,24164.5,24139.6,24155.7,1558.0
2025-06-30 17:30:00,24155.2,24161.1,24132.6,24144.6,2035.0
2025-06-30 18:15:00,24145.1,24169.2,24139.3,24158.2,2001.0
2025-06-30 19:00:00,24158.0,24186.2,24158.0,24162.6,1490.0
2025-06-30 19:45:00,24162.4,24186.3,24148.9,24158.1,2307.0
2025-06-30 20:30:00,24157.5,24167.0,24153.3,24154.6,375.0
2025-06-30 21:00:00,24154.2,24158.3,24154.0,24155.8,55.0
2025-06-30 21:45:00,24155.2,24165.6,24151.3,24162.4,501.0
2025-06-30 22:30:00,24163.6,24163.6,24150.2,24155.1,292.0
2025-06-30 23:15:00,24154.5,24167.4,24148.7,24166.3,383.0
2025-07-01 00:00:00,24166.9,24178.8,24166.9,24178.2,715.0
2025-07-01 00:45:00,24177.6,24193.4,24177.6,24180.0,491.0
2025-07-01 01:30:00,24180.3,24190.1,24180.3,24186.4,414.0
2025-07-01 02:15:00,24185.9,24187.0,24172.0,24172.6,324.0
2025-07-01 03:00:00,24173.2,24176.7,24168.1,24170.4,213.0
2025-07-01 03:45:00,24169.8,24170.7,24164.2,24165.9,243.0
2025-07-01 04:30:00,24166.5,24167.6,24141.4,24142.4,289.0
2025-07-01 05:15:00,24143.0,24145.0,24134.0,24138.6,344.0
2025-07-01 06:00:00,24139.2,24141.0,24130.5,24137.1,537.0
2025-07-01 06:45:00,24135.9,24164.8,24132.5,24142.8,989.0
2025-07-01 07:30:00,24143.4,24149.2,24127.1,24133.5,1219.0
2025-07-01 08:15:00,24133.8,24152.9,24133.0,24144.5,984.0
2025-07-01 09:00:00,24143.9,24146.3,24130.4,24131.8,528.0
2025-07-01 09:45:00,24131.7,24139.6,24124.7,24133.6,472.0
2025-07-01 10:30:00,24134.2,24144.1,24131.9,24141.1,335.0
2025-07-01 11:15:00,24140.5,24144.0,24130.5,24137.7,506.0
2025-07-01 12:00:00,24137.4,24140.9,24097.7,24111.4,1177.0
2025-07-01 12:45:00,24110.8,24125.2,24108.8,24118.1,780.0
2025-07-01 13:30:00,24119.3,24188.3,24115.8,24183.8,2672.0
2025-07-01 14:15:00,24185.8,24214.8,24171.0,24178.1,2599.0
2025-07-01 15:00:00,24178.0,24182.9,24145.8,24170.0,2875.0
2025-07-01 15:45:00,24169.9,24229.4,24169.6,24215.7,2052.0
2025-07-01 16:30:00,24215.6,24236.6,24198.6,24212.4,1722.0
2025-07-01 17:15:00,24212.3,24229.5,24209.6,24229.2,1427.0
2025-07-01 18:00:00,24229.4,24231.9,24216.0,24222.8,1063.0
2025-07-01 18:45:00,24223.0,24223.7,24194.0,24195.2,2021.0
2025-07-01 19:30:00,24195.3,24225.7,24184.1,24194.4,2206.0
2025-07-01 20:15:00,24195.0,24203.1,24193.2,24202.1,450.0
2025-07-01 21:00:00,24201.8,24205.2,24197.6,24198.2,76.0
2025-07-01 21:45:00,24198.1,24210.9,24196.7,24203.7,498.0
2025-07-01 22:30:00,24203.4,24222.5,24203.1,24217.8,381.0
2025-07-01 23:15:00,24218.1,24218.4,24213.2,24216.1,377.0
2025-07-02 00:00:00,24216.7,24227.0,24215.4,24225.3,604.0
2025-07-02 00:45:00,24224.7,24382.7,24210.3,24367.0,2377.0
2025-07-02 01:30:00,24361.7,24364.6,24098.7,24156.4,9822.0
2025-07-02 02:15:00,24155.9,24258.5,24110.9,24245.6,7582.0
2025-07-02 03:00:00,24246.1,24257.7,24177.9,24233.4,5251.0
2025-07-02 03:45:00,24233.9,24233.9,24183.8,24200.2,1325.0
2025-07-02 04:30:00,24200.5,24263.0,24190.3,24252.4,2711.0
2025-07-02 05:15:00,24252.9,24258.5,24138.6,24165.3,6102.0
2025-07-02 06:00:00,24164.3,24273.8,24159.3,24253.9,5021.0
2025-07-02 06:45:00,24253.4,24258.3,24165.3,24188.8,4045.0
2025-07-02 07:30:00,24188.3,24201.5,24123.1,24129.3,3365.0
2025-07-02 08:15:00,24127.3,24146.0,24109.7,24121.7,1467.0
2025-07-02 09:00:00,24121.4,24185.0,24117.6,24180.0,1369.0
2025-07-02 09:45:00,24179.5,24197.0,24168.3,24170.7,1188.0
2025-07-02 10:30:00,24170.2,24186.4,24166.7,24181.8,1172.0
2025-07-02 11:15:00,24182.3,24184.3,24147.7,24148.3,1253.0
2025-07-02 12:00:00,24147.8,24171.2,24066.2,24087.5,3070.0
2025-07-02 12:45:00,24087.0,24125.8,24074.7,24109.5,2712.0
2025-07-02 13:30:00,24110.0,24112.0,24027.7,24057.3,4853.0
2025-07-02 14:15:00,24056.8,24114.3,24038.5,24102.6,3342.0
2025-07-02 15:00:00,24103.1,24120.9,24082.1,24082.1,2434.0
2025-07-02 15:45:00,24082.6,24094.6,24059.5,24085.7,2084.0
2025-07-02 16:30:00,24085.2,24115.9,24081.7,24110.6,1592.0
2025-07-02 17:15:00,24110.1,24138.9,24108.1,24116.6,1295.0
2025-07-02 18:00:00,24117.1,24142.8,24111.1,24140.8,1279.0
2025-07-02 18:45:00,24140.3,24142.3,24099.9,24101.9,851.0
2025-07-02 19:30:00,24101.7,24125.4,24101.7,24120.2,1543.0
2025-07-02 20:15:00,24119.6,24135.9,24116.1,24130.4,553.0
2025-07-02 21:00:00,24132.9,24134.7,24130.7,24134.0,75.0
2025-07-02 21:45:00,24133.9,24136.7,24125.5,24127.0,578.0
2025-07-02 22:30:00,24127.3,24134.4,24124.8,24133.2,225.0
2025-07-02 23:15:00,24132.9,24141.9,24132.6,24141.3,135.0
2025-07-03 00:00:00,24140.7,24146.8,24136.7,24143.7,530.0
2025-07-03 00:45:00,24143.2,24241.7,24136.2,24235.1,1612.0
2025-07-03 01:30:00,24234.6,24241.1,23938.4,23953.9,9762.0
2025-07-03 02:15:00,23954.4,23974.2,23892.6,23908.4,7135.0
2025-07-03 03:00:00,23908.9,23986.0,23906.9,23947.3,5725.0
2025-07-03 03:45:00,23947.8,23967.7,23942.8,23955.5,1154.0
2025-07-03 04:30:00,23954.9,23977.3,23924.4,23936.1,2334.0
2025-07-03 05:15:00,23935.1,24048.6,23931.1,24011.7,5610.0
2025-07-03 06:00:00,24014.2,24034.2,23989.1,24026.2,4214.0
2025-07-03 06:45:00,24026.3,24063.8,23984.4,24003.9,3472.0
2025-07-03 07:30:00,24004.4,24044.7,23995.2,24020.6,3198.0
2025-07-03 08:15:00,24021.1,24023.8,23983.2,23983.2,995.0
2025-07-03 09:00:00,23982.9,24001.9,23951.7,23957.8,1322.0
2025-07-03 09:45:00,23958.3,23964.8,23912.7,23936.0,1578.0
2025-07-03 10:30:00,23936.5,23961.3,23936.0,23948.1,1185.0
2025-07-03 11:15:00,23948.6,23964.8,23947.1,23963.4,934.0
2025-07-03 12:00:00,23962.9,23984.1,23919.5,23935.6,2652.0
2025-07-03 12:45:00,23935.1,24000.6,23908.7,23999.2,2877.0
2025-07-03 13:30:00,23997.2,24066.8,23980.0,24038.3,5079.0
2025-07-03 14:15:00,24037.8,24038.9,23970.8,23978.2,3106.0
2025-07-03 15:00:00,23978.7,24023.1,23956.6,24020.9,1963.0
2025-07-03 15:45:00,24020.4,24030.1,23956.2,23957.2,1796.0
2025-07-03 16:30:00,23956.2,24012.9,23953.9,23972.9,1966.0
2025-07-03 17:15:00,23973.4,23976.4,23965.7,23967.9,294.0
2025-07-03 18:00:00,23968.9,23971.9,23955.0,23962.1,305.0
2025-07-03 18:45:00,23961.6,23962.1,23935.0,23935.0,152.0
2025-07-03 19:30:00,23932.8,23943.9,23932.8,23937.3,29.0
2025-07-03 21:45:00,23929.7,23940.4,23919.9,23936.3,714.0
2025-07-03 22:30:00,23936.0,23941.4,23928.9,23930.0,477.0
2025-07-03 23:15:00,23930.3,23932.9,23926.5,23929.8,288.0
2025-07-04 00:00:00,23929.2,23929.2,23918.4,23920.4,633.0
2025-07-04 00:45:00,23919.8,23924.4,23800.7,23860.9,2459.0
2025-07-04 01:30:00,23873.4,23890.4,23661.6,23695.1,8944.0
2025-07-04 02:15:00,23694.1,23846.3,23679.8,23836.7,7265.0
2025-07-04 03:00:00,23836.2,23901.5,23796.2,23884.3,5682.0
2025-07-04 03:45:00,23883.8,23903.7,23861.2,23875.8,1415.0
2025-07-04 04:30:00,23876.1,23998.0,23868.1,23991.1,3060.0
2025-07-04 05:15:00,23992.1,24056.1,23906.4,23918.9,7999.0
2025-07-04 06:00:00,23919.4,23919.4,23816.9,23855.7,6645.0
2025-07-04 06:45:00,23856.2,23888.5,23841.1,23872.2,4233.0
2025-07-04 07:30:00,23871.7,23901.8,23860.0,23862.9,3357.0
2025-07-04 08:15:00,23862.4,23891.7,23847.5,23857.8,1801.0
2025-07-04 09:00:00,23857.2,23868.1,23837.9,23858.6,1646.0
2025-07-04 09:45:00,23858.1,23872.7,23839.8,23865.8,1138.0
2025-07-04 10:30:00,23866.3,23887.2,23856.1,23885.6,1229.0
2025-07-04 11:15:00,23886.1,23892.1,23856.4,23864.8,961.0
2025-07-04 12:00:00,23865.3,23873.4,23833.3,23851.1,1136.0
2025-07-04 12:45:00,23850.6,23875.7,23844.1,23866.6,1124.0
2025-07-04 13:30:00,23866.1,23901.2,23858.3,23880.5,1684.0
2025-07-04 14:15:00,23881.0,23897.2,23861.1,23866.2,889.0
2025-07-04 15:00:00,23865.2,23901.8,23859.4,23891.2,963.0
2025-07-04 15:45:00,23889.2,23897.1,23881.1,23897.1,520.0
2025-07-04 16:30:00,23896.6,23898.1,23866.1,23874.8,569.0
2025-07-04 17:15:00,23874.3,23874.8,23853.1,23857.9,250.0
2025-07-04 18:00:00,23858.4,23869.6,23853.6,23869.1,287.0
2025-07-04 18:45:00,23868.6,23878.1,23837.3,23849.4,312.0
2025-07-04 19:30:00,23850.6,23865.1,23844.1,23852.1,160.0
2025-07-06 22:00:00,23923.2,23925.7,23877.6,23884.1,1317.0
2025-07-06 22:45:00,23883.6,23891.8,23874.3,23886.3,645.0
2025-07-06 23:30:00,23885.8,23889.5,23877.0,23883.1,874.0
2025-07-07 00:15:00,23883.4,23889.9,23870.8,23874.2,607.0
2025-07-07 01:00:00,23873.6,23874.2,23706.2,23722.0,6100.0
2025-07-07 01:45:00,23720.5,23841.0,23685.3,23834.4,8727.0
2025-07-07 02:30:00,23834.9,23838.8,23740.6,23805.1,6962.0
2025-07-07 03:15:00,23804.6,23828.9,23777.9,23800.2,3944.0
2025-07-07 04:00:00,23784.7,23792.2,23772.4,23773.0,449.0
2025-07-07 04:45:00,23772.4,23861.6,23771.3,23828.0,4216.0
2025-07-07 05:30:00,23828.5,23897.8,23825.8,23852.5,5241.0
2025-07-07 06:15:00,23853.0,23859.5,23799.9,23816.0,4393.0
2025-07-07 07:00:00,23815.5,23829.2,23760.2,23817.8,3895.0
2025-07-07 07:45:00,23816.8,23872.5,23815.3,23845.4,3293.0
2025-07-07 08:30:00,23834.8,23840.2,23828.0,23832.7,795.0
2025-07-07 09:15:00,23840.4,23891.5,23839.4,23880.5,1390.0
2025-07-07 10:00:00,23881.0,23885.4,23848.8,23858.1,1242.0
2025-07-07 10:45:00,23857.6,23879.1,23853.6,23876.3,945.0
2025-07-07 11:30:00,23875.8,23879.0,23861.4,23865.2,1091.0
2025-07-07 12:15:00,23864.7,23869.9,23837.7,23840.2,1169.0
2025-07-07 13:00:00,23839.7,23984.1,23834.4,23955.1,3398.0
2025-07-07 13:45:00,23954.6,24003.3,23926.4,23933.3,3639.0
2025-07-07 14:30:00,23932.8,23952.1,23919.5,23932.3,3068.0
2025-07-07 15:15:00,23931.8,23961.1,23925.0,23940.7,2388.0
2025-07-07 16:00:00,23941.2,23955.7,23839.2,23869.3,4245.0
2025-07-07 16:45:00,23868.8,23890.6,23826.0,23872.5,3438.0
2025-07-07 17:30:00,23873.0,23925.0,23864.1,23866.6,3018.0
2025-07-07 18:15:00,23866.1,23866.1,23809.8,23843.1,3171.0
2025-07-07 19:00:00,23842.9,23844.4,23826.6,23831.8,1583.0
2025-07-07 19:45:00,23832.0,23846.8,23823.9,23825.3,1823.0
2025-07-07 20:30:00,23825.9,23825.9,23803.4,23815.4,544.0
2025-07-07 21:00:00,23816.3,23816.3,23813.1,23813.8,52.0
2025-07-07 21:45:00,23813.9,23827.9,23806.5,23811.4,649.0
2025-07-07 22:30:00,23811.7,23831.7,23810.8,23830.4,790.0
2025-07-07 23:15:00,23830.7,23839.3,23828.4,23838.1,584.0
2025-07-08 00:00:00,23837.8,23854.1,23827.6,23852.9,1101.0
2025-07-08 00:45:00,23853.2,23958.0,23849.5,23900.3,2400.0
2025-07-08 01:30:00,23900.8,24006.3,23876.4,23951.6,9551.0
2025-07-08 02:15:00,23951.1,24063.2,23930.3,24049.6,7524.0
2025-07-08 03:00:00,24050.6,24130.2,24046.0,24095.4,6594.0
2025-07-08 03:45:00,24094.4,24099.1,24044.4,24045.8,1332.0
2025-07-08 04:30:00,24046.4,24063.8,24012.3,24058.3,2785.0
2025-07-08 05:15:00,24057.8,24073.4,23996.0,24066.8,5582.0
2025-07-08 06:00:00,24068.8,24082.4,24006.0,24060.4,5192.0
2025-07-08 06:45:00,24059.9,24140.4,24056.4,24102.3,4306.0
2025-07-08 07:30:00,24101.3,24147.5,24092.6,24115.2,3494.0
2025-07-08 08:15:00,24116.1,24123.8,24064.9,24079.4,1369.0
2025-07-08 09:00:00,24078.3,24104.4,24071.4,24073.9,1252.0
2025-07-08 09:45:00,24073.4,24083.0,24059.4,24066.7,1514.0
2025-07-08 10:30:00,24065.7,24090.9,24065.7,24087.1,1034.0
2025-07-08 11:15:00,24088.1,24097.1,24070.6,24085.9,888.0
2025-07-08 12:00:00,24083.9,24089.1,24047.7,24051.6,1303.0
2025-07-08 12:45:00,24052.1,24067.4,24048.3,24060.3,1586.0
2025-07-08 13:30:00,24062.8,24075.3,23983.5,24025.4,4934.0
2025-07-08 14:15:00,24024.9,24061.7,24008.5,24048.2,3419.0
2025-07-08 15:00:00,24048.7,24082.1,24037.9,24077.1,2783.0
2025-07-08 15:45:00,24077.6,24115.9,24076.6,24113.4,1876.0
2025-07-08 16:30:00,24113.9,24118.6,24071.8,24096.6,3481.0
2025-07-08 17:15:00,24097.1,24104.7,24079.6,24093.5,1755.0
2025-07-08 18:00:00,24094.0,24111.7,24087.9,24088.4,1381.0
2025-07-08 18:45:00,24087.9,24097.8,24056.9,24059.0,1097.0
2025-07-08 19:30:00,24058.8,24064.4,24045.2,24059.8,1492.0
2025-07-08 20:15:00,24059.2,24063.7,24058.1,24060.1,343.0
2025-07-08 21:00:00,24060.2,24063.5,24057.8,24062.3,39.0
2025-07-08 21:45:00,24063.3,24073.3,24059.7,24061.1,292.0
2025-07-08 22:30:00,24061.4,24070.1,24056.8,24067.9,276.0
2025-07-08 23:15:00,24068.5,24071.5,24054.4,24057.3,412.0
2025-07-09 00:00:00,24055.3,24056.1,24035.5,24042.5,622.0
2025-07-09 00:45:00,24042.8,24078.0,24008.3,24012.4,2053.0
2025-07-09 01:30:00,24011.4,24011.4,23825.8,23929.9,8799.0
2025-07-09 02:15:00,23930.4,24032.7,23905.8,23938.1,7064.0
2025-07-09 03:00:00,23937.6,23958.2,23886.4,23917.3,5254.0
2025-07-09 03:45:00,23918.0,23942.3,23914.5,23929.8,991.0
2025-07-09 04:30:00,23929.2,23985.6,23929.2,23942.1,2343.0
2025-07-09 05:15:00,23941.6,23952.8,23871.7,23908.3,5165.0
2025-07-09 06:00:00,23906.3,23912.6,23800.2,23812.4,5418.0
2025-07-09 06:45:00,23811.9,23874.5,23806.9,23853.0,4195.0
2025-07-09 07:30:00,23853.5,23882.1,23842.5,23849.3,3623.0
2025-07-09 08:15:00,23848.8,23870.6,23840.7,23847.5,1191.0
2025-07-09 09:00:00,23848.1,23909.4,23847.5,23897.0,1394.0
2025-07-09 09:45:00,23896.9,23910.4,23887.0,23900.5,1328.0
2025-07-09 10:30:00,23900.0,23909.7,23888.5,23905.1,1085.0
2025-07-09 11:15:00,23904.6,23917.5,23899.5,23905.3,982.0
2025-07-09 12:00:00,23904.8,23926.1,23902.8,23909.3,1125.0
2025-07-09 12:45:00,23908.8,23932.5,23903.7,23923.5,1674.0
2025-07-09 13:30:00,23923.0,23925.5,23812.0,23824.3,5537.0
2025-07-09 14:15:00,23823.8,23862.2,23795.3,23802.5,3840.0
2025-07-09 15:00:00,23802.0,23825.9,23791.2,23825.4,2859.0
2025-07-09 15:45:00,23825.9,23836.3,23813.4,23821.2,2150.0
2025-07-09 16:30:00,23819.7,23846.6,23818.5,23843.1,1553.0
2025-07-09 17:15:00,23841.6,23853.2,23831.4,23844.3,1625.0
2025-07-09 18:00:00,23843.3,23848.7,23831.5,23839.1,1626.0
2025-07-09 18:45:00,23838.6,23848.3,23824.4,23843.4,956.0
2025-07-09 19:30:00,23843.6,23854.5,23835.2,23852.0,1479.0
2025-07-09 20:15:00,23851.4,23852.5,23835.7,23843.3,586.0
2025-07-09 21:00:00,23845.1,23849.9,23845.1,23847.4,55.0
2025-07-09 21:45:00,23847.1,23862.5,23841.9,23857.4,415.0
2025-07-09 22:30:00,23858.0,23861.3,23851.9,23851.9,243.0
2025-07-09 23:15:00,23852.4,23853.6,23838.7,23845.0,306.0
2025-07-10 00:00:00,23844.7,23844.7,23831.3,23833.5,827.0
2025-07-10 00:45:00,23834.1,23881.2,23824.4,23853.1,1933.0
2025-07-10 01:30:00,23852.8,23929.0,23788.5,23876.1,9561.0
2025-07-10 02:15:00,23875.1,23947.3,23844.1,23891.1,7848.0
2025-07-10 03:00:00,23892.1,23937.0,23864.4,23889.9,5412.0
2025-07-10 03:45:00,23890.4,23903.3,23875.4,23876.6,1094.0
2025-07-10 04:30:00,23876.0,23977.7,23875.7,23957.8,2722.0
2025-07-10 05:15:00,23958.3,23985.4,23910.5,23971.5,5776.0
2025-07-10 06:00:00,23971.0,24045.5,23956.9,23989.4,6376.0
2025-07-10 06:45:00,23988.9,24066.1,23976.7,24044.2,4674.0
2025-07-10 07:30:00,24044.7,24050.7,23998.1,24008.8,3495.0
2025-07-10 08:15:00,24008.7,24028.4,23984.2,23994.7,1031.0
2025-07-10 09:00:00,23995.2,24016.6,23990.3,24007.8,1066.0
2025-07-10 09:45:00,24007.3,24022.8,24000.3,24020.0,886.0
2025-07-10 10:30:00,24020.5,24028.8,24001.0,24002.0,932.0
2025-07-10 11:15:00,24004.0,24016.2,23963.4,23970.5,1404.0
2025-07-10 12:00:00,23971.0,23977.5,23947.2,23959.1,1713.0
2025-07-10 12:45:00,23958.6,23989.8,23957.6,23965.4,1845.0
2025-07-10 13:30:00,23965.9,23994.3,23914.8,23957.4,4763.0
2025-07-10 14:15:00,23956.9,23962.4,23865.4,23939.2,3133.0
2025-07-10 15:00:00,23938.7,23976.5,23923.1,23963.8,2492.0
2025-07-10 15:45:00,23963.3,23998.6,23962.8,23986.1,1591.0
2025-07-10 16:30:00,23984.6,24021.6,23983.2,24017.2,1299.0
2025-07-10 17:15:00,24017.7,24042.1,24008.6,24032.8,1017.0
2025-07-10 18:00:00,24033.2,24040.9,24024.1,24024.6,965.0
2025-07-10 18:45:00,24024.1,24025.6,24003.5,24011.4,831.0
2025-07-10 19:30:00,24011.6,24022.8,24005.4,24009.0,1501.0
2025-07-10 20:15:00,24008.5,24020.4,24008.5,24011.3,453.0
2025-07-10 21:00:00,24011.5,24013.9,24009.0,24010.3,63.0
2025-07-10 21:45:00,24010.4,24024.9,24009.4,24022.5,403.0
2025-07-10 22:30:00,24022.0,24029.9,24019.2,24025.5,162.0
2025-07-10 23:15:00,24024.9,24030.0,24022.1,24025.5,176.0
2025-07-11 00:00:00,24026.1,24026.1,23891.3,23924.3,3291.0
2025-07-11 00:45:00,23923.4,24033.7,23919.1,24033.3,3491.0
2025-07-11 01:30:00,24033.8,24409.0,24033.8,24373.2,9684.0
2025-07-11 02:15:00,24372.7,24459.2,24359.1,24363.5,8268.0
2025-07-11 03:00:00,24364.5,24471.2,24310.3,24458.6,6861.0
2025-07-11 03:45:00,24458.1,24490.9,24430.6,24440.7,1629.0
2025-07-11 04:30:00,24441.0,24506.3,24397.0,24402.4,3084.0
2025-07-11 05:15:00,24401.4,24510.2,24391.6,24432.9,7805.0
2025-07-11 06:00:00,24432.4,24459.6,24338.0,24338.0,6434.0
2025-07-11 06:45:00,24336.0,24360.2,24180.9,24215.2,6819.0
2025-07-11 07:30:00,24216.7,24228.7,24104.4,24125.8,4652.0
2025-07-11 08:15:00,24125.3,24147.7,24123.0,24139.2,1694.0
2025-07-11 09:00:00,24139.8,24157.3,24131.0,24149.3,1552.0
2025-07-11 09:45:00,24148.8,24160.3,24135.9,24146.1,1468.0
2025-07-11 10:30:00,24146.6,24155.1,24123.7,24153.4,1255.0
2025-07-11 11:15:00,24152.9,24154.4,24128.0,24132.6,942.0
2025-07-11 12:00:00,24132.1,24133.7,24086.6,24105.1,1922.0
2025-07-11 12:45:00,24104.1,24120.2,24100.7,24113.1,1800.0
2025-07-11 13:30:00,24113.6,24151.4,24084.0,24124.3,4629.0
2025-07-11 14:15:00,24124.8,24126.3,24090.4,24095.1,2754.0
2025-07-11 15:00:00,24094.6,24096.7,24070.7,24087.7,2374.0
2025-07-11 15:45:00,24088.7,24091.2,24049.4,24060.7,1989.0
2025-07-11 16:30:00,24061.2,24094.0,24060.7,24086.0,1263.0
2025-07-11 17:15:00,24085.5,24091.9,24074.2,24087.4,1320.0
2025-07-11 18:00:00,24086.9,24091.4,24063.5,24077.3,1342.0
2025-07-11 18:45:00,24077.8,24078.8,24041.7,24055.8,1541.0
2025-07-11 19:30:00,24055.7,24059.3,24039.0,24040.9,1731.0
2025-07-11 20:15:00,24040.3,24041.7,24031.6,24034.4,591.0
2025-07-13 22:00:00,23962.2,24003.7,23952.3,24003.1,1815.0
2025-07-13 22:45:00,24002.8,24004.5,23983.8,23988.7,1260.0
2025-07-13 23:30:00,23988.5,24004.5,23984.3,24002.1,1347.0
2025-07-14 00:15:00,24002.3,24016.2,23995.4,24013.3,1032.0
2025-07-14 01:00:00,24013.9,24188.9,24003.3,24143.9,5427.0
2025-07-14 01:45:00,24144.4,24172.9,24085.3,24148.1,8828.0
2025-07-14 02:30:00,24147.6,24172.3,24071.9,24111.3,6691.0
2025-07-14 03:15:00,24113.3,24145.2,24106.1,24145.2,3756.0
2025-07-14 04:00:00,24133.4,24134.2,24126.7,24127.7,277.0
2025-07-14 04:45:00,24127.4,24200.7,24123.5,24198.9,4282.0
2025-07-14 05:30:00,24199.4,24255.8,24191.3,24218.6,5103.0
2025-07-14 06:15:00,24219.6,24232.0,24162.8,24180.2,4054.0
2025-07-14 07:00:00,24178.7,24237.8,24177.2,24207.1,3431.0
2025-07-14 07:45:00,24206.6,24217.3,24166.3,24170.6,2760.0
2025-07-14 08:30:00,24153.6,24173.9,24152.9,24172.0,810.0
2025-07-14 09:15:00,24174.8,24207.7,24173.1,24202.1,912.0
2025-07-14 10:00:00,24201.6,24223.7,24190.0,24192.4,1013.0
2025-07-14 10:45:00,24191.9,24192.9,24174.9,24185.1,921.0
2025-07-14 11:30:00,24185.6,24205.2,24174.3,24200.5,994.0
2025-07-14 12:15:00,24201.0,24204.0,24169.9,24173.5,874.0
2025-07-14 13:00:00,24174.0,24240.8,24135.3,24235.3,2973.0
2025-07-14 13:45:00,24234.8,24261.1,24187.1,24213.4,3753.0
2025-07-14 14:30:00,24211.9,24241.3,24198.3,24238.8,2370.0
2025-07-14 15:15:00,24238.3,24266.2,24225.0,24229.9,1947.0
2025-07-14 16:00:00,24229.4,24249.3,24226.9,24233.6,1510.0
2025-07-14 16:45:00,24234.1,24255.3,24226.4,24240.1,938.0
2025-07-14 17:30:00,24240.6,24248.8,24228.3,24244.8,743.0
2025-07-14 18:15:00,24245.3,24269.4,24244.3,24245.2,658.0
2025-07-14 19:00:00,24234.8,24239.5,24219.5,24221.2,707.0
2025-07-14 19:45:00,24221.1,24244.4,24217.0,24229.5,1211.0
2025-07-14 20:30:00,24230.0,24236.7,24229.5,24235.8,243.0
2025-07-14 21:00:00,24236.9,24239.8,24234.6,24239.7,40.0
2025-07-14 21:45:00,24240.1,24242.0,24221.7,24222.8,618.0
2025-07-14 22:30:00,24223.1,24227.4,24220.6,24221.8,511.0
2025-07-14 23:15:00,24222.3,24229.7,24221.2,24226.8,304.0
2025-07-15 00:00:00,24227.4,24234.5,24220.4,24226.0,740.0
2025-07-15 00:45:00,24226.6,24321.1,24222.8,24296.4,2029.0
2025-07-15 01:30:00,24288.9,24553.5,24269.3,24367.2,10086.0
2025-07-15 02:15:00,24367.7,24410.5,24220.7,24252.2,8702.0
2025-07-15 03:00:00,24252.7,24253.3,24113.3,24230.9,7457.0
2025-07-15 03:45:00,24231.4,24235.3,24211.2,24219.3,1371.0
2025-07-15 04:30:00,24219.0,24259.9,24207.3,24249.5,2987.0
2025-07-15 05:15:00,24250.0,24366.6,24242.3,24322.0,6678.0
2025-07-15 06:00:00,24321.5,24484.1,24321.2,24401.7,7544.0
2025-07-15 06:45:00,24401.5,24488.4,24367.7,24462.3,5450.0
2025-07-15 07:30:00,24462.9,24585.8,24460.6,24551.3,5680.0
2025-07-15 08:15:00,24551.8,24560.6,24501.7,24505.2,1619.0
2025-07-15 09:00:00,24504.9,24541.1,24502.3,24528.5,1173.0
2025-07-15 09:45:00,24529.0,24533.7,24511.0,24513.2,1153.0
2025-07-15 10:30:00,24513.7,24524.1,24498.7,24519.6,1199.0
2025-07-15 11:15:00,24520.1,24522.3,24499.8,24508.4,821.0
2025-07-15 12:00:00,24508.9,24559.6,24503.5,24515.9,2209.0
2025-07-15 12:45:00,24515.4,24550.3,24508.9,24537.8,2406.0
2025-07-15 13:30:00,24537.3,24579.0,24403.2,24454.8,7118.0
2025-07-15 14:15:00,24454.3,24485.2,24422.0,24422.5,4478.0
2025-07-15 15:00:00,24426.5,24496.7,24425.4,24476.7,3422.0
2025-07-15 15:45:00,24477.2,24513.1,24452.0,24509.6,2763.0
2025-07-15 16:30:00,24508.6,24589.4,24506.6,24576.4,3044.0
2025-07-15 17:15:00,24576.9,24606.1,24553.3,24605.1,2128.0
2025-07-15 18:00:00,24605.6,24617.4,24586.4,24615.4,1806.0
2025-07-15 18:45:00,24614.4,24631.9,24587.9,24602.7,1921.0
2025-07-15 19:30:00,24602.9,24634.2,24566.6,24568.4,2380.0
2025-07-15 20:15:00,24569.0,24569.6,24549.0,24553.1,966.0
2025-07-15 21:00:00,24555.3,24556.2,24550.9,24552.2,86.0
2025-07-15 21:45:00,24552.3,24558.0,24540.6,24544.5,695.0
2025-07-15 22:30:00,24543.3,24554.2,24525.5,24547.1,850.0
2025-07-15 23:15:00,24547.4,24557.0,24536.0,24553.3,760.0
2025-07-16 00:00:00,24553.6,24563.3,24539.9,24561.2,1326.0
2025-07-16 00:45:00,24560.6,24753.7,24556.2,24735.6,2956.0
2025-07-16 01:30:00,24730.6,24861.5,24659.4,24695.3,10344.0
2025-07-16 02:15:00,24695.8,24767.5,24596.6,24638.1,8419.0
2025-07-16 03:00:00,24637.6,24733.5,24636.1,24670.6,6134.0
2025-07-16 03:45:00,24670.9,24673.6,24628.2,24649.4,1806.0
2025-07-16 04:30:00,24648.8,24662.1,24598.7,24626.2,2946.0
2025-07-16 05:15:00,24626.7,24640.6,24540.5,24621.0,7015.0
2025-07-16 06:00:00,24621.5,24682.9,24594.4,24634.1,6482.0
2025-07-16 06:45:00,24634.6,24648.9,24550.4,24574.7,4550.0
2025-07-16 07:30:00,24574.2,24595.8,24483.6,24497.5,3783.0
2025-07-16 08:15:00,24495.5,24531.2,24492.5,24524.8,1280.0
2025-07-16 09:00:00,24525.4,24529.6,24479.6,24497.1,1209.0
2025-07-16 09:45:00,24497.6,24520.2,24495.6,24506.0,943.0
2025-07-16 10:30:00,24506.5,24520.2,24502.9,24509.7,975.0
2025-07-16 11:15:00,24509.2,24511.9,24488.2,24492.1,867.0
2025-07-16 12:00:00,24492.6,24535.7,24482.6,24521.7,1815.0
2025-07-16 12:45:00,24521.2,24524.5,24468.7,24482.7,1743.0
2025-07-16 13:30:00,24483.2,24491.4,24407.9,24435.1,5752.0
2025-07-16 14:15:00,24434.6,24455.5,24395.8,24423.5,1835.0
2025-07-16 15:00:00,24424.2,24536.7,24424.2,24490.8,6300.0
2025-07-16 15:45:00,24491.3,24514.3,24466.4,24490.8,5160.0
2025-07-16 16:30:00,24491.3,24547.8,24486.3,24533.5,1836.0
2025-07-16 17:15:00,24534.0,24562.8,24518.1,24531.3,1645.0
2025-07-16 18:00:00,24531.8,24565.9,24529.8,24562.0,1164.0
2025-07-16 18:45:00,24562.5,24572.1,24548.1,24561.1,1367.0
2025-07-16 19:30:00,24560.9,24560.9,24537.1,24543.5,1703.0
2025-07-16 20:15:00,24544.1,24544.1,24533.9,24538.6,440.0
2025-07-16 21:00:00,24539.8,24543.6,24539.0,24542.8,97.0
2025-07-16 21:45:00,24542.7,24544.5,24528.7,24530.0,603.0
2025-07-16 22:30:00,24529.7,24531.7,24522.3,24527.0,557.0
2025-07-16 23:15:00,24526.7,24532.0,24522.3,24529.6,352.0
2025-07-17 00:00:00,24529.9,24538.7,24522.8,24531.4,1033.0
2025-07-17 00:45:00,24532.0,24593.7,24509.4,24525.4,2054.0
2025-07-17 01:30:00,24533.4,24649.5,24505.0,24590.9,9497.0
2025-07-17 02:15:00,24590.4,24594.4,24446.8,24477.7,7614.0
2025-07-17 03:00:00,24478.2,24503.8,24431.7,24497.2,5856.0
2025-07-17 03:45:00,24497.7,24531.0,24497.3,24511.4,1295.0
2025-07-17 04:30:00,24510.8,24559.7,24507.1,24541.5,2820.0
2025-07-17 05:15:00,24542.0,24577.4,24508.7,24519.2,6347.0
2025-07-17 06:00:00,24519.7,24570.1,24510.9,24531.2,5798.0
2025-07-17 06:45:00,24530.7,24543.4,24433.9,24458.2,4722.0
2025-07-17 07:30:00,24458.7,24497.9,24454.7,24474.5,3015.0
2025-07-17 08:15:00,24474.0,24474.5,24414.7,24424.5,1499.0
2025-07-17 09:00:00,24424.8,24476.4,24424.5,24462.0,1303.0
2025-07-17 09:45:00,24462.5,24463.0,24436.5,24446.5,824.0
2025-07-17 10:30:00,24446.0,24451.9,24428.6,24434.9,873.0
2025-07-17 11:15:00,24435.4,24448.9,24418.4,24425.1,835.0
2025-07-17 12:00:00,24424.6,24431.3,24400.0,24413.2,1668.0
2025-07-17 12:45:00,24413.7,24460.7,24409.3,24441.1,1800.0
2025-07-17 13:30:00,24440.6,24506.0,24418.1,24501.5,4460.0
2025-07-17 14:15:00,24501.0,24592.9,24497.0,24585.9,2872.0
2025-07-17 15:00:00,24584.9,24641.5,24570.8,24641.0,3255.0
2025-07-17 15:45:00,24641.5,24653.1,24617.2,24632.4,2097.0
2025-07-17 16:30:00,24631.9,24665.9,24622.3,24663.2,1814.0
2025-07-17 17:15:00,24663.7,24666.2,24624.5,24639.1,1443.0
2025-07-17 18:00:00,24639.6,24672.0,24630.2,24662.9,1061.0
2025-07-17 18:45:00,24662.4,24669.9,24647.1,24648.2,829.0
2025-07-17 19:30:00,24646.3,24658.7,24637.9,24654.1,1791.0
2025-07-17 20:15:00,24654.6,24665.7,24652.9,24658.1,606.0
2025-07-17 21:00:00,24657.1,24659.6,24657.1,24657.8,55.0
2025-07-17 21:45:00,24659.1,24659.3,24650.2,24658.4,484.0
2025-07-17 22:30:00,24658.7,24678.5,24653.6,24677.9,431.0
2025-07-17 23:15:00,24677.6,24682.7,24670.0,24679.3,507.0
2025-07-18 00:00:00,24678.8,24721.0,24677.6,24697.8,747.0
2025-07-18 00:45:00,24697.2,24800.2,24688.2,24759.5,2486.0
2025-07-18 01:30:00,24761.5,24820.6,24691.3,24774.4,9943.0
2025-07-18 02:15:00,24774.9,24775.3,24680.1,24714.5,8208.0
2025-07-18 03:00:00,24712.5,24761.1,24623.4,24631.8,6148.0
2025-07-18 03:45:00,24632.3,24666.1,24623.2,24651.3,1469.0
2025-07-18 04:30:00,24651.8,24661.2,24608.4,24652.4,2788.0
2025-07-18 05:15:00,24653.4,24708.2,24644.9,24666.9,5627.0
2025-07-18 06:00:00,24667.4,24748.4,24667.4,24745.7,4487.0
2025-07-18 06:45:00,24746.2,24814.7,24739.2,24771.3,4465.0
2025-07-18 07:30:00,24770.8,24852.6,24762.7,24845.9,3613.0
2025-07-18 08:15:00,24846.4,24848.0,24803.2,24807.9,1433.0
2025-07-18 09:00:00,24807.6,24881.2,24806.8,24856.8,1243.0
2025-07-18 09:45:00,24856.3,24919.4,24854.8,24904.1,1499.0
2025-07-18 10:30:00,24903.6,24929.4,24889.9,24898.8,1734.0
2025-07-18 11:15:00,24899.3,24919.4,24895.3,24909.7,1278.0
2025-07-18 12:00:00,24910.2,24961.2,24905.7,24952.7,1926.0
2025-07-18 12:45:00,24953.2,24977.0,24943.1,24947.0,2439.0
2025-07-18 13:30:00,24942.5,25067.5,24908.0,25024.9,6494.0
2025-07-18 14:15:00,25024.4,25066.1,25001.2,25016.8,4047.0
2025-07-18 15:00:00,25018.3,25035.3,24985.7,25025.0,3219.0
2025-07-18 15:45:00,25024.0,25037.1,24968.0,24976.2,2211.0
2025-07-18 16:30:00,24976.7,24983.8,24937.8,24954.7,2348.0
2025-07-18 17:15:00,24954.2,24957.8,24901.3,24915.8,1713.0
2025-07-18 18:00:00,24916.3,24923.8,24873.7,24876.8,1428.0
2025-07-18 18:45:00,24877.3,24893.8,24870.2,24889.3,1228.0
2025-07-18 19:30:00,24889.4,24893.1,24872.6,24879.0,1333.0
2025-07-18 20:15:00,24879.6,24900.8,24877.2,24899.7,503.0
2025-07-20 22:00:00,24893.2,24925.6,24888.3,24924.8,746.0
2025-07-20 22:45:00,24924.2,24946.6,24922.6,24931.1,420.0
2025-07-20 23:30:00,24931.4,24960.7,24929.7,24956.1,528.0
2025-07-21 00:15:00,24956.4,24957.3,24918.2,24918.7,350.0
2025-07-21 01:00:00,24919.3,25012.6,24910.2,24967.1,6071.0
2025-07-21 01:45:00,24971.6,24990.9,24884.7,24982.4,9158.0
2025-07-21 02:30:00,24982.9,24989.9,24910.0,24910.3,7082.0
2025-07-21 03:15:00,24909.8,24927.1,24872.6,24886.9,4303.0
2025-07-21 04:00:00,24876.5,24901.1,24874.9,24895.7,209.0
2025-07-21 04:45:00,24895.4,24902.1,24835.3,24875.0,4337.0
2025-07-21 05:30:00,24875.5,24962.1,24875.5,24957.0,4919.0
2025-07-21 06:15:00,24957.5,24991.3,24942.7,24979.0,4185.0
2025-07-21 07:00:00,24978.5,24987.6,24945.9,24964.0,3152.0
2025-07-21 07:45:00,24963.5,25009.2,24938.3,24971.1,3068.0
2025-07-21 08:30:00,24957.3,24957.8,24950.1,24955.5,463.0
2025-07-21 09:15:00,24955.8,24987.8,24955.8,24981.3,654.0
2025-07-21 10:00:00,24980.8,24989.1,24974.0,24985.8,528.0
2025-07-21 10:45:00,24985.6,25003.2,24977.3,25001.2,762.0
2025-07-21 11:30:00,25000.7,25037.7,24995.1,25005.5,1215.0
2025-07-21 12:15:00,25006.0,25011.4,24986.7,24993.5,1202.0
2025-07-21 13:00:00,24993.0,25012.2,24921.6,24948.9,3186.0
2025-07-21 13:45:00,24948.4,25061.1,24947.9,25042.4,4173.0
2025-07-21 14:30:00,25041.9,25125.5,25041.9,25118.4,3316.0
2025-07-21 15:15:00,25117.9,25124.6,25076.2,25078.2,2227.0
2025-07-21 16:00:00,25077.7,25083.8,25039.9,25052.6,1497.0
2025-07-21 16:45:00,25052.1,25069.7,25047.2,25059.2,1196.0
2025-07-21 17:30:00,25059.7,25068.6,25046.8,25047.8,933.0
2025-07-21 18:15:00,25048.3,25057.4,25030.7,25041.5,961.0
2025-07-21 19:00:00,25023.7,25025.4,24998.5,25002.2,1553.0
2025-07-21 19:45:00,25002.1,25013.9,24997.9,25004.4,1651.0
2025-07-21 20:30:00,25005.0,25010.4,25005.0,25010.2,270.0
2025-07-21 21:00:00,25015.3,25015.7,25011.8,25012.5,96.0
2025-07-21 21:45:00,25012.4,25019.7,25008.6,25019.7,375.0
2025-07-21 22:30:00,25019.1,25022.4,25013.9,25019.1,217.0
2025-07-21 23:15:00,25018.8,25021.5,25009.8,25014.6,329.0
2025-07-22 00:00:00,25014.3,25026.2,25014.0,25022.2,540.0
2025-07-22 00:45:00,25021.9,25068.2,25015.1,25029.6,1937.0
2025-07-22 01:30:00,25029.1,25122.6,24965.9,24990.1,9378.0
2025-07-22 02:15:00,24988.6,24992.5,24910.2,24983.4,7108.0
2025-07-22 03:00:00,24982.4,25030.0,24956.0,25030.0,5047.0
2025-07-22 03:45:00,25029.5,25068.0,25019.9,25025.3,1621.0
2025-07-22 04:30:00,25028.4,25116.1,25024.7,25073.4,3122.0
2025-07-22 05:15:00,25072.9,25136.7,25046.2,25058.7,7357.0
2025-07-22 06:00:00,25059.7,25102.5,24996.1,25086.9,6442.0
2025-07-22 06:45:00,25087.4,25102.2,25062.7,25079.4,4037.0
2025-07-22 07:30:00,25078.9,25159.7,25064.6,25153.8,3538.0
2025-07-22 08:15:00,25153.3,25157.8,25111.3,25115.5,1535.0
2025-07-22 09:00:00,25115.8,25153.8,25112.0,25129.3,1345.0
2025-07-22 09:45:00,25128.8,25168.8,25128.2,25157.7,1000.0
2025-07-22 10:30:00,25157.3,25165.7,25137.9,25141.6,944.0
2025-07-22 11:15:00,25141.1,25192.8,25131.1,25177.1,1289.0
2025-07-22 12:00:00,25176.6,25186.5,25147.8,25160.6,1424.0
2025-07-22 12:45:00,25161.1,25190.6,25158.1,25171.2,1560.0
2025-07-22 13:30:00,25175.2,25202.5,25100.8,25161.0,5582.0
2025-07-22 14:15:00,25160.5,25274.1,25155.6,25264.0,3137.0
2025-07-22 15:00:00,25263.5,25288.3,25242.9,25276.3,2552.0
2025-07-22 15:45:00,25277.8,25352.5,25273.6,25316.6,2755.0
2025-07-22 16:30:00,25316.1,25343.5,25302.0,25314.8,1811.0
2025-07-22 17:15:00,25315.3,25339.9,25302.4,25311.4,1303.0
2025-07-22 18:00:00,25310.9,25320.4,25289.5,25311.9,1401.0
2025-07-22 18:45:00,25312.4,25316.3,25299.2,25301.9,859.0
2025-07-22 19:30:00,25301.8,25324.2,25299.8,25302.4,1490.0
2025-07-22 20:15:00,25301.8,25307.3,25297.3,25306.4,557.0
2025-07-22 21:00:00,25302.4,25303.8,25300.9,25301.6,74.0
2025-07-22 21:45:00,25301.5,25311.4,25296.7,25297.1,484.0
2025-07-22 22:30:00,25297.3,25335.8,25290.6,25326.2,704.0
2025-07-22 23:15:00,25327.1,25348.3,25314.8,25333.6,2156.0
2025-07-23 00:00:00,25334.2,25336.0,25307.0,25318.9,1705.0
2025-07-23 00:45:00,25319.2,25417.2,25319.2,25327.1,3017.0
2025-07-23 01:30:00,25320.1,25322.6,25226.6,25260.8,9811.0
2025-07-23 02:15:00,25258.3,25311.3,25227.6,25296.9,7269.0
2025-07-23 03:00:00,25296.4,25431.1,25285.9,25428.0,7043.0
2025-07-23 03:45:00,25428.5,25430.7,25391.9,25404.3,1719.0
2025-07-23 04:30:00,25404.9,25521.9,25403.0,25483.1,3712.0
2025-07-23 05:15:00,25483.6,25528.9,25385.3,25471.8,8443.0
2025-07-23 06:00:00,25471.3,25519.3,25354.5,25443.6,7949.0
2025-07-23 06:45:00,25443.9,25504.5,25435.6,25440.4,5668.0
2025-07-23 07:30:00,25440.9,25533.8,25440.9,25529.8,4276.0
2025-07-23 08:15:00,25530.1,25576.7,25529.6,25559.9,1698.0
2025-07-23 09:00:00,25559.3,25582.8,25537.2,25548.8,1432.0
2025-07-23 09:45:00,25550.3,25552.0,25523.8,25546.4,1192.0
2025-07-23 10:30:00,25546.9,25548.4,25485.5,25492.5,1428.0
2025-07-23 11:15:00,25493.0,25510.6,25488.6,25499.1,1156.0
2025-07-23 12:00:00,25497.6,25502.2,25475.4,25486.1,960.0
2025-07-23 12:45:00,25486.7,25506.6,25468.4,25477.0,1567.0
2025-07-23 13:30:00,25477.2,25532.0,25452.6,25501.3,4920.0
2025-07-23 14:15:00,25501.8,25519.9,25455.9,25466.0,2749.0
2025-07-23 15:00:00,25467.5,25483.7,25442.2,25455.8,2254.0
2025-07-23 15:45:00,25456.3,25537.7,25453.1,25476.3,3725.0
2025-07-23 16:30:00,25475.8,25509.9,25469.6,25494.9,1769.0
2025-07-23 17:15:00,25494.4,25539.7,25490.1,25531.7,1548.0
2025-07-23 18:00:00,25532.2,25550.5,25524.0,25532.0,1298.0
2025-07-23 18:45:00,25531.0,25544.1,25522.5,25523.1,882.0
2025-07-23 19:30:00,25523.0,25558.1,25517.8,25556.3,2570.0
2025-07-23 20:15:00,25554.6,25560.1,25532.8,25557.1,1234.0
2025-07-23 21:00:00,25557.4,25562.1,25538.5,25540.3,200.0
2025-07-23 21:45:00,25540.4,25547.1,25531.9,25545.2,854.0
2025-07-23 22:30:00,25545.5,25553.0,25537.4,25550.7,548.0
2025-07-23 23:15:00,25551.0,25555.4,25546.0,25553.8,375.0
2025-07-24 00:00:00,25553.2,25560.5,25546.2,25553.3,800.0
2025-07-24 00:45:00,25553.0,25576.7,25473.7,25551.3,2550.0
2025-07-24 01:30:00,25550.8,25619.5,25502.2,25617.8,9896.0
2025-07-24 02:15:00,25617.3,25722.5,25608.9,25720.8,8296.0
2025-07-24 03:00:00,25720.3,25737.0,25631.5,25648.8,7100.0
2025-07-24 03:45:00,25649.8,25692.2,25649.8,25675.4,1586.0
2025-07-24 04:30:00,25675.6,25724.4,25668.4,25699.0,2932.0
2025-07-24 05:15:00,25699.5,25734.4,25594.8,25623.7,7482.0
2025-07-24 06:00:00,25624.2,25696.8,25619.7,25679.8,6192.0
2025-07-24 06:45:00,25680.3,25700.2,25641.6,25645.6,4336.0
2025-07-24 07:30:00,25646.2,25669.2,25623.4,25663.2,3444.0
2025-07-24 08:15:00,25663.7,25686.7,25661.4,25668.5,1191.0
2025-07-24 09:00:00,25669.0,25685.8,25646.4,25659.0,1217.0
2025-07-24 09:45:00,25662.5,25664.4,25611.5,25614.5,1074.0
2025-07-24 10:30:00,25614.0,25624.7,25602.4,25607.2,983.0
2025-07-24 11:15:00,25609.2,25633.9,25604.2,25633.4,858.0
2025-07-24 12:00:00,25632.9,25634.4,25594.9,25607.7,1397.0
2025-07-24 12:45:00,25607.2,25611.0,25581.8,25586.4,1773.0
2025-07-24 13:30:00,25585.9,25612.0,25536.6,25571.0,4559.0
2025-07-24 14:15:00,25571.5,25640.3,25567.7,25590.9,3036.0
2025-07-24 15:00:00,25589.4,25593.4,25510.2,25512.6,2835.0
2025-07-24 15:45:00,25513.6,25529.7,25482.2,25493.7,2256.0
2025-07-24 16:30:00,25494.2,25519.3,25478.8,25516.4,1483.0
2025-07-24 17:15:00,25516.9,25531.1,25507.1,25513.2,1227.0
2025-07-24 18:00:00,25512.7,25546.6,25512.7,25530.2,1031.0
2025-07-24 18:45:00,25529.7,25529.7,25504.7,25514.9,1095.0
2025-07-24 19:30:00,25514.7,25519.0,25489.5,25501.5,1807.0
2025-07-24 20:15:00,25500.9,25510.1,25497.2,25508.2,553.0
2025-07-24 21:00:00,25508.7,25511.3,25508.4,25508.4,55.0
2025-07-24 21:45:00,25508.5,25524.0,25505.2,25521.8,472.0
2025-07-24 22:30:00,25521.5,25521.5,25514.3,25515.5,276.0
2025-07-24 23:15:00,25515.2,25521.4,25511.0,25519.6,373.0
2025-07-25 00:00:00,25520.2,25528.2,25518.1,25522.5,626.0
2025-07-25 00:45:00,25522.8,25556.0,25495.0,25512.5,2043.0
2025-07-25 01:30:00,25510.5,25575.8,25478.1,25517.9,9359.0
2025-07-25 02:15:00,25517.4,25527.6,25399.0,25414.0,7091.0
2025-07-25 03:00:00,25414.5,25438.6,25371.8,25375.8,5452.0
2025-07-25 03:45:00,25376.3,25392.5,25363.1,25365.0,1178.0
2025-07-25 04:30:00,25364.7,25420.3,25352.7,25412.5,2246.0
2025-07-25 05:15:00,25413.0,25467.7,25391.9,25429.1,5055.0
2025-07-25 06:00:00,25430.1,25436.4,25343.2,25373.0,6133.0
2025-07-25 06:45:00,25371.5,25385.3,25343.7,25369.5,4973.0
2025-07-25 07:30:00,25369.0,25393.0,25326.6,25338.6,4195.0
2025-07-25 08:15:00,25339.1,25365.2,25334.2,25342.9,1280.0
2025-07-25 09:00:00,25342.3,25381.0,25337.2,25346.0,1339.0
2025-07-25 09:45:00,25345.5,25351.5,25312.0,25315.9,1301.0
2025-07-25 10:30:00,25315.4,25324.6,25301.7,25303.2,998.0
2025-07-25 11:15:00,25302.7,25312.8,25277.0,25312.3,1244.0
2025-07-25 12:00:00,25311.8,25329.2,25289.7,25298.9,1247.0
2025-07-25 12:45:00,25299.4,25313.0,25266.4,25299.1,2695.0
2025-07-25 13:30:00,25299.6,25353.6,25252.3,25333.6,5060.0
2025-07-25 14:15:00,25333.1,25355.5,25311.0,25336.9,2533.0
2025-07-25 15:00:00,25336.4,25344.2,25305.2,25305.7,1891.0
2025-07-25 15:45:00,25304.7,25333.4,25293.9,25329.9,1621.0
2025-07-25 16:30:00,25329.4,25352.1,25323.9,25351.6,984.0
2025-07-25 17:15:00,25352.1,25371.2,25339.5,25366.0,850.0
2025-07-25 18:00:00,25367.0,25400.8,25362.3,25391.7,827.0
2025-07-25 18:45:00,25392.2,25397.9,25371.1,25375.8,852.0
2025-07-25 19:30:00,25373.9,25380.7,25369.3,25375.8,1423.0
2025-07-25 20:15:00,25375.2,25384.7,25373.4,25383.0,572.0
2025-07-27 22:00:00,25438.5,25440.6,25424.2,25430.7,1473.0
2025-07-27 22:45:00,25431.0,25450.7,25419.3,25446.7,622.0
2025-07-27 23:30:00,25447.0,25458.9,25439.1,25444.8,793.0
2025-07-28 00:15:00,25444.5,25450.4,25442.8,25448.9,616.0
2025-07-28 01:00:00,25449.2,25511.8,25378.9,25437.8,5834.0
2025-07-28 01:45:00,25436.8,25645.7,25397.7,25627.8,8463.0
2025-07-28 02:30:00,25628.3,25637.6,25524.8,25559.7,7351.0
2025-07-28 03:15:00,25559.2,25573.8,25440.8,25468.2,5520.0
2025-07-28 04:00:00,25453.0,25455.9,25452.8,25454.5,210.0
2025-07-28 04:45:00,25455.1,25526.5,25455.1,25502.1,4803.0
2025-07-28 05:30:00,25501.6,25533.7,25477.7,25492.7,5883.0
2025-07-28 06:15:00,25492.2,25552.4,25468.6,25541.9,4989.0
2025-07-28 07:00:00,25543.4,25571.5,25507.4,25516.3,4142.0
2025-07-28 07:45:00,25517.8,25553.4,25507.1,25508.6,2943.0
2025-07-28 08:30:00,25498.3,25501.9,25495.4,25499.0,472.0
2025-07-28 09:15:00,25498.2,25524.4,25494.9,25508.6,1240.0
2025-07-28 10:00:00,25508.1,25513.7,25486.8,25493.5,1260.0
2025-07-28 10:45:00,25494.5,25494.7,25469.5,25477.1,1230.0
2025-07-28 11:30:00,25476.6,25487.1,25453.4,25475.2,1720.0
2025-07-28 12:15:00,25474.7,25498.7,25473.6,25498.7,1429.0
2025-07-28 13:00:00,25499.2,25501.2,25450.4,25459.6,3443.0
2025-07-28 13:45:00,25459.1,25460.1,25386.4,25406.5,4025.0
2025-07-28 14:30:00,25405.5,25461.4,25405.0,25438.5,2993.0
2025-07-28 15:15:00,25438.0,25457.0,25420.0,25448.6,2404.0
2025-07-28 16:00:00,25448.1,25448.1,25424.6,25428.4,1341.0
2025-07-28 16:45:00,25428.9,25429.4,25394.7,25395.6,1524.0
2025-07-28 17:30:00,25396.1,25403.0,25367.8,25372.6,1456.0
2025-07-28 18:15:00,25373.1,25376.8,25359.2,25362.7,1301.0
2025-07-28 19:00:00,25349.0,25349.3,25323.7,25349.3,823.0
2025-07-28 19:45:00,25349.5,25373.9,25348.7,25370.5,1287.0
2025-07-28 20:30:00,25371.0,25374.2,25363.8,25364.4,281.0
2025-07-28 21:00:00,25364.0,25366.4,25363.3,25365.8,63.0
2025-07-28 21:45:00,25365.6,25377.2,25363.7,25374.7,454.0
2025-07-28 22:30:00,25375.3,25380.7,25371.7,25375.3,334.0
2025-07-28 23:15:00,25375.5,25380.4,25374.1,25380.0,255.0
2025-07-29 00:00:00,25379.4,25380.0,25370.8,25377.9,593.0
2025-07-29 00:45:00,25377.5,25413.0,25337.9,25370.3,1670.0
2025-07-29 01:30:00,25369.8,25428.0,25217.3,25282.1,9046.0
2025-07-29 02:15:00,25282.6,25347.9,25231.9,25329.5,7468.0
2025-07-29 03:00:00,25329.0,25349.3,25281.1,25319.1,5709.0
2025-07-29 03:45:00,25318.6,25325.3,25307.3,25311.1,1240.0
2025-07-29 04:30:00,25311.4,25353.4,25298.8,25302.2,2624.0
2025-07-29 05:15:00,25301.7,25324.5,25286.3,25297.6,5255.0
2025-07-29 06:00:00,25297.1,25398.7,25296.6,25397.2,5668.0
2025-07-29 06:45:00,25396.7,25469.6,25380.3,25445.9,4939.0
2025-07-29 07:30:00,25445.4,25538.1,25444.9,25504.8,5010.0
2025-07-29 08:15:00,25505.3,25524.2,25479.6,25482.6,1045.0
2025-07-29 09:00:00,25482.5,25536.7,25482.5,25517.0,1117.0
2025-07-29 09:45:00,25517.5,25523.6,25495.6,25513.6,1077.0
2025-07-29 10:30:00,25514.1,25518.2,25493.9,25507.2,1205.0
2025-07-29 11:15:00,25506.7,25509.5,25472.4,25500.9,1312.0
2025-07-29 12:00:00,25500.4,25527.4,25494.4,25526.4,1142.0
2025-07-29 12:45:00,25526.9,25553.0,25521.0,25537.9,1529.0
2025-07-29 13:30:00,25538.4,25543.0,25441.9,25465.2,4389.0
2025-07-29 14:15:00,25466.2,25511.4,25443.1,25456.8,3302.0
2025-07-29 15:00:00,25456.3,25473.3,25392.8,25403.7,3654.0
2025-07-29 15:45:00,25404.2,25475.5,25383.5,25395.9,3584.0
2025-07-29 16:30:00,25395.4,25419.8,25372.7,25419.3,1824.0
2025-07-29 17:15:00,25418.8,25419.6,25367.5,25373.0,1081.0
2025-07-29 18:00:00,25377.0,25388.5,25363.9,25379.7,613.0
2025-07-29 18:45:00,25380.2,25380.2,25350.4,25350.5,952.0
2025-07-29 19:30:00,25350.6,25357.1,25327.8,25333.5,1859.0
2025-07-29 20:15:00,25334.0,25337.0,25329.2,25336.0,406.0
2025-07-29 21:00:00,25334.2,25336.1,25334.2,25335.3,60.0
2025-07-29 21:45:00,25335.2,25346.0,25335.2,25342.4,466.0
2025-07-29 22:30:00,25343.0,25349.4,25341.0,25347.6,275.0
2025-07-29 23:15:00,25347.3,25356.8,25347.2,25355.2,294.0
2025-07-30 00:00:00,25354.9,25370.8,25354.6,25367.4,495.0
2025-07-30 00:45:00,25368.0,25380.9,25258.8,25274.7,2415.0
2025-07-30 01:30:00,25274.2,25444.0,25210.4,25399.9,9920.0
2025-07-30 02:15:00,25400.4,25489.1,25359.3,25444.1,8066.0
2025-07-30 03:00:00,25444.0,25489.1,25405.6,25439.0,6037.0
2025-07-30 03:45:00,25437.5,25444.7,25394.8,25404.2,1427.0
2025-07-30 04:30:00,25404.5,25466.3,25346.7,25350.0,3010.0
2025-07-30 05:15:00,25349.0,25395.1,25147.0,25175.5,7926.0
2025-07-30 06:00:00,25176.2,25261.6,25087.2,25191.1,8677.0
2025-07-30 06:45:00,25192.1,25252.4,25142.8,25216.7,5866.0
2025-07-30 07:30:00,25218.7,25237.8,25146.6,25169.1,4549.0
2025-07-30 08:15:00,25168.6,25190.8,25161.7,25173.1,1580.0
2025-07-30 09:00:00,25172.5,25216.8,25171.5,25195.3,1530.0
2025-07-30 09:45:00,25192.3,25216.4,25189.6,25191.6,1137.0
2025-07-30 10:30:00,25191.1,25208.5,25189.6,25199.5,1152.0
2025-07-30 11:15:00,25199.0,25211.4,25180.5,25197.9,1243.0
2025-07-30 12:00:00,25198.9,25199.4,25086.5,25110.9,2781.0
2025-07-30 12:45:00,25110.4,25115.6,25059.1,25083.2,2377.0
2025-07-30 13:30:00,25082.7,25140.0,25051.1,25097.2,4668.0
2025-07-30 14:15:00,25097.7,25103.1,25029.1,25041.2,3256.0
2025-07-30 15:00:00,25041.7,25058.2,25012.8,25034.4,2635.0
2025-07-30 15:45:00,25033.9,25049.3,25017.5,25047.7,1942.0
2025-07-30 16:30:00,25047.2,25054.4,25027.6,25027.6,1343.0
2025-07-30 17:15:00,25028.1,25041.0,25018.1,25037.6,1217.0
2025-07-30 18:00:00,25038.1,25066.0,24991.5,25012.7,4765.0
2025-07-30 18:45:00,25013.2,25026.3,24843.9,24865.2,6555.0
2025-07-30 19:30:00,24865.3,25000.3,24860.3,24992.6,5404.0
2025-07-30 20:15:00,24993.2,25002.8,24973.3,24977.8,1684.0
2025-07-30 21:00:00,24978.1,24988.7,24970.4,24986.8,264.0
2025-07-30 21:45:00,24986.9,25006.7,24970.2,24980.9,1507.0
2025-07-30 22:30:00,24981.2,25017.2,24981.2,25017.0,743.0
2025-07-30 23:15:00,25015.8,25022.9,25008.2,25016.4,529.0
2025-07-31 00:00:00,25015.9,25025.3,25008.5,25010.1,1043.0
2025-07-31 00:45:00,25009.5,25013.0,24917.4,24941.4,2376.0
2025-07-31 01:30:00,24945.9,24954.9,24774.0,24807.4,9409.0
2025-07-31 02:15:00,24805.9,24965.3,24803.4,24964.8,8125.0
2025-07-31 03:00:00,24964.9,24974.9,24842.1,24891.8,6909.0
2025-07-31 03:45:00,24891.7,24902.1,24874.2,24875.0,1435.0
2025-07-31 04:30:00,24874.7,24947.9,24838.1,24842.0,3264.0
2025-07-31 05:15:00,24842.5,24866.9,24740.4,24834.4,7876.0
2025-07-31 06:00:00,24833.9,24835.4,24742.2,24766.5,7331.0
2025-07-31 06:45:00,24767.0,24803.3,24754.8,24779.6,5187.0
2025-07-31 07:30:00,24780.1,24811.2,24736.6,24762.9,4683.0
2025-07-31 08:15:00,24763.4,24771.6,24743.3,24745.6,1623.0
2025-07-31 09:00:00,24746.2,24773.0,24739.5,24747.6,1423.0
2025-07-31 09:45:00,24746.6,24770.5,24727.5,24745.0,1216.0
2025-07-31 10:30:00,24744.0,24748.7,24703.9,24724.6,1368.0
2025-07-31 11:15:00,24724.1,24746.9,24711.6,24738.1,1318.0
2025-07-31 12:00:00,24737.1,24765.5,24716.3,24730.6,2129.0
2025-07-31 12:45:00,24730.1,24738.4,24670.2,24678.4,2271.0
2025-07-31 13:30:00,24678.9,24773.6,24658.4,24748.9,5502.0
2025-07-31 14:15:00,24748.4,24777.6,24711.0,24774.2,3725.0
2025-07-31 15:00:00,24773.7,24798.5,24744.4,24773.8,3519.0
2025-07-31 15:45:00,24773.3,24804.5,24753.4,24803.3,2229.0
2025-07-31 16:30:00,24802.8,24812.5,24756.4,24761.3,1938.0
2025-07-31 17:15:00,24761.8,24765.0,24693.6,24697.8,2875.0
2025-07-31 18:00:00,24697.3,24737.8,24676.0,24731.5,2675.0
2025-07-31 18:45:00,24731.0,24736.2,24685.8,24690.2,2953.0
2025-07-31 19:30:00,24691.0,24747.6,24677.9,24685.8,5213.0
2025-07-31 20:15:00,24687.0,24716.9,24667.3,24691.7,2185.0
2025-07-31 21:00:00,24691.4,24707.4,24685.2,24695.9,251.0
2025-07-31 21:45:00,24695.8,24703.5,24676.7,24681.1,1476.0
2025-07-31 22:30:00,24680.8,24683.8,24651.9,24671.4,2488.0
2025-07-31 23:15:00,24671.7,24673.2,24646.2,24658.8,1635.0
2025-08-01 00:00:00,24657.1,24669.6,24628.2,24665.8,2558.0
2025-08-01 00:45:00,24665.6,24775.8,24652.8,24765.8,3309.0
2025-08-01 01:30:00,24766.4,24833.4,24674.8,24791.6,9587.0
2025-08-01 02:15:00,24792.1,24797.9,24669.2,24697.4,7827.0
2025-08-01 03:00:00,24698.4,24788.8,24685.5,24726.6,6677.0
2025-08-01 03:45:00,24726.2,24739.1,24682.4,24693.1,1626.0
2025-08-01 04:30:00,24692.8,24709.8,24587.3,24601.3,3101.0
2025-08-01 05:15:00,24600.3,24644.8,24552.7,24601.5,7694.0
2025-08-01 06:00:00,24603.5,24661.5,24593.3,24619.6,6625.0
2025-08-01 06:45:00,24618.6,24652.3,24502.7,24508.3,5487.0
2025-08-01 07:30:00,24508.8,24555.8,24438.7,24441.9,5557.0
2025-08-01 08:15:00,24441.4,24478.9,24429.4,24456.1,3705.0
2025-08-01 09:00:00,24454.9,24477.4,24419.6,24471.9,2789.0
2025-08-01 09:45:00,24471.4,24479.4,24451.3,24470.3,1741.0
2025-08-01 10:30:00,24469.8,24475.9,24435.5,24459.9,1787.0
2025-08-01 11:15:00,24460.4,24464.5,24413.4,24415.7,1531.0
2025-08-01 12:00:00,24415.2,24469.2,24375.9,24464.1,3812.0
2025-08-01 12:45:00,24463.6,24481.8,24418.8,24433.3,4909.0
2025-08-01 13:30:00,24433.8,24464.2,24254.2,24307.3,7573.0
2025-08-01 14:15:00,24307.8,24372.6,24281.2,24309.6,6234.0
2025-08-01 15:00:00,24310.6,24363.7,24294.8,24359.1,5146.0
2025-08-01 15:45:00,24359.6,24387.3,24319.0,24333.8,3244.0
2025-08-01 16:30:00,24334.3,24338.8,24271.4,24277.6,3327.0
2025-08-01 17:15:00,24277.1,24293.9,24259.5,24265.5,2736.0
2025-08-01 18:00:00,24266.0,24322.3,24247.9,24312.3,2264.0
2025-08-01 18:45:00,24312.8,24318.6,24262.1,24279.1,3814.0
2025-08-01 19:30:00,24279.0,24323.1,24267.8,24322.5,4239.0
2025-08-01 20:15:00,24323.1,24323.1,24311.0,24312.7,723.0
2025-08-03 22:00:00,24318.5,24319.4,24255.9,24283.0,2214.0
2025-08-03 22:45:00,24283.6,24298.7,24277.1,24294.5,1608.0
2025-08-03 23:30:00,24294.2,24310.4,24274.2,24303.5,2434.0
2025-08-04 00:15:00,24304.3,24315.4,24291.1,24296.6,2092.0
2025-08-04 01:00:00,24296.9,24471.6,24287.3,24461.9,6165.0
2025-08-04 01:45:00,24462.4,24593.7,24439.7,24550.4,8284.0
2025-08-04 02:30:00,24552.4,24613.2,24522.1,24596.0,6715.0
2025-08-04 03:15:00,24596.7,24615.6,24573.4,24602.0,4145.0
2025-08-04 04:00:00,24588.2,24588.2,24565.4,24578.7,946.0
2025-08-04 04:45:00,24579.3,24669.9,24572.2,24652.6,4718.0
2025-08-04 05:30:00,24653.6,24667.3,24592.6,24657.7,5938.0
2025-08-04 06:15:00,24654.2,24715.7,24638.6,24711.3,5205.0
2025-08-04 07:00:00,24710.8,24714.8,24636.6,24700.3,4297.0
2025-08-04 07:45:00,24699.8,24721.7,24672.0,24714.7,3300.0
2025-08-04 08:30:00,24702.7,24731.3,24701.2,24730.5,1438.0
2025-08-04 09:15:00,24711.9,24740.4,24696.3,24697.8,1520.0
2025-08-04 10:00:00,24698.3,24702.4,24673.7,24688.8,1165.0
2025-08-04 10:45:00,24688.3,24706.9,24679.0,24703.2,1114.0
2025-08-04 11:30:00,24702.7,24707.7,24686.0,24707.2,1376.0
2025-08-04 12:15:00,24707.7,24751.8,24705.2,24739.4,1546.0
2025-08-04 13:00:00,24739.9,24762.6,24664.6,24682.5,3312.0
2025-08-04 13:45:00,24682.0,24697.2,24629.6,24672.9,4141.0
2025-08-04 14:30:00,24673.4,24704.4,24618.0,24650.3,3907.0
2025-08-04 15:15:00,24650.8,24671.6,24629.1,24657.0,2457.0
2025-08-04 16:00:00,24657.5,24692.9,24652.2,24689.6,1407.0
2025-08-04 16:45:00,24689.1,24722.6,24688.1,24713.2,1250.0
2025-08-04 17:30:00,24714.2,24737.9,24713.2,24723.6,1510.0
2025-08-04 18:15:00,24724.1,24737.2,24697.6,24697.6,1425.0
2025-08-04 19:00:00,24697.5,24740.9,24692.9,24739.5,1328.0
2025-08-04 19:45:00,24739.4,24762.3,24722.6,24759.9,1984.0
2025-08-04 20:30:00,24760.5,24788.4,24759.3,24785.8,503.0
2025-08-04 21:00:00,24793.8,24804.6,24793.1,24795.4,129.0
2025-08-04 21:45:00,24795.5,24812.2,24758.4,24759.2,607.0
2025-08-04 22:30:00,24759.8,24764.5,24754.4,24763.8,578.0
2025-08-04 23:15:00,24763.2,24776.2,24760.5,24766.9,810.0
2025-08-05 00:00:00,24766.3,24775.5,24757.4,24773.9,983.0
2025-08-05 00:45:00,24774.5,24784.3,24687.8,24732.9,2553.0
2025-08-05 01:30:00,24741.9,24822.3,24643.1,24678.5,8613.0
2025-08-05 02:15:00,24679.0,24723.7,24642.1,24700.7,6626.0
2025-08-05 03:00:00,24700.6,24758.8,24676.5,24758.8,4720.0
2025-08-05 03:45:00,24759.3,24775.3,24744.4,24747.4,1318.0
2025-08-05 04:30:00,24747.7,24838.6,24745.1,24837.4,2460.0
2025-08-05 05:15:00,24836.9,24854.5,24798.1,24835.6,5852.0
2025-08-05 06:00:00,24836.6,24882.5,24819.6,24873.5,4970.0
2025-08-05 06:45:00,24874.0,24879.9,24819.2,24840.7,4231.0
2025-08-05 07:30:00,24841.0,24864.2,24805.0,24849.9,4515.0
2025-08-05 08:15:00,24849.4,24854.2,24830.5,24832.4,1309.0
2025-08-05 09:00:00,24833.0,24856.5,24829.4,24837.6,1105.0
2025-08-05 09:45:00,24837.1,24845.9,24824.1,24834.8,1000.0
2025-08-05 10:30:00,24835.3,24849.2,24828.1,24834.2,832.0
2025-08-05 11:15:00,24834.7,24847.5,24823.8,24845.1,820.0
2025-08-05 12:00:00,24844.6,24864.7,24821.4,24859.4,2043.0
2025-08-05 12:45:00,24859.9,24877.9,24834.2,24875.5,1689.0
2025-08-05 13:30:00,24875.0,24908.0,24858.0,24863.3,4793.0
2025-08-05 14:15:00,24862.8,24874.8,24779.0,24815.8,4228.0
2025-08-05 15:00:00,24816.3,24870.5,24811.7,24830.4,3489.0
2025-08-05 15:45:00,24829.9,24867.9,24819.6,24845.3,2470.0
2025-08-05 16:30:00,24844.8,24862.7,24791.2,24832.6,2379.0
2025-08-05 17:15:00,24833.1,24854.1,24827.7,24833.8,1067.0
2025-08-05 18:00:00,24833.3,24845.2,24805.9,24823.3,1650.0
2025-08-05 18:45:00,24823.8,24827.8,24801.3,24816.8,1965.0
2025-08-05 19:30:00,24816.9,24817.2,24790.2,24808.1,2428.0
2025-08-05 20:15:00,24807.5,24815.7,24787.9,24795.2,1101.0
2025-08-05 21:00:00,24794.8,24801.4,24793.6,24795.4,93.0
2025-08-05 21:45:00,24795.5,24803.3,24767.5,24784.1,1484.0
2025-08-05 22:30:00,24783.8,24791.9,24780.3,24791.9,871.0
2025-08-05 23:15:00,24792.1,24797.7,24777.2,24777.9,1044.0
2025-08-06 00:00:00,24776.8,24805.3,24776.2,24800.2,1793.0
2025-08-06 00:45:00,24800.5,24845.5,24791.6,24815.1,2240.0
2025-08-06 01:30:00,24801.6,24924.0,24795.2,24802.0,8926.0
2025-08-06 02:15:00,24801.5,24843.7,24758.4,24842.0,6264.0
2025-08-06 03:00:00,24841.5,24956.9,24815.3,24905.8,6321.0
2025-08-06 03:45:00,24905.3,24907.3,24880.5,24895.9,1566.0
2025-08-06 04:30:00,24896.4,24925.3,24859.6,24890.7,2624.0
2025-08-06 05:15:00,24891.7,24901.7,24831.8,24882.4,5432.0
2025-08-06 06:00:00,24882.9,24921.3,24851.3,24881.8,4268.0
2025-08-06 06:45:00,24881.3,24927.9,24852.2,24914.9,3561.0
2025-08-06 07:30:00,24916.4,24929.6,24866.7,24874.9,2959.0
2025-08-06 08:15:00,24874.4,24876.4,24820.1,24827.2,2010.0
2025-08-06 09:00:00,24826.6,24852.4,24818.4,24851.2,1613.0
2025-08-06 09:45:00,24851.7,24867.0,24835.1,24855.4,1117.0
2025-08-06 10:30:00,24855.9,24855.9,24825.4,24847.9,1089.0
2025-08-06 11:15:00,24848.4,24850.7,24823.9,24825.9,890.0
2025-08-06 12:00:00,24826.4,24846.3,24811.3,24838.4,1253.0
2025-08-06 12:45:00,24838.6,24871.0,24838.6,24857.0,1235.0
2025-08-06 13:30:00,24857.5,24879.2,24784.7,24809.4,5012.0
2025-08-06 14:15:00,24809.9,24815.4,24765.0,24768.9,3321.0
2025-08-06 15:00:00,24768.4,24793.6,24742.3,24786.1,3119.0
2025-08-06 15:45:00,24786.6,24846.6,24786.1,24828.3,2094.0
2025-08-06 16:30:00,24827.8,24869.7,24819.1,24854.6,2331.0
2025-08-06 17:15:00,24855.1,24907.7,24852.6,24884.0,1699.0
2025-08-06 18:00:00,24884.5,24914.1,24881.5,24906.6,1215.0
2025-08-06 18:45:00,24906.1,24915.9,24888.6,24910.2,1260.0
2025-08-06 19:30:00,24909.9,24921.5,24899.8,24913.3,1944.0
2025-08-06 20:15:00,24912.1,24917.7,24902.3,24906.9,587.0
2025-08-06 21:00:00,24908.4,24913.2,24873.3,24898.1,294.0
2025-08-06 21:45:00,24898.3,24939.6,24882.6,24937.6,1665.0
2025-08-06 22:30:00,24937.3,24950.8,24933.8,24945.7,1330.0
2025-08-06 23:15:00,24946.9,24946.9,24926.4,24930.3,898.0
2025-08-07 00:00:00,24929.7,24946.3,24925.6,24932.4,1349.0
2025-08-07 00:45:00,24932.7,24981.3,24930.6,24964.8,2276.0
2025-08-07 01:30:00,24961.8,25019.8,24903.7,24936.3,8468.0
2025-08-07 02:15:00,24938.3,24939.1,24793.8,24869.3,7560.0
2025-08-07 03:00:00,24870.3,25020.5,24859.7,25013.7,5987.0
2025-08-07 03:45:00,25014.7,25047.4,25005.4,25006.3,1752.0
2025-08-07 04:30:00,25006.6,25048.9,24992.6,25012.4,2838.0
2025-08-07 05:15:00,25012.9,25063.6,24990.8,25054.8,5220.0
2025-08-07 06:00:00,25054.3,25090.2,25020.4,25061.0,4760.0
2025-08-07 06:45:00,25060.5,25082.0,25015.2,25026.2,3716.0
2025-08-07 07:30:00,25026.7,25058.8,25010.0,25026.5,3419.0
2025-08-07 08:15:00,25026.0,25041.9,25002.2,25023.0,1825.0
2025-08-07 09:00:00,25023.3,25063.0,25015.9,25039.2,2152.0
2025-08-07 09:45:00,25039.7,25045.7,25013.8,25021.0,1481.0
2025-08-07 10:30:00,25020.5,25034.5,25013.0,25027.3,1458.0
2025-08-07 11:15:00,25027.8,25036.7,25013.6,25019.3,1427.0
2025-08-07 12:00:00,25019.8,25046.5,25015.5,25025.4,1657.0
2025-08-07 12:45:00,25025.9,25040.5,25012.0,25018.8,1748.0
2025-08-07 13:30:00,25019.3,25049.4,24918.0,24929.9,4926.0
2025-08-07 14:15:00,24928.9,24938.6,24884.5,24896.3,4161.0
2025-08-07 15:00:00,24896.2,24927.7,24886.2,24899.5,3429.0
2025-08-07 15:45:00,24899.0,24910.9,24871.7,24901.8,2333.0
2025-08-07 16:30:00,24901.3,24917.6,24862.0,24873.9,3098.0
2025-08-07 17:15:00,24874.4,24880.4,24835.2,24870.5,2523.0
2025-08-07 18:00:00,24871.0,24881.0,24853.7,24866.4,1978.0
2025-08-07 18:45:00,24866.9,24883.6,24860.0,24868.1,2088.0
2025-08-07 19:30:00,24870.1,24916.1,24870.1,24913.5,2834.0
2025-08-07 20:15:00,24914.1,24914.7,24902.2,24913.7,591.0
2025-08-07 21:00:00,24911.1,24916.2,24911.1,24913.4,127.0
2025-08-07 21:45:00,24913.3,24966.7,24912.3,24962.7,931.0
2025-08-07 22:30:00,24960.7,24961.3,24937.3,24943.2,950.0
2025-08-07 23:15:00,24943.4,24945.5,24931.8,24937.5,548.0
2025-08-08 00:00:00,24938.1,24975.5,24931.6,24974.4,1301.0
2025-08-08 00:45:00,24974.7,24974.7,24879.0,24892.3,2219.0
2025-08-08 01:30:00,24883.8,24953.3,24825.9,24931.4,8550.0
2025-08-08 02:15:00,24934.4,24967.4,24887.2,24921.5,6519.0
2025-08-08 03:00:00,24922.5,24926.6,24859.1,24884.2,4316.0
2025-08-08 03:45:00,24883.5,24890.6,24851.7,24855.5,1015.0
2025-08-08 04:30:00,24855.2,24888.6,24848.8,24880.1,2044.0
2025-08-08 05:15:00,24880.6,24884.6,24785.0,24788.9,5232.0
2025-08-08 06:00:00,24789.4,24849.3,24787.4,24843.0,4136.0
2025-08-08 06:45:00,24842.5,24844.2,24789.2,24822.5,3600.0
2025-08-08 07:30:00,24824.0,24856.6,24804.9,24847.1,3229.0
2025-08-08 08:15:00,24847.6,24849.8,24807.7,24809.8,1365.0
2025-08-08 09:00:00,24810.1,24830.1,24794.5,24808.6,1210.0
2025-08-08 09:45:00,24809.1,24837.2,24808.1,24821.5,819.0
2025-08-08 10:30:00,24821.0,24844.8,24818.0,24842.2,781.0
2025-08-08 11:15:00,24841.7,24850.1,24832.8,24836.9,671.0
2025-08-08 12:00:00,24837.4,24841.8,24807.3,24828.0,1269.0
2025-08-08 12:45:00,24829.0,24842.3,24819.5,24836.6,1169.0
2025-08-08 13:30:00,24840.1,24872.3,24810.7,24843.0,4036.0
2025-08-08 14:15:00,24843.5,24848.5,24823.8,24841.4,2642.0
2025-08-08 15:00:00,24841.9,24913.3,24838.4,24874.2,2641.0
2025-08-08 15:45:00,24874.7,24915.3,24874.4,24898.8,1796.0
2025-08-08 16:30:00,24898.3,24906.2,24883.8,24899.5,1338.0
2025-08-08 17:15:00,24900.0,24929.8,24897.0,24908.9,982.0
2025-08-08 18:00:00,24909.9,24931.8,24905.4,24921.0,1179.0
2025-08-08 18:45:00,24921.5,24944.4,24919.0,24924.8,1131.0
2025-08-08 19:30:00,24924.7,24944.4,24904.7,24944.4,2112.0
2025-08-08 20:15:00,24943.8,24946.0,24936.7,24945.0,622.0
2025-08-10 22:00:00,24936.6,24954.8,24929.9,24951.3,1042.0
2025-08-10 22:45:00,24951.9,24953.9,24924.0,24924.0,536.0
2025-08-10 23:30:00,24924.3,24942.6,24921.4,24941.4,850.0
2025-08-11 00:15:00,24941.7,24945.1,24936.8,24938.0,607.0
2025-08-11 01:00:00,24937.7,24950.9,24828.5,24886.0,5514.0
2025-08-11 01:45:00,24886.5,24912.8,24746.9,24809.6,9137.0
2025-08-11 02:30:00,24809.1,24909.7,24787.6,24872.8,7276.0
2025-08-11 03:15:00,24873.3,24930.0,24869.4,24890.0,4158.0
2025-08-11 04:00:00,24889.0,24889.0,24849.6,24850.7,435.0
2025-08-11 04:45:00,24851.0,24918.8,24847.5,24866.4,4493.0
2025-08-11 05:30:00,24865.9,24917.4,24847.6,24869.1,5178.0
2025-08-11 06:15:00,24867.6,24882.4,24837.5,24859.0,3769.0
2025-08-11 07:00:00,24858.7,24868.2,24831.8,24853.5,2925.0
2025-08-11 07:45:00,24853.0,24902.0,24848.5,24894.8,2556.0
2025-08-11 08:30:00,24887.7,24895.7,24886.5,24893.7,1032.0
2025-08-11 09:15:00,24893.1,24901.6,24886.1,24889.1,1078.0
2025-08-11 10:00:00,24888.6,24915.5,24888.1,24902.6,896.0
2025-08-11 10:45:00,24903.3,24907.2,24886.1,24888.6,814.0
2025-08-11 11:30:00,24888.1,24890.6,24867.1,24869.1,883.0
2025-08-11 12:15:00,24869.6,24878.4,24863.2,24875.2,1087.0
2025-08-11 13:00:00,24874.7,24941.8,24846.4,24859.1,3039.0
2025-08-11 13:45:00,24858.6,24867.8,24822.5,24844.0,3670.0
2025-08-11 14:30:00,24843.5,24846.2,24792.5,24802.4,2562.0
2025-08-11 15:15:00,24801.9,24826.2,24773.0,24803.0,2603.0
2025-08-11 16:00:00,24802.5,24819.8,24779.0,24779.5,1705.0
2025-08-11 16:45:00,24780.0,24785.1,24735.4,24743.4,1795.0
2025-08-11 17:30:00,24743.9,24755.4,24731.4,24734.5,1722.0
2025-08-11 18:15:00,24735.0,24805.0,24725.9,24771.7,2475.0
2025-08-11 19:00:00,24754.5,24776.6,24754.3,24760.2,1567.0
2025-08-11 19:45:00,24760.0,24767.4,24739.2,24757.1,1845.0
2025-08-11 20:30:00,24756.6,24758.3,24750.8,24753.7,286.0
2025-08-11 21:00:00,24753.7,24755.6,24752.1,24755.6,70.0
2025-08-11 21:45:00,24755.5,24764.9,24747.4,24747.4,760.0
2025-08-11 22:30:00,24748.2,24756.9,24719.0,24732.2,667.0
2025-08-11 23:15:00,24731.7,24737.0,24725.2,24732.2,566.0
2025-08-12 00:00:00,24731.6,24756.9,24728.4,24751.8,1558.0
2025-08-12 00:45:00,24751.5,24835.2,24744.6,24796.6,2114.0
2025-08-12 01:30:00,24799.1,24886.7,24799.1,24874.3,8062.0
2025-08-12 02:15:00,24874.8,24920.2,24777.4,24805.4,7169.0
2025-08-12 03:00:00,24806.4,24915.2,24804.4,24906.9,5553.0
2025-08-12 03:45:00,24905.9,24913.1,24893.3,24896.3,1107.0
2025-08-12 04:30:00,24896.1,24943.2,24840.8,24904.2,3091.0
2025-08-12 05:15:00,24904.7,24936.8,24857.5,24883.0,6113.0
2025-08-12 06:00:00,24882.5,24908.7,24849.4,24902.7,4345.0
2025-08-12 06:45:00,24902.2,24996.1,24901.4,24978.6,4010.0
2025-08-12 07:30:00,24979.1,24980.6,24917.4,24924.1,3364.0
2025-08-12 08:15:00,24923.6,24930.0,24904.5,24906.5,1248.0
2025-08-12 09:00:00,24906.6,24935.5,24904.3,24917.8,966.0
2025-08-12 09:45:00,24916.8,24926.6,24906.7,24912.3,871.0
2025-08-12 10:30:00,24912.8,24936.2,24891.9,24893.8,796.0
2025-08-12 11:15:00,24893.3,24901.9,24882.7,24900.4,804.0
2025-08-12 12:00:00,24902.4,24997.8,24901.3,24983.3,2312.0
2025-08-12 12:45:00,24983.1,24994.2,24927.3,24936.2,3017.0
2025-08-12 13:30:00,24935.7,24976.8,24917.9,24965.7,5158.0
2025-08-12 14:15:00,24965.2,25072.8,24961.5,25065.4,3452.0
2025-08-12 15:00:00,25064.9,25141.2,25054.1,25139.4,2938.0
2025-08-12 15:45:00,25139.9,25153.4,25113.1,25143.6,2293.0
2025-08-12 16:30:00,25144.1,25161.5,25138.9,25156.9,1659.0
2025-08-12 17:15:00,25156.4,25186.8,25155.5,25181.6,1220.0
2025-08-12 18:00:00,25182.1,25193.3,25159.3,25170.7,1035.0
2025-08-12 18:45:00,25170.2,25173.6,25139.6,25166.6,1018.0
2025-08-12 19:30:00,25166.5,25178.9,25143.7,25150.0,1786.0
2025-08-12 20:15:00,25150.6,25157.9,25150.0,25154.9,483.0
2025-08-12 21:00:00,25153.0,25154.0,25146.7,25147.8,57.0
2025-08-12 21:45:00,25147.7,25152.8,25143.9,25146.9,606.0
2025-08-12 22:30:00,25146.6,25202.9,25144.0,25202.0,416.0
2025-08-12 23:15:00,25201.7,25211.5,25196.9,25210.7,657.0
2025-08-13 00:00:00,25210.1,25211.0,25176.6,25176.6,1120.0
2025-08-13 00:45:00,25176.9,25198.1,25123.8,25184.8,2086.0
2025-08-13 01:30:00,25186.8,25257.3,25176.8,25206.5,8890.0
2025-08-13 02:15:00,25206.0,25337.9,25199.7,25335.4,6951.0
2025-08-13 03:00:00,25336.4,25443.7,25329.1,25421.6,6115.0
2025-08-13 03:45:00,25421.1,25451.2,25415.5,25440.8,1323.0
2025-08-13 04:30:00,25440.7,25465.4,25423.2,25441.2,2547.0
2025-08-13 05:15:00,25440.7,25486.3,25416.1,25485.8,5715.0
2025-08-13 06:00:00,25487.8,25557.5,25471.7,25557.5,5768.0
2025-08-13 06:45:00,25558.0,25600.7,25531.3,25582.6,4662.0
2025-08-13 07:30:00,25583.1,25623.0,25565.5,25611.4,4175.0
2025-08-13 08:15:00,25610.9,25631.0,25586.7,25597.9,1630.0
2025-08-13 09:00:00,25597.4,25752.2,25588.7,25751.2,2052.0
2025-08-13 09:45:00,25751.7,25751.7,25684.1,25694.5,1795.0
2025-08-13 10:30:00,25693.0,25726.5,25693.0,25720.8,1090.0
2025-08-13 11:15:00,25718.3,25748.7,25697.8,25748.7,1056.0
2025-08-13 12:00:00,25748.2,25757.1,25732.9,25741.0,1353.0
2025-08-13 12:45:00,25740.5,25741.0,25699.5,25730.4,1635.0
2025-08-13 13:30:00,25728.9,25811.3,25714.7,25772.5,5447.0
2025-08-13 14:15:00,25772.0,25839.5,25771.5,25810.7,3708.0
2025-08-13 15:00:00,25811.2,25819.3,25733.7,25765.0,3596.0
2025-08-13 15:45:00,25764.0,25771.1,25717.9,25759.0,2282.0
2025-08-13 16:30:00,25759.5,25776.1,25736.7,25759.1,1964.0
2025-08-13 17:15:00,25758.6,25782.2,25732.6,25732.6,1509.0
2025-08-13 18:00:00,25732.1,25744.9,25719.9,25729.6,1516.0
2025-08-13 18:45:00,25728.1,25743.8,25717.9,25742.9,1310.0
2025-08-13 19:30:00,25743.0,25796.0,25740.2,25769.7,1777.0
2025-08-13 20:15:00,25770.3,25771.5,25762.2,25762.7,423.0
2025-08-13 21:00:00,25765.7,25772.8,25764.6,25771.4,95.0
2025-08-13 21:45:00,25771.2,25776.7,25757.1,25776.1,501.0
2025-08-13 22:30:00,25775.5,25785.5,25773.9,25775.8,307.0
2025-08-13 23:15:00,25774.6,25785.8,25774.0,25778.7,321.0
2025-08-14 00:00:00,25779.3,25785.0,25773.6,25773.6,842.0
2025-08-14 00:45:00,25773.3,25799.7,25705.5,25740.1,2381.0
2025-08-14 01:30:00,25740.6,25758.5,25649.2,25698.5,9891.0
2025-08-14 02:15:00,25698.0,25735.8,25634.1,25672.3,8069.0
2025-08-14 03:00:00,25671.8,25707.0,25559.6,25577.5,6512.0
2025-08-14 03:45:00,25578.0,25606.1,25577.5,25585.1,1394.0
2025-08-14 04:30:00,25584.8,25614.7,25526.9,25551.7,2940.0
2025-08-14 05:15:00,25552.2,25556.2,25454.6,25511.1,7442.0
2025-08-14 06:00:00,25510.1,25551.4,25503.9,25512.6,5933.0
2025-08-14 06:45:00,25513.1,25605.8,25480.0,25523.7,5057.0
2025-08-14 07:30:00,25523.2,25539.3,25496.8,25511.3,3649.0
2025-08-14 08:15:00,25512.3,25557.0,25512.3,25534.5,1140.0
2025-08-14 09:00:00,25534.2,25577.5,25513.9,25551.1,1393.0
2025-08-14 09:45:00,25550.6,25551.1,25513.5,25521.2,1088.0
2025-08-14 10:30:00,25521.7,25530.7,25500.9,25506.3,670.0
2025-08-14 11:15:00,25508.8,25534.2,25508.8,25532.7,1005.0
2025-08-14 12:00:00,25532.2,25537.6,25423.6,25450.3,2950.0
2025-08-14 12:45:00,25450.8,25450.8,25346.0,25353.7,3299.0
2025-08-14 13:30:00,25354.7,25403.3,25314.1,25320.2,6427.0
2025-08-14 14:15:00,25319.2,25398.4,25313.3,25338.6,4127.0
2025-08-14 15:00:00,25340.1,25351.6,25263.3,25278.1,3960.0
2025-08-14 15:45:00,25278.6,25305.3,25249.6,25260.6,2898.0
2025-08-14 16:30:00,25259.1,25280.4,25243.0,25276.0,2186.0
2025-08-14 17:15:00,25276.5,25302.0,25265.6,25301.5,1441.0
2025-08-14 18:00:00,25302.0,25339.1,25300.2,25332.0,1764.0
2025-08-14 18:45:00,25331.5,25332.5,25293.1,25297.3,1380.0
2025-08-14 19:30:00,25297.2,25314.3,25281.3,25284.4,2049.0
2025-08-14 20:15:00,25285.0,25306.7,25285.0,25304.7,584.0
2025-08-14 21:00:00,25303.9,25304.3,25299.3,25301.4,56.0
2025-08-14 21:45:00,25301.5,25313.0,25297.6,25307.0,580.0
2025-08-14 22:30:00,25307.3,25308.9,25296.6,25305.5,432.0
2025-08-14 23:15:00,25305.8,25311.9,25302.5,25302.5,482.0
2025-08-15 00:00:00,25303.1,25314.9,25296.0,25312.1,842.0
2025-08-15 00:45:00,25312.7,25313.2,25251.9,25257.9,1906.0
2025-08-15 01:30:00,25258.4,25334.3,25210.0,25304.0,8990.0
2025-08-15 02:15:00,25304.5,25308.0,25145.0,25154.4,7367.0
2025-08-15 03:00:00,25153.9,25232.2,25136.2,25210.0,5684.0
2025-08-15 03:45:00,25209.5,25212.5,25177.4,25182.0,1402.0
2025-08-15 04:30:00,25182.3,25218.8,25170.0,25201.0,2738.0
2025-08-15 05:15:00,25200.0,25276.8,25182.0,25252.1,7160.0
2025-08-15 06:00:00,25251.6,25257.8,25169.8,25218.9,5983.0
2025-08-15 06:45:00,25217.9,25246.6,25203.2,25230.8,4036.0
2025-08-15 07:30:00,25230.3,25250.0,25209.0,25215.5,3767.0
2025-08-15 08:15:00,25216.0,25233.2,25186.8,25187.4,1810.0
2025-08-15 09:00:00,25187.1,25243.5,25183.8,25215.3,1120.0
2025-08-15 09:45:00,25214.8,25225.4,25201.7,25222.9,895.0
2025-08-15 10:30:00,25223.4,25245.3,25220.9,25237.8,947.0
2025-08-15 11:15:00,25238.8,25245.3,25228.8,25242.3,771.0
2025-08-15 12:00:00,25242.8,25265.3,25210.6,25234.5,1742.0
2025-08-15 12:45:00,25234.0,25246.7,25215.3,25237.8,1492.0
2025-08-15 13:30:00,25237.3,25295.2,25225.1,25231.3,4967.0
2025-08-15 14:15:00,25230.8,25249.6,25210.8,25219.2,3638.0
2025-08-15 15:00:00,25218.2,25228.3,25160.9,25166.3,2634.0
2025-08-15 15:45:00,25166.8,25209.4,25166.8,25176.6,2132.0
2025-08-15 16:30:00,25177.1,25207.9,25176.6,25181.7,1548.0
2025-08-15 17:15:00,25182.2,25199.1,25179.3,25196.6,1305.0
2025-08-15 18:00:00,25196.1,25212.8,25186.1,25211.5,1159.0
2025-08-15 18:45:00,25212.0,25217.3,25174.6,25189.9,1777.0
2025-08-15 19:30:00,25190.1,25197.1,25155.8,25166.1,1986.0
2025-08-15 20:15:00,25165.6,25166.7,25157.8,25163.9,538.0
2025-08-17 22:45:00,25209.4,25253.7,25206.8,25251.4,364.0
2025-08-17 23:30:00,25252.0,25271.4,25251.4,25270.0,674.0
2025-08-18 00:15:00,25269.4,25270.0,25249.9,25251.6,497.0
2025-08-18 01:00:00,25251.1,25345.2,25246.6,25280.5,5570.0
2025-08-18 01:45:00,25278.5,25366.8,25271.6,25304.5,9185.0
2025-08-18 02:30:00,25304.0,25321.1,25219.1,25272.8,7830.0
2025-08-18 03:15:00,25272.3,25418.8,25270.3,25414.0,5951.0
2025-08-18 04:00:00,25396.8,25398.2,25369.4,25375.5,340.0
2025-08-18 04:45:00,25374.3,25455.8,25363.8,25382.9,5590.0
2025-08-18 05:30:00,25383.4,25410.7,25285.3,25309.1,6934.0
2025-08-18 06:15:00,25307.6,25324.9,25262.1,25271.5,6790.0
2025-08-18 07:00:00,25271.0,25276.3,25218.0,25261.5,4830.0
2025-08-18 07:45:00,25260.0,25266.5,25149.2,25195.1,4342.0
2025-08-18 08:30:00,25181.1,25200.9,25178.6,25185.9,1243.0
2025-08-18 09:15:00,25185.6,25212.6,25176.9,25188.4,1362.0
2025-08-18 10:00:00,25187.4,25198.0,25180.1,25196.0,1121.0
2025-08-18 10:45:00,25195.5,25220.6,25191.4,25219.1,734.0
2025-08-18 11:30:00,25219.6,25233.6,25209.0,25233.4,1023.0
2025-08-18 12:15:00,25233.9,25233.9,25199.9,25224.1,1178.0
2025-08-18 13:00:00,25223.6,25279.2,25218.3,25249.1,3110.0
2025-08-18 13:45:00,25249.6,25283.0,25229.5,25230.0,3701.0
2025-08-18 14:30:00,25229.5,25234.7,25182.2,25193.8,2739.0
2025-08-18 15:15:00,25193.3,25228.7,25192.3,25227.4,1943.0
2025-08-18 16:00:00,25226.9,25232.6,25206.5,25216.9,1554.0
2025-08-18 16:45:00,25217.4,25236.9,25207.4,25231.9,1257.0
2025-08-18 17:30:00,25232.4,25248.9,25206.3,25223.1,1186.0
2025-08-18 18:15:00,25222.6,25233.0,25211.0,25214.4,1116.0
2025-08-18 19:00:00,25214.3,25233.1,25214.3,25227.6,974.0
2025-08-18 19:45:00,25227.7,25232.4,25210.5,25215.1,1137.0
2025-08-18 20:30:00,25214.5,25218.6,25212.8,25214.2,247.0
2025-08-18 21:00:00,25214.8,25217.1,25214.7,25215.6,53.0
2025-08-18 21:45:00,25215.3,25239.7,25214.2,25229.0,763.0
2025-08-18 22:30:00,25229.3,25235.4,25227.4,25229.7,326.0
2025-08-18 23:15:00,25230.0,25232.6,25224.8,25227.1,360.0
2025-08-19 00:00:00,25227.7,25227.7,25206.0,25210.0,1273.0
2025-08-19 00:45:00,25209.7,25246.9,25190.9,25201.3,2212.0
2025-08-19 01:30:00,25199.8,25223.8,25061.7,25135.6,9351.0
2025-08-19 02:15:00,25136.1,25195.7,25111.0,25125.4,7694.0
2025-08-19 03:00:00,25125.3,25200.1,25121.7,25194.6,5762.0
2025-08-19 03:45:00,25194.1,25217.0,25169.8,25193.2,1433.0
2025-08-19 04:30:00,25192.9,25246.4,25176.3,25216.1,2898.0
2025-08-19 05:15:00,25215.6,25229.9,25087.8,25105.0,6611.0
2025-08-19 06:00:00,25103.0,25150.7,25073.4,25101.4,5906.0
2025-08-19 06:45:00,25101.9,25127.1,25074.3,25110.3,4812.0
2025-08-19 07:30:00,25109.8,25145.2,25083.5,25111.0,4122.0
2025-08-19 08:15:00,25110.5,25124.9,25096.0,25115.9,1016.0
2025-08-19 09:00:00,25116.2,25157.1,25114.2,25151.6,942.0
2025-08-19 09:45:00,25151.1,25159.5,25141.0,25151.5,968.0
2025-08-19 10:30:00,25151.0,25164.8,25141.0,25159.6,966.0
2025-08-19 11:15:00,25160.6,25187.8,25156.0,25186.1,977.0
2025-08-19 12:00:00,25185.6,25189.9,25156.3,25174.5,1261.0
2025-08-19 12:45:00,25175.0,25180.4,25142.1,25156.6,1516.0
2025-08-19 13:30:00,25156.1,25188.2,25145.5,25171.5,4722.0
2025-08-19 14:15:00,25172.0,25192.9,25093.8,25095.8,3884.0
2025-08-19 15:00:00,25097.3,25100.3,25064.4,25068.2,3395.0
2025-08-19 15:45:00,25067.7,25071.2,25026.7,25027.2,2202.0
2025-08-19 16:30:00,25026.7,25046.0,24972.2,24993.2,2883.0
2025-08-19 17:15:00,24992.7,25014.9,24982.3,25008.2,1716.0
2025-08-19 18:00:00,25007.7,25009.2,24967.7,24973.3,1578.0
2025-08-19 18:45:00,24973.8,24978.5,24938.0,24951.6,1614.0
2025-08-19 19:30:00,24951.4,24995.4,24946.6,24991.8,1765.0
2025-08-19 20:15:00,24992.4,24995.4,24989.0,24994.8,468.0
2025-08-19 21:00:00,24995.1,24996.5,24989.5,24991.4,135.0
2025-08-19 21:45:00,24992.4,25005.9,24989.3,24990.5,929.0
2025-08-19 22:30:00,24990.8,24998.6,24989.6,24991.0,726.0
2025-08-19 23:15:00,24991.3,24991.6,24972.9,24978.5,1118.0
2025-08-20 00:00:00,24977.4,24979.1,24958.0,24958.7,1783.0
2025-08-20 00:45:00,24959.0,24981.9,24912.2,24925.2,2786.0
2025-08-20 01:30:00,24923.7,25024.2,24860.6,24995.5,9519.0
2025-08-20 02:15:00,24996.0,25077.4,24978.1,24993.6,7883.0
2025-08-20 03:00:00,24993.1,25058.2,24954.4,24968.1,6605.0
2025-08-20 03:45:00,24968.6,24981.1,24953.0,24968.9,1684.0
2025-08-20 04:30:00,24968.7,24988.8,24951.6,24967.9,2850.0
2025-08-20 05:15:00,24967.4,25081.3,24955.1,25078.2,6874.0
2025-08-20 06:00:00,25078.7,25134.6,25078.2,25128.3,6499.0
2025-08-20 06:45:00,25128.8,25209.0,25123.0,25185.5,5598.0
2025-08-20 07:30:00,25186.0,25207.6,25130.9,25136.6,4227.0
2025-08-20 08:15:00,25136.1,25147.0,25114.9,25140.9,1790.0
2025-08-20 09:00:00,25141.8,25163.6,25134.7,25157.1,1229.0
2025-08-20 09:45:00,25157.6,25175.9,25150.1,25168.1,943.0
2025-08-20 10:30:00,25168.6,25173.5,25145.2,25152.1,778.0
2025-08-20 11:15:00,25151.6,25151.6,25113.1,25122.8,1037.0
2025-08-20 12:00:00,25122.3,25173.2,25120.3,25166.4,1441.0
2025-08-20 12:45:00,25166.9,25171.5,25150.4,25157.9,1572.0
2025-08-20 13:30:00,25158.4,25218.5,25101.9,25116.3,6510.0
2025-08-20 14:15:00,25116.3,25139.6,25060.9,25080.3,5193.0
2025-08-20 15:00:00,25080.8,25146.1,25077.3,25124.4,3833.0
2025-08-20 15:45:00,25123.9,25160.9,25104.0,25158.4,2929.0
2025-08-20 16:30:00,25157.9,25167.8,25140.3,25156.5,2454.0
2025-08-20 17:15:00,25157.0,25193.2,25153.5,25186.9,1951.0
2025-08-20 18:00:00,25186.4,25187.4,25143.2,25161.3,2869.0
2025-08-20 18:45:00,25161.8,25178.5,25152.3,25164.4,2366.0
2025-08-20 19:30:00,25164.1,25184.3,25163.7,25175.1,2408.0
2025-08-20 20:15:00,25175.7,25179.4,25170.4,25177.6,391.0
2025-08-20 21:00:00,25177.6,25180.6,25176.9,25180.3,85.0
2025-08-20 21:45:00,25180.2,25189.1,25170.7,25178.1,958.0
2025-08-20 22:30:00,25178.3,25180.4,25169.6,25173.6,736.0
2025-08-20 23:15:00,25173.9,25175.1,25166.3,25173.5,574.0
2025-08-21 00:00:00,25173.2,25174.9,25152.8,25168.2,1595.0
2025-08-21 00:45:00,25168.5,25212.7,25081.1,25159.4,2631.0
2025-08-21 01:30:00,25157.4,25192.4,25094.1,25148.9,9329.0
2025-08-21 02:15:00,25148.4,25207.2,25135.7,25147.6,7986.0
2025-08-21 03:00:00,25148.1,25163.9,25075.1,25125.4,5800.0
2025-08-21 03:45:00,25124.9,25129.1,25106.8,25113.9,1161.0
2025-08-21 04:30:00,25113.6,25126.0,25086.2,25098.0,2722.0
2025-08-21 05:15:00,25097.5,25141.1,25086.5,25126.3,5768.0
2025-08-21 06:00:00,25124.3,25131.4,24993.2,25009.7,6767.0
2025-08-21 06:45:00,25009.2,25083.3,25000.8,25058.4,4445.0
2025-08-21 07:30:00,25058.9,25110.9,25058.9,25086.9,3234.0
2025-08-21 08:15:00,25086.4,25106.3,25072.6,25073.2,1709.0
2025-08-21 09:00:00,25073.8,25118.9,25070.5,25099.8,1302.0
2025-08-21 09:45:00,25100.3,25109.3,25081.8,25087.7,868.0
2025-08-21 10:30:00,25087.2,25118.5,25069.4,25113.2,1216.0
2025-08-21 11:15:00,25113.7,25113.7,25081.4,25084.8,1076.0
2025-08-21 12:00:00,25085.3,25113.3,25078.1,25090.5,1603.0
2025-08-21 12:45:00,25091.0,25111.8,25086.2,25092.4,1621.0
2025-08-21 13:30:00,25093.4,25163.8,25088.9,25157.0,5704.0
2025-08-21 14:15:00,25157.5,25187.5,25145.1,25179.2,3832.0
2025-08-21 15:00:00,25179.7,25205.5,25143.9,25185.8,3230.0
2025-08-21 15:45:00,25185.3,25192.3,25149.3,25161.1,2761.0
2025-08-21 16:30:00,25160.6,25187.6,25159.6,25175.4,2194.0
2025-08-21 17:15:00,25174.9,25213.9,25154.9,25192.8,1989.0
2025-08-21 18:00:00,25191.8,25202.4,25174.5,25182.6,1335.0
2025-08-21 18:45:00,25182.1,25198.8,25173.4,25174.5,1418.0
2025-08-21 19:30:00,25174.4,25177.3,25158.4,25177.3,1981.0
2025-08-21 20:15:00,25176.7,25179.3,25173.4,25176.2,362.0
2025-08-21 21:00:00,25175.2,25179.5,25174.4,25178.2,67.0
2025-08-21 21:45:00,25178.1,25191.8,25178.0,25183.0,642.0
2025-08-21 22:30:00,25183.5,25202.3,25183.0,25196.6,440.0
2025-08-21 23:15:00,25196.9,25203.8,25195.0,25203.2,478.0
2025-08-22 00:00:00,25202.0,25205.8,25155.6,25169.7,2077.0
2025-08-22 00:45:00,25170.3,25249.4,25156.4,25208.3,2397.0
2025-08-22 01:30:00,25208.8,25281.6,25145.8,25176.4,9710.0
2025-08-22 02:15:00,25175.4,25243.4,25159.9,25223.7,8241.0
2025-08-22 03:00:00,25224.7,25237.6,25154.3,25192.9,6770.0
2025-08-22 03:45:00,25193.4,25197.4,25169.3,25176.2,1223.0
2025-08-22 04:30:00,25176.7,25205.3,25156.0,25205.3,2766.0
2025-08-22 05:15:00,25205.8,25229.3,25153.2,25217.2,7613.0
2025-08-22 06:00:00,25217.7,25256.7,25206.1,25226.8,6688.0
2025-08-22 06:45:00,25225.8,25321.4,25212.4,25303.1,5127.0
2025-08-22 07:30:00,25305.1,25356.8,25305.1,25336.9,3864.0
2025-08-22 08:15:00,25337.4,25362.7,25328.3,25353.7,1829.0
2025-08-22 09:00:00,25353.1,25368.9,25340.3,25341.3,1321.0
2025-08-22 09:45:00,25340.8,25359.9,25328.6,25359.9,1139.0
2025-08-22 10:30:00,25360.4,25386.7,25350.3,25356.9,941.0
2025-08-22 11:15:00,25357.4,25380.1,25354.6,25379.0,934.0
2025-08-22 12:00:00,25379.5,25412.1,25378.0,25388.2,1310.0
2025-08-22 12:45:00,25387.7,25404.4,25376.4,25393.9,1409.0
2025-08-22 13:30:00,25392.4,25617.5,25366.6,25615.1,6505.0
2025-08-22 14:15:00,25614.1,25701.5,25573.4,25677.8,6775.0
2025-08-22 15:00:00,25677.3,25725.6,25671.8,25688.8,4742.0
2025-08-22 15:45:00,25688.3,25700.9,25668.7,25682.5,3387.0
2025-08-22 16:30:00,25683.5,25717.7,25674.7,25709.4,2587.0
2025-08-22 17:15:00,25709.9,25753.1,25707.0,25735.4,1962.0
2025-08-22 18:00:00,25734.9,25741.6,25709.5,25724.7,1770.0
2025-08-22 18:45:00,25725.2,25730.2,25694.3,25696.0,1446.0
2025-08-22 19:30:00,25695.9,25713.8,25683.8,25707.9,2332.0
2025-08-22 20:15:00,25706.7,25713.5,25704.8,25707.5,504.0
2025-08-24 22:00:00,25708.1,25713.8,25694.4,25699.2,1296.0
2025-08-24 22:45:00,25699.5,25705.7,25676.0,25679.1,721.0
2025-08-24 23:30:00,25678.5,25706.0,25661.4,25695.2,1532.0
2025-08-25 00:15:00,25694.9,25699.5,25674.2,25683.3,1104.0
2025-08-25 01:00:00,25683.9,25707.5,25613.4,25669.2,5802.0
2025-08-25 01:45:00,25668.7,25889.0,25608.8,25871.1,9117.0
2025-08-25 02:30:00,25867.1,25945.5,25821.9,25900.1,8504.0
2025-08-25 03:15:00,25899.6,25911.6,25814.3,25892.7,6014.0
2025-08-25 04:00:00,25881.3,25885.0,25869.1,25871.9,360.0
2025-08-25 04:45:00,25871.6,25892.7,25787.1,25802.9,5928.0
2025-08-25 05:30:00,25803.4,25895.4,25767.6,25895.2,7520.0
2025-08-25 06:15:00,25896.7,25929.6,25877.1,25925.5,6473.0
2025-08-25 07:00:00,25926.0,25936.5,25828.8,25840.3,4676.0
2025-08-25 07:45:00,25840.8,25898.4,25811.6,25861.8,4087.0
2025-08-25 08:30:00,25847.4,25851.0,25834.7,25839.7,569.0
2025-08-25 09:15:00,25848.1,25848.1,25797.3,25807.3,1661.0
2025-08-25 10:00:00,25806.8,25814.0,25762.2,25789.6,1623.0
2025-08-25 10:45:00,25789.1,25797.0,25774.7,25793.5,989.0
2025-08-25 11:30:00,25793.0,25813.0,25769.9,25778.2,1202.0
2025-08-25 12:15:00,25777.7,25790.0,25741.2,25741.7,1546.0
2025-08-25 13:00:00,25741.2,25826.1,25718.6,25824.3,4143.0
2025-08-25 13:45:00,25824.2,25861.9,25763.9,25776.6,5947.0
2025-08-25 14:30:00,25776.1,25799.0,25752.0,25758.6,4618.0
2025-08-25 15:15:00,25759.1,25808.5,25758.1,25774.2,3218.0
2025-08-25 16:00:00,25773.7,25779.8,25723.6,25740.6,2178.0
2025-08-25 16:45:00,25739.1,25757.7,25726.1,25726.6,2292.0
2025-08-25 17:30:00,25726.1,25737.6,25709.0,25726.9,1770.0
2025-08-25 18:15:00,25726.4,25729.4,25686.2,25686.2,1423.0
2025-08-25 19:00:00,25685.5,25691.4,25658.9,25667.3,1117.0
2025-08-25 19:45:00,25667.1,25667.4,25635.5,25662.0,1478.0
2025-08-25 20:30:00,25662.6,25664.4,25657.7,25659.7,277.0
2025-08-25 21:00:00,25660.4,25664.1,25658.2,25663.9,163.0
2025-08-25 21:45:00,25664.0,25675.3,25663.7,25673.2,596.0
2025-08-25 22:30:00,25673.5,25684.6,25672.1,25681.1,326.0
2025-08-25 23:15:00,25680.8,25682.9,25672.1,25676.8,558.0
2025-08-26 00:00:00,25676.2,25709.2,25627.9,25634.1,4526.0
2025-08-26 00:45:00,25634.4,25734.0,25610.5,25724.4,3966.0
2025-08-26 01:30:00,25712.4,25737.3,25687.4,25732.7,2086.0
2025-08-26 02:15:00,25760.1,25801.6,25743.0,25789.3,3950.0
2025-08-26 03:00:00,25788.8,25837.4,25761.4,25805.9,6402.0
2025-08-26 03:45:00,25806.9,25812.3,25765.1,25767.5,1277.0
2025-08-26 04:30:00,25768.1,25828.4,25761.2,25804.2,2913.0
2025-08-26 05:15:00,25803.7,25833.5,25778.2,25811.5,6315.0
2025-08-26 06:00:00,25810.5,25820.4,25681.5,25681.5,6313.0
2025-08-26 06:45:00,25681.0,25689.9,25544.5,25570.8,6821.0
2025-08-26 07:30:00,25571.8,25598.9,25481.1,25564.2,5673.0
2025-08-26 08:15:00,25564.7,25579.6,25549.9,25559.3,2145.0
2025-08-26 09:00:00,25559.1,25601.7,25554.9,25596.0,1548.0
2025-08-26 09:45:00,25596.5,25658.4,25596.0,25648.5,1590.0
2025-08-26 10:30:00,25648.0,25656.9,25634.4,25651.4,1130.0
2025-08-26 11:15:00,25651.9,25692.6,25648.7,25686.9,1447.0
2025-08-26 12:00:00,25686.4,25695.4,25668.7,25675.2,1635.0
2025-08-26 12:45:00,25674.7,25687.0,25646.5,25660.2,1942.0
2025-08-26 13:30:00,25660.7,25711.5,25643.4,25664.9,6172.0
2025-08-26 14:15:00,25664.4,25679.2,25625.6,25629.3,3378.0
2025-08-26 15:00:00,25628.8,25649.5,25599.4,25629.8,3295.0
2025-08-26 15:45:00,25631.8,25656.6,25619.3,25641.1,1941.0
2025-08-26 16:30:00,25640.6,25642.6,25591.8,25601.8,1752.0
2025-08-26 17:15:00,25601.3,25606.2,25578.2,25582.7,1683.0
2025-08-26 18:00:00,25582.2,25621.5,25581.2,25604.4,1533.0
2025-08-26 18:45:00,25604.9,25621.6,25591.1,25600.4,1263.0
2025-08-26 19:30:00,25600.3,25614.9,25588.6,25613.7,2007.0
2025-08-26 20:15:00,25613.2,25617.6,25611.4,25616.6,587.0
2025-08-26 21:00:00,25616.6,25616.9,25612.7,25613.8,73.0
2025-08-26 21:45:00,25613.9,25617.4,25608.5,25613.7,365.0
2025-08-26 22:30:00,25613.4,25617.0,25612.8,25614.3,223.0
2025-08-26 23:15:00,25614.6,25617.9,25611.4,25611.4,205.0
2025-08-27 00:00:00,25612.0,25612.6,25594.2,25595.4,406.0
2025-08-27 00:45:00,25594.8,25675.6,25593.7,25600.8,1740.0
2025-08-27 01:30:00,25593.8,25659.3,25576.7,25599.9,9444.0
2025-08-27 02:15:00,25600.4,25626.2,25495.7,25544.6,8384.0
2025-08-27 03:00:00,25543.6,25587.0,25500.6,25542.8,5478.0
2025-08-27 03:45:00,25542.3,25570.7,25536.7,25552.9,970.0
2025-08-27 04:30:00,25553.5,25575.0,25449.2,25460.1,2824.0
2025-08-27 05:15:00,25459.6,25483.4,25322.6,25369.4,7501.0
2025-08-27 06:00:00,25370.4,25396.5,25193.1,25239.9,8541.0
2025-08-27 06:45:00,25240.4,25248.0,25154.0,25198.5,7257.0
2025-08-27 07:30:00,25198.0,25228.5,25173.1,25176.8,4742.0
2025-08-27 08:15:00,25174.8,25205.7,25156.6,25165.5,1432.0
2025-08-27 09:00:00,25165.6,25169.0,25110.1,25131.7,1567.0
2025-08-27 09:45:00,25132.2,25150.8,25122.4,25123.9,1165.0
2025-08-27 10:30:00,25124.4,25126.9,25072.6,25117.8,1229.0
2025-08-27 11:15:00,25117.3,25120.3,25083.9,25086.3,890.0
2025-08-27 12:00:00,25085.8,25090.9,25015.1,25018.9,1207.0
2025-08-27 12:45:00,25019.4,25061.4,24994.3,24997.4,1867.0
2025-08-27 13:30:00,24995.9,25006.4,24937.1,24949.9,4378.0
2025-08-27 14:15:00,24950.4,24980.2,24919.5,24975.2,2144.0
2025-08-27 15:00:00,24975.7,24989.9,24954.6,24968.6,1994.0
2025-08-27 15:45:00,24969.1,24978.2,24939.6,24949.7,1160.0
2025-08-27 16:30:00,24950.2,24984.1,24947.1,24968.2,1067.0
2025-08-27 17:15:00,24969.7,25013.4,24965.2,25005.0,751.0
2025-08-27 18:00:00,25004.0,25021.3,24979.9,25009.7,936.0
2025-08-27 18:45:00,25010.2,25024.8,24953.5,24965.7,1089.0
2025-08-27 19:30:00,24965.8,24997.8,24965.8,24983.9,1421.0
2025-08-27 20:15:00,24985.0,25009.8,24900.7,24966.8,3481.0
2025-08-27 21:00:00,24966.7,24979.5,24966.4,24975.8,228.0
2025-08-27 21:45:00,24975.7,24977.9,24944.9,24949.1,1053.0
2025-08-27 22:30:00,24949.4,24962.9,24949.1,24956.5,781.0
2025-08-27 23:15:00,24956.8,24958.4,24951.7,24954.9,618.0
2025-08-28 00:00:00,24954.3,24962.6,24941.8,24962.0,1305.0
2025-08-28 00:45:00,24961.4,25078.2,24960.8,25044.9,2564.0
2025-08-28 01:30:00,25045.4,25076.8,24924.3,24969.4,10023.0
2025-08-28 02:15:00,24971.4,25081.8,24934.4,25051.3,8635.0
2025-08-28 03:00:00,25050.8,25107.2,24993.4,25037.8,7344.0
2025-08-28 03:45:00,25037.3,25040.9,24998.0,25005.8,1503.0
2025-08-28 04:30:00,25005.5,25036.1,24964.5,24975.3,2942.0
2025-08-28 05:15:00,24974.8,25003.0,24823.8,24931.1,8687.0
2025-08-28 06:00:00,24930.1,25008.1,24924.0,24997.9,7861.0
2025-08-28 06:45:00,24999.5,25092.5,24990.9,25029.9,6502.0
2025-08-28 07:30:00,25028.4,25036.4,24984.0,24999.1,4192.0
2025-08-28 08:15:00,24998.6,25015.1,24974.0,24977.7,1461.0
2025-08-28 09:00:00,24978.3,25000.7,24962.5,24965.0,1167.0
2025-08-28 09:45:00,24965.5,25005.2,24956.3,24998.9,1191.0
2025-08-28 10:30:00,24998.4,25009.0,24981.3,24987.5,1149.0
2025-08-28 11:15:00,24987.0,25016.1,24976.0,25007.9,1215.0
2025-08-28 12:00:00,25008.4,25019.9,24989.4,25017.9,1847.0
2025-08-28 12:45:00,25018.4,25037.1,25004.7,25030.1,1858.0
2025-08-28 13:30:00,25030.6,25150.5,24985.7,25131.4,6024.0
2025-08-28 14:15:00,25130.9,25174.6,25111.9,25169.3,3611.0
2025-08-28 15:00:00,25168.8,25173.0,25130.9,25170.9,3145.0
2025-08-28 15:45:00,25170.4,25196.8,25165.8,25185.9,1892.0
2025-08-28 16:30:00,25185.4,25209.3,25177.5,25187.9,1621.0
2025-08-28 17:15:00,25187.4,25196.9,25168.5,25176.5,1450.0
2025-08-28 18:00:00,25176.0,25197.8,25174.3,25192.8,1086.0
2025-08-28 18:45:00,25192.3,25197.6,25180.3,25186.8,995.0
2025-08-28 19:30:00,25186.7,25194.6,25166.7,25172.6,1473.0
2025-08-28 20:15:00,25173.2,25179.0,25172.0,25174.5,423.0
2025-08-28 21:00:00,25176.7,25176.7,25172.5,25173.4,84.0
2025-08-28 21:45:00,25173.5,25177.2,25169.7,25172.1,533.0
2025-08-28 22:30:00,25171.5,25174.4,25147.6,25149.0,259.0
2025-08-28 23:15:00,25149.5,25155.9,25146.5,25154.2,217.0
2025-08-29 00:00:00,25153.6,25161.1,25146.8,25146.8,591.0
2025-08-29 00:45:00,25146.5,25167.9,25097.2,25097.3,1791.0
2025-08-29 01:30:00,25096.8,25185.7,25062.1,25173.6,10014.0
2025-08-29 02:15:00,25173.1,25286.4,25160.4,25237.4,9010.0
2025-08-29 03:00:00,25236.4,25265.2,25167.5,25171.5,7618.0
2025-08-29 03:45:00,25172.0,25179.1,25157.9,25158.9,1186.0
2025-08-29 04:30:00,25159.1,25227.1,25158.3,25179.6,3368.0
2025-08-29 05:15:00,25177.6,25280.2,25114.4,25268.3,8799.0
2025-08-29 06:00:00,25268.8,25295.1,25174.7,25231.6,7830.0
2025-08-29 06:45:00,25232.1,25262.5,25167.0,25169.0,5404.0
2025-08-29 07:30:00,25170.0,25170.7,25066.0,25085.7,4348.0
2025-08-29 08:15:00,25086.7,25099.6,25066.6,25068.3,1717.0
2025-08-29 09:00:00,25068.0,25133.6,24937.5,25083.6,2618.0
2025-08-29 09:45:00,25083.5,25170.5,25083.5,25151.8,2789.0
2025-08-29 10:30:00,25151.3,25197.9,25144.8,25176.4,1968.0
2025-08-29 11:15:00,25175.9,25193.0,25164.7,25179.1,1595.0
2025-08-29 12:00:00,25178.6,25225.8,25149.7,25201.3,2688.0
2025-08-29 12:45:00,25201.8,25265.7,25198.3,25240.1,3101.0
2025-08-29 13:30:00,25240.6,25289.1,25207.7,25233.8,7997.0
2025-08-29 14:15:00,25233.3,25353.6,25218.2,25339.4,6960.0
2025-08-29 15:00:00,25337.4,25359.3,25301.5,25315.1,5421.0
2025-08-29 15:45:00,25315.6,25388.5,25312.7,25371.5,4295.0
2025-08-29 16:30:00,25371.0,25412.2,25369.2,25402.1,3294.0
2025-08-29 17:15:00,25402.6,25413.1,25377.9,25392.9,3206.0
2025-08-29 18:00:00,25393.4,25408.6,25377.9,25392.5,2648.0
2025-08-29 18:45:00,25392.0,25399.4,25366.4,25375.4,1438.0
2025-08-29 19:30:00,25375.7,25381.9,25351.4,25366.5,2223.0
2025-08-29 20:15:00,25365.9,25368.9,25359.6,25365.4,482.0
2025-08-31 22:00:00,25369.7,25396.0,25367.4,25388.5,865.0
2025-08-31 22:45:00,25389.1,25398.7,25388.2,25393.3,416.0
2025-08-31 23:30:00,25393.8,25409.2,25384.9,25397.0,741.0
2025-09-01 00:15:00,25396.4,25397.2,25362.8,25362.8,529.0
2025-09-01 01:00:00,25363.4,25605.3,25359.3,25529.7,5911.0
2025-09-01 01:45:00,25528.7,25641.4,25482.2,25623.6,10003.0
2025-09-01 02:30:00,25623.1,25654.8,25587.3,25594.4,8264.0
2025-09-01 03:15:00,25595.4,25606.2,25497.3,25531.3,5737.0
2025-09-01 04:00:00,25515.1,25518.5,25507.3,25510.4,648.0
2025-09-01 04:45:00,25510.7,25578.1,25510.4,25575.1,5583.0
2025-09-01 05:30:00,25575.6,25617.6,25544.5,25616.4,7114.0
2025-09-01 06:15:00,25616.9,25650.7,25575.9,25576.4,5706.0
2025-09-01 07:00:00,25576.9,25623.9,25559.2,25599.6,3663.0
2025-09-01 07:45:00,25599.1,25628.6,25563.4,25563.4,2949.0
2025-09-01 08:30:00,25558.7,25572.5,25558.2,25562.0,764.0
2025-09-01 09:15:00,25559.8,25590.5,25541.8,25571.8,1450.0
2025-09-01 10:00:00,25571.3,25577.9,25553.9,25556.0,973.0
2025-09-01 10:45:00,25555.5,25562.5,25529.1,25538.3,1225.0
2025-09-01 11:30:00,25538.8,25544.2,25520.1,25526.0,1111.0
2025-09-01 12:15:00,25525.5,25552.0,25525.5,25540.8,829.0
2025-09-01 13:00:00,25541.3,25541.7,25493.0,25505.8,1507.0
2025-09-01 13:45:00,25505.3,25517.0,25464.5,25475.6,1101.0
2025-09-01 14:30:00,25474.6,25482.1,25454.1,25474.6,1173.0
2025-09-01 15:15:00,25475.1,25485.6,25464.0,25484.0,768.0
2025-09-01 16:00:00,25484.5,25492.6,25470.2,25482.6,456.0
2025-09-01 16:45:00,25482.5,25487.4,25476.4,25481.6,211.0
2025-09-01 17:30:00,25482.1,25492.0,25481.0,25491.6,113.0
2025-09-01 18:15:00,25491.1,25498.0,25487.1,25495.5,142.0
2025-09-01 19:00:00,25483.8,25484.3,25481.4,25482.7,11.0
2025-09-01 19:45:00,25482.8,25484.1,25482.7,25484.1,16.0
2025-09-01 21:45:00,25475.5,25477.8,25469.0,25469.6,277.0
2025-09-01 22:30:00,25469.3,25470.8,25456.6,25461.2,423.0
2025-09-01 23:15:00,25461.7,25462.3,25447.9,25458.5,708.0
2025-09-02 00:00:00,25459.1,25463.7,25452.9,25462.9,910.0
2025-09-02 00:45:00,25462.3,25559.6,25452.9,25551.8,1844.0
2025-09-02 01:30:00,25545.3,25682.3,25513.7,25638.4,9869.0
2025-09-02 02:15:00,25637.9,25728.8,25585.1,25593.0,9154.0
2025-09-02 03:00:00,25594.0,25607.0,25469.7,25478.2,8298.0
2025-09-02 03:45:00,25478.7,25486.8,25453.8,25470.0,1798.0
2025-09-02 04:30:00,25469.7,25534.8,25455.5,25476.3,3470.0
2025-09-02 05:15:00,25475.8,25571.4,25416.4,25541.9,9104.0
2025-09-02 06:00:00,25542.9,25564.2,25476.1,25537.5,7727.0
2025-09-02 06:45:00,25537.0,25560.0,25460.4,25514.7,5613.0
2025-09-02 07:30:00,25515.2,25515.2,25445.3,25450.8,5086.0
2025-09-02 08:15:00,25451.3,25465.0,25417.1,25454.1,2068.0
2025-09-02 09:00:00,25455.6,25458.3,25394.2,25427.6,2228.0
2025-09-02 09:45:00,25427.1,25438.0,25409.8,25427.2,1780.0
2025-09-02 10:30:00,25426.7,25430.7,25384.1,25392.1,1795.0
2025-09-02 11:15:00,25391.6,25395.1,25354.5,25357.1,1860.0
2025-09-02 12:00:00,25356.6,25362.2,25284.4,25284.6,3178.0
2025-09-02 12:45:00,25285.1,25300.7,25234.5,25271.7,3792.0
2025-09-02 13:30:00,25272.7,25450.9,25231.9,25441.9,7819.0
2025-09-02 14:15:00,25441.8,25534.3,25432.8,25481.4,6735.0
2025-09-02 15:00:00,25481.9,25496.9,25408.8,25444.8,5054.0
2025-09-02 15:45:00,25444.3,25465.2,25430.4,25454.2,3677.0
2025-09-02 16:30:00,25453.7,25492.3,25445.6,25451.6,2746.0
2025-09-02 17:15:00,25452.6,25483.8,25442.5,25478.3,2198.0
2025-09-02 18:00:00,25477.8,25484.8,25442.3,25447.8,2050.0
2025-09-02 18:45:00,25447.3,25515.1,25438.1,25514.1,1823.0
2025-09-02 19:30:00,25513.9,25590.3,25512.9,25571.6,2521.0
2025-09-02 20:15:00,25572.2,25585.9,25566.6,25585.0,1227.0
2025-09-02 21:00:00,25583.1,25583.6,25577.2,25577.7,223.0
2025-09-02 21:45:00,25577.6,25578.3,25527.4,25529.1,817.0
2025-09-02 22:30:00,25529.7,25533.5,25515.1,25521.7,507.0
2025-09-02 23:15:00,25522.3,25523.5,25514.1,25516.2,352.0
2025-09-03 00:00:00,25515.1,25518.4,25511.8,25516.6,617.0
2025-09-03 00:45:00,25516.1,25729.1,25460.7,25728.6,2397.0
2025-09-03 01:30:00,25731.1,25793.9,25480.6,25492.4,10147.0
2025-09-03 02:15:00,25493.1,25546.0,25396.4,25496.2,9510.0
2025-09-03 03:00:00,25497.2,25514.1,25339.6,25370.2,7930.0
2025-09-03 03:45:00,25367.2,25389.8,25362.3,25374.4,1457.0
2025-09-03 04:30:00,25373.9,25417.9,25333.4,25375.6,3232.0
2025-09-03 05:15:00,25375.1,25384.0,25281.0,25319.6,8434.0
2025-09-03 06:00:00,25320.1,25376.9,25296.9,25302.2,7887.0
2025-09-03 06:45:00,25301.7,25318.1,25254.9,25294.3,5440.0
2025-09-03 07:30:00,25294.8,25336.8,25272.7,25330.4,3900.0
2025-09-03 08:15:00,25329.9,25354.3,25287.1,25302.9,1469.0
2025-09-03 09:00:00,25303.5,25405.2,25296.7,25399.6,1620.0
2025-09-03 09:45:00,25399.1,25402.5,25371.1,25387.0,1189.0
2025-09-03 10:30:00,25386.5,25389.5,25363.1,25374.0,849.0
2025-09-03 11:15:00,25373.5,25387.4,25364.0,25378.1,1177.0
2025-09-03 12:00:00,25378.6,25387.8,25339.7,25345.2,1520.0
2025-09-03 12:45:00,25345.7,25357.6,25321.4,25350.5,2075.0
2025-09-03 13:30:00,25352.0,25371.3,25274.3,25350.8,6517.0
2025-09-03 14:15:00,25351.3,25397.7,25317.4,25330.4,4590.0
2025-09-03 15:00:00,25330.9,25372.2,25311.7,25362.5,3624.0
2025-09-03 15:45:00,25362.0,25385.4,25341.3,25377.7,2836.0
2025-09-03 16:30:00,25378.2,25399.9,25376.3,25397.5,1951.0
2025-09-03 17:15:00,25398.0,25402.3,25359.3,25366.9,2135.0
2025-09-03 18:00:00,25366.4,25392.8,25356.6,25363.0,2356.0
2025-09-03 18:45:00,25362.0,25369.5,25336.9,25346.3,1390.0
2025-09-03 19:30:00,25348.3,25397.4,25348.3,25396.2,1956.0
2025-09-03 20:15:00,25395.7,25405.8,25392.5,25404.1,561.0
2025-09-03 21:00:00,25401.7,25402.0,25400.5,25400.7,30.0
2025-09-03 21:45:00,25401.1,25404.3,25393.1,25395.6,530.0
2025-09-03 22:30:00,25395.9,25402.7,25394.8,25402.7,242.0
2025-09-03 23:15:00,25402.9,25404.4,25382.6,25386.8,334.0
2025-09-04 00:00:00,25386.2,25460.2,25383.6,25419.8,1377.0
2025-09-04 00:45:00,25419.5,25508.5,25383.6,25486.7,2433.0
2025-09-04 01:30:00,25487.0,25496.1,25209.4,25246.0,9995.0
2025-09-04 02:15:00,25244.5,25269.7,25016.6,25066.9,9453.0
2025-09-04 03:00:00,25068.9,25106.6,25003.2,25016.5,7886.0
2025-09-04 03:45:00,25014.5,25039.6,25007.5,25009.1,1600.0
2025-09-04 04:30:00,25009.2,25085.1,25000.2,25060.3,3350.0
2025-09-04 05:15:00,25059.8,25118.3,25023.1,25087.4,8746.0
2025-09-04 06:00:00,25088.4,25088.4,25002.3,25078.9,8416.0
2025-09-04 06:45:00,25078.4,25100.1,25014.9,25046.4,6019.0
2025-09-04 07:30:00,25045.9,25050.4,25001.2,25007.0,3860.0
2025-09-04 08:15:00,25007.5,25011.3,24933.4,24957.3,1376.0
2025-09-04 09:00:00,24957.5,25024.7,24942.2,25005.3,1273.0
2025-09-04 09:45:00,25004.3,25058.8,24982.4,25025.1,1544.0
2025-09-04 10:30:00,25024.6,25035.9,25010.2,25028.0,1262.0
2025-09-04 11:15:00,25027.5,25040.6,25022.4,25025.9,956.0
2025-09-04 12:00:00,25026.4,25052.8,25017.7,25025.3,1895.0
2025-09-04 12:45:00,25024.8,25051.8,25017.8,25018.3,1760.0
2025-09-04 13:30:00,25018.8,25062.0,24915.0,24936.2,6696.0
2025-09-04 14:15:00,24937.2,24981.5,24910.1,24970.4,4805.0
2025-09-04 15:00:00,24970.9,24994.4,24946.0,24987.4,3036.0
2025-09-04 15:45:00,24988.4,25022.3,24984.3,25012.4,2486.0
2025-09-04 16:30:00,25011.9,25040.8,25009.4,25027.3,1672.0
2025-09-04 17:15:00,25027.8,25041.4,25019.0,25021.1,1406.0
2025-09-04 18:00:00,25020.6,25049.1,25017.3,25043.3,1255.0
2025-09-04 18:45:00,25043.8,25050.3,25026.9,25027.0,899.0
2025-09-04 19:30:00,25026.9,25075.7,25026.3,25072.2,1596.0
2025-09-04 20:15:00,25072.8,25077.2,25063.6,25068.6,830.0
2025-09-04 21:00:00,25069.0,25074.6,25057.7,25059.2,141.0
2025-09-04 21:45:00,25059.5,25064.1,25053.6,25057.7,556.0
2025-09-04 22:30:00,25057.2,25063.5,25055.4,25063.5,315.0
2025-09-04 23:15:00,25062.9,25063.6,25058.0,25059.6,342.0
2025-09-05 00:00:00,25060.2,25064.7,25055.1,25062.2,645.0
2025-09-05 00:45:00,25061.9,25128.6,25047.2,25104.6,1911.0
2025-09-05 01:30:00,25105.6,25182.9,25072.9,25154.3,9429.0
2025-09-05 02:15:00,25155.3,25222.3,25125.4,25179.6,7983.0
2025-09-05 03:00:00,25181.1,25217.7,25144.8,25174.6,6095.0
2025-09-05 03:45:00,25174.1,25200.4,25170.5,25185.7,936.0
2025-09-05 04:30:00,25186.0,25224.2,25181.4,25212.2,2674.0
2025-09-05 05:15:00,25212.7,25303.3,25209.1,25302.0,6139.0
2025-09-05 06:00:00,25301.0,25407.9,25298.4,25400.0,7539.0
2025-09-05 06:45:00,25398.5,25461.4,25390.5,25404.8,5704.0
2025-09-05 07:30:00,25404.3,25435.9,25384.4,25397.9,4148.0
2025-09-05 08:15:00,25398.4,25425.6,25394.4,25413.3,1256.0
2025-09-05 09:00:00,25413.8,25447.3,25407.7,25412.8,1448.0
2025-09-05 09:45:00,25412.3,25430.6,25407.7,25426.6,1264.0
2025-09-05 10:30:00,25427.1,25442.9,25410.5,25423.8,944.0
2025-09-05 11:15:00,25423.3,25424.3,25389.2,25394.7,1075.0
2025-09-05 12:00:00,25394.4,25509.3,25391.4,25472.5,3543.0
2025-09-05 12:45:00,25473.0,25491.9,25439.5,25459.6,3814.0
2025-09-05 13:30:00,25460.1,25484.3,25381.9,25382.9,6583.0
2025-09-05 14:15:00,25383.4,25389.2,25273.7,25297.4,7459.0
2025-09-05 15:00:00,25296.9,25380.9,25295.8,25378.6,4966.0
2025-09-05 15:45:00,25378.1,25378.6,25324.1,25350.9,4162.0
2025-09-05 16:30:00,25351.4,25372.0,25338.2,25365.6,3031.0
2025-09-05 17:15:00,25365.1,25384.1,25344.7,25351.7,2974.0
2025-09-05 18:00:00,25351.5,25370.2,25340.6,25361.7,1936.0
2025-09-05 18:45:00,25361.2,25376.0,25350.9,25368.2,1809.0
2025-09-05 19:30:00,25368.5,25391.9,25365.9,25384.7,2463.0
2025-09-05 20:15:00,25384.2,25386.8,25377.7,25385.8,489.0
2025-09-07 22:00:00,25373.2,25405.0,25368.2,25405.0,1095.0
2025-09-07 22:45:00,25405.3,25437.7,25405.0,25433.0,879.0
2025-09-07 23:30:00,25433.6,25441.6,25432.0,25436.1,1447.0
2025-09-08 00:15:00,25435.8,25438.3,25397.5,25398.1,553.0
2025-09-08 01:00:00,25398.7,25545.8,25381.4,25498.3,5315.0
2025-09-08 01:45:00,25497.3,25543.7,25430.3,25457.0,9561.0
2025-09-08 02:30:00,25458.0,25507.7,25426.9,25503.1,8725.0
2025-09-08 03:15:00,25503.6,25534.4,25476.5,25501.4,4512.0
2025-09-08 04:00:00,25486.1,25487.7,25472.6,25475.5,334.0
2025-09-08 04:45:00,25476.1,25525.0,25471.7,25508.1,4850.0
2025-09-08 05:30:00,25508.6,25621.3,25496.8,25620.3,6569.0
2025-09-08 06:15:00,25620.8,25667.4,25610.8,25651.4,5995.0
2025-09-08 07:00:00,25651.9,25651.9,25594.1,25629.5,3663.0
2025-09-08 07:45:00,25629.0,25631.7,25594.8,25596.4,2881.0
2025-09-08 08:30:00,25596.6,25600.9,25588.5,25591.0,384.0
2025-09-08 09:15:00,25583.0,25591.5,25567.3,25576.0,1149.0
2025-09-08 10:00:00,25579.0,25590.2,25568.6,25579.5,869.0
2025-09-08 10:45:00,25580.0,25601.3,25577.4,25592.3,773.0
2025-09-08 11:30:00,25592.8,25612.4,25590.8,25599.3,1024.0
2025-09-08 12:15:00,25598.8,25620.3,25588.4,25620.2,1184.0
2025-09-08 13:00:00,25619.7,25647.9,25601.7,25612.3,3806.0
2025-09-08 13:45:00,25611.8,25618.7,25541.5,25564.6,5091.0
2025-09-08 14:30:00,25563.1,25640.0,25537.6,25628.9,3422.0
2025-09-08 15:15:00,25630.4,25635.7,25600.7,25627.1,3010.0
2025-09-08 16:00:00,25627.6,25632.2,25593.7,25611.2,2154.0
2025-09-08 16:45:00,25610.7,25627.4,25604.9,25619.7,1676.0
2025-09-08 17:30:00,25620.2,25634.9,25599.0,25632.4,1347.0
2025-09-08 18:15:00,25632.9,25659.9,25631.9,25648.9,961.0
2025-09-08 19:00:00,25648.7,25662.4,25646.7,25654.8,1150.0
2025-09-08 19:45:00,25655.0,25694.6,25654.8,25684.5,1442.0
2025-09-08 20:30:00,25683.9,25685.1,25680.0,25682.0,289.0
2025-09-08 21:00:00,25681.5,25685.1,25681.5,25684.8,53.0
2025-09-08 21:45:00,25684.7,25691.6,25683.0,25688.4,509.0
2025-09-08 22:30:00,25689.0,25692.1,25685.9,25688.3,209.0
2025-09-08 23:15:00,25688.4,25689.0,25676.2,25677.4,286.0
2025-09-09 00:00:00,25678.0,25682.9,25672.9,25674.8,484.0
2025-09-09 00:45:00,25674.2,25705.9,25645.1,25690.3,1770.0
2025-09-09 01:30:00,25692.3,25978.6,25663.9,25976.7,9047.0
2025-09-09 02:15:00,25975.8,26048.8,25931.6,25984.1,7493.0
2025-09-09 03:00:00,25982.2,26000.0,25813.9,25826.2,7220.0
2025-09-09 03:45:00,25825.7,25854.6,25813.3,25850.3,1387.0
2025-09-09 04:30:00,25849.7,25873.4,25826.8,25836.1,2986.0
2025-09-09 05:15:00,25835.1,25835.6,25750.4,25775.4,8398.0
2025-09-09 06:00:00,25775.9,25830.9,25754.3,25822.2,7120.0
2025-09-09 06:45:00,25822.7,25930.9,25806.8,25929.3,5836.0
2025-09-09 07:30:00,25930.3,25944.1,25873.2,25886.1,4102.0
2025-09-09 08:15:00,25887.1,25912.6,25881.5,25887.5,1506.0
2025-09-09 09:00:00,25887.8,25937.8,25878.3,25933.5,1194.0
2025-09-09 09:45:00,25933.0,25952.8,25928.0,25932.4,1114.0
2025-09-09 10:30:00,25931.9,25941.9,25920.9,25927.4,1029.0
2025-09-09 11:15:00,25927.9,25933.0,25901.9,25905.9,1174.0
2025-09-09 12:00:00,25906.4,25911.9,25877.7,25888.0,1666.0
2025-09-09 12:45:00,25887.5,25898.7,25865.3,25888.3,1836.0
2025-09-09 13:30:00,25884.8,25987.7,25876.9,25959.9,7353.0
2025-09-09 14:15:00,25959.4,26011.1,25931.0,25971.8,6587.0
2025-09-09 15:00:00,25972.3,25979.4,25901.1,25929.5,4266.0
2025-09-09 15:45:00,25929.0,25949.7,25902.4,25931.5,3184.0
2025-09-09 16:30:00,25932.0,25945.8,25904.8,25912.4,2164.0
2025-09-09 17:15:00,25912.9,25947.4,25912.9,25943.0,1870.0
2025-09-09 18:00:00,25942.5,25959.4,25927.8,25928.3,1863.0
2025-09-09 18:45:00,25928.8,25956.6,25927.8,25951.2,1004.0
2025-09-09 19:30:00,25951.3,25978.1,25937.3,25976.2,1560.0
2025-09-09 20:15:00,25975.6,25997.4,25971.5,25979.6,1093.0
2025-09-09 21:00:00,25987.4,25990.0,25980.2,25990.0,177.0
2025-09-09 21:45:00,25990.1,25994.2,25979.7,25986.8,719.0
2025-09-09 22:30:00,25986.5,25990.0,25970.2,25974.1,492.0
2025-09-09 23:15:00,25973.8,25975.3,25959.8,25965.0,519.0
2025-09-10 00:00:00,25964.4,25978.1,25961.9,25976.8,693.0
2025-09-10 00:45:00,25976.5,26048.4,25955.2,26019.1,2124.0
2025-09-10 01:30:00,26018.1,26250.9,26002.6,26233.4,9637.0
2025-09-10 02:15:00,26233.9,26238.9,26076.6,26146.9,9306.0
2025-09-10 03:00:00,26149.4,26241.4,26110.4,26227.3,7046.0
2025-09-10 03:45:00,26228.8,26272.3,26224.3,26252.6,1558.0
2025-09-10 04:30:00,26252.9,26289.2,26224.4,26260.7,2958.0
2025-09-10 05:15:00,26260.2,26302.5,26241.4,26268.2,7649.0
2025-09-10 06:00:00,26268.7,26309.8,26217.5,26237.2,6686.0
2025-09-10 06:45:00,26236.7,26256.4,26177.3,26237.5,5168.0
2025-09-10 07:30:00,26237.0,26242.8,26162.1,26178.9,3886.0
2025-09-10 08:15:00,26178.4,26186.7,26138.8,26144.2,1756.0
2025-09-10 09:00:00,26144.8,26148.5,26099.5,26132.0,1752.0
2025-09-10 09:45:00,26132.5,26152.5,26100.6,26113.7,1587.0
2025-09-10 10:30:00,26113.2,26134.1,26110.9,26128.9,1276.0
2025-09-10 11:15:00,26126.4,26128.9,26070.1,26088.2,1726.0
2025-09-10 12:00:00,26087.7,26168.5,26056.4,26099.6,3179.0
2025-09-10 12:45:00,26099.1,26121.6,26068.4,26102.1,3366.0
2025-09-10 13:30:00,26102.6,26120.5,25986.7,26041.3,6937.0
2025-09-10 14:15:00,26040.8,26042.4,25976.8,26013.9,4214.0
2025-09-10 15:00:00,26014.4,26022.9,25964.7,26000.5,3452.0
2025-09-10 15:45:00,26001.0,26007.5,25974.8,25975.0,2283.0
2025-09-10 16:30:00,25975.5,25991.7,25963.7,25985.0,1979.0
2025-09-10 17:15:00,25985.5,25985.5,25951.7,25972.8,1701.0
2025-09-10 18:00:00,25971.8,25993.2,25961.7,25982.8,1509.0
2025-09-10 18:45:00,25983.3,25985.8,25916.5,25916.6,1786.0
2025-09-10 19:30:00,25916.8,25937.0,25908.8,25919.2,2062.0
2025-09-10 20:15:00,25919.8,25927.0,25918.3,25922.6,443.0
2025-09-10 21:00:00,25920.8,25926.2,25919.9,25921.0,73.0
2025-09-10 21:45:00,25920.9,25934.5,25920.9,25929.2,478.0
2025-09-10 22:30:00,25929.8,25956.7,25929.2,25951.5,529.0
2025-09-10 23:15:00,25950.9,25966.9,25950.9,25966.9,423.0
2025-09-11 00:00:00,25965.7,25968.3,25953.9,25968.0,802.0
2025-09-11 00:45:00,25967.7,26008.6,25913.2,25921.9,2197.0
2025-09-11 01:30:00,25921.4,25993.9,25878.1,25991.8,9411.0
2025-09-11 02:15:00,25992.2,26002.9,25909.2,25985.5,8357.0
2025-09-11 03:00:00,25984.5,26133.2,25983.5,26099.0,7553.0
2025-09-11 03:45:00,26099.5,26127.2,26088.3,26098.9,1419.0
2025-09-11 04:30:00,26098.5,26170.9,26095.3,26154.7,3237.0
2025-09-11 05:15:00,26153.7,26200.3,26060.6,26079.7,7508.0
2025-09-11 06:00:00,26080.7,26214.0,26047.6,26212.1,7153.0
2025-09-11 06:45:00,26211.6,26248.8,26117.0,26120.1,5524.0
2025-09-11 07:30:00,26119.6,26136.4,26063.3,26074.6,3558.0
2025-09-11 08:15:00,26074.1,26099.5,26062.6,26066.9,1100.0
2025-09-11 09:00:00,26067.5,26101.7,26063.5,26075.2,1206.0
2025-09-11 09:45:00,26074.7,26116.3,26070.2,26109.9,1128.0
2025-09-11 10:30:00,26109.4,26124.4,26095.8,26124.4,786.0
2025-09-11 11:15:00,26123.9,26129.7,26115.8,26118.8,1111.0
2025-09-11 12:00:00,26119.3,26148.5,26075.4,26129.8,3341.0
2025-09-11 12:45:00,26130.3,26186.3,26114.5,26151.0,3926.0
2025-09-11 13:30:00,26149.5,26302.6,26145.0,26253.3,7426.0
2025-09-11 14:15:00,26252.8,26296.2,26225.1,26294.2,4729.0
2025-09-11 15:00:00,26293.2,26343.5,26265.8,26322.8,3809.0
2025-09-11 15:45:00,26323.3,26444.1,26318.6,26437.1,4937.0
2025-09-11 16:30:00,26437.6,26462.1,26417.4,26447.6,3531.0
2025-09-11 17:15:00,26448.1,26471.1,26433.2,26465.9,2385.0
2025-09-11 18:00:00,26467.4,26476.3,26417.8,26441.5,2415.0
2025-09-11 18:45:00,26442.0,26470.7,26434.7,26470.7,1129.0
2025-09-11 19:30:00,26470.6,26480.4,26461.1,26468.5,1617.0
2025-09-11 20:15:00,26467.9,26472.1,26467.0,26468.9,452.0
2025-09-11 21:00:00,26468.0,26473.1,26463.8,26468.6,105.0
2025-09-11 21:45:00,26468.7,26475.1,26463.9,26465.9,804.0
2025-09-11 22:30:00,26465.6,26466.5,26456.9,26462.9,352.0
2025-09-11 23:15:00,26462.6,26468.0,26461.3,26462.7,392.0
2025-09-12 00:00:00,26462.1,26463.0,26450.7,26451.4,658.0
2025-09-12 00:45:00,26452.0,26546.3,26438.1,26530.6,2436.0
2025-09-12 01:30:00,26531.1,26584.6,26407.4,26443.3,9950.0
2025-09-12 02:15:00,26441.8,26524.0,26405.4,26408.9,8610.0
2025-09-12 03:00:00,26410.9,26499.0,26362.0,26467.1,6950.0
2025-09-12 03:45:00,26466.6,26506.6,26466.6,26481.8,1336.0
2025-09-12 04:30:00,26482.4,26511.7,26439.1,26467.4,2959.0
2025-09-12 05:15:00,26466.9,26497.1,26433.9,26450.0,7744.0
2025-09-12 06:00:00,26449.5,26451.6,26369.1,26388.1,7261.0
2025-09-12 06:45:00,26387.6,26405.8,26339.1,26393.6,5094.0
2025-09-12 07:30:00,26390.6,26407.0,26337.1,26343.2,4437.0
2025-09-12 08:15:00,26343.7,26370.7,26341.7,26355.1,1584.0
2025-09-12 09:00:00,26354.8,26358.6,26312.2,26313.2,1437.0
2025-09-12 09:45:00,26313.7,26362.4,26313.7,26356.4,1393.0
2025-09-12 10:30:00,26355.9,26404.2,26354.3,26389.8,1423.0
2025-09-12 11:15:00,26388.3,26439.5,26384.4,26421.0,1690.0
2025-09-12 12:00:00,26421.5,26424.0,26342.8,26374.1,2186.0
2025-09-12 12:45:00,26373.6,26402.7,26367.5,26372.0,2086.0
2025-09-12 13:30:00,26371.5,26412.5,26293.0,26305.4,6400.0
2025-09-12 14:15:00,26305.9,26346.8,26285.9,26345.3,4216.0
2025-09-12 15:00:00,26344.8,26346.2,26271.5,26300.3,3488.0
2025-09-12 15:45:00,26300.8,26317.7,26269.0,26313.5,1907.0
2025-09-12 16:30:00,26313.0,26344.6,26312.0,26339.5,1814.0
2025-09-12 17:15:00,26340.0,26357.1,26337.0,26338.5,1468.0
2025-09-12 18:00:00,26338.0,26372.8,26328.9,26366.6,1486.0
2025-09-12 18:45:00,26367.1,26376.7,26343.8,26348.2,1174.0
2025-09-12 19:30:00,26348.3,26348.9,26302.5,26307.3,1968.0
2025-09-12 20:15:00,26307.9,26313.7,26307.4,26309.5,447.0
2025-09-14 22:00:00,26309.4,26324.7,26305.8,26324.1,557.0
2025-09-14 22:45:00,26324.4,26326.6,26319.2,26319.2,278.0
2025-09-14 23:30:00,26319.6,26320.2,26299.9,26308.8,691.0
2025-09-15 00:15:00,26308.5,26310.9,26301.2,26309.1,569.0
2025-09-15 01:00:00,26309.4,26401.2,26295.3,26388.0,5477.0
2025-09-15 01:45:00,26389.0,26533.1,26388.0,26465.1,9361.0
2025-09-15 02:30:00,26467.1,26547.4,26456.6,26501.1,8367.0
2025-09-15 03:15:00,26499.1,26541.7,26474.0,26487.6,5086.0
2025-09-15 04:00:00,26471.1,26473.8,26465.4,26470.3,241.0
2025-09-15 04:45:00,26469.7,26493.8,26438.7,26481.3,5065.0
2025-09-15 05:30:00,26481.8,26493.1,26380.5,26401.6,6670.0
2025-09-15 06:15:00,26401.1,26404.2,26290.3,26353.9,6697.0
2025-09-15 07:00:00,26351.4,26473.4,26348.9,26446.1,4737.0
2025-09-15 07:45:00,26445.6,26473.0,26434.0,26454.1,3367.0
2025-09-15 08:30:00,26435.2,26445.0,26426.9,26431.1,1287.0
2025-09-15 09:15:00,26442.2,26449.8,26417.4,26449.3,1476.0
2025-09-15 10:00:00,26449.8,26462.6,26448.9,26451.4,1070.0
2025-09-15 10:45:00,26451.9,26469.2,26426.2,26461.0,909.0
2025-09-15 11:30:00,26461.5,26508.2,26456.6,26493.5,1450.0
2025-09-15 12:15:00,26493.0,26655.1,26489.9,26651.1,4014.0
2025-09-15 13:00:00,26651.6,26652.1,26472.5,26485.8,4760.0
2025-09-15 13:45:00,26486.3,26530.3,26447.7,26524.8,5696.0
2025-09-15 14:30:00,26524.4,26562.7,26483.5,26487.0,4140.0
2025-09-15 15:15:00,26486.5,26533.0,26472.6,26521.0,3682.0
2025-09-15 16:00:00,26521.5,26526.5,26495.4,26504.3,2154.0
2025-09-15 16:45:00,26503.8,26542.3,26496.7,26514.9,2017.0
2025-09-15 17:30:00,26514.4,26540.5,26512.9,26523.7,1734.0
2025-09-15 18:15:00,26524.2,26528.2,26472.1,26496.2,1868.0
2025-09-15 19:00:00,26481.7,26494.6,26471.8,26483.9,1524.0
2025-09-15 19:45:00,26483.6,26498.8,26467.9,26481.7,1768.0
2025-09-15 20:30:00,26482.3,26487.5,26481.6,26483.0,310.0
2025-09-15 21:00:00,26482.7,26483.8,26480.9,26483.2,39.0
2025-09-15 21:45:00,26484.3,26487.0,26478.0,26478.3,561.0
2025-09-15 22:30:00,26478.6,26482.8,26475.6,26481.3,361.0
2025-09-15 23:15:00,26481.6,26493.5,26481.6,26492.5,481.0
2025-09-16 00:00:00,26492.4,26492.4,26481.2,26484.7,610.0
2025-09-16 00:45:00,26484.4,26580.2,26483.8,26527.2,1817.0
2025-09-16 01:30:00,26523.2,26608.7,26460.3,26491.7,9864.0
2025-09-16 02:15:00,26492.9,26508.6,26332.6,26377.1,8792.0
2025-09-16 03:00:00,26376.1,26498.8,26368.9,26478.2,6817.0
2025-09-16 03:45:00,26477.2,26485.9,26448.5,26450.5,1249.0
2025-09-16 04:30:00,26450.2,26488.1,26441.9,26463.3,2681.0
2025-09-16 05:15:00,26462.5,26508.4,26406.7,26508.0,6744.0
2025-09-16 06:00:00,26508.5,26528.1,26444.4,26489.7,6676.0
2025-09-16 06:45:00,26490.2,26514.3,26469.7,26483.4,4557.0
2025-09-16 07:30:00,26483.9,26488.4,26408.6,26449.8,4116.0
2025-09-16 08:15:00,26448.8,26459.9,26418.8,26447.2,1771.0
2025-09-16 09:00:00,26447.1,26457.7,26417.9,26427.1,1305.0
2025-09-16 09:45:00,26426.6,26427.1,26383.8,26409.0,1386.0
2025-09-16 10:30:00,26409.5,26430.8,26396.9,26403.1,1249.0
2025-09-16 11:15:00,26402.6,26449.4,26392.8,26440.2,1335.0
2025-09-16 12:00:00,26439.2,26441.2,26396.0,26406.8,1899.0
2025-09-16 12:45:00,26407.3,26428.7,26385.7,26410.5,2201.0
2025-09-16 13:30:00,26410.0,26447.5,26342.2,26387.3,6066.0
2025-09-16 14:15:00,26387.8,26550.2,26387.8,26446.7,6244.0
2025-09-16 15:00:00,26446.2,26451.6,26405.4,26414.8,4880.0
2025-09-16 15:45:00,26414.5,26514.9,26414.5,26503.8,3183.0
2025-09-16 16:30:00,26501.3,26549.7,26489.8,26546.3,2885.0
2025-09-16 17:15:00,26546.8,26589.3,26535.7,26586.8,2482.0
2025-09-16 18:00:00,26585.8,26599.3,26572.7,26585.0,2257.0
2025-09-16 18:45:00,26584.5,26602.3,26556.3,26556.4,1534.0
2025-09-16 19:30:00,26556.9,26569.0,26550.0,26562.4,1880.0
2025-09-16 20:15:00,26562.1,26565.0,26555.4,26559.1,494.0
2025-09-16 21:00:00,26560.6,26561.2,26556.2,26556.8,91.0
2025-09-16 21:45:00,26556.3,26562.3,26552.6,26561.6,469.0
2025-09-16 22:30:00,26561.9,26565.5,26555.4,26555.4,297.0
2025-09-16 23:15:00,26554.8,26556.8,26550.9,26555.4,274.0
2025-09-17 00:00:00,26555.6,26562.7,26542.8,26557.7,664.0
2025-09-17 00:45:00,26557.4,26603.7,26535.8,26580.0,1981.0
2025-09-17 01:30:00,26579.5,26689.6,26541.1,26652.5,9582.0
2025-09-17 02:15:00,26653.0,26763.4,26602.2,26748.6,8556.0
2025-09-17 03:00:00,26750.6,26859.8,26749.3,26786.5,7922.0
2025-09-17 03:45:00,26785.0,26825.7,26785.0,26803.9,1687.0
2025-09-17 04:30:00,26803.5,26846.4,26794.4,26828.1,3087.0
2025-09-17 05:15:00,26828.6,26916.2,26817.9,26878.5,7942.0
2025-09-17 06:00:00,26879.0,26928.3,26851.3,26910.5,6711.0
2025-09-17 06:45:00,26911.0,26951.0,26862.6,26900.1,5504.0
2025-09-17 07:30:00,26900.6,26938.7,26883.9,26886.4,4333.0
2025-09-17 08:15:00,26885.9,26897.0,26846.3,26878.8,3195.0
2025-09-17 09:00:00,26879.1,26890.4,26847.0,26851.7,1671.0
2025-09-17 09:45:00,26852.2,26887.4,26851.7,26881.9,1601.0
2025-09-17 10:30:00,26882.4,26916.1,26869.6,26916.1,1502.0
2025-09-17 11:15:00,26916.6,26929.6,26876.2,26882.4,1638.0
2025-09-17 12:00:00,26882.9,26884.0,26859.4,26882.7,1481.0
2025-09-17 12:45:00,26882.2,26900.7,26874.8,26896.3,1662.0
2025-09-17 13:30:00,26895.8,26952.7,26824.9,26929.3,8675.0
2025-09-17 14:15:00,26929.8,26962.3,26843.6,26860.7,5397.0
2025-09-17 15:00:00,26861.2,26901.1,26829.3,26884.0,4305.0
2025-09-17 15:45:00,26883.5,26898.4,26864.7,26888.7,3250.0
2025-09-17 16:30:00,26887.2,26893.7,26828.4,26829.2,2334.0
2025-09-17 17:15:00,26828.2,26868.6,26816.8,26848.4,2148.0
2025-09-17 18:00:00,26862.9,26962.2,26778.4,26791.6,9695.0
2025-09-17 18:45:00,26792.1,26851.2,26709.5,26830.9,8295.0
2025-09-17 19:30:00,26830.3,26846.0,26795.4,26834.2,5738.0
2025-09-17 20:15:00,26833.6,26844.1,26822.4,26840.0,919.0
2025-09-17 21:00:00,26846.0,26849.9,26845.3,26849.9,59.0
2025-09-17 21:45:00,26849.8,26875.4,26846.1,26873.9,834.0
2025-09-17 22:30:00,26873.6,26898.6,26871.7,26892.2,1106.0
2025-09-17 23:15:00,26892.4,26896.6,26870.1,26877.7,724.0
2025-09-18 00:00:00,26877.4,26880.3,26868.2,26869.7,920.0
2025-09-18 00:45:00,26869.1,26892.2,26796.8,26884.1,2432.0
2025-09-18 01:30:00,26884.6,27058.4,26809.3,27014.8,10210.0
2025-09-18 02:15:00,27014.3,27039.0,26860.5,26911.2,9982.0
2025-09-18 03:00:00,26908.2,26917.1,26805.5,26841.5,8043.0
2025-09-18 03:45:00,26841.0,26881.8,26830.5,26867.5,1923.0
2025-09-18 04:30:00,26867.8,26884.7,26787.6,26790.9,3542.0
2025-09-18 05:15:00,26789.9,26817.5,26622.4,26622.5,9376.0
2025-09-18 06:00:00,26621.5,26648.4,26341.3,26429.7,10126.0
2025-09-18 06:45:00,26427.7,26588.3,26426.4,26580.3,8296.0
2025-09-18 07:30:00,26579.8,26591.6,26531.1,26571.3,5506.0
2025-09-18 08:15:00,26571.8,26575.6,26520.8,26553.3,2666.0
2025-09-18 09:00:00,26553.9,26630.0,26539.3,26623.0,2567.0
2025-09-18 09:45:00,26622.5,26654.0,26609.4,26639.1,1990.0
2025-09-18 10:30:00,26639.6,26658.0,26623.1,26630.4,2064.0
2025-09-18 11:15:00,26630.9,26635.4,26542.8,26567.0,2353.0
2025-09-18 12:00:00,26567.5,26580.2,26534.2,26548.5,2710.0
2025-09-18 12:45:00,26549.0,26564.6,26489.2,26502.2,3313.0
2025-09-18 13:30:00,26502.7,26619.4,26446.1,26608.0,8417.0
2025-09-18 14:15:00,26607.5,26627.8,26509.6,26518.8,6480.0
2025-09-18 15:00:00,26519.3,26565.4,26501.0,26522.9,5081.0
2025-09-18 15:45:00,26523.4,26535.9,26493.5,26518.3,3639.0
2025-09-18 16:30:00,26517.8,26568.9,26513.3,26562.8,2125.0
2025-09-18 17:15:00,26562.3,26586.7,26559.3,26584.0,2203.0
2025-09-18 18:00:00,26583.5,26592.5,26564.5,26567.5,1560.0
2025-09-18 18:45:00,26568.0,26606.8,26567.5,26576.0,1708.0
2025-09-18 19:30:00,26575.9,26587.5,26556.4,26561.4,2530.0
2025-09-18 20:15:00,26562.0,26582.4,26559.0,26579.6,658.0
2025-09-18 21:00:00,26580.1,26580.5,26579.2,26580.5,40.0
2025-09-18 21:45:00,26580.4,26595.0,26578.8,26593.2,656.0
2025-09-18 22:30:00,26593.5,26597.0,26577.3,26592.3,676.0
2025-09-18 23:15:00,26592.6,26601.2,26591.4,26591.4,527.0
2025-09-19 00:00:00,26592.0,26597.8,26568.7,26570.9,1214.0
2025-09-19 00:45:00,26571.2,26589.8,26511.3,26512.3,2209.0
2025-09-19 01:30:00,26514.8,26577.0,26407.1,26500.1,10398.0
2025-09-19 02:15:00,26501.6,26631.3,26499.0,26552.3,9365.0
2025-09-19 03:00:00,26550.8,26601.2,26513.8,26569.7,7796.0
2025-09-19 03:45:00,26570.2,26586.8,26539.8,26553.9,3289.0
2025-09-19 04:30:00,26553.3,26617.8,26537.0,26539.0,3534.0
2025-09-19 05:15:00,26538.6,26547.4,26411.7,26460.6,8818.0
2025-09-19 06:00:00,26461.1,26537.2,26449.8,26499.0,7960.0
2025-09-19 06:45:00,26499.5,26504.3,26426.4,26499.5,5655.0
2025-09-19 07:30:00,26502.0,26564.8,26494.6,26561.7,3960.0
2025-09-19 08:15:00,26562.2,26562.2,26539.1,26540.6,1499.0
2025-09-19 09:00:00,26540.7,26573.7,26525.9,26553.1,1686.0
2025-09-19 09:45:00,26554.1,26558.1,26526.6,26531.3,1726.0
2025-09-19 10:30:00,26530.8,26535.2,26513.1,26515.7,1421.0
2025-09-19 11:15:00,26515.2,26527.9,26501.9,26503.9,1226.0
2025-09-19 12:00:00,26503.4,26539.7,26496.4,26535.9,2062.0
2025-09-19 12:45:00,26535.4,26590.5,26525.7,26587.8,2389.0
2025-09-19 13:30:00,26587.3,26587.3,26478.4,26574.8,6998.0
2025-09-19 14:15:00,26574.3,26679.3,26538.8,26539.3,5960.0
2025-09-19 15:00:00,26538.8,26605.5,26483.3,26514.0,5990.0
2025-09-19 15:45:00,26513.5,26536.7,26495.8,26531.7,3302.0
2025-09-19 16:30:00,26531.2,26541.0,26511.4,26534.2,2373.0
2025-09-19 17:15:00,26533.7,26580.1,26532.4,26575.6,1767.0
2025-09-19 18:00:00,26575.1,26575.1,26502.7,26516.2,1865.0
2025-09-19 18:45:00,26516.7,26534.6,26495.5,26503.7,1768.0
2025-09-19 19:30:00,26503.6,26504.0,26463.0,26467.1,2456.0
2025-09-19 20:15:00,26466.5,26482.8,26459.1,26482.0,1123.0
2025-09-21 22:00:00,26484.0,26485.5,26465.0,26478.0,1238.0
2025-09-21 22:45:00,26477.4,26481.9,26472.7,26475.2,466.0
2025-09-21 23:30:00,26475.5,26496.3,26473.1,26492.5,811.0
2025-09-22 00:15:00,26491.9,26497.5,26479.4,26482.6,1064.0
2025-09-22 01:00:00,26483.2,26497.7,26321.3,26413.3,6070.0
2025-09-22 01:45:00,26410.3,26426.3,26269.8,26358.2,10252.0
2025-09-22 02:30:00,26357.2,26383.7,26238.2,26241.6,8787.0
2025-09-22 03:15:00,26240.6,26330.9,26237.8,26279.8,5504.0
2025-09-22 04:00:00,26279.3,26279.3,26249.0,26250.5,396.0
2025-09-22 04:45:00,26250.8,26365.4,26249.0,26316.3,6124.0
2025-09-22 05:30:00,26317.6,26333.0,26204.9,26234.4,7794.0
2025-09-22 06:15:00,26234.9,26342.0,26216.1,26326.0,6669.0
2025-09-22 07:00:00,26324.5,26335.4,26260.8,26293.7,4891.0
2025-09-22 07:45:00,26294.4,26398.8,26294.4,26384.6,4321.0
2025-09-22 08:30:00,26372.8,26381.2,26336.6,26338.7,1367.0
2025-09-22 09:15:00,26339.0,26394.0,26339.0,26391.9,1736.0
2025-09-22 10:00:00,26392.4,26431.5,26385.7,26421.5,1694.0
2025-09-22 10:45:00,26421.0,26422.2,26387.5,26402.0,1397.0
2025-09-22 11:30:00,26402.5,26420.7,26397.0,26417.3,1398.0
2025-09-22 12:15:00,26416.8,26426.8,26402.0,26421.7,1424.0
2025-09-22 13:00:00,26422.2,26423.2,26364.1,26372.3,4011.0
2025-09-22 13:45:00,26369.8,26450.0,26361.8,26376.2,5316.0
2025-09-22 14:30:00,26376.7,26393.0,26340.8,26342.7,3725.0
2025-09-22 15:15:00,26342.2,26392.1,26325.6,26330.0,3251.0
2025-09-22 16:00:00,26329.5,26374.3,26321.3,26368.8,2942.0
2025-09-22 16:45:00,26368.3,26383.5,26352.2,26366.9,2077.0
2025-09-22 17:30:00,26366.4,26385.3,26354.3,26374.1,1852.0
2025-09-22 18:15:00,26373.6,26395.3,26364.9,26375.4,1344.0
2025-09-22 19:00:00,26375.5,26383.9,26366.6,26367.4,1303.0
2025-09-22 19:45:00,26367.3,26388.9,26359.0,26361.6,1977.0
2025-09-22 20:30:00,26362.2,26373.3,26360.9,26369.8,423.0
2025-09-22 21:00:00,26373.9,26376.0,26373.3,26374.6,29.0
2025-09-22 21:45:00,26374.7,26375.1,26365.1,26366.0,657.0
2025-09-22 22:30:00,26366.6,26373.0,26362.3,26370.7,440.0
2025-09-22 23:15:00,26370.3,26375.1,26367.8,26372.6,384.0
2025-09-23 00:00:00,26372.9,26376.3,26368.3,26373.4,505.0
2025-09-23 00:45:00,26373.0,26429.4,26369.7,26411.7,2015.0
2025-09-23 01:30:00,26414.7,26434.0,26141.7,26184.8,10125.0
2025-09-23 02:15:00,26184.7,26216.7,26078.2,26191.3,9788.0
2025-09-23 03:00:00,26190.8,26231.8,26093.5,26123.6,7785.0
2025-09-23 03:45:00,26122.1,26130.9,26099.7,26102.4,1356.0
2025-09-23 04:30:00,26102.6,26119.4,26061.1,26093.1,3228.0
2025-09-23 05:15:00,26093.6,26160.7,26052.0,26094.6,8160.0
2025-09-23 06:00:00,26096.1,26134.1,26026.2,26120.6,7618.0
2025-09-23 06:45:00,26120.1,26159.3,26097.0,26125.6,5668.0
2025-09-23 07:30:00,26126.1,26178.5,26123.6,26168.8,4028.0
2025-09-23 08:15:00,26169.8,26193.7,26158.6,26172.5,1530.0
2025-09-23 09:00:00,26172.8,26212.0,26168.9,26201.3,1343.0
2025-09-23 09:45:00,26200.8,26208.3,26171.0,26171.5,1428.0
2025-09-23 10:30:00,26170.5,26195.0,26152.6,26186.0,1326.0
2025-09-23 11:15:00,26184.5,26215.7,26167.5,26211.5,1568.0
2025-09-23 12:00:00,26211.0,26221.1,26203.8,26214.0,1319.0
2025-09-23 12:45:00,26213.5,26259.3,26211.5,26228.2,1918.0
2025-09-23 13:30:00,26228.7,26308.7,26201.9,26297.0,6329.0
2025-09-23 14:15:00,26297.5,26304.3,26269.9,26281.5,4032.0
2025-09-23 15:00:00,26281.0,26295.0,26263.6,26280.0,3470.0
2025-09-23 15:45:00,26279.5,26279.5,26245.1,26248.4,2220.0
2025-09-23 16:30:00,26248.9,26256.9,26218.8,26226.4,2913.0
2025-09-23 17:15:00,26227.9,26228.4,26139.1,26168.3,3809.0
2025-09-23 18:00:00,26169.3,26189.8,26156.6,26186.8,3043.0
2025-09-23 18:45:00,26187.3,26193.3,26128.5,26141.4,2420.0
2025-09-23 19:30:00,26141.6,26155.3,26130.8,26140.8,2512.0
2025-09-23 20:15:00,26141.3,26143.0,26136.5,26140.2,684.0
2025-09-23 21:00:00,26148.1,26150.8,26144.1,26147.7,129.0
2025-09-23 21:45:00,26147.6,26153.4,26140.9,26141.7,582.0
2025-09-23 22:30:00,26142.2,26147.5,26141.2,26144.4,411.0
2025-09-23 23:15:00,26144.6,26147.6,26143.4,26144.6,442.0
2025-09-24 00:00:00,26144.0,26148.4,26131.7,26144.5,1081.0
2025-09-24 00:45:00,26145.3,26172.2,26057.5,26085.5,2297.0
2025-09-24 01:30:00,26087.5,26274.5,26063.2,26198.2,9846.0
2025-09-24 02:15:00,26198.7,26341.3,26185.0,26340.8,8946.0
2025-09-24 03:00:00,26341.3,26410.6,26310.8,26376.8,8316.0
2025-09-24 03:45:00,26377.3,26413.1,26376.8,26390.6,1915.0
2025-09-24 04:30:00,26390.3,26431.6,26362.0,26390.7,3342.0
2025-09-24 05:15:00,26390.2,26482.3,26355.0,26482.3,8094.0
2025-09-24 06:00:00,26483.3,26515.7,26420.1,26460.5,6809.0
2025-09-24 06:45:00,26461.5,26564.9,26460.0,26500.1,6345.0
2025-09-24 07:30:00,26500.6,26568.8,26489.3,26493.6,4142.0
2025-09-24 08:15:00,26492.1,26500.1,26459.2,26470.8,1764.0
2025-09-24 09:00:00,26471.2,26490.1,26445.7,26455.8,1690.0
2025-09-24 09:45:00,26456.3,26468.4,26419.5,26428.9,1450.0
2025-09-24 10:30:00,26428.4,26442.3,26408.8,26418.3,1403.0
2025-09-24 11:15:00,26418.8,26427.8,26398.6,26413.5,1540.0
2025-09-24 12:00:00,26414.0,26422.0,26397.1,26409.7,1652.0
2025-09-24 12:45:00,26409.2,26421.6,26375.4,26385.7,2310.0
2025-09-24 13:30:00,26385.2,26433.8,26361.6,26419.9,7909.0
2025-09-24 14:15:00,26418.9,26486.8,26411.0,26441.8,6379.0
2025-09-24 15:00:00,26442.8,26502.1,26424.3,26434.0,4884.0
2025-09-24 15:45:00,26433.5,26443.4,26367.6,26407.4,4606.0
2025-09-24 16:30:00,26406.9,26416.8,26380.1,26402.2,3255.0
2025-09-24 17:15:00,26401.7,26404.1,26374.4,26382.9,2507.0
2025-09-24 18:00:00,26382.4,26394.2,26370.7,26382.6,2181.0
2025-09-24 18:45:00,26382.1,26383.6,26357.1,26366.6,1692.0
2025-09-24 19:30:00,26366.5,26385.3,26349.2,26384.5,2390.0
2025-09-24 20:15:00,26385.1,26386.4,26378.2,26381.8,568.0
2025-09-24 21:00:00,26384.5,26384.9,26380.1,26383.2,98.0
2025-09-24 21:45:00,26382.9,26388.1,26378.3,26380.9,592.0
2025-09-24 22:30:00,26381.2,26387.0,26381.0,26381.0,315.0
2025-09-24 23:15:00,26381.4,26388.8,26379.6,26388.1,368.0
2025-09-25 00:00:00,26388.4,26402.3,26385.7,26396.9,975.0
2025-09-25 00:45:00,26397.2,26466.9,26369.4,26442.1,2051.0
2025-09-25 01:30:00,26442.6,26546.4,26416.1,26495.8,9979.0
2025-09-25 02:15:00,26495.3,26564.7,26463.5,26526.4,8793.0
2025-09-25 03:00:00,26525.4,26642.5,26520.3,26640.9,6979.0
2025-09-25 03:45:00,26641.5,26642.1,26613.8,26616.4,1512.0
2025-09-25 04:30:00,26615.5,26636.0,26516.8,26521.3,3253.0
2025-09-25 05:15:00,26520.8,26589.7,26460.7,26588.5,8054.0
2025-09-25 06:00:00,26590.0,26611.7,26531.2,26542.1,7493.0
2025-09-25 06:45:00,26541.1,26549.9,26414.9,26437.0,6015.0
2025-09-25 07:30:00,26436.5,26506.5,26431.0,26500.4,4258.0
2025-09-25 08:15:00,26499.4,26527.2,26488.7,26495.7,1558.0
2025-09-25 09:00:00,26495.9,26534.9,26485.2,26491.9,1504.0
2025-09-25 09:45:00,26491.4,26513.4,26470.0,26495.2,2001.0
2025-09-25 10:30:00,26493.7,26511.4,26487.6,26489.6,1565.0
2025-09-25 11:15:00,26489.1,26502.8,26444.0,26444.1,2357.0
2025-09-25 12:00:00,26443.1,26457.0,26378.5,26391.5,3497.0
2025-09-25 12:45:00,26390.0,26393.6,26336.9,26379.8,3744.0
2025-09-25 13:30:00,26378.8,26409.8,26304.1,26397.5,8317.0
2025-09-25 14:15:00,26398.0,26420.0,26368.4,26395.6,6024.0
2025-09-25 15:00:00,26395.1,26447.2,26373.3,26437.0,4468.0
2025-09-25 15:45:00,26437.5,26447.2,26407.3,26408.3,3412.0
2025-09-25 16:30:00,26408.8,26417.1,26385.1,26389.2,3066.0
2025-09-25 17:15:00,26388.7,26391.9,26325.6,26333.9,3494.0
2025-09-25 18:00:00,26333.4,26363.8,26297.3,26352.7,3882.0
2025-09-25 18:45:00,26353.2,26366.1,26341.5,26365.9,2541.0
2025-09-25 19:30:00,26365.8,26380.1,26359.7,26366.8,2840.0
2025-09-25 20:15:00,26366.2,26379.6,26357.8,26369.0,894.0
2025-09-25 21:00:00,26364.9,26366.6,26362.2,26364.6,92.0
2025-09-25 21:45:00,26366.6,26379.5,26361.0,26377.4,819.0
2025-09-25 22:30:00,26377.7,26381.7,26358.1,26364.0,957.0
2025-09-25 23:15:00,26364.3,26377.2,26363.7,26369.0,773.0
2025-09-26 00:00:00,26369.6,26389.9,26365.9,26383.9,1079.0
2025-09-26 00:45:00,26384.1,26396.3,26189.0,26193.5,2666.0
2025-09-26 01:30:00,26194.0,26362.5,26184.3,26234.0,9925.0
2025-09-26 02:15:00,26233.5,26339.1,26205.9,26326.2,8043.0
2025-09-26 03:00:00,26324.7,26384.6,26262.9,26343.4,5930.0
2025-09-26 03:45:00,26343.9,26350.8,26302.6,26312.5,1712.0
2025-09-26 04:30:00,26311.9,26340.7,26288.2,26336.1,2993.0
2025-09-26 05:15:00,26335.6,26416.0,26332.9,26341.4,6770.0
2025-09-26 06:00:00,26340.9,26415.2,26323.2,26377.9,5895.0
2025-09-26 06:45:00,26374.8,26380.8,26085.6,26157.6,7587.0
2025-09-26 07:30:00,26157.1,26187.4,26097.0,26110.0,5488.0
2025-09-26 08:15:00,26109.5,26131.2,26088.9,26091.2,2538.0
2025-09-26 09:00:00,26090.9,26136.0,26081.6,26136.0,2327.0
2025-09-26 09:45:00,26135.5,26138.6,26094.3,26095.4,1204.0
2025-09-26 10:30:00,26094.9,26145.7,26079.6,26134.3,1384.0
2025-09-26 11:15:00,26135.8,26144.2,26096.8,26131.8,1223.0
2025-09-26 12:00:00,26131.3,26192.2,26125.3,26184.7,2032.0
2025-09-26 12:45:00,26184.8,26186.8,26157.0,26166.7,1774.0
2025-09-26 13:30:00,26166.2,26236.0,26137.5,26184.5,6053.0
2025-09-26 14:15:00,26184.5,26199.4,26112.3,26194.9,4285.0
2025-09-26 15:00:00,26193.9,26246.8,26190.8,26219.1,2430.0
2025-09-26 15:45:00,26220.1,26278.1,26215.6,26272.7,2506.0
2025-09-26 16:30:00,26272.2,26276.8,26250.8,26269.1,1889.0
2025-09-26 17:15:00,26267.6,26296.0,26259.2,26282.7,1072.0
2025-09-26 18:00:00,26282.2,26287.5,26257.1,26280.5,972.0
2025-09-26 18:45:00,26281.0,26288.1,26267.3,26270.1,1233.0
2025-09-26 19:30:00,26269.9,26270.0,26246.5,26266.5,2300.0
2025-09-26 20:15:00,26266.3,26268.7,26253.4,26256.1,823.0
2025-09-28 22:00:00,26261.9,26286.8,26260.8,26282.8,1201.0
2025-09-28 22:45:00,26282.2,26296.6,26280.7,26291.4,700.0
2025-09-28 23:30:00,26290.9,26297.8,26284.8,26293.6,1081.0
2025-09-29 00:15:00,26293.3,26300.7,26289.0,26290.4,773.0
2025-09-29 01:00:00,26290.7,26478.1,26267.1,26443.3,6345.0
2025-09-29 01:45:00,26442.3,26518.0,26358.7,26506.1,9810.0
2025-09-29 02:30:00,26507.6,26563.6,26456.4,26485.1,8373.0
2025-09-29 03:15:00,26483.1,26509.9,26450.0,26478.2,5820.0
2025-09-29 04:00:00,26470.6,26486.1,26468.7,26475.0,603.0
2025-09-29 04:45:00,26474.9,26526.6,26467.5,26520.7,5514.0
2025-09-29 05:30:00,26521.2,26696.1,26518.7,26615.1,8995.0
2025-09-29 06:15:00,26613.6,26682.4,26602.9,26663.7,7457.0
2025-09-29 07:00:00,26662.7,26664.2,26601.1,26646.2,5207.0
2025-09-29 07:45:00,26644.7,26666.6,26608.8,26657.8,4302.0
2025-09-29 08:30:00,26647.6,26649.2,26624.3,26641.3,1195.0
2025-09-29 09:15:00,26659.2,26673.1,26590.4,26602.1,1913.0
2025-09-29 10:00:00,26601.1,26633.0,26591.4,26607.6,1398.0
2025-09-29 10:45:00,26607.1,26646.7,26601.1,26620.1,1532.0
2025-09-29 11:30:00,26619.6,26671.8,26619.4,26659.8,1424.0
2025-09-29 12:15:00,26660.3,26701.7,26651.8,26698.6,1762.0
2025-09-29 13:00:00,26698.1,26765.3,26678.5,26737.3,4213.0
2025-09-29 13:45:00,26736.3,26748.6,26629.6,26694.6,5356.0
2025-09-29 14:30:00,26694.8,26731.9,26671.9,26682.0,3840.0
2025-09-29 15:15:00,26681.5,26702.0,26662.0,26673.9,3324.0
2025-09-29 16:00:00,26674.4,26709.5,26665.4,26677.8,2167.0
2025-09-29 16:45:00,26677.3,26698.1,26652.2,26661.3,1916.0
2025-09-29 17:30:00,26661.8,26684.4,26657.4,26676.2,1565.0
2025-09-29 18:15:00,26675.2,26722.0,26674.2,26704.1,1449.0
2025-09-29 19:00:00,26691.4,26695.0,26669.0,26678.9,2201.0
2025-09-29 19:45:00,26679.1,26707.5,26676.7,26701.5,1769.0
2025-09-29 20:30:00,26700.9,26701.5,26686.4,26698.5,371.0
2025-09-29 21:00:00,26697.4,26708.3,26696.2,26707.4,69.0
2025-09-29 21:45:00,26707.5,26714.1,26704.5,26706.8,531.0
2025-09-29 22:30:00,26706.5,26720.3,26706.0,26717.8,452.0
2025-09-29 23:15:00,26717.5,26730.8,26709.1,26710.5,485.0
2025-09-30 00:00:00,26709.9,26714.8,26698.0,26713.3,1215.0
2025-09-30 00:45:00,26713.5,26718.1,26635.9,26691.5,2874.0
2025-09-30 01:30:00,26694.0,26838.1,26694.0,26716.8,10481.0
2025-09-30 02:15:00,26715.8,26718.8,26577.4,26592.2,9176.0
2025-09-30 03:00:00,26591.7,26641.7,26564.3,26597.2,7088.0
2025-09-30 03:45:00,26597.7,26616.1,26573.4,26575.2,1581.0
2025-09-30 04:30:00,26575.1,26639.7,26569.4,26638.8,3255.0
2025-09-30 05:15:00,26638.2,26676.6,26616.5,26662.3,7632.0
2025-09-30 06:00:00,26662.8,26791.8,26658.8,26788.7,6380.0
2025-09-30 06:45:00,26789.2,26880.7,26767.4,26879.1,6158.0
2025-09-30 07:30:00,26879.6,26897.6,26824.8,26868.8,5511.0
2025-09-30 08:15:00,26868.3,26882.0,26851.8,26852.9,2084.0
2025-09-30 09:00:00,26852.3,26887.3,26845.6,26860.0,1625.0
2025-09-30 09:45:00,26859.5,26894.3,26857.1,26876.9,1540.0
2025-09-30 10:30:00,26877.4,26900.5,26863.9,26892.4,1204.0
2025-09-30 11:15:00,26891.9,26918.5,26880.9,26913.7,1150.0
2025-09-30 12:00:00,26914.2,26929.6,26898.6,26909.0,1705.0
2025-09-30 12:45:00,26908.5,26923.1,26895.3,26900.3,2109.0
2025-09-30 13:30:00,26898.3,26935.9,26859.7,26878.7,6420.0
2025-09-30 14:15:00,26869.8,26888.4,26799.6,26800.9,3858.0
2025-09-30 15:00:00,26799.9,26827.0,26772.9,26781.3,4752.0
2025-09-30 15:45:00,26781.8,26798.1,26769.7,26782.9,3324.0
2025-09-30 16:30:00,26782.4,26814.1,26777.8,26792.7,2497.0
2025-09-30 17:15:00,26792.2,26801.9,26780.0,26789.0,2054.0
2025-09-30 18:00:00,26788.0,26808.1,26778.6,26796.2,1955.0
2025-09-30 18:45:00,26796.7,26818.0,26777.6,26817.8,1996.0
2025-09-30 19:30:00,26818.0,26844.7,26797.6,26800.7,3229.0
2025-09-30 20:15:00,26801.9,26806.9,26790.7,26796.5,1026.0
2025-09-30 21:00:00,26797.9,26803.7,26797.9,26800.5,103.0
2025-09-30 21:45:00,26800.4,26819.8,26800.3,26818.1,789.0
2025-09-30 22:30:00,26818.3,26821.8,26798.3,26806.2,1165.0
2025-09-30 23:15:00,26805.9,26813.3,26803.1,26805.1,608.0
2025-10-01 00:00:00,26805.7,26809.1,26787.1,26801.5,1567.0
2025-10-01 00:45:00,26801.2,26832.6,26798.3,26831.3,1066.0
2025-10-01 01:30:00,26831.5,26835.4,26822.9,26824.0,872.0
2025-10-01 02:15:00,26823.7,26836.2,26820.8,26830.1,670.0
2025-10-01 03:00:00,26830.0,26830.3,26816.4,26817.9,643.0
2025-10-01 03:45:00,26817.7,26826.3,26809.3,26817.4,536.0
2025-10-01 04:30:00,26817.3,26818.7,26813.2,26814.3,502.0
2025-10-01 05:15:00,26814.4,26814.4,26805.0,26805.7,709.0
2025-10-01 06:00:00,26805.4,26818.4,26799.5,26799.5,1119.0
2025-10-01 06:45:00,26799.6,26799.6,26757.8,26778.4,4028.0
2025-10-01 07:30:00,26778.6,26783.8,26770.3,26779.4,2680.0
2025-10-01 08:15:00,26779.5,26809.6,26775.6,26808.0,2286.0
2025-10-01 09:00:00,26807.8,26827.8,26806.2,26826.7,1889.0
2025-10-01 09:45:00,26826.5,26837.3,26824.6,26827.8,1184.0
2025-10-01 10:30:00,26828.0,26842.0,26822.5,26841.8,1680.0
2025-10-01 11:15:00,26841.7,26872.6,26840.2,26871.1,1779.0
2025-10-01 12:00:00,26870.6,26873.2,26845.5,26867.0,3332.0
2025-10-01 12:45:00,26867.1,26873.9,26841.4,26845.0,1972.0
2025-10-01 13:30:00,26846.5,26885.8,26820.6,26861.0,5330.0
2025-10-01 14:15:00,26861.2,26912.2,26851.1,26869.2,3058.0
2025-10-01 15:00:00,26869.1,26926.3,26853.0,26915.8,2301.0
2025-10-01 15:45:00,26916.2,26928.5,26906.6,26928.2,1490.0
2025-10-01 16:30:00,26928.1,26935.5,26916.7,26928.9,1468.0
2025-10-01 17:15:00,26928.8,26941.3,26913.3,26923.0,1308.0
2025-10-01 18:00:00,26923.1,26994.7,26915.7,26986.9,1721.0
2025-10-01 18:45:00,26986.8,26996.3,26971.0,26980.6,1285.0
2025-10-01 19:30:00,26980.5,26988.4,26945.5,26945.7,2229.0
2025-10-01 20:15:00,26945.4,26951.3,26944.7,26948.3,757.0
2025-10-01 21:00:00,26948.8,26968.4,26944.2,26964.2,54.0
2025-10-01 21:45:00,26964.0,26993.3,26960.6,26972.2,546.0
2025-10-01 22:30:00,26972.3,26974.7,26968.9,26970.9,486.0
2025-10-01 23:15:00,26970.8,26980.1,26965.6,26977.6,614.0
2025-10-02 00:00:00,26978.1,26989.0,26971.0,26976.5,1022.0
2025-10-02 00:45:00,26976.2,26976.7,26851.0,26916.9,2374.0
2025-10-02 01:30:00,26917.4,27265.6,26914.9,27251.2,9584.0
2025-10-02 02:15:00,27251.7,27337.4,27221.6,27267.3,7507.0
2025-10-02 03:00:00,27268.3,27277.4,27123.3,27222.6,7092.0
2025-10-02 03:45:00,27224.1,27277.3,27224.1,27251.8,2184.0
2025-10-02 04:30:00,27252.0,27363.3,27246.5,27309.4,2947.0
2025-10-02 05:15:00,27308.9,27342.1,27278.3,27333.4,5625.0
2025-10-02 06:00:00,27334.9,27382.1,27319.2,27374.4,5315.0
2025-10-02 06:45:00,27373.4,27400.3,27299.8,27332.2,5872.0
2025-10-02 07:30:00,27331.7,27360.3,27291.1,27303.4,4821.0
2025-10-02 08:15:00,27304.2,27356.2,27301.7,27342.0,2271.0
2025-10-02 09:00:00,27341.1,27355.0,27317.1,27336.7,1648.0
2025-10-02 09:45:00,27337.2,27340.2,27313.1,27337.6,1747.0
2025-10-02 10:30:00,27338.1,27359.2,27320.9,27334.7,1682.0
2025-10-02 11:15:00,27335.2,27366.8,27326.4,27349.0,1666.0
2025-10-02 12:00:00,27348.5,27357.5,27300.0,27303.5,2169.0
2025-10-02 12:45:00,27303.8,27325.0,27291.7,27321.4,2329.0
2025-10-02 13:30:00,27320.9,27361.9,27258.3,27311.4,7903.0
2025-10-02 14:15:00,27311.9,27312.9,27212.3,27221.2,5920.0
2025-10-02 15:00:00,27220.7,27261.4,27196.4,27260.5,5453.0
2025-10-02 15:45:00,27260.0,27268.0,27243.4,27252.0,3267.0
2025-10-02 16:30:00,27252.5,27264.1,27222.2,27253.4,2702.0
2025-10-02 17:15:00,27252.6,27262.0,27223.8,27251.9,2637.0
2025-10-02 18:00:00,27251.4,27271.9,27250.4,27265.9,1978.0
2025-10-02 18:45:00,27265.4,27265.9,27224.9,27242.6,1434.0
2025-10-02 19:30:00,27242.5,27244.4,27189.0,27224.9,1962.0
2025-10-02 20:15:00,27225.5,27226.9,27218.6,27224.0,590.0
2025-10-02 21:00:00,27230.8,27234.4,27230.2,27233.5,65.0
2025-10-02 21:45:00,27233.6,27237.1,27227.0,27227.0,345.0
2025-10-02 22:30:00,27227.2,27240.4,27218.2,27240.4,672.0
2025-10-02 23:15:00,27240.7,27245.4,27237.1,27245.4,412.0
2025-10-03 00:00:00,27244.2,27266.5,27238.9,27262.0,822.0
2025-10-03 00:45:00,27261.9,27273.9,27184.9,27219.0,2339.0
2025-10-03 01:30:00,27220.5,27261.6,27082.8,27110.7,8952.0
2025-10-03 02:15:00,27111.2,27145.6,27051.3,27075.5,5558.0
2025-10-03 03:00:00,27077.5,27087.8,27023.3,27032.9,4385.0
2025-10-03 03:45:00,27033.4,27055.5,27022.9,27046.2,1172.0
2025-10-03 04:30:00,27046.5,27060.3,26996.7,27032.0,2044.0
2025-10-03 05:15:00,27032.5,27101.0,26965.3,26995.6,5163.0
2025-10-03 06:00:00,26995.1,27059.1,26965.9,27022.7,4176.0
2025-10-03 06:45:00,27022.2,27105.2,27014.5,27090.5,3935.0
2025-10-03 07:30:00,27090.0,27157.7,27078.5,27143.3,3673.0
2025-10-03 08:15:00,27144.8,27157.2,27121.2,27125.4,1431.0
2025-10-03 09:00:00,27125.5,27155.1,27118.4,27127.9,1285.0
2025-10-03 09:45:00,27128.4,27158.9,27124.6,27149.5,1027.0
2025-10-03 10:30:00,27149.0,27181.3,27144.2,27160.8,1090.0
2025-10-03 11:15:00,27160.3,27162.8,27117.5,27122.0,1456.0
2025-10-03 12:00:00,27123.0,27135.9,27101.7,27109.8,1697.0
2025-10-03 12:45:00,27110.3,27151.9,27102.5,27150.2,1898.0
2025-10-03 13:30:00,27149.7,27174.4,27089.9,27109.6,6385.0
2025-10-03 14:15:00,27108.1,27140.9,27093.0,27116.2,4935.0
2025-10-03 15:00:00,27117.2,27157.8,27100.8,27150.3,3538.0
2025-10-03 15:45:00,27150.8,27191.6,27139.9,27182.2,2276.0
2025-10-03 16:30:00,27181.7,27201.9,27141.4,27175.1,2844.0
2025-10-03 17:15:00,27174.6,27175.1,27051.3,27067.8,4264.0
2025-10-03 18:00:00,27067.4,27111.9,27036.9,27110.4,4271.0
2025-10-03 18:45:00,27109.9,27120.9,27086.5,27106.5,2372.0
2025-10-03 19:30:00,27106.4,27113.4,27076.5,27079.7,2577.0
2025-10-03 20:15:00,27080.3,27085.8,27078.1,27083.6,693.0
2025-10-05 22:00:00,27107.5,27122.5,27102.5,27120.1,1613.0
2025-10-05 22:45:00,27120.4,27135.1,27120.1,27135.1,980.0
2025-10-05 23:30:00,27135.7,27147.1,27131.6,27142.9,1855.0
2025-10-06 00:15:00,27143.3,27149.6,27103.8,27103.8,1105.0
2025-10-06 01:00:00,27103.9,27157.3,26944.8,27039.1,6318.0
2025-10-06 01:45:00,27038.1,27088.0,26960.5,26989.3,9038.0
2025-10-06 02:30:00,26989.8,26994.3,26910.5,26920.7,5821.0
2025-10-06 03:15:00,26920.2,26984.6,26886.9,26969.2,4285.0
2025-10-06 04:00:00,26957.7,26966.7,26946.5,26965.9,861.0
2025-10-06 04:45:00,26965.8,26988.3,26868.0,26945.6,4060.0
2025-10-06 05:30:00,26945.1,27009.8,26931.4,26982.7,4334.0
2025-10-06 06:15:00,26983.2,26997.6,26962.3,26977.1,3451.0
2025-10-06 07:00:00,26975.6,26984.4,26931.5,26956.0,4505.0
2025-10-06 07:45:00,26956.5,26963.9,26919.1,26958.9,4018.0
2025-10-06 08:30:00,26938.8,26951.1,26937.3,26951.0,1130.0
2025-10-06 09:15:00,26961.9,26983.5,26950.5,26966.4,1613.0
2025-10-06 10:00:00,26966.9,26968.3,26946.1,26959.4,1127.0
2025-10-06 10:45:00,26958.9,26974.7,26945.1,26966.3,1871.0
2025-10-06 11:30:00,26966.8,26982.8,26946.2,26971.0,1629.0
2025-10-06 12:15:00,26971.5,26984.0,26948.8,26976.0,1646.0
2025-10-06 13:00:00,26976.5,27062.7,26969.8,27057.6,3609.0
2025-10-06 13:45:00,27056.6,27076.1,27018.2,27066.5,5111.0
2025-10-06 14:30:00,27066.0,27141.6,27054.4,27112.7,4036.0
2025-10-06 15:15:00,27113.2,27150.3,27108.7,27136.1,2866.0
2025-10-06 16:00:00,27136.5,27139.7,27084.2,27084.7,2247.0
2025-10-06 16:45:00,27083.7,27129.8,27082.9,27124.1,2074.0
2025-10-06 17:30:00,27124.6,27132.5,27111.1,27116.9,1630.0
2025-10-06 18:15:00,27116.4,27139.7,27115.4,27139.2,1477.0
2025-10-06 19:00:00,27122.1,27124.4,27113.8,27118.5,1209.0
2025-10-06 19:45:00,27118.6,27119.2,27081.1,27087.4,1632.0
2025-10-06 20:30:00,27086.8,27091.7,27085.8,27089.2,410.0
2025-10-06 21:00:00,27088.3,27092.9,27085.8,27091.1,62.0
2025-10-06 21:45:00,27091.6,27097.0,27089.8,27091.4,482.0
2025-10-06 22:30:00,27091.3,27091.8,27058.0,27080.5,1245.0
2025-10-06 23:15:00,27079.9,27088.1,27076.8,27077.9,821.0
2025-10-07 00:00:00,27077.5,27085.1,27070.7,27080.1,1156.0
2025-10-07 00:45:00,27080.7,27085.8,27075.8,27083.9,877.0
2025-10-07 01:30:00,27083.3,27090.1,27080.6,27090.1,498.0
2025-10-07 02:15:00,27090.2,27107.3,27081.9,27106.3,379.0
2025-10-07 03:00:00,27105.9,27111.6,27102.4,27109.9,347.0
2025-10-07 03:45:00,27110.5,27118.5,27108.7,27118.5,382.0
2025-10-07 04:30:00,27118.2,27120.8,27110.9,27115.3,371.0
2025-10-07 05:15:00,27115.0,27123.4,27112.7,27115.8,526.0
2025-10-07 06:00:00,27115.2,27121.3,27099.8,27106.7,1159.0
2025-10-07 06:45:00,27106.4,27113.9,27096.8,27109.9,1611.0
2025-10-07 07:30:00,27109.3,27112.3,27097.9,27103.3,1433.0
2025-10-07 08:15:00,27103.6,27118.8,27091.0,27117.8,1193.0
2025-10-07 09:00:00,27118.1,27126.5,27115.0,27123.2,814.0
2025-10-07 09:45:00,27122.9,27129.7,27119.9,27126.6,789.0
2025-10-07 10:30:00,27126.7,27134.5,27122.6,27125.8,818.0
2025-10-07 11:15:00,27125.2,27137.3,27121.2,27137.3,599.0
2025-10-07 12:00:00,27136.1,27141.6,27130.3,27135.1,957.0
2025-10-07 12:45:00,27135.0,27150.2,27121.3,27124.2,1922.0
2025-10-07 13:30:00,27123.6,27126.6,27049.9,27062.9,3632.0
2025-10-07 14:15:00,27064.8,27077.9,27015.1,27036.3,2795.0
2025-10-07 15:00:00,27036.2,27046.1,26917.4,26946.9,5353.0
2025-10-07 15:45:00,26946.7,26974.5,26888.3,26930.3,4316.0
2025-10-07 16:30:00,26930.1,26974.4,26922.0,26958.8,3301.0
2025-10-07 17:15:00,26958.9,26964.1,26934.3,26934.6,2632.0
2025-10-07 18:00:00,26934.7,26947.0,26916.5,26940.4,2400.0
2025-10-07 18:45:00,26940.5,26952.8,26914.6,26914.7,1666.0
2025-10-07 19:30:00,26914.6,26949.9,26914.5,26944.0,2130.0
2025-10-07 20:15:00,26944.1,26948.2,26911.3,26913.8,566.0
2025-10-07 21:00:00,26909.3,26915.4,26909.1,26914.9,38.0
2025-10-07 21:45:00,26915.1,26943.7,26912.8,26943.7,605.0
2025-10-07 22:30:00,26943.6,26950.4,26933.6,26934.5,822.0
2025-10-07 23:15:00,26934.9,26935.7,26914.2,26920.2,848.0
2025-10-08 00:00:00,26920.8,26948.6,26913.8,26942.6,990.0
2025-10-08 00:45:00,26942.9,26983.9,26798.1,26868.9,3607.0
2025-10-08 01:30:00,26868.4,26890.3,26503.3,26638.7,10479.0
2025-10-08 02:15:00,26639.2,26773.8,26636.7,26708.1,8212.0
2025-10-08 03:00:00,26707.6,26725.8,26617.1,26664.2,5446.0
2025-10-08 03:45:00,26662.7,26676.7,26646.4,26649.7,1358.0
2025-10-08 04:30:00,26649.9,26678.9,26625.1,26656.1,2392.0
2025-10-08 05:15:00,26655.6,26751.8,26650.0,26729.2,5479.0
2025-10-08 06:00:00,26730.7,26768.8,26678.6,26702.0,4640.0
2025-10-08 06:45:00,26700.5,26765.7,26642.5,26750.1,4742.0
2025-10-08 07:30:00,26749.6,26838.1,26747.6,26816.6,4181.0
2025-10-08 08:15:00,26817.1,26829.6,26797.1,26810.7,1665.0
2025-10-08 09:00:00,26811.0,26816.9,26783.3,26808.9,1693.0
2025-10-08 09:45:00,26809.4,26840.6,26795.2,26835.9,1647.0
2025-10-08 10:30:00,26836.9,26850.7,26830.3,26830.7,1541.0
2025-10-08 11:15:00,26831.2,26832.2,26813.2,26815.4,1458.0
2025-10-08 12:00:00,26814.9,26843.9,26814.9,26842.9,1533.0
2025-10-08 12:45:00,26842.4,26852.6,26807.8,26811.3,1630.0
2025-10-08 13:30:00,26811.8,26831.1,26709.9,26763.8,6514.0
2025-10-08 14:15:00,26764.3,26793.0,26736.9,26778.2,3695.0
2025-10-08 15:00:00,26777.7,26792.4,26759.4,26775.5,3071.0
2025-10-08 15:45:00,26775.4,26791.4,26761.7,26780.9,2288.0
2025-10-08 16:30:00,26780.4,26846.6,26775.7,26832.3,2041.0
2025-10-08 17:15:00,26831.8,26835.1,26809.5,26826.3,1757.0
2025-10-08 18:00:00,26826.8,26842.7,26808.5,26836.2,2507.0
2025-10-08 18:45:00,26836.7,26862.7,26813.4,26860.8,1709.0
2025-10-08 19:30:00,26860.9,26870.3,26853.3,26870.1,1863.0
2025-10-08 20:15:00,26869.5,26881.3,26867.6,26871.0,1071.0
2025-10-08 21:00:00,26872.6,26873.8,26869.4,26871.7,112.0
2025-10-08 21:45:00,26871.8,26880.5,26870.7,26877.9,612.0
2025-10-08 22:30:00,26876.8,26883.1,26873.2,26883.1,486.0
2025-10-08 23:15:00,26882.8,26891.6,26877.3,26880.1,882.0
2025-10-09 00:00:00,26879.5,26880.0,26865.5,26877.3,634.0
2025-10-09 00:45:00,26877.0,26921.6,26817.6,26838.9,1776.0
2025-10-09 01:30:00,26839.9,26851.5,26471.3,26701.6,10838.0
2025-10-09 02:15:00,26703.6,26847.1,26690.6,26763.9,9970.0
2025-10-09 03:00:00,26765.4,26839.0,26762.0,26813.5,8307.0
2025-10-09 03:45:00,26813.0,26840.6,26799.6,26828.2,1618.0
2025-10-09 04:30:00,26827.6,26959.1,26825.9,26908.1,3347.0
2025-10-09 05:15:00,26911.1,26983.2,26770.8,26885.0,9125.0
2025-10-09 06:00:00,26884.6,26900.0,26715.3,26739.7,9063.0
2025-10-09 06:45:00,26739.2,26843.3,26698.8,26791.7,7427.0
2025-10-09 07:30:00,26790.2,26790.2,26710.9,26739.6,5564.0
2025-10-09 08:15:00,26740.6,26750.1,26716.2,26724.4,1806.0
2025-10-09 09:00:00,26723.8,26763.3,26719.6,26753.8,1427.0
2025-10-09 09:45:00,26754.3,26778.6,26745.8,26763.0,1094.0
2025-10-09 10:30:00,26763.5,26771.6,26744.6,26748.2,1215.0
2025-10-09 11:15:00,26747.7,26795.7,26743.2,26774.3,1277.0
2025-10-09 12:00:00,26774.8,26793.9,26755.6,26785.3,1675.0
2025-10-09 12:45:00,26784.8,26798.7,26763.9,26768.6,2380.0
2025-10-09 13:30:00,26769.1,26774.5,26563.5,26591.7,7785.0
2025-10-09 14:15:00,26592.2,26597.3,26479.9,26518.2,6315.0
2025-10-09 15:00:00,26518.7,26538.8,26438.9,26453.5,5218.0
2025-10-09 15:45:00,26454.5,26505.7,26437.9,26462.3,3827.0
2025-10-09 16:30:00,26461.8,26461.8,26348.5,26374.9,4244.0
2025-10-09 17:15:00,26375.4,26397.6,26359.0,26377.4,3741.0
2025-10-09 18:00:00,26376.4,26378.3,26320.0,26338.6,2749.0
2025-10-09 18:45:00,26339.1,26359.9,26310.6,26329.0,2133.0
2025-10-09 19:30:00,26329.1,26364.9,26328.8,26355.5,2087.0
2025-10-09 20:15:00,26356.1,26359.5,26348.0,26359.1,615.0
2025-10-09 21:00:00,26360.8,26364.0,26359.1,26364.0,67.0
2025-10-09 21:45:00,26363.9,26370.6,26322.8,26330.4,679.0
2025-10-09 22:30:00,26330.7,26352.2,26330.4,26350.3,748.0
2025-10-09 23:15:00,26350.0,26368.3,26350.0,26368.3,501.0
2025-10-10 00:00:00,26367.7,26375.8,26359.9,26363.4,833.0
2025-10-10 00:45:00,26363.1,26477.7,26362.8,26458.4,3141.0
2025-10-10 01:30:00,26457.9,26530.1,26348.0,26481.4,10683.0
2025-10-10 02:15:00,26479.4,26552.9,26427.8,26464.1,9382.0
2025-10-10 03:00:00,26463.6,26495.4,26412.3,26432.3,7592.0
2025-10-10 03:45:00,26431.8,26459.1,26426.4,26430.6,1601.0
2025-10-10 04:30:00,26431.2,26467.3,26418.4,26429.1,3267.0
2025-10-10 05:15:00,26430.6,26430.6,26325.1,26409.0,8286.0
2025-10-10 06:00:00,26409.5,26418.4,26280.4,26294.7,8234.0
2025-10-10 06:45:00,26295.7,26356.5,26250.3,26283.2,6683.0
2025-10-10 07:30:00,26283.7,26308.8,26256.2,26272.6,4681.0
2025-10-10 08:15:00,26273.1,26288.6,26217.0,26243.0,1636.0
2025-10-10 09:00:00,26243.5,26244.3,26177.4,26207.2,2600.0
2025-10-10 09:45:00,26206.7,26236.5,26156.8,26226.8,2351.0
2025-10-10 10:30:00,26227.3,26280.6,26213.3,26276.1,1535.0
2025-10-10 11:15:00,26276.6,26278.1,26250.5,26264.5,1481.0
2025-10-10 12:00:00,26265.0,26309.4,26257.1,26261.4,1911.0
2025-10-10 12:45:00,26260.9,26287.2,26258.7,26277.1,2016.0
2025-10-10 13:30:00,26277.6,26378.1,26277.6,26370.6,6425.0
2025-10-10 14:15:00,26370.1,26410.9,26138.3,26157.7,4977.0
2025-10-10 15:00:00,26159.1,26165.6,25284.0,25604.6,10275.0
2025-10-10 15:45:00,25605.6,25635.7,25340.7,25369.2,10264.0
2025-10-10 16:30:00,25369.7,25413.2,25076.3,25146.4,8908.0
2025-10-10 17:15:00,25146.9,25221.7,25105.8,25158.7,8556.0
2025-10-10 18:00:00,25160.7,25164.2,25090.1,25090.2,6661.0
2025-10-10 18:45:00,25090.7,25115.6,24895.2,24918.1,6051.0
2025-10-10 19:30:00,24918.3,25093.6,24886.7,24978.1,6993.0
2025-10-10 20:15:00,24977.5,24982.5,24798.9,24806.7,3759.0
2025-10-12 22:00:00,25261.6,25325.7,25246.6,25308.6,3525.0
2025-10-12 22:45:00,25308.7,25531.2,25272.2,25528.6,4228.0
2025-10-12 23:30:00,25529.2,25576.8,25408.5,25495.4,4979.0
2025-10-13 00:15:00,25496.0,25543.5,25490.3,25533.1,3876.0
2025-10-13 01:00:00,25534.4,25851.5,25434.1,25840.1,9028.0
2025-10-13 01:45:00,25837.1,25872.8,25620.9,25787.2,10998.0
2025-10-13 02:30:00,25788.7,25844.9,25643.4,25669.8,9701.0
2025-10-13 03:15:00,25670.3,25670.3,25321.0,25364.4,9613.0
2025-10-13 04:00:00,25356.6,25403.4,25356.6,25398.6,1772.0
2025-10-13 04:45:00,25399.0,25599.9,25355.9,25593.6,7242.0
2025-10-13 05:30:00,25594.1,25710.2,25536.0,25629.1,9595.0
2025-10-13 06:15:00,25629.4,25730.9,25594.5,25709.2,8876.0
2025-10-13 07:00:00,25709.7,25868.2,25624.5,25824.6,8130.0
2025-10-13 07:45:00,25825.6,25891.8,25790.1,25790.1,6760.0
2025-10-13 08:30:00,25783.9,25810.4,25748.3,25785.5,2688.0
2025-10-13 09:15:00,25791.7,25833.5,25773.1,25787.7,3207.0
2025-10-13 10:00:00,25788.2,25813.4,25777.0,25783.0,2297.0
2025-10-13 10:45:00,25782.0,25841.9,25681.4,25707.9,4911.0
2025-10-13 11:30:00,25708.4,25775.7,25680.6,25774.9,3834.0
2025-10-13 12:15:00,25774.4,25883.2,25760.2,25822.2,4012.0
2025-10-13 13:00:00,25822.7,25901.7,25694.3,25730.0,6718.0
2025-10-13 13:45:00,25729.0,25862.7,25719.5,25785.1,8522.0
2025-10-13 14:30:00,25783.1,25889.9,25772.3,25855.4,7666.0
2025-10-13 15:15:00,25855.9,25891.1,25826.2,25862.3,4970.0
2025-10-13 16:00:00,25863.3,25880.3,25788.5,25833.6,4183.0
2025-10-13 16:45:00,25833.1,25870.9,25825.5,25833.0,3158.0
2025-10-13 17:30:00,25835.5,25847.6,25810.8,25835.0,2608.0
2025-10-13 18:15:00,25834.5,25850.1,25736.9,25737.3,2771.0
2025-10-13 19:00:00,25737.6,25780.9,25726.9,25772.7,2907.0
2025-10-13 19:45:00,25773.0,25791.0,25747.5,25757.9,2465.0
2025-10-13 20:30:00,25758.0,25764.2,25739.1,25762.4,387.0
2025-10-13 21:00:00,25765.1,25772.8,25765.1,25770.9,50.0
2025-10-13 21:45:00,25770.8,25798.3,25762.6,25765.1,743.0
2025-10-13 22:30:00,25766.4,25789.7,25766.4,25768.7,1130.0
2025-10-13 23:15:00,25769.3,25787.3,25745.3,25759.9,1095.0
2025-10-14 00:00:00,25758.0,25869.3,25750.8,25808.4,2860.0
2025-10-14 00:45:00,25807.1,25953.9,25754.9,25928.9,4985.0
2025-10-14 01:30:00,25929.4,26065.6,25825.7,25881.1,10946.0
2025-10-14 02:15:00,25883.6,25987.2,25775.9,25785.8,10227.0
2025-10-14 03:00:00,25783.3,25851.7,25703.6,25777.1,9290.0
2025-10-14 03:45:00,25777.6,25819.6,25651.1,25675.5,5929.0
2025-10-14 04:30:00,25674.8,25728.8,25513.8,25611.3,6981.0
2025-10-14 05:15:00,25613.3,25704.5,25464.1,25465.0,10096.0
2025-10-14 06:00:00,25466.0,25487.4,25337.3,25365.3,9987.0
2025-10-14 06:45:00,25365.8,25453.3,25307.4,25397.8,9040.0
2025-10-14 07:30:00,25398.3,25476.8,25329.8,25462.9,7787.0
2025-10-14 08:15:00,25463.4,25507.7,25427.4,25489.4,4697.0
2025-10-14 09:00:00,25489.5,25539.5,25486.0,25517.6,3112.0
2025-10-14 09:45:00,25518.1,25529.1,25405.7,25411.4,3514.0
2025-10-14 10:30:00,25410.9,25423.3,25308.6,25417.1,5886.0
2025-10-14 11:15:00,25416.6,25484.4,25390.4,25444.9,3933.0
2025-10-14 12:00:00,25444.4,25445.1,25323.4,25373.9,3804.0
2025-10-14 12:45:00,25374.4,25404.1,25340.5,25383.6,4552.0
2025-10-14 13:30:00,25385.6,25538.9,25357.1,25532.7,9212.0
2025-10-14 14:15:00,25533.2,25619.0,25518.4,25597.2,6666.0
2025-10-14 15:00:00,25596.2,25684.5,25587.1,25648.2,6209.0
2025-10-14 15:45:00,25647.7,25733.4,25647.7,25732.9,6309.0
2025-10-14 16:30:00,25733.4,25818.3,25730.6,25769.1,5263.0
2025-10-14 17:15:00,25769.6,25794.9,25753.8,25763.1,3922.0
2025-10-14 18:00:00,25764.1,25773.7,25737.1,25741.7,3698.0
2025-10-14 18:45:00,25741.2,25754.5,25705.2,25708.5,2469.0
2025-10-14 19:30:00,25708.5,25711.6,25571.6,25604.5,6850.0
2025-10-14 20:15:00,25603.2,25631.8,25563.7,25620.5,1326.0
2025-10-14 21:00:00,25617.4,25626.3,25614.3,25622.1,83.0
2025-10-14 21:45:00,25622.2,25685.6,25620.7,25646.6,1819.0
2025-10-14 22:30:00,25647.2,25686.2,25630.2,25683.5,1504.0
2025-10-14 23:15:00,25684.2,25700.2,25647.7,25647.7,1493.0
2025-10-15 00:00:00,25647.9,25694.3,25630.9,25694.3,3184.0
2025-10-15 00:45:00,25695.5,25798.3,25690.5,25769.6,4489.0
2025-10-15 01:30:00,25768.6,25878.7,25596.9,25849.5,10833.0
2025-10-15 02:15:00,25849.0,25879.7,25658.3,25676.2,9707.0
2025-10-15 03:00:00,25675.4,25796.3,25659.5,25757.5,8252.0
2025-10-15 03:45:00,25757.0,25783.4,25729.4,25776.8,2111.0
2025-10-15 04:30:00,25777.4,25818.1,25743.1,25788.4,3873.0
2025-10-15 05:15:00,25788.9,25864.4,25771.2,25838.0,9051.0
2025-10-15 06:00:00,25840.0,25933.9,25823.2,25926.0,8220.0
2025-10-15 06:45:00,25926.5,25977.1,25901.7,25956.8,6215.0
2025-10-15 07:30:00,25956.3,25964.1,25880.3,25893.0,4940.0
2025-10-15 08:15:00,25893.4,25895.6,25850.4,25873.0,2589.0
2025-10-15 09:00:00,25872.9,25965.8,25869.3,25891.3,3041.0
2025-10-15 09:45:00,25891.8,25901.9,25863.9,25889.6,1879.0
2025-10-15 10:30:00,25889.1,25933.4,25881.2,25905.4,1549.0
2025-10-15 11:15:00,25905.9,25906.9,25868.1,25877.1,2000.0
2025-10-15 12:00:00,25877.6,25908.1,25868.8,25871.3,2578.0
2025-10-15 12:45:00,25871.8,25879.4,25844.7,25865.1,2911.0
2025-10-15 13:30:00,25866.1,25955.0,25794.9,25929.4,7413.0
2025-10-15 14:15:00,25929.9,25947.8,25889.5,25910.4,5904.0
2025-10-15 15:00:00,25910.9,25935.7,25856.7,25864.3,6152.0
2025-10-15 15:45:00,25864.1,25890.6,25807.7,25872.5,6392.0
2025-10-15 16:30:00,25873.0,25882.7,25671.0,25673.8,6414.0
2025-10-15 17:15:00,25672.8,25818.5,25650.7,25814.9,6984.0
2025-10-15 18:00:00,25812.9,25844.9,25796.0,25831.4,4512.0
2025-10-15 18:45:00,25830.9,25841.4,25792.4,25814.2,3251.0
2025-10-15 19:30:00,25814.1,25866.6,25766.8,25813.8,4190.0
2025-10-15 20:15:00,25815.1,25840.6,25792.1,25810.6,1252.0
2025-10-15 21:00:00,25810.2,25818.3,25807.9,25813.8,81.0
2025-10-15 21:45:00,25813.9,25879.4,25812.3,25859.4,1575.0
2025-10-15 22:30:00,25860.0,25866.6,25826.3,25843.7,1436.0
2025-10-15 23:15:00,25843.1,25844.6,25798.6,25823.0,1724.0
2025-10-16 00:00:00,25823.6,25832.3,25768.1,25780.5,3016.0
2025-10-16 00:45:00,25779.3,25849.0,25778.0,25799.4,4119.0
2025-10-16 01:30:00,25797.9,26054.8,25797.9,25997.4,10696.0
2025-10-16 02:15:00,25998.4,26006.8,25846.5,25901.2,9621.0
2025-10-16 03:00:00,25901.7,25910.7,25740.2,25795.1,8481.0
2025-10-16 03:45:00,25794.6,25801.8,25761.4,25790.7,1891.0
2025-10-16 04:30:00,25790.1,25812.1,25718.6,25727.8,3917.0
2025-10-16 05:15:00,25728.0,25764.8,25686.2,25733.4,8957.0
2025-10-16 06:00:00,25732.4,25837.4,25723.6,25791.0,8186.0
2025-10-16 06:45:00,25791.5,25899.9,25791.5,25847.8,6658.0
2025-10-16 07:30:00,25847.3,25907.3,25835.3,25889.2,5093.0
2025-10-16 08:15:00,25888.7,25901.8,25860.1,25876.6,2346.0
2025-10-16 09:00:00,25875.4,25903.7,25874.0,25896.8,1824.0
2025-10-16 09:45:00,25897.3,25931.5,25893.8,25924.7,1492.0
2025-10-16 10:30:00,25924.2,25929.8,25890.5,25917.6,1136.0
2025-10-16 11:15:00,25918.1,25921.1,25896.3,25901.0,1193.0
2025-10-16 12:00:00,25900.5,25910.9,25875.2,25899.2,2010.0
2025-10-16 12:45:00,25898.7,25918.7,25882.7,25889.7,2170.0
2025-10-16 13:30:00,25890.2,25928.6,25823.7,25890.6,7834.0
2025-10-16 14:15:00,25890.1,25969.4,25863.8,25965.0,5316.0
2025-10-16 15:00:00,25964.0,25998.4,25917.5,25923.1,5730.0
2025-10-16 15:45:00,25923.6,25938.6,25862.1,25866.1,7076.0
2025-10-16 16:30:00,25866.6,25904.8,25802.6,25891.6,8203.0
2025-10-16 17:15:00,25891.1,25933.0,25863.7,25894.5,5801.0
2025-10-16 18:00:00,25893.0,25897.5,25777.4,25834.9,6685.0
2025-10-16 18:45:00,25835.4,25846.5,25749.6,25777.4,6576.0
2025-10-16 19:30:00,25777.9,25877.7,25759.8,25772.9,6242.0
2025-10-16 20:15:00,25774.1,25833.6,25765.6,25813.0,1511.0
2025-10-16 21:00:00,25805.2,25807.3,25782.0,25801.8,163.0
2025-10-16 21:45:00,25800.6,25859.2,25791.6,25815.8,2045.0
2025-10-16 22:30:00,25816.4,25830.4,25731.8,25742.6,2727.0
2025-10-16 23:15:00,25742.0,25789.7,25732.2,25785.6,2821.0
2025-10-17 00:00:00,25781.8,25816.7,25768.7,25799.8,3067.0
2025-10-17 00:45:00,25801.0,25854.7,25752.7,25824.3,4112.0
2025-10-17 01:30:00,25815.8,25849.1,25500.4,25536.6,10458.0
2025-10-17 02:15:00,25535.6,25611.3,25465.6,25570.8,9381.0
2025-10-17 03:00:00,25571.8,25573.3,25454.7,25471.1,8041.0
2025-10-17 03:45:00,25471.6,25478.6,25410.0,25417.8,2697.0
2025-10-17 04:30:00,25417.5,25460.6,25394.6,25414.0,4469.0
2025-10-17 05:15:00,25415.0,25452.5,25375.1,25397.3,8175.0
2025-10-17 06:00:00,25397.8,25437.1,25297.0,25334.8,7681.0
2025-10-17 06:45:00,25335.8,25341.1,25137.8,25160.5,8367.0
2025-10-17 07:30:00,25160.0,25232.4,25125.1,25159.1,7883.0
2025-10-17 08:15:00,25159.6,25244.7,25146.3,25217.1,5670.0
2025-10-17 09:00:00,25216.5,25255.4,25203.2,25205.2,3670.0
2025-10-17 09:45:00,25205.6,25239.2,25175.7,25199.2,3511.0
2025-10-17 10:30:00,25198.7,25520.8,25196.7,25509.1,4635.0
2025-10-17 11:15:00,25510.1,25531.1,25393.2,25496.7,7092.0
2025-10-17 12:00:00,25497.2,25544.0,25467.6,25501.5,5867.0
2025-10-17 12:45:00,25502.0,25527.6,25462.2,25500.6,4053.0
2025-10-17 13:30:00,25500.1,25717.1,25477.2,25707.0,9179.0
2025-10-17 14:15:00,25707.5,25834.5,25681.7,25684.2,8594.0
2025-10-17 15:00:00,25683.7,25753.1,25655.1,25710.6,7861.0
2025-10-17 15:45:00,25709.1,25789.1,25695.0,25760.4,5835.0
2025-10-17 16:30:00,25758.9,25771.4,25710.7,25738.4,5401.0
2025-10-17 17:15:00,25738.9,25785.2,25702.3,25776.5,5296.0
2025-10-17 18:00:00,25776.0,25877.3,25775.0,25851.3,3526.0
2025-10-17 18:45:00,25850.8,25860.5,25831.6,25839.8,3728.0
2025-10-17 19:30:00,25839.5,25848.3,25803.0,25841.3,4055.0
2025-10-17 20:15:00,25840.1,25851.8,25829.8,25845.1,934.0
2025-10-19 22:00:00,25882.0,25896.3,25845.6,25862.9,2441.0
2025-10-19 22:45:00,25862.3,25870.2,25795.2,25801.1,1909.0
2025-10-19 23:30:00,25800.5,25819.6,25775.8,25786.4,2248.0
2025-10-20 00:15:00,25787.0,25864.5,25762.3,25858.0,3636.0
2025-10-20 01:00:00,25859.2,25960.6,25723.3,25769.9,7750.0
2025-10-20 01:45:00,25770.4,25860.9,25725.4,25860.9,10198.0
2025-10-20 02:30:00,25863.4,25925.6,25825.5,25856.4,8845.0
2025-10-20 03:15:00,25856.9,25904.8,25838.3,25867.2,5353.0
2025-10-20 04:00:00,25854.5,25879.5,25843.5,25858.1,1422.0
2025-10-20 04:45:00,25858.7,25885.3,25796.3,25866.7,5926.0
2025-10-20 05:30:00,25867.7,25878.4,25766.8,25792.9,7704.0
2025-10-20 06:15:00,25792.4,25862.0,25755.4,25841.0,7155.0
2025-10-20 07:00:00,25843.0,25905.7,25820.7,25899.1,4913.0
2025-10-20 07:45:00,25898.6,25906.8,25838.0,25851.4,4022.0
2025-10-20 08:30:00,25834.2,25848.2,25792.7,25821.3,2859.0
2025-10-20 09:15:00,25821.9,25847.2,25810.9,25831.2,2325.0
2025-10-20 10:00:00,25830.7,25830.7,25803.7,25812.4,1872.0
2025-10-20 10:45:00,25812.9,25816.0,25776.5,25805.7,1951.0
2025-10-20 11:30:00,25805.5,25829.0,25779.3,25802.3,2130.0
2025-10-20 12:15:00,25801.8,25840.1,25796.7,25838.5,2149.0
2025-10-20 13:00:00,25839.0,25883.2,25831.8,25868.2,4068.0
2025-10-20 13:45:00,25869.7,25962.2,25827.7,25952.1,5344.0
2025-10-20 14:30:00,25951.6,26057.8,25922.6,26035.8,5303.0
2025-10-20 15:15:00,26036.3,26158.4,26031.0,26104.3,5284.0
2025-10-20 16:00:00,26107.8,26146.2,26097.3,26131.4,3783.0
2025-10-20 16:45:00,26131.9,26173.4,26124.9,26153.3,2225.0
2025-10-20 17:30:00,26153.8,26206.6,26146.1,26202.7,1752.0
2025-10-20 18:15:00,26203.2,26219.6,26187.6,26216.6,1622.0
2025-10-20 19:00:00,26198.2,26208.3,26178.1,26178.6,1798.0
2025-10-20 19:45:00,26178.4,26196.9,26151.2,26195.9,2116.0
2025-10-20 20:30:00,26194.6,26208.0,26191.5,26208.0,422.0
2025-10-20 21:00:00,26200.1,26207.5,26198.2,26199.4,105.0
2025-10-20 21:45:00,26199.3,26199.5,26171.3,26186.5,717.0
2025-10-20 22:30:00,26185.2,26202.6,26178.0,26190.1,778.0
2025-10-20 23:15:00,26190.7,26198.7,26169.1,26179.0,873.0
2025-10-21 00:00:00,26179.2,26197.1,26166.0,26189.3,1480.0
2025-10-21 00:45:00,26189.9,26236.7,26175.5,26183.9,2905.0
2025-10-21 01:30:00,26172.4,26294.0,26113.8,26283.4,10017.0
2025-10-21 02:15:00,26285.4,26385.0,26249.9,26306.5,8694.0
2025-10-21 03:00:00,26306.0,26380.6,26299.4,26313.7,6260.0
2025-10-21 03:45:00,26314.2,26318.2,26276.7,26284.7,1902.0
2025-10-21 04:30:00,26285.9,26299.1,26239.8,26264.6,3687.0
2025-10-21 05:15:00,26265.1,26298.8,26179.8,26215.4,7511.0
2025-10-21 06:00:00,26214.4,26243.3,26176.0,26187.8,6576.0
2025-10-21 06:45:00,26187.3,26204.2,26075.7,26083.5,5919.0
2025-10-21 07:30:00,26083.6,26083.6,26010.3,26010.3,5083.0
2025-10-21 08:15:00,26009.8,26014.1,25971.3,25988.4,2482.0
2025-10-21 09:00:00,25988.8,26051.3,25988.7,26039.2,1639.0
2025-10-21 09:45:00,26038.7,26052.6,26003.6,26023.3,1427.0
2025-10-21 10:30:00,26023.8,26065.2,26015.7,26063.1,1301.0
2025-10-21 11:15:00,26064.1,26081.3,26027.2,26036.0,1769.0
2025-10-21 12:00:00,26037.0,26049.0,25983.1,26010.5,2039.0
2025-10-21 12:45:00,26011.5,26013.0,25959.2,25972.8,2723.0
2025-10-21 13:30:00,25969.3,25969.3,25850.2,25912.6,6927.0
2025-10-21 14:15:00,25912.1,25944.1,25878.6,25922.3,5241.0
2025-10-21 15:00:00,25921.8,25955.6,25915.7,25947.5,4208.0
2025-10-21 15:45:00,25948.0,25964.2,25928.4,25954.8,2638.0
2025-10-21 16:30:00,25955.3,25962.3,25865.9,25900.3,4166.0
2025-10-21 17:15:00,25899.8,25902.8,25862.1,25886.8,3068.0
2025-10-21 18:00:00,25887.3,25916.3,25882.3,25900.3,1691.0
2025-10-21 18:45:00,25899.8,25906.8,25874.2,25886.8,1484.0
2025-10-21 19:30:00,25886.4,25916.4,25827.6,25843.0,2538.0
2025-10-21 20:15:00,25845.5,25867.7,25842.5,25859.7,938.0
2025-10-21 21:00:00,25864.7,25870.3,25849.0,25863.2,132.0
2025-10-21 21:45:00,25862.8,25895.1,25859.8,25879.9,1076.0
2025-10-21 22:30:00,25880.2,25887.3,25854.1,25863.0,1060.0
2025-10-21 23:15:00,25863.6,25882.4,25850.8,25859.3,903.0
2025-10-22 00:00:00,25859.2,25869.7,25831.9,25843.8,2390.0
2025-10-22 00:45:00,25845.0,25896.3,25836.5,25870.3,2857.0
2025-10-22 01:30:00,25864.3,25919.0,25787.7,25873.3,10180.0
2025-10-22 02:15:00,25872.8,25944.0,25851.3,25908.8,8606.0
2025-10-22 03:00:00,25908.2,25909.7,25638.5,25676.3,8297.0
2025-10-22 03:45:00,25675.8,25724.1,25674.8,25711.1,2743.0
2025-10-22 04:30:00,25710.5,25781.1,25693.2,25767.5,3444.0
2025-10-22 05:15:00,25767.6,25821.3,25711.3,25743.5,7863.0
2025-10-22 06:00:00,25744.0,25816.7,25718.3,25812.6,6773.0
2025-10-22 06:45:00,25813.1,25836.0,25759.0,25801.3,5405.0
2025-10-22 07:30:00,25800.3,25810.4,25731.9,25736.9,3983.0
2025-10-22 08:15:00,25737.4,25744.4,25714.8,25741.3,2514.0
2025-10-22 09:00:00,25741.0,25742.0,25693.9,25715.1,2007.0
2025-10-22 09:45:00,25714.6,25752.1,25712.2,25743.6,1586.0
2025-10-22 10:30:00,25744.1,25753.7,25700.8,25727.2,1866.0
2025-10-22 11:15:00,25724.7,25730.1,25661.6,25663.4,2380.0
2025-10-22 12:00:00,25663.9,25725.6,25655.6,25700.8,2360.0
2025-10-22 12:45:00,25701.3,25742.1,25700.7,25723.5,1818.0
2025-10-22 13:30:00,25724.0,25872.3,25722.4,25840.6,7071.0
2025-10-22 14:15:00,25840.1,25849.7,25704.4,25778.5,6800.0
2025-10-22 15:00:00,25778.3,25814.9,25703.4,25769.8,6689.0
2025-10-22 15:45:00,25770.3,25799.3,25716.8,25745.7,4960.0
2025-10-22 16:30:00,25745.2,25755.7,25509.4,25651.2,9023.0
2025-10-22 17:15:00,25651.7,25660.8,25541.7,25580.0,7159.0
2025-10-22 18:00:00,25576.0,25625.3,25551.9,25612.2,6366.0
2025-10-22 18:45:00,25611.7,25659.3,25593.0,25654.5,4592.0
2025-10-22 19:30:00,25654.8,25674.5,25644.8,25658.5,4177.0
2025-10-22 20:15:00,25658.7,25660.3,25642.9,25654.2,1174.0
2025-10-22 21:00:00,25654.5,25655.8,25648.3,25650.2,196.0
2025-10-22 21:45:00,25650.1,25660.7,25640.9,25652.4,1385.0
2025-10-22 22:30:00,25652.6,25671.7,25649.8,25668.5,1216.0
2025-10-22 23:15:00,25668.2,25670.5,25603.8,25616.4,1478.0
2025-10-23 00:00:00,25615.0,25653.3,25578.4,25637.9,3237.0
2025-10-23 00:45:00,25638.4,25713.2,25631.3,25677.1,3488.0
2025-10-23 01:30:00,25678.1,25858.0,25587.0,25610.2,10329.0
2025-10-23 02:15:00,25609.2,25825.5,25601.6,25718.5,9321.0
2025-10-23 03:00:00,25719.0,25865.7,25717.5,25755.4,7701.0
2025-10-23 03:45:00,25755.9,25757.4,25722.0,25744.1,1968.0
2025-10-23 04:30:00,25744.6,25791.1,25703.0,25735.0,3560.0
2025-10-23 05:15:00,25735.5,25776.5,25679.0,25769.9,7292.0
2025-10-23 06:00:00,25768.9,26028.6,25765.8,26028.1,8888.0
2025-10-23 06:45:00,26026.8,26084.8,25885.6,25917.2,8847.0
2025-10-23 07:30:00,25917.7,25963.6,25894.2,25943.7,5763.0
2025-10-23 08:15:00,25944.2,25966.8,25925.3,25939.0,2275.0
2025-10-23 09:00:00,25939.1,25949.8,25906.4,25949.3,2379.0
2025-10-23 09:45:00,25951.3,25964.7,25935.8,25948.6,1574.0
2025-10-23 10:30:00,25948.1,25966.5,25898.3,25899.5,1944.0
2025-10-23 11:15:00,25900.0,25938.1,25894.6,25914.9,2203.0
2025-10-23 12:00:00,25915.4,25930.2,25891.2,25923.8,2242.0
2025-10-23 12:45:00,25923.5,25975.7,25923.5,25975.7,2246.0
2025-10-23 13:30:00,25976.2,26055.3,25949.6,25979.4,7517.0
2025-10-23 14:15:00,25979.9,26079.6,25947.2,26060.7,5811.0
2025-10-23 15:00:00,26061.2,26120.6,26051.3,26056.1,5152.0
2025-10-23 15:45:00,26055.1,26102.7,26050.2,26074.2,3245.0
2025-10-23 16:30:00,26073.7,26078.6,26013.9,26054.9,2486.0
2025-10-23 17:15:00,26055.4,26182.1,26049.6,26175.6,4238.0
2025-10-23 18:00:00,26173.6,26174.7,26135.7,26151.5,2375.0
2025-10-23 18:45:00,26152.0,26155.8,26128.6,26140.3,1733.0
2025-10-23 19:30:00,26140.0,26140.6,26064.2,26108.1,2598.0
2025-10-23 20:15:00,26107.0,26123.0,26100.1,26122.0,720.0
2025-10-23 21:00:00,26126.3,26135.1,26123.3,26131.3,90.0
2025-10-23 21:45:00,26131.2,26145.5,26123.9,26137.2,904.0
2025-10-23 22:30:00,26137.7,26148.2,26130.8,26142.9,815.0
2025-10-23 23:15:00,26143.5,26160.5,26138.2,26142.3,580.0
2025-10-24 00:00:00,26142.9,26156.2,26128.3,26153.9,1082.0
2025-10-24 00:45:00,26154.4,26215.9,26150.1,26184.9,3108.0
2025-10-24 01:30:00,26182.4,26250.8,26120.0,26156.8,9939.0
2025-10-24 02:15:00,26157.8,26168.0,26072.0,26108.2,8601.0
2025-10-24 03:00:00,26107.2,26133.3,26060.2,26090.5,6817.0
2025-10-24 03:45:00,26091.0,26127.1,26072.1,26110.7,1432.0
2025-10-24 04:30:00,26109.5,26189.1,26105.1,26135.0,3162.0
2025-10-24 05:15:00,26135.5,26167.8,26053.2,26149.5,7135.0
2025-10-24 06:00:00,26150.0,26151.7,26069.2,26141.3,6583.0
2025-10-24 06:45:00,26141.8,26188.5,26131.2,26152.2,4968.0
2025-10-24 07:30:00,26157.7,26195.5,26112.1,26119.1,4339.0
2025-10-24 08:15:00,26117.1,26184.7,26112.8,26161.4,2033.0
2025-10-24 09:00:00,26160.3,26178.4,26138.1,26169.0,1410.0
2025-10-24 09:45:00,26169.5,26182.3,26141.9,26156.4,1093.0
2025-10-24 10:30:00,26155.9,26164.3,26140.8,26156.0,982.0
2025-10-24 11:15:00,26156.5,26159.0,26116.3,26127.1,1075.0
2025-10-24 12:00:00,26127.6,26257.4,26122.7,26254.5,3019.0
2025-10-24 12:45:00,26254.8,26288.4,26215.4,26277.5,3639.0
2025-10-24 13:30:00,26277.0,26303.3,26223.4,26291.4,6959.0
2025-10-24 14:15:00,26291.9,26293.4,26214.7,26223.5,5137.0
2025-10-24 15:00:00,26224.0,26308.2,26220.5,26268.5,3366.0
2025-10-24 15:45:00,26269.0,26272.5,26241.8,26252.8,2637.0
2025-10-24 16:30:00,26253.3,26262.3,26225.9,26253.5,1882.0
2025-10-24 17:15:00,26253.0,26264.8,26242.7,26243.1,1161.0
2025-10-24 18:00:00,26242.6,26266.6,26239.6,26249.8,1170.0
2025-10-24 18:45:00,26249.3,26250.9,26222.2,26233.5,1518.0
2025-10-24 19:30:00,26233.8,26234.6,26207.7,26216.6,2414.0
2025-10-24 20:15:00,26215.5,26233.0,26207.9,26213.4,762.0
2025-10-26 22:00:00,26535.3,26586.0,26423.0,26547.5,2382.0
2025-10-26 22:45:00,26546.7,26558.4,26515.8,26515.8,1705.0
2025-10-26 23:30:00,26516.5,26555.6,26445.1,26550.6,1626.0
2025-10-27 00:15:00,26549.2,26582.2,26508.4,26533.1,1218.0
2025-10-27 01:00:00,26534.6,26565.6,26341.8,26348.6,7102.0
2025-10-27 01:45:00,26351.1,26486.2,26348.9,26413.2,9869.0
2025-10-27 02:30:00,26413.7,26452.2,26338.0,26391.6,8367.0
2025-10-27 03:15:00,26391.1,26453.5,26385.6,26443.3,5158.0
2025-10-27 04:00:00,26440.6,26449.2,26418.4,26426.4,525.0
2025-10-27 04:45:00,26427.0,26454.4,26381.5,26437.8,5410.0
2025-10-27 05:30:00,26438.3,26468.5,26385.5,26432.7,7095.0
2025-10-27 06:15:00,26432.2,26458.1,26421.0,26440.4,5583.0
2025-10-27 07:00:00,26441.0,26464.7,26413.2,26431.7,3384.0
2025-10-27 07:45:00,26431.2,26439.7,26390.4,26432.5,3825.0
2025-10-27 08:30:00,26419.1,26456.6,26410.1,26444.5,1389.0
2025-10-27 09:15:00,26432.8,26487.0,26429.8,26481.7,1961.0
2025-10-27 10:00:00,26479.7,26502.9,26469.4,26495.3,1275.0
2025-10-27 10:45:00,26495.8,26497.8,26468.8,26489.4,1506.0
2025-10-27 11:30:00,26488.9,26525.2,26477.7,26514.8,1897.0
2025-10-27 12:15:00,26515.3,26531.6,26496.4,26517.4,1636.0
2025-10-27 13:00:00,26516.9,26536.9,26466.2,26493.2,3747.0
2025-10-27 13:45:00,26492.7,26549.5,26461.5,26537.2,5443.0
2025-10-27 14:30:00,26536.7,26554.8,26503.5,26518.6,3810.0
2025-10-27 15:15:00,26519.1,26561.7,26506.6,26556.2,2662.0
2025-10-27 16:00:00,26556.7,26575.8,26556.2,26561.2,1754.0
2025-10-27 16:45:00,26561.7,26574.7,26537.2,26554.0,1594.0
2025-10-27 17:30:00,26554.5,26555.5,26525.1,26532.4,1344.0
2025-10-27 18:15:00,26532.9,26546.9,26520.9,26538.6,1265.0
2025-10-27 19:00:00,26525.3,26540.3,26515.8,26525.9,1215.0
2025-10-27 19:45:00,26526.0,26617.7,26525.7,26615.6,1967.0
2025-10-27 20:30:00,26614.8,26621.6,26545.6,26562.6,629.0
2025-10-27 21:00:00,26553.9,26579.7,26552.5,26578.3,113.0
2025-10-27 21:45:00,26578.7,26590.5,26562.0,26581.2,726.0
2025-10-27 22:30:00,26581.5,26583.6,26560.8,26567.8,665.0
2025-10-27 23:15:00,26568.4,26594.0,26554.3,26559.9,1070.0
2025-10-28 00:00:00,26558.6,26594.6,26554.4,26575.6,1167.0
2025-10-28 00:45:00,26574.9,26580.6,26502.5,26533.5,3105.0
2025-10-28 01:30:00,26534.0,26558.3,26355.5,26440.5,10042.0
2025-10-28 02:15:00,26441.0,26448.0,26336.8,26389.5,8137.0
2025-10-28 03:00:00,26389.4,26462.9,26383.4,26454.8,6742.0
2025-10-28 03:45:00,26455.3,26480.3,26402.9,26412.3,1568.0
2025-10-28 04:30:00,26411.7,26507.7,26400.7,26463.8,3143.0
2025-10-28 05:15:00,26461.3,26477.4,26311.9,26358.4,8460.0
2025-10-28 06:00:00,26354.4,26386.5,26294.9,26323.0,7886.0
2025-10-28 06:45:00,26322.5,26334.4,26258.6,26318.2,5815.0
2025-10-28 07:30:00,26317.7,26345.2,26283.2,26324.0,5395.0
2025-10-28 08:15:00,26323.5,26351.7,26309.8,26343.4,2234.0
2025-10-28 09:00:00,26343.9,26402.2,26337.2,26392.7,2037.0
2025-10-28 09:45:00,26393.2,26412.1,26377.9,26396.6,1649.0
2025-10-28 10:30:00,26393.6,26405.2,26382.2,26383.8,1293.0
2025-10-28 11:15:00,26383.3,26411.6,26380.0,26402.4,1198.0
2025-10-28 12:00:00,26402.9,26414.8,26379.9,26395.0,1350.0
2025-10-28 12:45:00,26394.5,26423.3,26394.5,26418.8,1987.0
2025-10-28 13:30:00,26419.3,26454.4,26378.2,26416.4,6275.0
2025-10-28 14:15:00,26416.9,26468.7,26416.4,26437.8,4283.0
2025-10-28 15:00:00,26437.3,26462.6,26419.5,26426.1,3385.0
2025-10-28 15:45:00,26425.6,26461.2,26425.6,26436.6,3027.0
2025-10-28 16:30:00,26437.1,26565.9,26430.8,26518.5,4081.0
2025-10-28 17:15:00,26518.0,26565.7,26514.7,26560.8,2531.0
2025-10-28 18:00:00,26561.3,26583.3,26538.5,26571.9,1795.0
2025-10-28 18:45:00,26571.4,26599.1,26557.2,26585.7,2149.0
2025-10-28 19:30:00,26586.0,26588.1,26515.3,26530.9,3226.0
2025-10-28 20:15:00,26529.7,26563.3,26529.0,26561.5,1029.0
2025-10-28 21:00:00,26553.6,26560.4,26549.1,26558.1,205.0
2025-10-28 21:45:00,26560.2,26577.6,26552.9,26574.6,523.0
2025-10-28 22:30:00,26575.0,26578.1,26548.5,26556.2,707.0
2025-10-28 23:15:00,26557.4,26573.7,26551.0,26565.9,713.0
2025-10-29 00:00:00,26566.7,26598.0,26553.4,26589.3,1125.0
2025-10-29 00:45:00,26590.6,26590.6,26518.0,26523.1,931.0
2025-10-29 01:30:00,26523.5,26565.0,26520.7,26539.9,1786.0
2025-10-29 02:15:00,26539.3,26557.3,26526.5,26528.6,755.0
2025-10-29 03:00:00,26528.8,26545.9,26525.2,26541.0,643.0
2025-10-29 03:45:00,26540.4,26553.4,26525.7,26548.6,654.0
2025-10-29 04:30:00,26549.1,26564.2,26548.6,26556.7,529.0
2025-10-29 05:15:00,26556.5,26574.1,26555.9,26571.4,569.0
2025-10-29 06:00:00,26571.1,26584.2,26559.1,26579.7,697.0
2025-10-29 06:45:00,26580.3,26585.5,26572.3,26584.9,803.0
2025-10-29 07:30:00,26584.4,26634.7,26581.1,26594.3,1387.0
2025-10-29 08:15:00,26596.3,26607.4,26542.1,26545.2,1686.0
2025-10-29 09:00:00,26545.0,26553.5,26536.8,26546.8,1636.0
2025-10-29 09:45:00,26547.1,26577.9,26544.3,26577.9,1148.0
2025-10-29 10:30:00,26580.2,26602.7,26562.0,26584.0,1112.0
2025-10-29 11:15:00,26584.1,26595.4,26571.8,26574.5,1332.0
2025-10-29 12:00:00,26573.4,26586.2,26571.1,26575.0,923.0
2025-10-29 12:45:00,26574.5,26598.9,26574.2,26589.0,1229.0
2025-10-29 13:30:00,26589.6,26632.8,26533.9,26586.6,4044.0
2025-10-29 14:15:00,26586.4,26632.5,26537.6,26576.8,2768.0
2025-10-29 15:00:00,26576.6,26595.8,26568.0,26587.7,2217.0
2025-10-29 15:45:00,26587.8,26606.0,26563.5,26597.5,2021.0
2025-10-29 16:30:00,26597.6,26619.8,26578.8,26583.0,1320.0
2025-10-29 17:15:00,26582.8,26633.6,26560.1,26596.5,1548.0
2025-10-29 18:00:00,26596.4,26620.4,26442.8,26469.3,5920.0
2025-10-29 18:45:00,26469.2,26565.2,26464.7,26531.3,8529.0
2025-10-29 19:30:00,26531.4,26637.8,26508.1,26565.9,7608.0
2025-10-29 20:15:00,26563.6,26583.4,26542.8,26544.4,4306.0
2025-10-29 21:00:00,26550.8,26573.0,26531.1,26571.6,233.0
2025-10-29 21:45:00,26572.0,26592.0,26539.2,26560.1,2024.0
2025-10-29 22:30:00,26560.4,26624.6,26560.4,26612.4,1333.0
2025-10-29 23:15:00,26612.1,26614.4,26566.3,26579.0,1935.0
2025-10-30 00:00:00,26579.9,26612.9,26579.9,26584.7,2698.0
2025-10-30 00:45:00,26584.9,26676.5,26505.0,26551.1,4757.0
2025-10-30 01:30:00,26545.1,26545.1,26408.3,26475.1,10852.0
2025-10-30 02:15:00,26476.1,26560.2,26461.0,26502.6,9325.0
2025-10-30 03:00:00,26504.1,26592.8,26452.8,26462.7,7928.0
2025-10-30 03:45:00,26461.7,26505.2,26232.0,26271.0,5944.0
2025-10-30 04:30:00,26271.5,26502.8,26164.8,26186.9,7840.0
2025-10-30 05:15:00,26184.9,26383.6,26125.3,26290.0,10249.0
2025-10-30 06:00:00,26289.0,26298.8,26150.9,26179.8,9224.0
2025-10-30 06:45:00,26178.8,26385.3,26131.4,26301.8,9135.0
2025-10-30 07:30:00,26299.8,26329.5,26238.6,26270.2,6915.0
2025-10-30 08:15:00,26270.7,26297.9,26266.9,26278.1,3116.0
2025-10-30 09:00:00,26277.7,26301.3,26219.3,26225.8,3713.0
2025-10-30 09:45:00,26225.3,26265.4,26205.6,26232.0,2634.0
2025-10-30 10:30:00,26231.5,26241.6,26201.6,26224.4,2462.0
2025-10-30 11:15:00,26223.9,26237.7,26194.4,26195.4,2412.0
2025-10-30 12:00:00,26194.4,26208.2,26110.2,26110.2,4095.0
2025-10-30 12:45:00,26110.7,26140.4,26075.5,26132.9,4831.0
2025-10-30 13:30:00,26128.4,26224.8,26072.0,26214.7,9317.0
2025-10-30 14:15:00,26214.2,26220.2,26139.0,26192.4,8358.0
2025-10-30 15:00:00,26193.9,26229.5,26167.2,26178.3,5631.0
2025-10-30 15:45:00,26177.8,26214.8,26164.1,26192.2,4491.0
2025-10-30 16:30:00,26193.2,26258.3,26189.7,26225.2,4361.0
2025-10-30 17:15:00,26224.7,26290.0,26221.5,26262.8,3548.0
2025-10-30 18:00:00,26262.3,26265.4,26210.9,26218.8,4022.0
2025-10-30 18:45:00,26218.3,26245.9,26188.4,26199.4,3387.0
2025-10-30 19:30:00,26199.7,26235.3,26175.2,26230.4,5445.0
2025-10-30 20:15:00,26230.7,26268.5,26197.4,26234.7,5451.0
2025-10-30 21:00:00,26237.3,26239.3,26227.8,26238.2,336.0
2025-10-30 21:45:00,26236.0,26248.7,26215.8,26226.6,1290.0
2025-10-30 22:30:00,26226.3,26230.8,26213.3,26218.0,1662.0
2025-10-30 23:15:00,26217.7,26235.1,26202.3,26233.6,1330.0
2025-10-31 00:00:00,26234.1,26259.2,26211.5,26256.9,2160.0
2025-10-31 00:45:00,26257.1,26326.6,26224.0,26270.4,3164.0
2025-10-31 01:30:00,26269.9,26286.6,26138.4,26266.1,10658.0
2025-10-31 02:15:00,26265.6,26272.5,26071.2,26129.3,8956.0
2025-10-31 03:00:00,26128.9,26130.9,26037.9,26076.2,7416.0
2025-10-31 03:45:00,26075.7,26075.7,26024.3,26027.9,1742.0
2025-10-31 04:30:00,26029.0,26061.6,25985.0,26046.5,3474.0
2025-10-31 05:15:00,26047.0,26104.9,25994.7,26001.0,7785.0
2025-10-31 06:00:00,26000.5,26045.3,25985.1,26001.1,7329.0
2025-10-31 06:45:00,25998.6,26017.4,25964.5,25986.8,5329.0
2025-10-31 07:30:00,25987.8,25988.8,25852.0,25860.6,5334.0
2025-10-31 08:15:00,25861.1,25904.6,25857.1,25896.8,2857.0
2025-10-31 09:00:00,25896.9,25914.6,25863.3,25871.8,1827.0
2025-10-31 09:45:00,25871.3,25903.8,25869.8,25886.2,1702.0
2025-10-31 10:30:00,25886.7,25889.2,25807.5,25841.2,2394.0
2025-10-31 11:15:00,25839.2,25887.9,25831.2,25880.9,2703.0
2025-10-31 12:00:00,25879.4,25911.3,25866.6,25889.4,2467.0
2025-10-31 12:45:00,25888.9,25899.3,25856.7,25865.6,2653.0
2025-10-31 13:30:00,25867.6,25883.8,25766.3,25825.1,8640.0
2025-10-31 14:15:00,25824.6,25892.6,25782.6,25888.5,5585.0
2025-10-31 15:00:00,25889.0,25977.8,25858.6,25971.4,4292.0
2025-10-31 15:45:00,25975.4,26009.3,25904.8,25925.5,6540.0
2025-10-31 16:30:00,25923.5,25959.0,25885.9,25891.9,5123.0
2025-10-31 17:15:00,25891.4,25926.5,25877.6,25918.1,4194.0
2025-10-31 18:00:00,25917.6,25944.9,25917.1,25938.4,2917.0
2025-10-31 18:45:00,25938.9,25954.3,25922.7,25938.5,2529.0
2025-10-31 19:30:00,25940.5,25970.0,25927.7,25933.0,2842.0
2025-10-31 20:15:00,25933.3,25942.4,25930.2,25941.8,209.0
2025-11-02 23:00:00,25967.0,26024.2,25965.9,26014.2,2025.0
2025-11-02 23:45:00,26014.8,26038.9,26000.3,26002.9,1351.0
2025-11-03 00:30:00,26003.2,26015.0,25950.4,26014.9,955.0
2025-11-03 01:15:00,26004.2,26067.4,25936.5,25976.0,9503.0
2025-11-03 02:00:00,25975.4,26062.1,25912.8,25995.1,9169.0
2025-11-03 02:45:00,25995.6,26065.1,25958.4,26004.2,8011.0
2025-11-03 03:30:00,26004.7,26058.1,25999.1,26032.1,2992.0
2025-11-03 04:15:00,26031.8,26038.4,26028.4,26036.3,607.0
2025-11-03 05:00:00,26036.5,26174.4,26036.5,26168.6,8273.0
2025-11-03 05:45:00,26167.6,26215.1,26129.1,26143.2,7044.0
2025-11-03 06:30:00,26142.7,26192.4,26140.7,26163.0,5906.0
2025-11-03 07:15:00,26163.5,26176.0,26124.6,26146.1,4122.0
2025-11-03 08:00:00,26145.6,26151.1,26112.1,26133.2,3238.0
2025-11-03 08:45:00,26133.4,26167.9,26129.2,26166.9,2210.0
2025-11-03 09:30:00,26167.4,26172.5,26148.5,26158.9,1769.0
2025-11-03 10:15:00,26158.4,26183.9,26155.4,26168.6,1579.0
2025-11-03 11:00:00,26170.1,26181.1,26164.8,26168.8,1439.0
2025-11-03 11:45:00,26168.3,26175.3,26157.9,26160.8,1197.0
2025-11-03 12:30:00,26160.3,26168.6,26111.8,26120.3,1538.0
2025-11-03 13:15:00,26120.8,26133.6,26100.5,26118.6,1758.0
2025-11-03 14:00:00,26118.1,26134.2,26040.4,26051.9,4712.0
2025-11-03 14:45:00,26051.4,26094.8,25976.3,25986.8,7010.0
2025-11-03 15:30:00,25987.3,26062.4,25977.1,26060.4,5727.0
2025-11-03 16:15:00,26059.9,26109.1,26051.8,26103.1,3692.0
2025-11-03 17:00:00,26104.1,26126.1,26083.3,26103.9,3026.0
2025-11-03 17:45:00,26104.4,26122.4,26097.7,26110.0,1724.0
2025-11-03 18:30:00,26110.5,26135.2,26088.4,26101.5,2093.0
2025-11-03 19:15:00,26101.6,26103.5,26081.0,26096.4,2387.0
2025-11-03 20:00:00,26096.9,26112.1,26083.3,26084.6,1876.0
2025-11-03 20:45:00,26084.5,26110.1,26076.9,26089.5,2205.0
2025-11-03 21:30:00,26090.0,26098.2,26089.0,26094.9,311.0
2025-11-03 22:00:00,26095.7,26098.7,26095.1,26098.6,90.0
2025-11-03 22:45:00,26098.4,26098.6,26073.5,26084.1,665.0
2025-11-03 23:30:00,26084.2,26086.1,26052.1,26054.7,932.0
2025-11-04 00:15:00,26054.4,26069.9,26031.3,26067.1,1832.0
2025-11-04 01:00:00,26068.3,26278.7,26030.3,26271.6,6288.0
2025-11-04 01:45:00,26268.6,26278.6,26149.9,26206.4,9250.0
2025-11-04 02:30:00,26205.9,26262.6,26114.8,26218.3,8265.0
2025-11-04 03:15:00,26217.8,26265.7,26186.1,26196.1,5248.0
2025-11-04 04:00:00,26189.6,26194.3,26174.5,26177.2,1714.0
2025-11-04 04:45:00,26176.6,26188.0,26057.4,26104.1,6033.0
2025-11-04 05:30:00,26103.6,26105.6,25949.5,25964.9,7660.0
2025-11-04 06:15:00,25965.0,26003.4,25888.7,25978.8,8232.0
2025-11-04 07:00:00,25979.3,25983.2,25908.8,25955.5,4965.0
2025-11-04 07:45:00,25954.5,25978.8,25863.6,25888.2,4954.0
2025-11-04 08:30:00,25876.1,25901.6,25870.9,25884.6,3461.0
2025-11-04 09:15:00,25869.6,25869.6,25730.9,25752.5,4006.0
2025-11-04 10:00:00,25752.0,25842.3,25741.3,25834.2,3438.0
2025-11-04 10:45:00,25834.7,25853.4,25821.2,25851.0,2083.0
2025-11-04 11:30:00,25850.5,25864.9,25811.3,25823.0,2627.0
2025-11-04 12:15:00,25823.5,25840.1,25803.9,25813.9,2248.0
2025-11-04 13:00:00,25814.4,25856.4,25807.6,25827.7,2899.0
2025-11-04 13:45:00,25828.2,25851.6,25820.7,25822.7,2454.0
2025-11-04 14:30:00,25822.2,25973.5,25780.3,25930.8,8237.0
2025-11-04 15:15:00,25930.3,25989.0,25927.8,25959.8,4425.0
2025-11-04 16:00:00,25965.3,26011.0,25933.7,25993.4,2370.0
2025-11-04 16:45:00,25996.3,25999.9,25914.1,25939.0,4338.0
2025-11-04 17:30:00,25939.5,25951.5,25894.8,25907.4,3750.0
2025-11-04 18:15:00,25906.9,25924.3,25874.4,25886.5,3409.0
2025-11-04 19:00:00,25886.1,25908.5,25846.4,25855.0,3872.0
2025-11-04 19:45:00,25854.9,25877.9,25847.4,25871.5,3746.0
2025-11-04 20:30:00,25871.6,25892.7,25860.5,25872.9,3460.0
2025-11-04 21:15:00,25873.4,25886.7,25857.1,25883.3,2302.0
2025-11-04 22:00:00,25883.8,25888.0,25881.8,25882.3,232.0
2025-11-04 22:45:00,25882.2,25887.5,25841.5,25847.9,1659.0
2025-11-04 23:30:00,25848.2,25855.7,25811.2,25833.9,2330.0
2025-11-05 00:15:00,25833.6,25838.0,25792.0,25804.1,3719.0
2025-11-05 01:00:00,25804.0,25804.0,25474.1,25587.7,8212.0
2025-11-05 01:45:00,25588.2,25711.1,25569.3,25605.3,9734.0
2025-11-05 02:30:00,25605.8,25794.3,25581.4,25780.5,8859.0
2025-11-05 03:15:00,25777.5,25875.6,25748.7,25865.8,7991.0
2025-11-05 04:00:00,25865.3,25865.3,25820.7,25832.1,3349.0
2025-11-05 04:45:00,25831.8,25931.4,25813.2,25866.3,7374.0
2025-11-05 05:30:00,25866.8,25929.6,25832.7,25915.3,8289.0
2025-11-05 06:15:00,25914.8,25966.7,25872.8,25882.2,7017.0
2025-11-05 07:00:00,25881.7,25884.2,25821.8,25849.7,4725.0
2025-11-05 07:45:00,25849.2,25921.0,25837.4,25902.8,4654.0
2025-11-05 08:30:00,25897.9,25906.5,25888.3,25891.9,3232.0
2025-11-05 09:15:00,25891.7,25935.6,25878.1,25913.9,2569.0
2025-11-05 10:00:00,25913.4,25915.8,25872.9,25893.0,2415.0
2025-11-05 10:45:00,25893.5,25895.4,25837.0,25850.5,2698.0
2025-11-05 11:30:00,25850.0,25887.3,25841.9,25879.8,2324.0
2025-11-05 12:15:00,25881.8,25917.6,25877.8,25914.6,1699.0
2025-11-05 13:00:00,25912.6,25938.0,25893.4,25934.4,2581.0
2025-11-05 13:45:00,25933.9,25949.1,25921.7,25921.7,2489.0
2025-11-05 14:30:00,25921.2,26082.0,25903.5,26031.7,8321.0
2025-11-05 15:15:00,26032.2,26069.3,26015.9,26044.4,6846.0
2025-11-05 16:00:00,26044.9,26056.2,25998.9,26052.7,5581.0
2025-11-05 16:45:00,26052.2,26097.1,26044.1,26093.7,3395.0
2025-11-05 17:30:00,26093.2,26103.5,26080.8,26098.0,1905.0
2025-11-05 18:15:00,26097.5,26126.1,26097.0,26106.4,1499.0
2025-11-05 19:00:00,26106.3,26127.3,26099.4,26120.3,1947.0
2025-11-05 19:45:00,26120.5,26124.9,26075.1,26078.7,1334.0
2025-11-05 20:30:00,26078.6,26079.1,26031.1,26053.0,3028.0
2025-11-05 21:15:00,26051.3,26069.4,26048.8,26062.8,1195.0
2025-11-05 22:00:00,26068.9,26069.5,26062.2,26066.7,108.0
2025-11-05 22:45:00,26067.1,26082.5,26059.7,26071.0,1205.0
2025-11-05 23:30:00,26070.7,26090.6,26058.5,26063.4,2165.0
2025-11-06 00:15:00,26063.7,26108.2,26063.7,26102.9,3612.0
2025-11-06 01:00:00,26102.3,26125.5,26027.6,26118.7,6956.0
2025-11-06 01:45:00,26119.2,26246.5,26088.4,26220.2,8766.0
2025-11-06 02:30:00,26220.7,26348.9,26219.2,26337.6,7873.0
2025-11-06 03:15:00,26338.1,26379.8,26326.6,26366.8,5402.0
2025-11-06 04:00:00,26350.5,26354.5,26316.2,26336.1,1156.0
2025-11-06 04:45:00,26335.5,26379.6,26313.9,26358.4,5447.0
2025-11-06 05:30:00,26358.9,26389.6,26320.7,26349.8,6562.0
2025-11-06 06:15:00,26349.3,26414.4,26349.3,26400.1,5362.0
2025-11-06 07:00:00,26399.6,26487.4,26391.5,26460.9,5041.0
2025-11-06 07:45:00,26461.4,26503.5,26449.5,26497.2,4535.0
2025-11-06 08:30:00,26485.7,26532.5,26485.7,26520.6,3209.0
2025-11-06 09:15:00,26511.4,26528.8,26497.8,26504.9,2225.0
2025-11-06 10:00:00,26505.4,26521.4,26495.6,26508.6,1795.0
2025-11-06 10:45:00,26509.1,26511.0,26480.7,26509.3,1910.0
2025-11-06 11:30:00,26508.8,26538.4,26496.1,26524.7,2157.0
2025-11-06 12:15:00,26525.2,26556.1,26516.1,26550.1,1717.0
2025-11-06 13:00:00,26551.1,26558.5,26532.3,26539.8,1881.0
2025-11-06 13:45:00,26539.3,26550.6,26441.3,26445.4,3487.0
2025-11-06 14:30:00,26445.9,26552.4,26352.4,26388.5,9175.0
2025-11-06 15:15:00,26389.5,26457.5,26309.8,26315.6,8484.0
2025-11-06 16:00:00,26315.6,26358.2,26272.2,26282.2,8113.0
2025-11-06 16:45:00,26283.2,26337.5,26264.0,26291.6,7028.0
2025-11-06 17:30:00,26291.1,26348.9,26273.0,26303.0,6107.0
2025-11-06 18:15:00,26302.5,26409.0,26302.0,26386.6,5268.0
2025-11-06 19:00:00,26386.7,26456.2,26385.0,26427.4,4710.0
2025-11-06 19:45:00,26427.5,26428.1,26389.0,26406.9,4403.0
2025-11-06 20:30:00,26407.0,26421.0,26323.6,26357.1,4685.0
2025-11-06 21:15:00,26356.6,26386.1,26347.4,26381.8,1686.0
2025-11-06 22:00:00,26381.6,26388.4,26380.0,26384.0,184.0
2025-11-06 22:45:00,26384.1,26390.5,26369.3,26387.4,1384.0
2025-11-06 23:30:00,26387.6,26411.8,26382.0,26393.0,2716.0
2025-11-07 00:15:00,26392.9,26413.0,26385.9,26402.0,2443.0
2025-11-07 01:00:00,26402.9,26403.6,26277.6,26336.5,7492.0
2025-11-07 01:45:00,26337.0,26350.1,26221.2,26238.0,8748.0
2025-11-07 02:30:00,26237.0,26321.8,26224.7,26276.0,7535.0
2025-11-07 03:15:00,26277.0,26286.5,26155.1,26181.5,5526.0
2025-11-07 04:00:00,26158.1,26228.0,26129.9,26189.8,3140.0
2025-11-07 04:45:00,26190.0,26242.7,26170.2,26222.0,6025.0
2025-11-07 05:30:00,26224.0,26250.5,26169.9,26189.3,7150.0
2025-11-07 06:15:00,26189.8,26240.1,26188.3,26202.9,5335.0
2025-11-07 07:00:00,26203.4,26210.0,26166.9,26200.7,3923.0
2025-11-07 07:45:00,26201.2,26226.2,26161.1,26161.6,4110.0
2025-11-07 08:30:00,26162.1,26171.1,26141.3,26166.8,3499.0
2025-11-07 09:15:00,26167.1,26181.9,26105.2,26125.4,3515.0
2025-11-07 10:00:00,26125.9,26145.1,26086.0,26113.1,2993.0
2025-11-07 10:45:00,26112.6,26124.2,26013.4,26026.1,3676.0
2025-11-07 11:30:00,26026.6,26100.7,26009.4,26091.4,3987.0
2025-11-07 12:15:00,26090.9,26097.9,26018.6,26023.1,3602.0
2025-11-07 13:00:00,26021.6,26058.4,25992.5,26014.1,3996.0
2025-11-07 13:45:00,26013.6,26050.1,26013.1,26039.5,3645.0
2025-11-07 14:30:00,26040.0,26040.7,25935.9,26026.5,9373.0
2025-11-07 15:15:00,26026.0,26083.0,25980.9,25982.0,8568.0
2025-11-07 16:00:00,25982.5,26036.1,25967.7,26030.3,6694.0
2025-11-07 16:45:00,26030.8,26039.9,25947.9,26022.3,6347.0
2025-11-07 17:30:00,26022.8,26068.5,25995.9,26061.6,6403.0
2025-11-07 18:15:00,26062.1,26096.5,26045.4,26073.6,4957.0
2025-11-07 19:00:00,26073.8,26149.8,26068.7,26148.7,4477.0
2025-11-07 19:45:00,26148.8,26165.1,26072.1,26088.8,5913.0
2025-11-07 20:30:00,26089.0,26122.2,26073.9,26120.3,4587.0
2025-11-07 21:15:00,26120.7,26137.4,26118.4,26134.3,1353.0
2025-11-09 23:00:00,26232.8,26232.8,26157.2,26205.4,2962.0
2025-11-09 23:45:00,26205.1,26222.5,26139.1,26171.9,3545.0
2025-11-10 00:30:00,26171.6,26273.0,26149.0,26272.4,3295.0
2025-11-10 01:15:00,26271.6,26428.8,26271.4,26325.4,9679.0
2025-11-10 02:00:00,26324.9,26390.2,26294.6,26350.7,8938.0
2025-11-10 02:45:00,26351.2,26404.7,26344.9,26376.5,7642.0
2025-11-10 03:30:00,26377.5,26391.6,26362.5,26379.2,2755.0
2025-11-10 04:15:00,26379.4,26379.9,26362.3,26365.4,1294.0
2025-11-10 05:00:00,26366.0,26589.9,26366.0,26571.5,7668.0
2025-11-10 05:45:00,26572.0,26619.4,26553.2,26614.3,6603.0
2025-11-10 06:30:00,26613.8,26657.2,26603.9,26647.6,4990.0
2025-11-10 07:15:00,26646.6,26662.1,26638.5,26641.3,3585.0
2025-11-10 08:00:00,26643.3,26668.8,26617.7,26662.6,3562.0
2025-11-10 08:45:00,26662.3,26691.3,26639.5,26643.6,2752.0
2025-11-10 09:30:00,26644.1,26663.2,26636.8,26645.8,1978.0
2025-11-10 10:15:00,26646.3,26653.3,26609.8,26615.8,1591.0
2025-11-10 11:00:00,26615.3,26652.9,26604.3,26652.8,1419.0
2025-11-10 11:45:00,26652.4,26668.8,26644.5,26656.3,2042.0
2025-11-10 12:30:00,26655.8,26659.3,26627.9,26630.5,1678.0
2025-11-10 13:15:00,26631.0,26649.2,26598.6,26614.7,1828.0
2025-11-10 14:00:00,26614.2,26625.1,26548.8,26556.7,4475.0
2025-11-10 14:45:00,26558.7,26590.5,26512.4,26568.0,6422.0
2025-11-10 15:30:00,26568.5,26588.2,26500.8,26525.8,5360.0
2025-11-10 16:15:00,26525.3,26555.3,26493.4,26554.8,5392.0
2025-11-10 17:00:00,26553.8,26623.1,26547.7,26616.6,3568.0
2025-11-10 17:45:00,26617.1,26660.7,26617.1,26645.0,2124.0
2025-11-10 18:30:00,26646.5,26660.1,26604.3,26614.6,2041.0
2025-11-10 19:15:00,26614.5,26641.7,26609.2,26641.6,1799.0
2025-11-10 20:00:00,26641.5,26668.0,26639.4,26666.7,2082.0
2025-11-10 20:45:00,26666.6,26673.0,26634.2,26662.3,2253.0
2025-11-10 21:30:00,26662.9,26663.9,26651.1,26652.3,490.0
2025-11-10 22:00:00,26651.1,26661.4,26650.1,26661.1,103.0
2025-11-10 22:45:00,26661.0,26664.3,26647.4,26656.8,1103.0
2025-11-10 23:30:00,26657.4,26687.8,26649.2,26670.8,2242.0
2025-11-11 00:15:00,26671.0,26671.4,26625.0,26637.8,1748.0
2025-11-11 01:00:00,26638.4,26787.0,26636.5,26743.2,6681.0
2025-11-11 01:45:00,26742.7,26746.7,26603.5,26611.8,8880.0
2025-11-11 02:30:00,26610.8,26637.7,26511.0,26586.2,7668.0
2025-11-11 03:15:00,26586.7,26598.1,26534.0,26595.8,4720.0
2025-11-11 04:00:00,26584.4,26584.9,26563.0,26564.9,1148.0
2025-11-11 04:45:00,26565.2,26588.4,26511.6,26550.5,5606.0
2025-11-11 05:30:00,26551.0,26608.8,26530.0,26586.6,6715.0
2025-11-11 06:15:00,26586.1,26634.9,26574.4,26615.9,6279.0
2025-11-11 07:00:00,26616.4,26699.4,26589.1,26698.0,4646.0
2025-11-11 07:45:00,26699.0,26737.3,26671.6,26715.3,4250.0
2025-11-11 08:30:00,26702.5,26706.4,26680.2,26684.3,2307.0
2025-11-11 09:15:00,26684.6,26752.2,26684.6,26709.2,2614.0
2025-11-11 10:00:00,26708.7,26738.4,26699.6,26727.1,1814.0
2025-11-11 10:45:00,26727.6,26750.8,26725.5,26735.5,1430.0
2025-11-11 11:30:00,26735.6,26752.0,26712.9,26751.4,1801.0
2025-11-11 12:15:00,26751.9,26754.6,26727.4,26728.9,1763.0
2025-11-11 13:00:00,26729.9,26787.2,26728.5,26780.1,2240.0
2025-11-11 13:45:00,26780.6,26789.3,26764.2,26784.8,1648.0
2025-11-11 14:30:00,26784.3,26843.5,26762.7,26774.5,7119.0
2025-11-11 15:15:00,26775.0,26789.1,26716.3,26741.4,6070.0
2025-11-11 16:00:00,26740.5,26780.4,26730.9,26754.3,5221.0
2025-11-11 16:45:00,26754.8,26796.3,26743.1,26778.4,3840.0
2025-11-11 17:30:00,26778.9,26802.7,26769.4,26796.6,2542.0
2025-11-11 18:15:00,26797.1,26839.1,26796.1,26824.8,2686.0
2025-11-11 19:00:00,26824.6,26832.7,26806.9,26807.1,2641.0
2025-11-11 19:45:00,26803.1,26803.4,26756.3,26765.2,1899.0
2025-11-11 20:30:00,26764.9,26775.6,26748.3,26775.6,2352.0
2025-11-11 21:15:00,26775.9,26779.3,26765.4,26776.4,911.0
2025-11-11 22:00:00,26775.8,26777.3,26773.9,26775.9,66.0
2025-11-11 22:45:00,26774.8,26790.5,26769.3,26788.5,1028.0
2025-11-11 23:30:00,26788.8,26796.4,26780.4,26780.7,1607.0
2025-11-12 00:15:00,26780.8,26802.3,26778.6,26787.7,1568.0
2025-11-12 01:00:00,26787.2,26848.5,26749.9,26846.9,5966.0
2025-11-12 01:45:00,26847.0,27003.4,26833.1,26995.5,8228.0
2025-11-12 02:30:00,26997.0,27027.9,26823.4,26863.1,8197.0
2025-11-12 03:15:00,26862.6,26899.3,26831.9,26863.7,5160.0
2025-11-12 04:00:00,26850.2,26851.8,26836.3,26839.8,1188.0
2025-11-12 04:45:00,26839.7,26854.8,26771.3,26801.3,5507.0
2025-11-12 05:30:00,26802.8,26881.0,26794.9,26845.3,7141.0
2025-11-12 06:15:00,26846.8,26869.6,26829.7,26862.6,1817.0
2025-11-12 07:00:00,26885.8,26889.8,26869.3,26878.3,1600.0
2025-11-12 07:45:00,26877.8,26918.5,26860.8,26903.5,2275.0
2025-11-12 08:30:00,26903.0,26905.0,26867.0,26874.0,920.0
2025-11-12 09:15:00,26897.0,26910.0,26870.0,26888.0,1346.0
2025-11-12 10:00:00,26887.0,26898.0,26841.0,26852.0,1398.0
2025-11-12 10:45:00,26851.5,26905.4,26850.5,26893.3,1330.0
2025-11-12 11:30:00,26892.8,26941.5,26886.3,26941.3,1741.0
2025-11-12 12:15:00,26941.6,26949.8,26929.2,26949.4,1185.0
2025-11-12 13:00:00,26949.9,26958.2,26915.0,26925.2,1670.0
2025-11-12 13:45:00,26925.9,26932.2,26863.9,26868.0,1984.0
2025-11-12 14:30:00,26867.5,26870.5,26752.8,26777.2,9406.0
2025-11-12 15:15:00,26776.5,26845.2,26771.2,26818.9,6270.0
2025-11-12 16:00:00,26819.9,26856.9,26809.5,26841.0,3647.0
2025-11-12 16:45:00,26841.5,26854.0,26796.9,26815.3,3864.0
2025-11-12 17:30:00,26813.3,26859.7,26812.1,26859.2,3003.0
2025-11-12 18:15:00,26858.7,26883.7,26844.2,26865.5,2131.0
2025-11-12 19:00:00,26858.8,26862.7,26831.6,26845.0,2411.0
2025-11-12 19:45:00,26844.8,26855.6,26815.8,26855.0,2287.0
2025-11-12 20:30:00,26855.1,26869.7,26839.3,26860.7,2325.0
2025-11-12 21:15:00,26861.3,26861.3,26846.0,26846.3,852.0
2025-11-12 22:00:00,26846.5,26851.6,26846.3,26851.5,121.0
2025-11-12 22:45:00,26851.6,26854.5,26804.4,26822.3,1534.0
2025-11-12 23:30:00,26822.2,26843.5,26804.0,26837.8,2315.0
2025-11-13 00:15:00,26837.2,26843.6,26794.8,26797.8,2171.0
2025-11-13 01:00:00,26796.7,26894.3,26743.8,26858.7,4831.0
2025-11-13 01:45:00,26860.2,26911.0,26766.3,26791.1,5480.0
2025-11-13 02:30:00,26790.1,26859.3,26765.2,26834.9,4902.0
2025-11-13 03:15:00,26836.4,26848.7,26730.6,26764.7,3825.0
2025-11-13 04:00:00,26749.8,26776.1,26748.1,26776.1,1027.0
2025-11-13 04:45:00,26776.7,26827.7,26763.8,26806.1,3518.0
2025-11-13 05:30:00,26807.6,26919.1,26804.6,26912.8,4358.0
2025-11-13 06:15:00,26909.8,27172.9,26892.1,27097.5,5115.0
2025-11-13 07:00:00,27094.9,27094.9,26962.6,27042.2,4892.0
2025-11-13 07:45:00,27043.2,27090.6,27035.6,27063.9,3523.0
2025-11-13 08:30:00,27051.8,27096.6,27049.0,27060.4,2517.0
2025-11-13 09:15:00,27061.6,27106.5,27020.1,27077.9,2706.0
2025-11-13 10:00:00,27080.9,27082.9,27051.8,27059.6,2141.0
2025-11-13 10:45:00,27059.1,27077.1,27041.0,27048.9,2197.0
2025-11-13 11:30:00,27049.4,27054.9,27022.9,27039.4,2482.0
2025-11-13 12:15:00,27039.9,27100.9,27039.4,27088.9,2072.0
2025-11-13 13:00:00,27088.4,27090.4,27029.7,27039.0,2990.0
2025-11-13 13:45:00,27039.5,27052.1,26999.0,27018.8,3425.0
2025-11-13 14:30:00,27020.3,27039.7,26908.1,26964.7,5412.0
2025-11-13 15:15:00,26963.7,26974.2,26833.2,26855.6,5014.0
2025-11-13 16:00:00,26853.1,26868.9,26765.6,26777.9,4832.0
2025-11-13 16:45:00,26778.4,26817.8,26729.8,26776.3,4764.0
2025-11-13 17:30:00,26775.3,26792.8,26700.7,26723.9,4382.0
2025-11-13 18:15:00,26724.4,26728.3,26612.9,26672.8,4284.0
2025-11-13 19:00:00,26673.2,26730.1,26643.6,26690.8,4129.0
2025-11-13 19:45:00,26690.7,26712.3,26673.0,26686.4,4196.0
2025-11-13 20:30:00,26686.5,26748.8,26683.0,26748.7,3985.0
2025-11-13 21:15:00,26749.1,26753.2,26704.7,26706.9,2037.0
2025-11-13 22:00:00,26708.0,26711.7,26699.6,26711.2,221.0
2025-11-13 22:45:00,26711.3,26726.0,26694.6,26714.9,1650.0
2025-11-13 23:30:00,26715.1,26721.7,26680.5,26695.5,2392.0
2025-11-14 00:15:00,26695.8,26705.4,26667.1,26672.3,2242.0
2025-11-14 01:00:00,26672.0,26765.4,26591.1,26704.4,4609.0
2025-11-14 01:45:00,26705.4,26838.5,26697.9,26836.0,5237.0
2025-11-14 02:30:00,26834.5,26862.6,26734.7,26763.4,4815.0
2025-11-14 03:15:00,26765.4,26797.8,26696.4,26711.4,3772.0
2025-11-14 04:00:00,26696.1,26699.7,26661.5,26669.4,2364.0
2025-11-14 04:45:00,26669.7,26699.0,26611.4,26652.5,3983.0
2025-11-14 05:30:00,26651.5,26711.7,26633.7,26684.1,4379.0
2025-11-14 06:15:00,26683.1,26687.7,26593.7,26623.5,4294.0
2025-11-14 07:00:00,26624.5,26624.5,26527.0,26567.9,4226.0
2025-11-14 07:45:00,26568.4,26583.8,26544.3,26563.5,3774.0
2025-11-14 08:30:00,26557.7,26610.4,26539.5,26597.4,3982.0
2025-11-14 09:15:00,26597.2,26597.2,26531.7,26548.2,3078.0
2025-11-14 10:00:00,26547.2,26569.8,26518.8,26529.0,2566.0
2025-11-14 10:45:00,26528.0,26528.5,26432.3,26450.3,2967.0
2025-11-14 11:30:00,26449.8,26456.5,26385.4,26401.1,3684.0
2025-11-14 12:15:00,26400.6,26469.4,26379.6,26458.2,3683.0
2025-11-14 13:00:00,26457.7,26469.5,26389.1,26393.9,3653.0
2025-11-14 13:45:00,26394.4,26448.4,26383.3,26426.3,3425.0
2025-11-14 14:30:00,26425.3,26589.2,26380.7,26510.5,5363.0
2025-11-14 15:15:00,26508.5,26638.7,26490.9,26624.5,4988.0
2025-11-14 16:00:00,26626.0,26690.7,26585.6,26672.3,4286.0
2025-11-14 16:45:00,26671.3,26680.3,26649.5,26671.6,4154.0
2025-11-14 17:30:00,26672.1,26690.3,26363.7,26517.7,4752.0
2025-11-14 18:15:00,26516.2,26517.2,26429.2,26473.5,5078.0
2025-11-14 19:00:00,26460.6,26504.1,26445.6,26482.4,3796.0
2025-11-14 19:45:00,26482.7,26505.2,26407.6,26426.6,3452.0
2025-11-14 20:30:00,26426.5,26473.7,26410.9,26470.4,3466.0
2025-11-14 21:15:00,26470.6,26483.1,26468.2,26474.3,1328.0
2025-11-16 23:00:00,26432.5,26517.5,26411.5,26516.3,3011.0
2025-11-16 23:45:00,26517.2,26522.8,26490.6,26520.8,3267.0
2025-11-17 00:30:00,26521.0,26532.0,26450.3,26493.9,3316.0
2025-11-17 01:15:00,26498.8,26532.1,26344.2,26346.0,5813.0
2025-11-17 02:00:00,26345.5,26500.6,26339.0,26424.8,5562.0
2025-11-17 02:45:00,26426.8,26475.8,26329.4,26348.7,4921.0
2025-11-17 03:30:00,26347.7,26364.9,26310.1,26337.5,2632.0
2025-11-17 04:15:00,26337.8,26359.0,26337.5,26354.4,991.0
2025-11-17 05:00:00,26356.0,26405.8,26275.2,26285.7,4624.0
2025-11-17 05:45:00,26286.2,26318.9,26241.6,26285.6,4496.0
2025-11-17 06:30:00,26286.1,26325.4,26270.4,26305.9,3846.0
2025-11-17 07:15:00,26306.4,26369.0,26306.2,26338.1,3402.0
2025-11-17 08:00:00,26338.2,26380.3,26331.5,26343.7,2896.0
2025-11-17 08:45:00,26343.4,26359.2,26292.3,26298.9,2975.0
2025-11-17 09:30:00,26299.4,26317.1,26280.6,26283.1,2391.0
2025-11-17 10:15:00,26282.6,26288.1,26238.4,26242.0,2400.0
2025-11-17 11:00:00,26241.0,26308.8,26231.5,26262.6,2468.0
2025-11-17 11:45:00,26263.1,26269.8,26215.7,26246.1,2420.0
2025-11-17 12:30:00,26243.6,26265.6,26214.6,26222.4,2458.0
2025-11-17 13:15:00,26221.9,26233.1,26190.7,26229.1,2665.0
2025-11-17 14:00:00,26227.1,26305.3,26172.3,26283.1,3757.0
2025-11-17 14:45:00,26282.6,26334.8,26260.2,26303.1,5116.0
2025-11-17 15:30:00,26303.6,26313.8,26202.0,26209.4,4622.0
2025-11-17 16:15:00,26209.9,26312.0,26185.2,26301.2,4055.0
2025-11-17 17:00:00,26303.2,26304.7,26246.1,26248.1,3807.0
2025-11-17 17:45:00,26248.6,26258.1,26206.5,26213.8,3820.0
2025-11-17 18:30:00,26213.3,26247.0,26121.4,26140.0,3731.0
2025-11-17 19:15:00,26140.2,26140.8,26022.1,26022.4,4123.0
2025-11-17 20:00:00,26022.4,26082.2,26009.1,26082.2,4322.0
2025-11-17 20:45:00,26082.3,26132.4,26081.6,26122.5,3040.0
2025-11-17 21:30:00,26122.2,26124.5,26109.2,26121.9,993.0
2025-11-17 22:00:00,26120.0,26123.0,26118.9,26120.6,125.0
2025-11-17 22:45:00,26120.7,26158.3,26117.6,26148.1,1652.0
2025-11-17 23:30:00,26148.7,26156.4,26140.1,26146.1,2279.0
2025-11-18 00:15:00,26146.3,26147.2,26075.7,26106.1,3244.0
2025-11-18 01:00:00,26107.8,26156.1,26046.3,26079.3,4779.0
2025-11-18 01:45:00,26080.3,26145.5,25966.4,26144.5,5615.0
2025-11-18 02:30:00,26147.0,26161.7,26023.1,26032.2,5177.0
2025-11-18 03:15:00,26032.8,26080.3,25957.8,25978.0,3908.0
2025-11-18 04:00:00,25962.6,25962.6,25867.0,25933.2,3737.0
2025-11-18 04:45:00,25932.6,25962.2,25909.4,25918.4,4386.0
2025-11-18 05:30:00,25919.4,25988.5,25880.3,25894.0,4520.0
2025-11-18 06:15:00,25895.5,25897.0,25839.2,25862.7,4316.0
2025-11-18 07:00:00,25858.7,25909.3,25808.0,25892.7,3872.0
2025-11-18 07:45:00,25893.2,25921.1,25865.1,25897.8,3817.0
2025-11-18 08:30:00,25893.2,25948.3,25887.6,25944.9,4204.0
2025-11-18 09:15:00,25945.0,26002.8,25935.3,25979.2,3094.0
2025-11-18 10:00:00,25977.7,25984.6,25935.4,25954.3,2402.0
2025-11-18 10:45:00,25954.8,25971.7,25899.2,25908.1,2463.0
2025-11-18 11:30:00,25908.6,25928.1,25870.3,25874.6,2648.0
2025-11-18 12:15:00,25874.1,25919.4,25858.6,25878.0,2987.0
2025-11-18 13:00:00,25879.0,25930.8,25878.5,25893.4,3367.0
2025-11-18 13:45:00,25892.9,25913.9,25851.6,25874.3,3120.0
2025-11-18 14:30:00,25866.3,25991.2,25840.1,25871.4,5504.0
2025-11-18 15:15:00,25870.4,25980.5,25847.1,25890.6,5360.0
2025-11-18 16:00:00,25887.1,25979.0,25854.2,25969.3,4950.0
2025-11-18 16:45:00,25968.8,25985.2,25920.6,25927.6,4369.0
2025-11-18 17:30:00,25927.1,26068.3,25923.2,26058.3,4330.0
2025-11-18 18:15:00,26058.8,26076.8,26005.8,26005.8,3883.0
2025-11-18 19:00:00,26006.1,26056.4,26004.9,26019.7,4359.0
2025-11-18 19:45:00,26019.8,26051.4,26004.9,26017.7,4299.0
2025-11-18 20:30:00,26017.8,26032.8,25953.9,25970.9,4196.0
2025-11-18 21:15:00,25970.3,25978.3,25956.7,25968.5,2254.0
2025-11-18 22:00:00,25966.9,25974.7,25964.5,25973.7,118.0
2025-11-18 22:45:00,25973.8,26016.9,25971.5,26011.7,1891.0
2025-11-18 23:30:00,26012.8,26017.8,25967.9,25969.8,2751.0
2025-11-19 00:15:00,25970.1,25997.9,25951.4,25991.6,3918.0
2025-11-19 01:00:00,25993.4,26003.1,25879.1,25935.0,5060.0
2025-11-19 01:45:00,25936.9,25966.5,25864.4,25962.0,5408.0
2025-11-19 02:30:00,25961.0,26024.5,25884.9,25895.2,4941.0
2025-11-19 03:15:00,25891.2,25902.1,25788.8,25805.6,4082.0
2025-11-19 04:00:00,25786.0,25796.5,25766.4,25784.2,3010.0
2025-11-19 04:45:00,25784.0,25847.0,25739.0,25747.9,4213.0
2025-11-19 05:30:00,25749.9,25828.5,25726.0,25788.9,4835.0
2025-11-19 06:15:00,25787.9,25873.3,25783.5,25831.9,4501.0
2025-11-19 07:00:00,25832.9,25844.1,25798.0,25838.1,3256.0
2025-11-19 07:45:00,25839.1,25841.9,25764.6,25809.7,3528.0
2025-11-19 08:30:00,25801.7,25809.4,25771.2,25804.6,3343.0
2025-11-19 09:15:00,25804.0,25840.3,25756.1,25834.4,2425.0
2025-11-19 10:00:00,25832.9,25858.6,25824.4,25856.7,1832.0
2025-11-19 10:45:00,25856.2,25892.4,25837.2,25881.9,1751.0
2025-11-19 11:30:00,25881.4,25890.7,25860.5,25879.6,1674.0
2025-11-19 12:15:00,25879.1,25883.2,25838.6,25838.6,1955.0
2025-11-19 13:00:00,25838.1,25863.9,25824.5,25846.5,2240.0
2025-11-19 13:45:00,25847.0,25854.0,25784.3,25784.3,2611.0
2025-11-19 14:30:00,25787.3,25852.2,25743.8,25851.8,4994.0
2025-11-19 15:15:00,25852.3,25868.3,25749.8,25760.5,4476.0
2025-11-19 16:00:00,25758.0,25768.6,25668.7,25700.1,4737.0
2025-11-19 16:45:00,25699.6,25739.0,25689.0,25720.2,4681.0
2025-11-19 17:30:00,25719.7,25767.8,25665.3,25761.6,4362.0
2025-11-19 18:15:00,25761.1,25805.4,25734.1,25777.1,4008.0
2025-11-19 19:00:00,25776.7,25777.8,25695.4,25698.1,4141.0
2025-11-19 19:45:00,25697.9,25780.2,25693.6,25753.7,4150.0
2025-11-19 20:30:00,25753.4,25781.7,25726.8,25754.3,4446.0
2025-11-19 21:15:00,25753.7,25858.5,25741.9,25835.6,4732.0
2025-11-19 22:00:00,25837.9,25996.8,25831.8,25921.4,639.0
2025-11-19 22:45:00,25922.0,26030.5,25920.5,25996.0,2774.0
2025-11-19 23:30:00,25995.7,26027.1,25977.0,26010.3,3020.0
2025-11-20 00:15:00,26010.6,26080.8,26009.9,26028.7,2602.0
2025-11-20 01:00:00,26029.0,26044.9,25926.4,25946.5,4330.0
2025-11-20 01:45:00,25946.0,25989.3,25799.5,25800.5,5440.0
2025-11-20 02:30:00,25800.7,25990.4,25743.9,25790.7,5896.0
2025-11-20 03:15:00,25789.7,25963.7,25784.1,25846.5,4832.0
2025-11-20 04:00:00,25835.5,25851.9,25833.3,25851.9,2010.0
2025-11-20 04:45:00,25851.4,25898.2,25797.2,25807.5,3664.0
2025-11-20 05:30:00,25806.5,25816.0,25744.7,25750.0,4484.0
2025-11-20 06:15:00,25749.5,25766.8,25670.5,25730.2,4644.0
2025-11-20 07:00:00,25731.2,25792.4,25707.6,25787.9,3590.0
2025-11-20 07:45:00,25788.4,25853.3,25783.1,25835.6,3444.0
2025-11-20 08:30:00,25828.4,25840.9,25795.9,25806.3,3092.0
2025-11-20 09:15:00,25805.7,25846.8,25788.4,25816.3,2263.0
2025-11-20 10:00:00,25817.3,25881.2,25811.5,25857.1,2219.0
2025-11-20 10:45:00,25856.6,25873.7,25796.3,25803.6,2044.0
2025-11-20 11:30:00,25804.1,25825.1,25780.4,25810.5,1961.0
2025-11-20 12:15:00,25810.0,25833.3,25795.2,25833.3,1535.0
2025-11-20 13:00:00,25832.8,25910.1,25816.3,25868.4,3150.0
2025-11-20 13:45:00,25867.4,25927.2,25860.2,25882.4,3575.0
2025-11-20 14:30:00,25886.9,25951.5,25830.4,25849.2,5038.0
2025-11-20 15:15:00,25849.7,25905.2,25807.8,25815.2,4414.0
2025-11-20 16:00:00,25814.2,25816.2,25588.3,25606.9,5001.0
2025-11-20 16:45:00,25605.9,25644.5,25483.8,25508.0,5464.0
2025-11-20 17:30:00,25506.0,25586.6,25424.7,25586.6,5117.0
2025-11-20 18:15:00,25587.1,25592.7,25417.2,25433.1,4984.0
2025-11-20 19:00:00,25432.7,25491.5,25415.4,25450.5,5092.0
2025-11-20 19:45:00,25450.7,25478.4,25425.4,25439.9,4888.0
2025-11-20 20:30:00,25440.1,25443.8,25390.5,25406.8,4762.0
2025-11-20 21:15:00,25406.3,25412.2,25392.1,25397.4,2410.0
2025-11-20 22:00:00,25385.3,25386.7,25370.1,25370.9,305.0
2025-11-20 22:45:00,25370.1,25479.9,25370.0,25465.3,2757.0
2025-11-20 23:30:00,25465.1,25501.6,25434.2,25479.4,3948.0
2025-11-21 00:15:00,25479.7,25499.0,25473.3,25489.4,3043.0
2025-11-21 01:00:00,25488.8,25539.1,25274.1,25396.8,5235.0
2025-11-21 01:45:00,25398.3,25465.5,25264.0,25267.3,5876.0
2025-11-21 02:30:00,25266.5,25301.2,25178.5,25213.6,5499.0
2025-11-21 03:15:00,25213.1,25304.3,25198.4,25284.8,4441.0
2025-11-21 04:00:00,25272.7,25277.4,25216.7,25218.8,3177.0
2025-11-21 04:45:00,25218.6,25443.3,25218.6,25401.3,4557.0
2025-11-21 05:30:00,25399.8,25457.6,25379.7,25440.0,5079.0
2025-11-21 06:15:00,25437.5,25454.2,25311.2,25312.2,4663.0
2025-11-21 07:00:00,25311.8,25313.3,25197.7,25198.2,4136.0
2025-11-21 07:45:00,25197.0,25242.8,25156.7,25222.7,4297.0
2025-11-21 08:30:00,25220.0,25234.1,25184.0,25213.2,4019.0
2025-11-21 09:15:00,25213.5,25252.1,25145.4,25147.9,3705.0
2025-11-21 10:00:00,25146.4,25154.1,25025.7,25129.0,4556.0
2025-11-21 10:45:00,25128.0,25216.8,25109.5,25167.7,4178.0
2025-11-21 11:30:00,25166.7,25176.8,25111.8,25137.3,3808.0
2025-11-21 12:15:00,25136.3,25279.3,25078.3,25247.7,4852.0
2025-11-21 13:00:00,25246.7,25278.1,25215.7,25249.2,3879.0
2025-11-21 13:45:00,25248.7,25272.7,25220.5,25241.6,3595.0
2025-11-21 14:30:00,25238.1,25336.8,25231.1,25276.3,5376.0
2025-11-21 15:15:00,25276.8,25318.4,25144.6,25202.6,5342.0
2025-11-21 16:00:00,25201.6,25347.7,25179.6,25347.7,5058.0
2025-11-21 16:45:00,25346.7,25465.1,25330.2,25464.6,4678.0
2025-11-21 17:30:00,25466.1,25488.3,25417.6,25431.7,4490.0
2025-11-21 18:15:00,25428.7,25568.8,25416.2,25520.7,4572.0
2025-11-21 19:00:00,25520.4,25559.5,25491.1,25494.3,4364.0
2025-11-21 19:45:00,25494.4,25501.2,25455.1,25455.3,4163.0
2025-11-21 20:30:00,25454.7,25484.9,25434.2,25473.7,4326.0
2025-11-21 21:15:00,25472.8,25485.5,25460.5,25481.6,1672.0
2025-11-23 23:00:00,25555.8,25560.5,25515.9,25521.7,2705.0
2025-11-23 23:45:00,25521.4,25531.4,25469.5,25493.6,2521.0
2025-11-24 00:30:00,25493.3,25560.0,25491.8,25558.2,2379.0
2025-11-24 01:15:00,25556.6,25572.0,25418.1,25442.7,5641.0
2025-11-24 02:00:00,25443.7,25635.8,25361.5,25614.0,5699.0
2025-11-24 02:45:00,25612.0,25631.3,25506.9,25541.1,5107.0
2025-11-24 03:30:00,25541.6,25571.3,25508.4,25545.2,2702.0
2025-11-24 04:15:00,25544.9,25549.7,25531.4,25539.7,2336.0
2025-11-24 05:00:00,25539.6,25730.9,25499.1,25712.0,5089.0
2025-11-24 05:45:00,25710.5,25753.9,25667.0,25740.3,4735.0
2025-11-24 06:30:00,25741.8,25747.8,25624.2,25667.9,4084.0
2025-11-24 07:15:00,25669.4,25685.4,25633.2,25652.5,3265.0
2025-11-24 08:00:00,25654.0,25721.5,25614.4,25674.9,3408.0
2025-11-24 08:45:00,25675.2,25697.5,25590.2,25593.8,2908.0
2025-11-24 09:30:00,25593.3,25669.3,25589.3,25639.5,3384.0
2025-11-24 10:15:00,25639.0,25666.4,25610.7,25657.5,3024.0
2025-11-24 11:00:00,25657.0,25684.6,25636.2,25681.6,2432.0
2025-11-24 11:45:00,25682.1,25730.9,25669.2,25726.9,2466.0
2025-11-24 12:30:00,25727.4,25782.2,25719.8,25776.0,2156.0
2025-11-24 13:15:00,25776.5,25788.5,25733.8,25739.4,2225.0
2025-11-24 14:00:00,25737.9,25827.9,25712.1,25764.6,3428.0
2025-11-24 14:45:00,25762.1,25820.6,25715.8,25812.0,5029.0
2025-11-24 15:30:00,25811.5,25838.8,25796.5,25812.1,3558.0
2025-11-24 16:15:00,25812.6,25828.8,25748.3,25751.5,3248.0
2025-11-24 17:00:00,25753.5,25817.7,25721.7,25805.4,3201.0
2025-11-24 17:45:00,25804.4,25858.9,25804.4,25850.2,2241.0
2025-11-24 18:30:00,25849.7,25871.3,25844.1,25855.5,1894.0
2025-11-24 19:15:00,25855.6,25857.9,25809.3,25816.3,2249.0
2025-11-24 20:00:00,25816.4,25848.6,25815.5,25847.7,2285.0
2025-11-24 20:45:00,25848.0,25865.9,25836.2,25861.7,2251.0
2025-11-24 21:30:00,25862.0,25869.8,25859.8,25863.7,473.0
2025-11-24 22:00:00,25863.2,25866.8,25856.2,25857.8,145.0
2025-11-24 22:45:00,25857.0,25875.2,25856.4,25867.7,1263.0
2025-11-24 23:30:00,25868.2,25875.7,25853.8,25858.0,1755.0
2025-11-25 00:15:00,25858.2,25861.6,25841.7,25859.6,1949.0
2025-11-25 01:00:00,25858.4,25979.0,25852.0,25917.5,4249.0
2025-11-25 01:45:00,25918.0,26012.7,25886.2,26009.0,5172.0
2025-11-25 02:30:00,26012.5,26048.2,25980.6,25999.2,4529.0
2025-11-25 03:15:00,25998.8,26027.6,25852.9,25866.0,4113.0
2025-11-25 04:00:00,25854.5,25901.1,25853.3,25891.2,1061.0
2025-11-25 04:45:00,25891.5,25937.8,25823.2,25823.2,3630.0
2025-11-25 05:30:00,25823.7,25890.2,25812.3,25824.1,4442.0
2025-11-25 06:15:00,25823.1,25827.8,25742.9,25783.8,4460.0
2025-11-25 07:00:00,25779.3,25902.8,25766.4,25900.0,3496.0
2025-11-25 07:45:00,25900.5,25922.0,25871.7,25904.2,3241.0
2025-11-25 08:30:00,25892.4,25894.2,25856.8,25868.1,2700.0
2025-11-25 09:15:00,25868.4,25901.0,25839.6,25878.2,1755.0
2025-11-25 10:00:00,25878.9,25975.6,25801.7,25974.1,2627.0
2025-11-25 10:45:00,25973.6,26012.3,25933.0,25975.7,3108.0
2025-11-25 11:30:00,25975.2,25982.3,25942.1,25981.3,2507.0
2025-11-25 12:15:00,25981.8,26049.9,25943.5,25980.3,3368.0
2025-11-25 13:00:00,25979.3,26085.0,25978.8,26048.0,3450.0
2025-11-25 13:45:00,26048.5,26106.2,26010.3,26023.9,2781.0
2025-11-25 14:30:00,26022.4,26045.9,25868.2,25906.7,5574.0
2025-11-25 15:15:00,25905.7,25993.4,25888.8,25938.5,5091.0
2025-11-25 16:00:00,25929.5,25975.1,25909.1,25928.8,4285.0
2025-11-25 16:45:00,25928.3,26038.6,25914.3,25999.5,3513.0
2025-11-25 17:30:00,26000.0,26033.6,25966.5,25995.2,3004.0
2025-11-25 18:15:00,25994.7,26008.1,25955.6,25955.6,2353.0
2025-11-25 19:00:00,25955.4,25967.2,25942.1,25962.6,2437.0
2025-11-25 19:45:00,25962.7,25988.5,25962.0,25967.6,1959.0
2025-11-25 20:30:00,25967.8,25993.0,25963.0,25970.6,2247.0
2025-11-25 21:15:00,25970.8,25971.2,25963.2,25966.8,573.0
2025-11-25 22:00:00,25966.9,25970.0,25966.1,25969.5,85.0
2025-11-25 22:45:00,25969.7,25981.7,25963.1,25977.2,903.0
2025-11-25 23:30:00,25977.8,25983.5,25968.3,25977.2,1564.0
2025-11-26 00:15:00,25977.5,26013.2,25977.5,26010.9,1613.0
2025-11-26 01:00:00,26010.6,26164.7,25987.9,26130.8,4191.0
2025-11-26 01:45:00,26129.3,26148.3,25999.9,26000.4,4936.0
2025-11-26 02:30:00,25999.8,26061.6,25951.8,26035.6,4309.0
2025-11-26 03:15:00,26036.6,26050.6,25991.7,26028.8,3015.0
2025-11-26 04:00:00,26018.0,26018.7,26002.1,26003.3,707.0
2025-11-26 04:45:00,26003.7,26058.8,26003.1,26029.7,2664.0
2025-11-26 05:30:00,26027.7,26047.0,25947.7,25995.2,3561.0
2025-11-26 06:15:00,25994.2,26048.5,25964.2,25990.1,3365.0
2025-11-26 07:00:00,25989.6,26029.8,25928.1,25956.7,2591.0
2025-11-26 07:45:00,25955.7,25955.7,25891.3,25914.8,2792.0
2025-11-26 08:30:00,25899.2,25900.5,25872.7,25886.4,2361.0
2025-11-26 09:15:00,25885.9,25920.8,25856.9,25894.0,1976.0
2025-11-26 10:00:00,25894.5,25924.4,25893.5,25909.8,1201.0
2025-11-26 10:45:00,25909.3,25927.9,25907.3,25924.9,1054.0
2025-11-26 11:30:00,25925.4,25938.8,25850.0,25885.3,2292.0
2025-11-26 12:15:00,25886.3,25924.0,25867.0,25921.7,1644.0
2025-11-26 13:00:00,25924.7,25985.8,25920.5,25965.6,1957.0
2025-11-26 13:45:00,25965.1,25972.8,25929.7,25939.9,1900.0
2025-11-26 14:30:00,25942.4,26027.5,25889.4,25919.8,4215.0
2025-11-26 15:15:00,25918.8,25968.4,25913.3,25965.7,3088.0
2025-11-26 16:00:00,25966.2,25990.5,25937.7,25979.0,2019.0
2025-11-26 16:45:00,25979.5,25996.5,25965.0,25978.6,1474.0
2025-11-26 17:30:00,25979.1,26012.0,25747.1,25893.9,1723.0
2025-11-26 18:15:00,25896.4,25964.6,25890.2,25911.4,2152.0
2025-11-26 19:00:00,25911.3,25929.2,25899.8,25910.5,1932.0
2025-11-26 19:45:00,25910.7,25924.2,25900.3,25923.6,1622.0
2025-11-26 20:30:00,25923.5,25938.6,25897.6,25908.1,1923.0
2025-11-26 21:15:00,25908.4,25918.0,25904.3,25916.3,537.0
2025-11-26 22:00:00,25916.3,25917.4,25910.3,25913.7,74.0
2025-11-26 22:45:00,25913.8,25920.3,25906.0,25908.1,530.0
2025-11-26 23:30:00,25907.8,25918.0,25905.1,25917.6,1397.0
2025-11-27 00:15:00,25917.9,25919.5,25910.0,25918.6,833.0
2025-11-27 01:00:00,25919.2,25984.6,25834.2,25877.8,3868.0
2025-11-27 01:45:00,25881.8,26092.4,25861.0,25991.7,5453.0
2025-11-27 02:30:00,25998.7,26056.5,25876.1,25898.8,5089.0
2025-11-27 03:15:00,25903.3,26032.6,25891.4,26021.1,3633.0
2025-11-27 04:00:00,26021.3,26021.3,26005.5,26006.5,427.0
2025-11-27 04:45:00,26007.1,26127.5,26005.8,26100.0,3399.0
2025-11-27 05:30:00,26106.5,26128.9,26034.9,26054.7,4424.0
2025-11-27 06:15:00,26055.2,26058.2,25916.7,25936.9,4459.0
2025-11-27 07:00:00,25933.4,25987.3,25925.0,25947.6,3160.0
2025-11-27 07:45:00,25949.6,25974.5,25921.5,25955.6,3112.0
2025-11-27 08:30:00,25946.0,25949.8,25933.1,25933.8,1255.0
2025-11-27 09:15:00,25944.1,25953.2,25898.5,25906.3,1754.0
2025-11-27 10:00:00,25906.8,25935.0,25901.2,25934.5,1233.0
2025-11-27 10:45:00,25934.0,25952.6,25924.7,25937.6,1100.0
2025-11-27 11:30:00,25937.1,25950.8,25918.7,25941.4,1074.0
2025-11-27 12:15:00,25940.9,25965.4,25937.4,25957.5,953.0
2025-11-27 13:00:00,25958.0,25978.9,25946.1,25970.3,1134.0
2025-11-27 13:45:00,25970.8,25986.9,25965.0,25980.4,946.0
2025-11-27 14:30:00,25981.9,25984.4,25961.5,25973.6,868.0
2025-11-27 15:15:00,25973.1,25979.7,25943.8,25974.0,916.0
2025-11-27 16:00:00,25973.5,25978.0,25939.1,25946.1,772.0
2025-11-27 16:45:00,25943.6,25955.7,25937.6,25946.3,372.0
2025-11-27 17:30:00,25946.8,25960.9,25942.4,25954.4,262.0
2025-11-27 18:15:00,25953.9,25958.9,25940.0,25947.5,242.0
2025-11-27 19:45:00,25931.0,25933.4,25931.0,25931.2,5.0
2025-11-27 20:30:00,25933.4,25940.2,25932.3,25940.2,15.0
2025-11-27 22:45:00,25932.9,25945.1,25932.1,25943.3,583.0
2025-11-27 23:30:00,25943.0,25955.0,25939.0,25953.5,604.0
2025-11-28 00:15:00,25953.6,25959.8,25950.0,25953.2,701.0
2025-11-28 01:00:00,25953.0,26028.1,25907.5,25914.5,3480.0
2025-11-28 01:45:00,25912.0,25931.3,25826.5,25903.2,5274.0
2025-11-28 02:30:00,25905.2,25956.2,25873.2,25921.3,4431.0
2025-11-28 03:15:00,25920.8,25949.3,25910.3,25917.9,2497.0
2025-11-28 04:00:00,25908.1,25917.5,25905.5,25906.2,30.0
2025-11-28 04:45:00,25910.0,25984.7,25881.9,25898.0,2806.0
2025-11-28 05:30:00,25894.5,25917.5,25858.7,25885.7,3319.0
2025-11-28 06:15:00,25886.2,25915.8,25873.9,25890.7,3004.0
2025-11-28 07:00:00,25891.2,25924.1,25891.2,25907.0,1792.0
2025-11-28 07:45:00,25908.0,25924.7,25862.3,25909.6,2162.0
2025-11-28 08:30:00,25901.0,25923.1,25895.4,25900.9,201.0
2025-11-28 09:15:00,25909.1,25931.1,25895.6,25928.9,866.0
2025-11-28 10:00:00,25929.4,25945.9,25922.6,25926.3,706.0
2025-11-28 10:45:00,25926.8,25931.7,25913.0,25919.7,437.0
2025-11-28 11:30:00,25920.2,25947.9,25917.7,25944.8,565.0
2025-11-28 12:15:00,25944.3,25970.3,25941.8,25953.5,693.0
2025-11-28 13:00:00,25954.4,25972.5,25947.9,25967.5,972.0
2025-11-28 13:45:00,25967.0,25996.1,25957.5,25994.6,1202.0
2025-11-28 14:30:00,25999.0,26084.0,25979.7,26040.4,3477.0
2025-11-28 15:15:00,26040.9,26070.7,26011.7,26063.6,2630.0
2025-11-28 16:00:00,26064.1,26093.3,26040.5,26065.3,2633.0
2025-11-28 16:45:00,26064.3,26071.7,26042.6,26046.2,1764.0
2025-11-28 17:30:00,26045.7,26075.2,26031.2,26065.4,2082.0
2025-11-28 18:15:00,26066.9,26076.3,26046.1,26046.1,386.0
2025-11-28 19:00:00,26038.7,26039.3,26024.1,26025.7,15.0
2025-11-28 19:45:00,26026.3,26027.4,26025.8,26027.1,39.0
2025-11-28 20:30:00,26026.9,26027.2,26021.7,26021.7,105.0
2025-11-30 23:00:00,26041.7,26050.5,26015.7,26015.9,2187.0
2025-11-30 23:45:00,26015.7,26024.0,25969.2,25976.4,3074.0
2025-12-01 00:30:00,25976.2,25989.4,25941.4,25956.6,3379.0
2025-12-01 01:15:00,25953.6,26213.0,25870.1,26189.0,5811.0
2025-12-01 02:00:00,26190.0,26202.6,25984.9,26066.3,5528.0
2025-12-01 02:45:00,26067.8,26117.3,26016.3,26086.1,4860.0
2025-12-01 03:30:00,26086.6,26106.9,26076.7,26077.6,2189.0
2025-12-01 04:15:00,26077.1,26083.1,26051.7,26080.6,1109.0
2025-12-01 05:00:00,26080.7,26093.4,25927.1,25951.0,4926.0
2025-12-01 05:45:00,25951.5,26084.9,25944.8,26062.9,4336.0
2025-12-01 06:30:00,26062.4,26079.2,25994.5,26003.6,3662.0
2025-12-01 07:15:00,26003.1,26026.8,25979.7,26019.9,2830.0
2025-12-01 08:00:00,25999.3,26083.4,25982.3,26049.2,3005.0
2025-12-01 08:45:00,26049.7,26086.1,26037.5,26085.7,2444.0
2025-12-01 09:30:00,26085.2,26097.0,26002.6,26054.8,2085.0
2025-12-01 10:15:00,26055.3,26066.5,26031.7,26036.1,1732.0
2025-12-01 11:00:00,26035.6,26058.6,26015.5,26049.5,1624.0
2025-12-01 11:45:00,26050.0,26058.6,26019.5,26034.1,2074.0
2025-12-01 12:30:00,26033.6,26052.9,26021.2,26044.9,2012.0
2025-12-01 13:15:00,26045.4,26110.4,26039.6,26082.2,2003.0
2025-12-01 14:00:00,26081.2,26128.8,26062.0,26091.8,3040.0
2025-12-01 14:45:00,26093.3,26149.5,26082.4,26104.5,4396.0
2025-12-01 15:30:00,26103.5,26146.0,26073.3,26127.4,3418.0
2025-12-01 16:15:00,26126.9,26163.8,26113.5,26145.3,2470.0
2025-12-01 17:00:00,26144.8,26174.9,26132.2,26174.9,1887.0
2025-12-01 17:45:00,26174.4,26219.2,26165.5,26208.3,1664.0
2025-12-01 18:30:00,26209.3,26235.6,26193.1,26199.6,1652.0
2025-12-01 19:15:00,26199.5,26199.5,26139.6,26142.7,2712.0
2025-12-01 20:00:00,26142.4,26152.9,26125.8,26147.8,2169.0
2025-12-01 20:45:00,26148.1,26148.4,26123.3,26139.7,1703.0
2025-12-01 21:30:00,26139.5,26142.0,26135.8,26137.4,270.0
2025-12-01 22:00:00,26136.6,26142.7,26136.1,26142.2,91.0
2025-12-01 22:45:00,26140.1,26151.1,26131.7,26147.9,1078.0
2025-12-01 23:30:00,26148.4,26152.4,26129.2,26135.8,1499.0
2025-12-02 00:15:00,26136.1,26144.9,26131.5,26138.4,957.0
2025-12-02 01:00:00,26137.9,26228.7,26135.8,26186.0,3888.0
2025-12-02 01:45:00,26187.0,26279.5,26185.0,26203.2,5179.0
2025-12-02 02:30:00,26200.2,26277.8,26129.3,26143.0,4617.0
2025-12-02 03:15:00,26142.5,26143.6,26033.1,26068.5,3731.0
2025-12-02 04:00:00,26048.6,26069.3,26045.5,26054.1,703.0
2025-12-02 04:45:00,26054.0,26081.4,25995.7,26000.3,3263.0
2025-12-02 05:30:00,26000.8,26061.2,25987.0,26013.0,3983.0
2025-12-02 06:15:00,26012.5,26089.7,26008.0,26077.5,3445.0
2025-12-02 07:00:00,26078.5,26095.9,26066.2,26067.6,2373.0
2025-12-02 07:45:00,26067.1,26088.8,26026.1,26056.9,2507.0
2025-12-02 08:30:00,26049.5,26091.3,26049.3,26085.0,2255.0
2025-12-02 09:15:00,26085.4,26098.4,26030.1,26049.0,1620.0
2025-12-02 10:00:00,26049.5,26055.0,26034.3,26045.1,1106.0
2025-12-02 10:45:00,26045.6,26073.6,26045.1,26069.3,1005.0
2025-12-02 11:30:00,26070.8,26072.7,26027.0,26039.1,914.0
2025-12-02 12:15:00,26039.6,26051.5,26026.4,26046.6,1231.0
2025-12-02 13:00:00,26045.6,26046.6,26003.6,26032.2,1261.0
2025-12-02 13:45:00,26031.7,26051.5,26015.8,26036.9,1357.0
2025-12-02 14:30:00,26035.4,26036.4,25947.0,25955.1,4311.0
2025-12-02 15:15:00,25955.6,25977.4,25916.9,25960.0,3324.0
2025-12-02 16:00:00,25961.5,25980.6,25880.1,25913.7,3434.0
2025-12-02 16:45:00,25913.2,25949.4,25906.3,25944.2,2996.0
2025-12-02 17:30:00,25943.7,25967.0,25904.7,25925.7,2587.0
2025-12-02 18:15:00,25925.2,25939.4,25910.1,25934.9,2317.0
2025-12-02 19:00:00,25920.8,25956.0,25915.1,25952.1,2263.0
2025-12-02 19:45:00,25952.3,25985.4,25951.4,25976.6,1870.0
2025-12-02 20:30:00,25976.5,25988.8,25956.0,25959.4,2030.0
2025-12-02 21:15:00,25959.6,25964.7,25957.0,25963.7,491.0
2025-12-02 22:00:00,25964.4,25972.2,25963.2,25970.7,81.0
2025-12-02 22:45:00,25970.5,25977.4,25949.4,25957.9,684.0
2025-12-02 23:30:00,25958.2,25988.4,25953.4,25985.4,1127.0
2025-12-03 00:15:00,25985.1,25987.3,25933.6,25952.9,1762.0
2025-12-03 01:00:00,25953.7,26001.1,25920.3,25984.8,3678.0
2025-12-03 01:45:00,25985.3,25989.6,25858.0,25875.6,5424.0
2025-12-03 02:30:00,25874.6,25874.6,25791.5,25824.9,4687.0
2025-12-03 03:15:00,25821.4,25876.0,25815.7,25843.5,3209.0
2025-12-03 04:00:00,25819.4,25831.0,25818.2,25826.4,451.0
2025-12-03 04:45:00,25826.1,25870.6,25812.9,25829.2,2892.0
2025-12-03 05:30:00,25830.2,25831.2,25737.2,25755.1,4049.0
2025-12-03 06:15:00,25754.1,25781.2,25727.2,25781.2,3858.0
2025-12-03 07:00:00,25781.7,25793.6,25722.6,25736.1,2552.0
2025-12-03 07:45:00,25737.6,25760.0,25693.0,25700.3,2865.0
2025-12-03 08:30:00,25686.0,25712.4,25681.3,25707.6,2037.0
2025-12-03 09:15:00,25723.8,25735.4,25708.0,25708.0,1385.0
2025-12-03 10:00:00,25708.5,25732.3,25708.5,25715.7,1022.0
2025-12-03 10:45:00,25716.2,25717.4,25687.9,25712.9,1060.0
2025-12-03 11:30:00,25710.9,25728.3,25706.3,25719.9,1019.0
2025-12-03 12:15:00,25719.4,25739.8,25706.1,25725.1,775.0
2025-12-03 13:00:00,25724.6,25768.5,25723.6,25755.9,1555.0
2025-12-03 13:45:00,25755.4,25764.9,25635.8,25704.0,3452.0
2025-12-03 14:30:00,25703.0,25793.6,25686.6,25773.7,4650.0
2025-12-03 15:15:00,25774.2,25818.5,25770.6,25783.3,3440.0
2025-12-03 16:00:00,25781.8,25800.0,25741.0,25752.2,2752.0
2025-12-03 16:45:00,25751.7,25754.7,25694.5,25742.9,2434.0
2025-12-03 17:30:00,25742.4,25774.8,25729.1,25773.8,1556.0
2025-12-03 18:15:00,25774.3,25794.5,25760.4,25777.7,1263.0
2025-12-03 19:00:00,25777.2,25789.3,25777.2,25785.5,1321.0
2025-12-03 19:45:00,25785.4,25801.2,25781.1,25793.4,1350.0
2025-12-03 20:30:00,25793.3,25808.2,25793.0,25804.5,1425.0
2025-12-03 21:15:00,25803.4,25807.8,25801.3,25804.6,426.0
2025-12-03 22:00:00,25804.1,25804.6,25802.0,25802.0,124.0
2025-12-03 22:45:00,25802.1,25812.0,25796.1,25811.8,666.0
2025-12-03 23:30:00,25811.5,25814.1,25803.6,25806.2,907.0
2025-12-04 00:15:00,25806.5,25812.4,25789.0,25795.1,836.0
2025-12-04 01:00:00,25794.1,25837.5,25722.7,25724.6,3847.0
2025-12-04 01:45:00,25724.1,25774.8,25649.3,25747.7,5462.0
2025-12-04 02:30:00,25746.7,25880.7,25737.7,25816.0,5115.0
2025-12-04 03:15:00,25816.5,25847.3,25800.0,25820.7,3540.0
2025-12-04 04:00:00,25803.2,25808.5,25797.3,25802.4,617.0
2025-12-04 04:45:00,25802.2,25841.6,25785.5,25814.1,3215.0
2025-12-04 05:30:00,25815.1,25822.1,25761.3,25796.2,4200.0
2025-12-04 06:15:00,25795.7,25895.4,25777.2,25883.8,4098.0
2025-12-04 07:00:00,25886.8,25994.8,25853.6,25898.3,4170.0
2025-12-04 07:45:00,25897.3,25947.5,25886.2,25907.5,3222.0
2025-12-04 08:30:00,25902.6,25930.8,25898.6,25909.9,1888.0
2025-12-04 09:15:00,25902.0,25913.2,25876.0,25899.6,1594.0
2025-12-04 10:00:00,25898.1,25902.7,25878.3,25883.7,1258.0
2025-12-04 10:45:00,25883.2,25918.3,25879.4,25907.3,1086.0
2025-12-04 11:30:00,25909.3,25918.5,25895.5,25914.7,959.0
2025-12-04 12:15:00,25915.2,25923.7,25885.5,25892.2,947.0
2025-12-04 13:00:00,25891.7,25899.8,25865.7,25892.7,1721.0
2025-12-04 13:45:00,25893.2,25929.9,25883.4,25904.4,1713.0
2025-12-04 14:30:00,25903.4,25910.5,25822.9,25870.7,4481.0
2025-12-04 15:15:00,25871.2,25921.3,25860.0,25910.4,3537.0
2025-12-04 16:00:00,25909.9,25920.4,25878.5,25891.4,3152.0
2025-12-04 16:45:00,25891.9,25910.2,25879.8,25880.8,1812.0
2025-12-04 17:30:00,25880.3,25882.2,25844.6,25864.7,1329.0
2025-12-04 18:15:00,25865.2,25884.6,25857.9,25861.9,1366.0
2025-12-04 19:00:00,25844.6,25863.9,25807.5,25863.5,2926.0
2025-12-04 19:45:00,25863.6,25868.8,25844.3,25844.3,2665.0
2025-12-04 20:30:00,25842.3,25863.1,25840.0,25855.6,1896.0
2025-12-04 21:15:00,25856.1,25861.8,25854.4,25857.5,356.0
2025-12-04 22:00:00,25855.4,25856.8,25853.4,25853.6,46.0
2025-12-04 22:45:00,25853.5,25863.5,25852.2,25856.2,588.0
2025-12-04 23:30:00,25856.4,25857.4,25846.7,25851.9,1042.0
2025-12-05 00:15:00,25852.4,25868.5,25851.7,25866.9,1023.0
2025-12-05 01:00:00,25867.0,25901.7,25781.2,25803.0,3770.0
2025-12-05 01:45:00,25804.0,25868.0,25765.8,25825.1,5323.0
2025-12-05 02:30:00,25824.1,25887.2,25814.2,25870.8,4964.0
2025-12-05 03:15:00,25871.8,25915.1,25827.7,25877.8,3367.0
2025-12-05 04:00:00,25867.3,25876.6,25854.9,25855.5,802.0
2025-12-05 04:45:00,25855.2,25978.7,25854.5,25956.5,3517.0
2025-12-05 05:30:00,25955.5,26034.4,25919.3,26013.8,5029.0
2025-12-05 06:15:00,26014.3,26113.8,26007.6,26104.4,4175.0
2025-12-05 07:00:00,26103.4,26141.7,26072.7,26080.3,3509.0
2025-12-05 07:45:00,26080.8,26105.4,26050.6,26104.4,2913.0
2025-12-05 08:30:00,26093.9,26099.7,26062.0,26073.4,1600.0
2025-12-05 09:15:00,26073.8,26101.1,26063.0,26092.3,1222.0
2025-12-05 10:00:00,26092.8,26095.3,26069.3,26076.7,849.0
2025-12-05 10:45:00,26077.2,26084.7,26067.7,26074.3,771.0
2025-12-05 11:30:00,26073.8,26100.7,26061.9,26100.7,969.0
2025-12-05 12:15:00,26101.2,26102.5,26082.2,26090.7,1025.0
2025-12-05 13:00:00,26091.7,26102.6,26068.0,26074.2,1402.0
2025-12-05 13:45:00,26074.7,26117.4,26062.7,26096.7,1809.0
2025-12-05 14:30:00,26096.2,26157.3,26069.3,26147.7,3993.0
2025-12-05 15:15:00,26148.2,26152.0,26105.9,26116.8,2958.0
2025-12-05 16:00:00,26116.3,26128.8,26025.3,26027.4,3836.0
2025-12-05 16:45:00,26027.9,26069.4,26026.8,26053.4,2957.0
2025-12-05 17:30:00,26053.9,26099.0,26027.3,26083.5,2479.0
2025-12-05 18:15:00,26084.5,26106.3,26069.5,26077.0,2027.0
2025-12-05 19:00:00,26065.9,26067.5,26051.4,26059.9,1848.0
2025-12-05 19:45:00,26059.8,26087.1,26057.2,26076.7,1475.0
2025-12-05 20:30:00,26076.4,26076.4,26027.9,26053.1,1929.0
2025-12-05 21:15:00,26053.2,26056.1,26050.6,26052.9,385.0
2025-12-07 23:00:00,26059.3,26076.5,26047.0,26074.7,1511.0
2025-12-07 23:45:00,26074.4,26080.1,26057.3,26071.6,1926.0
2025-12-08 00:30:00,26071.4,26107.6,26060.7,26060.7,1016.0
2025-12-08 01:15:00,26058.0,26162.4,25952.6,25965.8,5020.0
2025-12-08 02:00:00,25963.8,25986.6,25912.4,25931.8,5052.0
2025-12-08 02:45:00,25932.3,25948.9,25829.4,25841.9,4762.0
2025-12-08 03:30:00,25841.4,25868.8,25794.8,25816.4,2100.0
2025-12-08 04:15:00,25816.6,25823.7,25815.4,25821.5,365.0
2025-12-08 05:00:00,25817.4,25878.8,25810.9,25833.9,4382.0
2025-12-08 05:45:00,25831.9,25844.9,25786.7,25833.9,3694.0
2025-12-08 06:30:00,25833.4,25851.2,25776.5,25778.4,3335.0
2025-12-08 07:15:00,25777.9,25813.5,25749.5,25757.4,2939.0
2025-12-08 08:00:00,25757.9,25774.1,25707.4,25719.0,2451.0
2025-12-08 08:45:00,25719.1,25776.9,25710.4,25774.9,1417.0
2025-12-08 09:30:00,25775.4,25783.9,25762.6,25779.3,865.0
2025-12-08 10:15:00,25779.8,25795.3,25776.0,25778.2,968.0
2025-12-08 11:00:00,25778.7,25785.0,25766.4,25778.2,1024.0
2025-12-08 11:45:00,25778.7,25787.5,25750.6,25783.9,1062.0
2025-12-08 12:30:00,25783.4,25795.2,25771.3,25791.3,930.0
2025-12-08 13:15:00,25791.8,25795.8,25774.8,25790.9,1143.0
2025-12-08 14:00:00,25790.5,25812.1,25736.6,25759.2,2454.0
2025-12-08 14:45:00,25758.7,25777.5,25687.5,25712.7,3859.0
2025-12-08 15:30:00,25710.2,25734.4,25652.2,25674.9,3125.0
2025-12-08 16:15:00,25674.4,25710.8,25669.9,25696.2,2578.0
2025-12-08 17:00:00,25695.2,25702.5,25677.3,25690.0,2114.0
2025-12-08 17:45:00,25689.5,25767.4,25684.0,25714.0,2702.0
2025-12-08 18:30:00,25713.0,25748.8,25690.9,25701.1,2445.0
2025-12-08 19:15:00,25701.3,25722.3,25701.1,25708.7,1791.0
2025-12-08 20:00:00,25710.6,25714.2,25698.4,25710.4,1478.0
2025-12-08 20:45:00,25710.1,25745.0,25705.5,25744.0,1250.0
2025-12-08 21:30:00,25745.5,25757.3,25742.3,25755.9,936.0
2025-12-08 22:45:00,25777.7,25777.9,25753.8,25756.5,978.0
2025-12-08 23:30:00,25756.6,25763.8,25751.9,25758.5,1210.0
2025-12-09 00:15:00,25758.8,25761.8,25753.8,25760.7,715.0
2025-12-09 01:00:00,25760.1,25814.1,25662.8,25679.0,3644.0
2025-12-09 01:45:00,25679.5,25714.7,25562.4,25564.7,5317.0
2025-12-09 02:30:00,25563.7,25598.9,25520.7,25556.8,4548.0
2025-12-09 03:15:00,25556.3,25572.6,25526.2,25548.7,3067.0
2025-12-09 04:00:00,25533.1,25539.8,25530.8,25538.8,463.0
2025-12-09 04:45:00,25539.3,25566.2,25461.2,25474.2,3053.0
2025-12-09 05:30:00,25474.7,25504.3,25404.2,25411.9,4238.0
2025-12-09 06:15:00,25412.4,25459.9,25396.5,25456.3,3961.0
2025-12-09 07:00:00,25456.8,25473.6,25384.2,25393.1,2752.0
2025-12-09 07:45:00,25390.6,25418.4,25367.9,25402.0,3029.0
2025-12-09 08:30:00,25380.5,25383.1,25358.0,25366.1,1765.0
2025-12-09 09:15:00,25398.5,25426.5,25382.6,25390.9,1407.0
2025-12-09 10:00:00,25391.4,25399.2,25343.9,25362.0,1848.0
2025-12-09 10:45:00,25363.0,25380.5,25341.1,25367.5,2090.0
2025-12-09 11:30:00,25368.0,25379.0,25356.1,25361.0,1335.0
2025-12-09 12:15:00,25360.5,25363.0,25318.6,25336.4,1336.0
2025-12-09 13:00:00,25335.9,25344.1,25323.4,25338.6,1599.0
2025-12-09 13:45:00,25338.1,25359.0,25334.0,25354.3,1763.0
2025-12-09 14:30:00,25353.8,25413.0,25311.8,25322.0,4528.0
2025-12-09 15:15:00,25321.0,25394.7,25312.0,25350.4,3606.0
2025-12-09 16:00:00,25350.9,25408.3,25350.4,25386.0,2558.0
2025-12-09 16:45:00,25388.0,25396.0,25352.1,25361.7,2138.0
2025-12-09 17:30:00,25362.2,25370.7,25327.3,25352.1,2102.0
2025-12-09 18:15:00,25352.6,25369.1,25339.5,25359.9,1646.0
2025-12-09 19:00:00,25349.1,25362.0,25343.6,25344.6,1370.0
2025-12-09 19:45:00,25344.4,25362.5,25341.5,25342.4,1094.0
2025-12-09 20:30:00,25342.2,25378.7,25341.1,25348.9,1438.0
2025-12-09 21:15:00,25348.6,25351.6,25344.1,25347.8,525.0
2025-12-09 22:00:00,25350.6,25354.4,25350.6,25353.8,105.0
2025-12-09 22:45:00,25354.1,25357.9,25351.8,25356.2,583.0
2025-12-09 23:30:00,25355.9,25362.7,25344.4,25358.8,536.0
2025-12-10 00:15:00,25358.5,25359.3,25346.8,25346.8,701.0
2025-12-10 01:00:00,25346.7,25423.9,25241.9,25279.8,3673.0
2025-12-10 01:45:00,25280.0,25394.1,25257.5,25309.6,5478.0
2025-12-10 02:30:00,25310.6,25358.9,25271.5,25323.4,4902.0
2025-12-10 03:15:00,25322.9,25348.6,25302.4,25313.7,3374.0
2025-12-10 04:00:00,25295.7,25311.0,25294.9,25303.6,521.0
2025-12-10 04:45:00,25303.4,25336.3,25254.0,25309.5,3178.0
2025-12-10 05:30:00,25308.5,25453.2,25296.0,25431.7,5056.0
2025-12-10 06:15:00,25431.6,25469.3,25410.4,25446.4,4611.0
2025-12-10 07:00:00,25447.4,25472.0,25390.0,25460.4,3294.0
2025-12-10 07:45:00,25458.9,25514.2,25456.9,25496.0,3055.0
2025-12-10 08:30:00,25490.2,25490.6,25470.3,25473.8,1752.0
2025-12-10 09:15:00,25472.3,25502.9,25459.1,25471.4,1745.0
2025-12-10 10:00:00,25470.9,25487.7,25446.1,25457.5,1790.0
2025-12-10 10:45:00,25457.0,25496.4,25446.2,25487.2,1665.0
2025-12-10 11:30:00,25487.7,25527.9,25482.1,25510.5,1118.0
2025-12-10 12:15:00,25511.0,25523.4,25492.4,25497.7,1136.0
2025-12-10 13:00:00,25498.2,25508.6,25480.2,25507.2,1657.0
2025-12-10 13:45:00,25507.7,25613.2,25507.2,25545.5,2923.0
2025-12-10 14:30:00,25546.5,25606.9,25521.4,25594.3,4325.0
2025-12-10 15:15:00,25594.8,25620.6,25569.9,25570.9,3088.0
2025-12-10 16:00:00,25569.9,25585.7,25534.6,25565.4,2740.0
2025-12-10 16:45:00,25564.9,25592.4,25556.6,25569.7,1836.0
2025-12-10 17:30:00,25569.2,25601.4,25567.7,25594.0,1713.0
2025-12-10 18:15:00,25593.5,25599.5,25558.3,25558.3,2017.0
2025-12-10 19:00:00,25560.2,25661.6,25559.3,25592.5,5153.0
2025-12-10 19:45:00,25591.8,25730.6,25591.8,25705.9,4731.0
2025-12-10 20:30:00,25705.8,25715.0,25638.6,25651.9,3170.0
2025-12-10 21:15:00,25651.7,25664.6,25645.0,25658.3,1095.0
2025-12-10 22:00:00,25660.8,25662.9,25642.2,25642.8,254.0
2025-12-10 22:45:00,25642.4,25642.4,25606.3,25615.7,1288.0
2025-12-10 23:30:00,25616.1,25622.8,25607.2,25614.0,1230.0
2025-12-11 00:15:00,25614.2,25622.8,25598.3,25605.5,1226.0
2025-12-11 01:00:00,25605.3,25792.3,25599.2,25767.7,4006.0
2025-12-11 01:45:00,25768.7,25777.6,25632.2,25653.3,5400.0
2025-12-11 02:30:00,25653.8,25665.5,25521.0,25535.8,5089.0
2025-12-11 03:15:00,25536.8,25583.9,25499.6,25557.6,3988.0
2025-12-11 04:00:00,25547.0,25562.8,25534.4,25543.6,2008.0
2025-12-11 04:45:00,25543.3,25571.8,25462.4,25477.2,3618.0
2025-12-11 05:30:00,25477.7,25538.1,25467.9,25518.9,4475.0
2025-12-11 06:15:00,25518.4,25559.0,25491.7,25525.2,4217.0
2025-12-11 07:00:00,25525.7,25536.6,25486.9,25518.4,3022.0
2025-12-11 07:45:00,25518.9,25553.9,25495.7,25536.7,3189.0
2025-12-11 08:30:00,25527.6,25585.0,25521.8,25553.5,3038.0
2025-12-11 09:15:00,25553.8,25601.4,25533.2,25599.7,1975.0
2025-12-11 10:00:00,25599.2,25601.7,25567.1,25579.2,1785.0
2025-12-11 10:45:00,25577.7,25614.5,25570.9,25609.5,1412.0
2025-12-11 11:30:00,25609.0,25610.5,25575.4,25600.9,1521.0
2025-12-11 12:15:00,25601.4,25626.9,25599.7,25610.2,1309.0
2025-12-11 13:00:00,25610.7,25622.7,25594.8,25609.7,1598.0
2025-12-11 13:45:00,25609.2,25651.5,25609.2,25636.1,1803.0
2025-12-11 14:30:00,25637.0,25663.4,25553.1,25628.8,4590.0
2025-12-11 15:15:00,25627.8,25697.8,25626.3,25682.4,3965.0
2025-12-11 16:00:00,25678.9,25725.4,25646.5,25722.1,3361.0
2025-12-11 16:45:00,25720.6,25752.8,25703.2,25740.6,2639.0
2025-12-11 17:30:00,25741.1,25756.8,25733.6,25752.2,2042.0
2025-12-11 18:15:00,25752.7,25782.6,25743.6,25745.9,1762.0
2025-12-11 19:00:00,25746.1,25769.4,25741.9,25767.6,1527.0
2025-12-11 19:45:00,25769.5,25770.8,25721.9,25722.0,1434.0
2025-12-11 20:30:00,25721.8,25749.0,25717.1,25745.0,2134.0
2025-12-11 21:15:00,25755.2,25796.2,25752.5,25785.1,2076.0
2025-12-11 22:00:00,25784.1,25784.4,25742.3,25746.2,332.0
2025-12-11 22:45:00,25746.3,25756.3,25732.0,25735.6,1532.0
2025-12-11 23:30:00,25736.0,25745.5,25726.9,25730.6,1487.0
2025-12-12 00:15:00,25729.6,25756.1,25729.6,25739.2,1589.0
2025-12-12 01:00:00,25739.4,25846.5,25721.8,25723.8,4089.0
2025-12-12 01:45:00,25724.8,25841.9,25708.9,25792.4,5446.0
2025-12-12 02:30:00,25791.9,25917.5,25776.6,25911.3,4894.0
2025-12-12 03:15:00,25910.8,25915.3,25845.8,25885.9,3565.0
2025-12-12 04:00:00,25878.3,25879.3,25853.8,25858.8,584.0
2025-12-12 04:45:00,25858.6,25969.1,25858.5,25954.9,3239.0
2025-12-12 05:30:00,25956.9,25991.3,25943.2,25982.7,4083.0
2025-12-12 06:15:00,25983.7,26012.1,25929.6,25951.9,3733.0
2025-12-12 07:00:00,25949.9,25983.1,25898.0,25969.6,3468.0
2025-12-12 07:45:00,25968.1,25978.2,25936.9,25953.8,3078.0
2025-12-12 08:30:00,25939.1,25947.9,25918.7,25939.5,2111.0
2025-12-12 09:15:00,25939.6,25954.6,25901.5,25924.3,1740.0
2025-12-12 10:00:00,25923.3,25950.7,25908.3,25923.4,1636.0
2025-12-12 10:45:00,25922.9,25946.7,25920.9,25930.7,1151.0
2025-12-12 11:30:00,25930.2,25951.3,25911.2,25914.2,1263.0
2025-12-12 12:15:00,25913.2,25923.3,25901.8,25907.4,1158.0
2025-12-12 13:00:00,25906.9,25938.2,25902.9,25934.1,1164.0
2025-12-12 13:45:00,25933.6,25941.8,25916.7,25931.8,1552.0
2025-12-12 14:30:00,25933.8,25975.3,25877.9,25881.4,4549.0
2025-12-12 15:15:00,25880.4,25881.4,25663.9,25692.8,4925.0
2025-12-12 16:00:00,25689.3,25723.8,25579.5,25615.6,4950.0
2025-12-12 16:45:00,25615.1,25674.7,25594.9,25637.5,3986.0
2025-12-12 17:30:00,25637.0,25726.7,25629.6,25715.8,3264.0
2025-12-12 18:15:00,25716.8,25743.4,25700.6,25708.2,2759.0
2025-12-12 19:00:00,25694.5,25694.7,25671.1,25683.0,2720.0
2025-12-12 19:45:00,25683.1,25691.8,25668.6,25672.7,2359.0
2025-12-12 20:30:00,25672.8,25692.2,25647.4,25691.4,2781.0
2025-12-12 21:15:00,25691.1,25695.7,25682.3,25682.8,717.0
2025-12-14 23:00:00,25698.0,25715.2,25662.1,25712.7,2295.0
2025-12-14 23:45:00,25712.1,25720.6,25700.1,25707.5,2334.0
2025-12-15 00:30:00,25707.6,25721.4,25678.5,25685.4,1639.0
2025-12-15 01:15:00,25686.6,25770.8,25676.4,25756.3,5059.0
2025-12-15 02:00:00,25755.8,25812.7,25710.2,25799.8,5112.0
2025-12-15 02:45:00,25797.8,25807.7,25709.8,25746.9,4471.0
2025-12-15 03:30:00,25747.4,25761.9,25709.9,25709.9,1964.0
2025-12-15 04:15:00,25709.7,25730.0,25707.9,25726.7,811.0
2025-12-15 05:00:00,25726.9,25760.9,25648.5,25676.0,4410.0
2025-12-15 05:45:00,25676.5,25698.2,25631.9,25649.4,3939.0
2025-12-15 06:30:00,25649.9,25657.4,25599.1,25604.0,3218.0
2025-12-15 07:15:00,25604.5,25623.3,25585.2,25615.4,2511.0
2025-12-15 08:00:00,25613.4,25664.1,25591.5,25630.9,2833.0
2025-12-15 08:45:00,25630.6,25697.9,25623.1,25668.7,2203.0
2025-12-15 09:30:00,25669.2,25682.9,25655.2,25675.3,1330.0
2025-12-15 10:15:00,25675.8,25676.6,25646.1,25673.5,1054.0
2025-12-15 11:00:00,25673.0,25675.8,25660.2,25668.6,828.0
2025-12-15 11:45:00,25669.1,25686.1,25653.7,25654.2,1071.0
2025-12-15 12:30:00,25654.7,25686.7,25654.7,25672.2,1130.0
2025-12-15 13:15:00,25671.7,25691.6,25658.4,25680.1,1219.0
2025-12-15 14:00:00,25680.6,25706.0,25654.0,25663.1,2785.0
2025-12-15 14:45:00,25663.6,25669.1,25565.2,25579.8,4793.0
2025-12-15 15:30:00,25579.3,25647.1,25570.5,25629.2,4346.0
2025-12-15 16:15:00,25628.2,25663.2,25582.1,25593.5,3761.0
2025-12-15 17:00:00,25594.0,25604.5,25551.7,25563.5,3021.0
2025-12-15 17:45:00,25564.0,25569.0,25499.8,25510.8,2886.0
2025-12-15 18:30:00,25510.3,25551.7,25496.2,25525.7,2807.0
2025-12-15 19:15:00,25525.5,25539.7,25520.1,25531.5,2193.0
2025-12-15 20:00:00,25531.4,25538.2,25507.6,25521.8,1949.0
2025-12-15 20:45:00,25521.7,25540.5,25515.3,25518.0,1644.0
2025-12-15 21:30:00,25517.7,25526.2,25517.7,25524.6,353.0
2025-12-15 22:00:00,25524.2,25527.0,25523.5,25525.8,62.0
2025-12-15 22:45:00,25526.1,25541.3,25524.0,25530.2,515.0
2025-12-15 23:30:00,25530.6,25531.8,25506.4,25528.6,1963.0
2025-12-16 00:15:00,25528.1,25540.7,25518.0,25525.5,2295.0
2025-12-16 01:00:00,25526.0,25559.3,25384.4,25397.4,3987.0
2025-12-16 01:45:00,25396.4,25396.4,25187.4,25251.2,5245.0
2025-12-16 02:30:00,25251.7,25259.4,25136.6,25154.6,4717.0
2025-12-16 03:15:00,25154.1,25189.5,25120.3,25136.5,3358.0
2025-12-16 04:00:00,25129.1,25133.1,25107.8,25132.6,1502.0
2025-12-16 04:45:00,25132.8,25165.9,25096.0,25097.5,3559.0
2025-12-16 05:30:00,25096.5,25165.7,25085.2,25124.9,4573.0
2025-12-16 06:15:00,25123.4,25206.7,25096.5,25204.3,4067.0
2025-12-16 07:00:00,25202.3,25232.3,25166.5,25176.1,3302.0
2025-12-16 07:45:00,25174.6,25243.6,25174.6,25227.8,2923.0
2025-12-16 08:30:00,25217.6,25220.6,25191.9,25210.3,2074.0
2025-12-16 09:15:00,25243.5,25256.9,25206.5,25210.7,1483.0
2025-12-16 10:00:00,25210.2,25255.2,25202.8,25255.1,1411.0
2025-12-16 10:45:00,25255.6,25259.6,25230.5,25236.5,1013.0
2025-12-16 11:30:00,25237.0,25253.5,25223.1,25238.7,1242.0
2025-12-16 12:15:00,25239.7,25260.0,25239.2,25254.1,1099.0
2025-12-16 13:00:00,25253.6,25306.6,25241.5,25241.5,2519.0
2025-12-16 13:45:00,25243.5,25268.3,25227.5,25252.3,3160.0
2025-12-16 14:30:00,25251.8,25319.8,25227.1,25258.6,4819.0
2025-12-16 15:15:00,25257.6,25259.3,25188.8,25232.7,4608.0
2025-12-16 16:00:00,25231.2,25233.2,25158.2,25162.2,3931.0
2025-12-16 16:45:00,25163.2,25229.1,25156.1,25215.4,3239.0
2025-12-16 17:30:00,25214.9,25244.3,25150.6,25185.3,3288.0
2025-12-16 18:15:00,25186.3,25250.4,25166.7,25206.1,2733.0
2025-12-16 19:00:00,25204.1,25238.8,25168.7,25235.8,2995.0
2025-12-16 19:45:00,25235.5,25252.6,25227.5,25241.8,2182.0
2025-12-16 20:30:00,25241.6,25300.7,25241.6,25262.9,2580.0
2025-12-16 21:15:00,25263.6,25263.6,25244.6,25253.8,1068.0
2025-12-16 22:00:00,25257.3,25259.8,25255.8,25257.6,67.0
2025-12-16 22:45:00,25258.1,25266.3,25236.2,25253.0,1001.0
2025-12-16 23:30:00,25253.3,25264.1,25211.8,25223.0,2248.0
2025-12-17 00:15:00,25222.5,25239.2,25216.6,25218.7,2695.0
2025-12-17 01:00:00,25219.2,25313.0,25162.0,25255.9,4281.0
2025-12-17 01:45:00,25256.4,25326.4,25203.8,25325.5,5387.0
2025-12-17 02:30:00,25325.0,25331.0,25232.3,25248.7,4796.0
2025-12-17 03:15:00,25247.7,25291.0,25224.9,25285.3,3161.0
2025-12-17 04:00:00,25267.0,25286.9,25258.3,25260.7,1377.0
2025-12-17 04:45:00,25260.5,25274.7,25211.7,25254.4,3492.0
2025-12-17 05:30:00,25254.9,25485.8,25248.9,25485.8,5031.0
2025-12-17 06:15:00,25487.6,25489.0,25399.0,25399.0,4528.0
2025-12-17 07:00:00,25402.0,25483.7,25371.4,25445.0,3394.0
2025-12-17 07:45:00,25444.5,25467.5,25408.4,25426.8,3185.0
2025-12-17 08:30:00,25412.9,25427.1,25391.0,25402.8,2403.0
2025-12-17 09:15:00,25403.1,25507.0,25403.1,25483.8,1541.0
2025-12-17 10:00:00,25483.3,25496.8,25474.1,25494.2,1315.0
2025-12-17 10:45:00,25494.7,25514.4,25483.2,25484.1,1032.0
2025-12-17 11:30:00,25484.6,25498.6,25472.5,25491.0,914.0
2025-12-17 12:15:00,25493.5,25520.1,25489.0,25511.1,854.0
2025-12-17 13:00:00,25511.6,25544.0,25492.2,25543.5,2018.0
2025-12-17 13:45:00,25543.0,25568.0,25530.0,25549.1,1939.0
2025-12-17 14:30:00,25541.1,25572.2,25492.7,25542.2,4710.0
2025-12-17 15:15:00,25542.7,25549.4,25405.2,25410.0,4728.0
2025-12-17 16:00:00,25406.5,25438.7,25359.1,25375.6,4384.0
2025-12-17 16:45:00,25374.6,25392.6,25352.8,25368.1,3786.0
2025-12-17 17:30:00,25367.6,25385.4,25326.0,25331.3,3523.0
2025-12-17 18:15:00,25330.8,25330.8,25276.6,25279.0,3132.0
2025-12-17 19:00:00,25271.1,25302.3,25270.7,25296.7,2597.0
2025-12-17 19:45:00,25296.4,25299.7,25268.5,25270.0,2113.0
2025-12-17 20:30:00,25270.5,25306.6,25258.3,25306.0,2286.0
2025-12-17 21:15:00,25305.6,25305.8,25286.3,25289.8,1130.0
2025-12-17 22:00:00,25287.7,25291.0,25282.3,25290.0,186.0
2025-12-17 22:45:00,25291.2,25305.4,25281.4,25293.6,885.0
2025-12-17 23:30:00,25293.1,25302.7,25263.7,25281.3,2022.0
2025-12-18 00:15:00,25281.9,25300.2,25275.0,25298.7,2631.0
2025-12-18 01:00:00,25299.2,25338.4,25235.3,25303.5,4041.0
2025-12-18 01:45:00,25304.5,25507.0,25295.5,25478.8,5287.0
2025-12-18 02:30:00,25479.3,25479.3,25355.3,25371.6,4743.0
2025-12-18 03:15:00,25371.1,25375.5,25322.8,25351.9,3101.0
2025-12-18 04:00:00,25341.7,25365.3,25339.8,25363.6,1341.0
2025-12-18 04:45:00,25364.1,25442.7,25356.2,25399.3,3521.0
2025-12-18 05:30:00,25399.9,25408.7,25326.3,25353.8,4350.0
2025-12-18 06:15:00,25355.8,25407.6,25334.9,25407.1,4043.0
2025-12-18 07:00:00,25405.1,25520.3,25384.2,25513.0,3401.0
2025-12-18 07:45:00,25512.6,25524.0,25464.0,25494.5,3096.0
2025-12-18 08:30:00,25485.9,25514.3,25485.3,25505.0,2266.0
2025-12-18 09:15:00,25489.3,25529.9,25474.0,25517.6,1440.0
2025-12-18 10:00:00,25518.1,25522.3,25497.7,25510.6,1081.0
2025-12-18 10:45:00,25510.1,25523.6,25498.9,25507.9,955.0
2025-12-18 11:30:00,25506.4,25521.4,25500.7,25508.0,1136.0
2025-12-18 12:15:00,25508.5,25515.7,25483.4,25486.8,1161.0
2025-12-18 13:00:00,25485.8,25619.9,25485.3,25607.3,2653.0
2025-12-18 13:45:00,25607.8,25631.1,25575.6,25602.3,3304.0
2025-12-18 14:30:00,25601.8,25654.5,25547.5,25610.3,4786.0
2025-12-18 15:15:00,25609.8,25668.8,25580.8,25663.5,3605.0
2025-12-18 16:00:00,25662.5,25705.2,25655.3,25693.3,2540.0
2025-12-18 16:45:00,25693.8,25695.8,25573.1,25595.1,3593.0
2025-12-18 17:30:00,25595.6,25662.5,25583.9,25653.5,3561.0
2025-12-18 18:15:00,25654.0,25685.4,25639.6,25639.6,2123.0
2025-12-18 19:00:00,25639.4,25639.6,25596.1,25596.5,2938.0
2025-12-18 19:45:00,25596.6,25625.4,25579.2,25614.8,2794.0
2025-12-18 20:30:00,25614.6,25632.5,25556.2,25556.7,2258.0
2025-12-18 21:15:00,25557.0,25562.8,25553.4,25560.1,581.0
2025-12-18 22:00:00,25560.7,25563.9,25555.3,25563.8,149.0
2025-12-18 22:45:00,25563.9,25610.5,25563.9,25595.0,860.0
2025-12-18 23:30:00,25595.3,25616.4,25592.7,25600.8,1598.0
2025-12-19 00:15:00,25600.6,25621.8,25598.7,25618.9,1548.0
2025-12-19 01:00:00,25618.4,25667.8,25547.6,25565.1,3723.0
2025-12-19 01:45:00,25567.1,25712.6,25544.0,25669.4,5452.0
2025-12-19 02:30:00,25668.9,25692.7,25585.6,25608.0,4731.0
2025-12-19 03:15:00,25608.5,25709.3,25604.2,25680.5,3709.0
2025-12-19 04:00:00,25672.5,25679.6,25650.7,25655.4,1465.0
2025-12-19 04:45:00,25655.6,25734.9,25654.0,25732.1,3252.0
2025-12-19 05:30:00,25731.6,25744.5,25640.1,25673.9,4287.0
2025-12-19 06:15:00,25674.4,25737.3,25672.4,25716.4,3912.0
2025-12-19 07:00:00,25715.9,25767.2,25709.1,25721.5,3323.0
2025-12-19 07:45:00,25721.0,25722.5,25669.8,25705.7,2887.0
2025-12-19 08:30:00,25699.3,25725.9,25692.9,25700.8,2323.0
2025-12-19 09:15:00,25701.1,25724.6,25688.8,25722.6,1280.0
2025-12-19 10:00:00,25721.6,25722.3,25686.4,25708.4,1206.0
2025-12-19 10:45:00,25708.9,25719.7,25681.4,25699.6,1279.0
2025-12-19 11:30:00,25700.1,25705.9,25682.4,25690.9,1260.0
2025-12-19 12:15:00,25691.4,25714.2,25685.3,25697.5,1210.0
2025-12-19 13:00:00,25698.0,25717.6,25680.1,25708.5,1547.0
2025-12-19 13:45:00,25708.0,25742.9,25699.3,25737.4,1566.0
2025-12-19 14:30:00,25734.9,25834.2,25715.9,25826.1,4110.0
2025-12-19 15:15:00,25826.6,25832.3,25797.0,25829.0,3203.0
2025-12-19 16:00:00,25828.5,25869.8,25818.4,25853.8,2290.0
2025-12-19 16:45:00,25853.3,25881.9,25842.9,25871.9,1880.0
2025-12-19 17:30:00,25872.4,25892.3,25864.3,25886.5,1303.0
2025-12-19 18:15:00,25886.0,25893.7,25786.4,25805.3,1343.0
2025-12-19 19:00:00,25805.1,25817.4,25802.5,25809.8,1013.0
2025-12-19 19:45:00,25809.9,25823.0,25804.3,25813.4,1081.0
2025-12-19 20:30:00,25813.0,25813.0,25776.3,25799.4,1681.0
2025-12-19 21:15:00,25799.0,25810.8,25796.1,25806.1,411.0
2025-12-21 23:00:00,25828.3,25839.5,25819.1,25837.5,1056.0
2025-12-21 23:45:00,25837.3,25847.5,25832.7,25835.0,1232.0
2025-12-22 00:30:00,25834.5,25845.6,25831.3,25844.2,912.0
2025-12-22 01:15:00,25843.2,25882.1,25775.5,25778.8,4990.0
2025-12-22 02:00:00,25781.3,25793.4,25718.5,25735.9,4704.0
2025-12-22 02:45:00,25736.4,25812.1,25712.3,25780.8,4233.0
2025-12-22 03:30:00,25780.7,25800.4,25752.9,25758.6,1839.0
2025-12-22 04:15:00,25759.6,25759.6,25752.0,25753.3,439.0
2025-12-22 05:00:00,25760.8,25787.1,25715.7,25723.2,4054.0
2025-12-22 05:45:00,25724.2,25763.7,25713.7,25721.4,3596.0
2025-12-22 06:30:00,25722.9,25754.8,25684.4,25752.0,3337.0
2025-12-22 07:15:00,25753.0,25808.1,25751.5,25793.2,2543.0
2025-12-22 08:00:00,25793.7,25812.5,25775.5,25778.9,1799.0
2025-12-22 08:45:00,25779.2,25800.1,25766.6,25798.6,1186.0
2025-12-22 09:30:00,25799.1,25814.0,25788.2,25811.9,877.0
2025-12-22 10:15:00,25808.9,25809.4,25787.4,25798.8,798.0
2025-12-22 11:00:00,25799.3,25815.2,25795.4,25815.0,707.0
2025-12-22 11:45:00,25815.5,25829.3,25802.3,25819.9,846.0
2025-12-22 12:30:00,25820.4,25838.9,25817.4,25836.4,981.0
2025-12-22 13:15:00,25836.9,25846.0,25822.5,25832.7,968.0
2025-12-22 14:00:00,25832.2,25836.7,25788.9,25827.2,2338.0
2025-12-22 14:45:00,25825.7,25864.9,25796.5,25856.4,3747.0
2025-12-22 15:30:00,25856.9,25897.3,25850.3,25880.0,2240.0
2025-12-22 16:15:00,25880.5,25892.6,25860.4,25886.1,1791.0
2025-12-22 17:00:00,25886.6,25905.1,25882.2,25899.0,1311.0
2025-12-22 17:45:00,25900.0,25920.1,25896.6,25898.6,1209.0
2025-12-22 18:30:00,25899.1,25911.9,25870.5,25874.4,1000.0
2025-12-22 19:15:00,25874.3,25883.0,25871.5,25874.2,740.0
2025-12-22 20:00:00,25874.3,25887.6,25874.3,25876.3,711.0
2025-12-22 20:45:00,25876.5,25876.5,25849.4,25861.3,671.0
2025-12-22 21:30:00,25861.6,25865.0,25860.1,25864.6,107.0
2025-12-22 22:00:00,25863.4,25866.6,25860.4,25864.2,71.0
2025-12-22 22:45:00,25863.8,25873.5,25862.5,25869.8,514.0
2025-12-22 23:30:00,25869.6,25878.5,25866.3,25876.2,587.0
2025-12-23 00:15:00,25876.0,25882.5,25874.6,25882.3,464.0
2025-12-23 01:00:00,25882.1,25929.8,25841.7,25858.4,3239.0
2025-12-23 01:45:00,25859.4,25946.1,25839.6,25915.2,4853.0
2025-12-23 02:30:00,25915.7,25926.7,25837.4,25914.7,4247.0
2025-12-23 03:15:00,25915.2,25939.0,25855.6,25870.6,3007.0
2025-12-23 04:00:00,25870.1,25870.1,25846.8,25851.5,511.0
2025-12-23 04:45:00,25852.1,25864.4,25794.3,25822.7,2878.0
2025-12-23 05:30:00,25822.8,25838.5,25768.8,25777.6,3897.0
2025-12-23 06:15:00,25777.1,25800.9,25742.5,25782.5,3673.0
2025-12-23 07:00:00,25783.5,25789.9,25756.5,25781.4,2628.0
2025-12-23 07:45:00,25780.9,25791.0,25759.9,25776.0,2315.0
2025-12-23 08:30:00,25760.0,25762.7,25749.2,25755.4,978.0
2025-12-23 09:15:00,25766.7,25794.8,25758.7,25786.0,1000.0
2025-12-23 10:00:00,25786.5,25796.6,25765.9,25778.8,566.0
2025-12-23 10:45:00,25778.3,25795.1,25775.6,25787.4,672.0
2025-12-23 11:30:00,25786.9,25794.0,25768.7,25773.2,620.0
2025-12-23 12:15:00,25773.7,25781.5,25768.1,25769.1,628.0
2025-12-23 13:00:00,25769.6,25778.4,25730.2,25739.7,1405.0
2025-12-23 13:45:00,25739.2,25740.2,25698.4,25725.1,1883.0
2025-12-23 14:30:00,25727.1,25745.3,25657.8,25690.9,3847.0
2025-12-23 15:15:00,25691.4,25757.8,25691.4,25755.3,2333.0
2025-12-23 16:00:00,25754.8,25759.6,25731.5,25746.1,1510.0
2025-12-23 16:45:00,25746.6,25769.1,25741.4,25764.1,1288.0
2025-12-23 17:30:00,25763.6,25782.4,25754.0,25780.9,1091.0
2025-12-23 18:15:00,25780.4,25803.5,25774.9,25800.3,938.0
2025-12-23 19:00:00,25790.4,25809.8,25790.1,25807.5,528.0
2025-12-23 19:45:00,25807.7,25813.4,25803.3,25804.0,425.0
2025-12-23 20:30:00,25803.8,25815.5,25799.7,25802.5,934.0
2025-12-23 21:15:00,25802.7,25811.2,25801.3,25810.8,172.0
2025-12-23 22:00:00,25809.7,25811.5,25808.3,25809.2,71.0
2025-12-23 22:45:00,25808.7,25809.9,25802.2,25803.2,506.0
2025-12-23 23:30:00,25803.0,25807.1,25798.8,25804.4,819.0
2025-12-24 00:15:00,25803.9,25804.9,25800.3,25802.4,518.0
2025-12-24 01:00:00,25802.6,25876.1,25777.1,25827.0,2960.0
2025-12-24 01:45:00,25826.5,25872.7,25811.5,25842.9,4457.0
2025-12-24 02:30:00,25841.9,25902.9,25799.0,25861.9,4352.0
2025-12-24 03:15:00,25859.9,25874.6,25785.7,25816.3,3298.0
2025-12-24 04:00:00,25809.1,25834.2,25798.5,25813.1,898.0
2025-12-24 04:45:00,25812.6,25814.0,25808.7,25811.0,356.0
2025-12-24 05:30:00,25810.7,25815.4,25810.4,25812.7,320.0
2025-12-24 06:15:00,25812.9,25814.2,25807.0,25809.0,257.0
2025-12-24 07:00:00,25808.7,25809.7,25802.8,25803.6,300.0
2025-12-24 07:45:00,25803.3,25809.0,25803.3,25807.1,338.0
2025-12-24 08:30:00,25806.8,25809.9,25800.8,25809.4,398.0
2025-12-24 09:15:00,25809.9,25814.0,25807.9,25809.5,296.0
2025-12-24 10:00:00,25808.9,25811.7,25805.6,25810.8,348.0
2025-12-24 10:45:00,25810.6,25813.6,25808.9,25811.0,343.0
2025-12-24 11:30:00,25810.7,25815.7,25808.8,25815.4,335.0
2025-12-24 12:15:00,25815.7,25819.9,25813.0,25816.3,355.0
2025-12-24 13:00:00,25815.8,25818.5,25808.5,25816.9,517.0
2025-12-24 13:45:00,25816.6,25820.2,25810.3,25811.9,422.0
2025-12-24 14:30:00,25811.4,25858.5,25808.7,25845.1,1524.0
2025-12-24 15:15:00,25845.2,25850.7,25815.5,25845.5,778.0
2025-12-24 16:00:00,25845.7,25852.6,25832.0,25842.1,617.0
2025-12-24 16:45:00,25842.0,25848.6,25834.2,25842.8,543.0
2025-12-24 17:30:00,25842.7,25848.4,25820.9,25828.0,1140.0
2025-12-25 22:45:00,25835.6,25850.5,25823.9,25826.3,752.0
2025-12-25 23:30:00,25826.1,25841.5,25824.1,25841.0,821.0
2025-12-26 00:15:00,25840.7,25843.5,25837.1,25842.5,514.0
2025-12-26 01:00:00,25842.0,25865.9,25840.2,25850.2,682.0
2025-12-26 01:45:00,25850.0,25877.0,25848.5,25872.5,469.0
2025-12-26 02:30:00,25872.0,25895.8,25871.4,25894.1,322.0
2025-12-26 03:15:00,25893.8,25894.3,25873.0,25873.2,385.0
2025-12-26 04:00:00,25873.0,25874.8,25870.5,25874.3,261.0
2025-12-26 04:45:00,25874.1,25875.0,25867.3,25867.6,252.0
2025-12-26 05:30:00,25867.1,25870.0,25864.0,25868.4,295.0
2025-12-26 06:15:00,25868.6,25869.5,25864.3,25865.4,361.0
2025-12-26 07:00:00,25865.1,25866.4,25852.9,25859.9,430.0
2025-12-26 07:45:00,25859.4,25861.5,25853.8,25857.9,517.0
2025-12-26 08:30:00,25857.6,25868.0,25854.6,25867.5,506.0
2025-12-26 09:15:00,25867.0,25867.5,25861.4,25865.9,365.0
2025-12-26 10:00:00,25866.3,25871.6,25865.9,25869.7,448.0
2025-12-26 10:45:00,25870.0,25870.4,25863.9,25863.9,336.0
2025-12-26 11:30:00,25863.6,25864.4,25856.7,25863.3,441.0
2025-12-26 12:15:00,25863.5,25868.2,25862.2,25865.2,381.0
2025-12-26 13:00:00,25865.4,25878.6,25862.4,25877.2,549.0
2025-12-26 13:45:00,25877.8,25886.9,25869.1,25883.3,653.0
2025-12-26 14:30:00,25884.2,25988.2,25871.5,25932.2,2680.0
2025-12-26 15:15:00,25932.3,25961.6,25910.1,25949.3,1781.0
2025-12-26 16:00:00,25949.2,25953.5,25910.4,25912.7,1242.0
2025-12-26 16:45:00,25912.9,25923.5,25904.6,25918.3,985.0
2025-12-26 17:30:00,25918.5,25924.6,25910.0,25917.0,829.0
2025-12-26 18:15:00,25916.9,25929.1,25905.9,25926.9,670.0
2025-12-26 19:00:00,25927.1,25927.2,25915.5,25925.9,647.0
2025-12-26 19:45:00,25926.0,25940.4,25916.9,25940.1,515.0
2025-12-26 20:30:00,25939.9,25957.2,25938.7,25944.1,726.0
2025-12-26 21:15:00,25943.9,25946.3,25941.1,25942.0,225.0
2025-12-28 23:00:00,25948.7,25957.8,25939.2,25957.3,777.0
2025-12-28 23:45:00,25957.0,25957.8,25911.1,25915.2,1007.0
2025-12-29 00:30:00,25915.4,25925.4,25868.9,25881.0,659.0
2025-12-29 01:15:00,25880.5,26102.1,25880.5,26022.0,5282.0
2025-12-29 02:00:00,26022.5,26062.9,25940.5,26033.5,5044.0
2025-12-29 02:45:00,26033.0,26033.0,25904.7,25904.7,4602.0
2025-12-29 03:30:00,25905.2,25969.6,25892.4,25899.6,1975.0
2025-12-29 04:15:00,25899.8,25914.3,25899.6,25907.5,263.0
2025-12-29 05:00:00,25910.0,25910.0,25797.1,25825.1,3715.0
2025-12-29 05:45:00,25825.6,25834.3,25706.3,25717.5,3568.0
2025-12-29 06:30:00,25717.2,25724.2,25657.7,25661.1,3366.0
2025-12-29 07:15:00,25662.1,25665.0,25626.7,25629.7,2279.0
2025-12-29 08:00:00,25632.2,25656.1,25603.7,25613.2,2149.0
2025-12-29 08:45:00,25613.0,25627.6,25583.4,25605.4,1856.0
2025-12-29 09:30:00,25604.9,25622.9,25591.7,25622.4,1129.0
2025-12-29 10:15:00,25621.9,25637.0,25614.3,25614.3,889.0
2025-12-29 11:00:00,25614.8,25622.5,25597.5,25620.8,921.0
2025-12-29 11:45:00,25620.3,25621.3,25589.9,25596.8,685.0
2025-12-29 12:30:00,25596.3,25596.8,25566.8,25584.6,830.0
2025-12-29 13:15:00,25584.1,25596.8,25538.0,25565.3,1461.0
2025-12-29 14:00:00,25565.8,25627.1,25539.8,25620.6,2419.0
2025-12-29 14:45:00,25618.1,25629.0,25584.0,25626.7,3027.0
2025-12-29 15:30:00,25627.2,25636.0,25521.8,25615.0,2734.0
2025-12-29 16:15:00,25615.5,25621.5,25589.1,25610.0,2166.0
2025-12-29 17:00:00,25609.5,25609.5,25575.9,25586.4,1029.0
2025-12-29 17:45:00,25586.9,25611.0,25581.3,25598.1,841.0
2025-12-29 18:30:00,25597.6,25614.6,25569.0,25573.6,741.0
2025-12-29 19:15:00,25573.7,25608.2,25571.6,25605.3,841.0
2025-12-29 20:00:00,25605.0,25621.5,25602.8,25612.9,633.0
2025-12-29 20:45:00,25612.7,25632.8,25605.0,25625.8,761.0
2025-12-29 21:30:00,25626.1,25626.8,25622.5,25626.3,114.0
2025-12-29 22:00:00,25626.2,25627.0,25625.8,25625.8,58.0
2025-12-29 22:45:00,25625.4,25626.4,25609.0,25609.1,500.0
2025-12-29 23:30:00,25609.3,25617.9,25609.0,25612.9,658.0
2025-12-30 00:15:00,25612.6,25621.4,25609.8,25610.5,556.0
2025-12-30 01:00:00,25610.7,25679.3,25606.3,25659.6,3305.0
2025-12-30 01:45:00,25665.1,25770.6,25623.9,25682.7,5231.0
2025-12-30 02:30:00,25685.2,25752.1,25671.7,25736.6,4546.0
2025-12-30 03:15:00,25738.1,25781.6,25714.3,25724.3,3336.0
2025-12-30 04:00:00,25722.3,25733.5,25720.7,25731.6,366.0
2025-12-30 04:45:00,25731.8,25890.7,25689.9,25861.6,3432.0
2025-12-30 05:30:00,25865.6,25904.7,25835.7,25893.4,4491.0
2025-12-30 06:15:00,25895.4,25927.0,25862.1,25921.2,3459.0
2025-12-30 07:00:00,25920.7,25920.7,25834.2,25839.1,2828.0
2025-12-30 07:45:00,25841.6,25887.9,25778.4,25882.0,3152.0
2025-12-30 08:30:00,25871.8,25885.6,25871.3,25882.0,627.0
2025-12-30 09:15:00,25895.1,25910.7,25883.3,25899.1,1259.0
2025-12-30 10:00:00,25899.6,25921.8,25889.6,25906.0,1056.0
2025-12-30 10:45:00,25906.5,25906.5,25878.1,25885.5,1160.0
2025-12-30 11:30:00,25884.5,25894.0,25871.6,25886.6,1011.0
2025-12-30 12:15:00,25887.1,25893.1,25874.8,25882.2,1032.0
2025-12-30 13:00:00,25882.7,25888.4,25867.6,25875.5,1266.0
2025-12-30 13:45:00,25875.0,25885.1,25867.6,25880.9,1205.0
2025-12-30 14:30:00,25882.9,25904.9,25826.9,25827.2,3475.0
2025-12-30 15:15:00,25827.7,25858.9,25809.5,25837.6,2411.0
2025-12-30 16:00:00,25836.6,25894.9,25828.2,25875.6,2120.0
2025-12-30 16:45:00,25876.1,25877.6,25850.8,25853.7,1452.0
2025-12-30 17:30:00,25854.2,25858.2,25839.2,25850.2,963.0
2025-12-30 18:15:00,25850.7,25860.7,25827.9,25837.9,943.0
2025-12-30 19:00:00,25838.0,25844.6,25834.9,25835.1,686.0
2025-12-30 19:45:00,25835.0,25835.4,25821.2,25832.1,697.0
2025-12-30 20:30:00,25831.9,25845.8,25820.1,25829.3,835.0
2025-12-30 21:15:00,25828.8,25832.1,25827.7,25829.2,223.0
2025-12-30 22:00:00,25828.8,25830.4,25828.7,25829.0,39.0
2025-12-30 22:45:00,25828.8,25835.7,25822.2,25823.2,535.0
2025-12-30 23:30:00,25823.0,25824.9,25814.3,25818.7,509.0
2025-12-31 00:15:00,25818.9,25821.5,25801.9,25804.6,735.0
2025-12-31 01:00:00,25804.0,25825.6,25683.1,25708.4,3505.0
2025-12-31 01:45:00,25703.4,25708.8,25602.6,25606.9,4815.0
2025-12-31 02:30:00,25607.4,25693.5,25607.4,25649.8,4396.0
2025-12-31 03:15:00,25648.3,25649.2,25543.5,25579.2,3380.0
2025-12-31 04:00:00,25580.2,25607.6,25578.2,25593.5,1062.0
2025-12-31 04:45:00,25593.6,25595.9,25590.4,25594.7,345.0
2025-12-31 05:30:00,25594.5,25600.4,25520.6,25599.3,520.0
2025-12-31 06:15:00,25598.8,25601.6,25585.7,25591.7,543.0
2025-12-31 07:00:00,25591.1,25602.9,25587.7,25599.8,673.0
2025-12-31 07:45:00,25600.0,25602.4,25593.6,25593.6,671.0
2025-12-31 08:30:00,25593.2,25596.2,25582.3,25593.2,1044.0
2025-12-31 09:15:00,25593.4,25596.0,25586.9,25587.9,591.0
2025-12-31 10:00:00,25588.5,25595.7,25583.6,25591.9,488.0
2025-12-31 10:45:00,25591.7,25599.5,25589.5,25598.7,434.0
2025-12-31 11:30:00,25598.2,25606.0,25597.1,25603.6,596.0
2025-12-31 12:15:00,25604.1,25620.1,25604.1,25619.0,606.0
2025-12-31 13:00:00,25619.3,25627.5,25607.0,25624.8,696.0
2025-12-31 13:45:00,25625.3,25641.4,25617.0,25617.4,997.0
2025-12-31 14:30:00,25615.3,25621.9,25555.8,25561.7,2547.0
2025-12-31 15:15:00,25561.9,25568.2,25510.4,25521.3,1602.0
2025-12-31 16:00:00,25521.2,25556.2,25521.2,25549.5,1113.0
2025-12-31 16:45:00,25549.3,25580.7,25549.2,25575.1,863.0
2025-12-31 17:30:00,25574.9,25589.0,25571.4,25587.3,757.0
2025-12-31 18:15:00,25587.0,25603.5,25585.4,25603.1,694.0
2025-12-31 19:00:00,25603.2,25611.4,25578.0,25582.5,1064.0
2025-12-31 19:45:00,25582.4,25586.7,25550.6,25551.7,1382.0
2025-12-31 20:30:00,25551.4,25583.2,25546.6,25573.8,1825.0
2025-12-31 21:15:00,25573.6,25573.6,25562.8,25564.5,406.0
2026-01-01 22:45:00,25573.2,25584.2,25571.2,25578.6,612.0
2026-01-01 23:30:00,25579.0,25595.2,25576.3,25585.9,818.0
2026-01-02 00:15:00,25585.6,25609.8,25584.6,25609.3,760.0
2026-01-02 01:00:00,25609.8,25956.5,25609.3,25927.4,3721.0
2026-01-02 01:45:00,25926.9,26118.6,25918.5,26074.7,5053.0
2026-01-02 02:30:00,26074.2,26235.5,26050.3,26201.5,4120.0
2026-01-02 03:15:00,26202.0,26243.6,26181.7,26215.0,3021.0
2026-01-02 04:00:00,26196.5,26197.0,26186.5,26190.0,405.0
2026-01-02 04:45:00,26189.7,26293.5,26180.3,26266.1,2642.0
2026-01-02 05:30:00,26265.6,26344.5,26252.0,26344.5,2985.0
2026-01-02 06:15:00,26345.0,26376.7,26300.6,26308.7,3344.0
2026-01-02 07:00:00,26305.2,26318.9,26262.6,26315.1,3471.0
2026-01-02 07:45:00,26312.6,26395.6,26294.0,26390.0,2961.0
2026-01-02 08:30:00,26365.0,26457.8,26356.9,26394.3,1511.0
2026-01-02 09:15:00,26394.0,26423.7,26371.1,26375.1,1755.0
2026-01-02 10:00:00,26378.1,26378.1,26328.5,26344.5,1513.0
2026-01-02 10:45:00,26344.0,26356.2,26328.0,26348.2,1122.0
2026-01-02 11:30:00,26348.7,26383.1,26345.0,26379.6,1438.0
2026-01-02 12:15:00,26380.1,26385.5,26344.6,26366.6,1126.0
2026-01-02 13:00:00,26366.1,26385.7,26352.3,26368.8,1409.0
2026-01-02 13:45:00,26368.3,26377.8,26349.4,26361.9,1739.0
2026-01-02 14:30:00,26362.9,26474.7,26315.7,26420.0,4974.0
2026-01-02 15:15:00,26419.5,26468.8,26379.4,26418.7,4867.0
2026-01-02 16:00:00,26415.7,26459.3,26380.2,26453.4,4415.0
2026-01-02 16:45:00,26452.9,26504.5,26424.7,26495.8,3769.0
2026-01-02 17:30:00,26496.8,26508.5,26436.0,26441.7,3119.0
2026-01-02 18:15:00,26441.2,26460.9,26398.2,26413.7,2949.0
2026-01-02 19:00:00,26398.3,26464.8,26396.1,26457.5,2465.0
2026-01-02 19:45:00,26457.6,26484.0,26449.8,26479.3,2100.0
2026-01-02 20:30:00,26479.5,26481.1,26439.2,26476.4,2019.0
2026-01-02 21:15:00,26477.0,26477.0,26463.6,26471.0,324.0
2026-01-04 23:00:00,26491.7,26497.0,26455.6,26490.7,1691.0
2026-01-04 23:45:00,26491.2,26534.9,26485.0,26505.1,2222.0
2026-01-05 00:30:00,26505.4,26505.9,26465.4,26480.0,1813.0
2026-01-05 01:15:00,26482.4,26538.1,26254.8,26420.7,6076.0
2026-01-05 02:00:00,26421.7,26445.8,26353.7,26374.3,5400.0
2026-01-05 02:45:00,26374.8,26401.5,26295.0,26300.9,4979.0
2026-01-05 03:30:00,26300.4,26317.9,26277.4,26306.3,2510.0
2026-01-05 04:15:00,26305.8,26323.1,26305.3,26316.8,456.0
2026-01-05 05:00:00,26325.7,26408.0,26300.3,26335.7,4706.0
2026-01-05 05:45:00,26335.2,26381.8,26317.7,26370.7,4354.0
2026-01-05 06:30:00,26369.7,26406.3,26319.9,26331.4,3669.0
2026-01-05 07:15:00,26331.9,26362.5,26311.9,26333.9,2716.0
2026-01-05 08:00:00,26331.9,26361.7,26311.8,26317.4,2552.0
2026-01-05 08:45:00,26316.9,26352.0,26314.0,26315.5,1762.0
2026-01-05 09:30:00,26314.4,26330.0,26299.1,26306.3,1493.0
2026-01-05 10:15:00,26305.8,26306.3,26261.8,26286.3,1330.0
2026-01-05 11:00:00,26286.8,26293.9,26270.6,26276.6,1211.0
2026-01-05 11:45:00,26277.1,26296.3,26270.5,26284.9,1060.0
2026-01-05 12:30:00,26285.4,26297.6,26227.2,26246.3,1692.0
2026-01-05 13:15:00,26246.8,26277.0,26218.3,26260.6,2094.0
2026-01-05 14:00:00,26263.6,26299.8,26237.5,26252.6,3211.0
2026-01-05 14:45:00,26253.1,26297.3,26226.9,26287.3,4251.0
2026-01-05 15:30:00,26287.8,26424.5,26287.3,26404.4,3471.0
2026-01-05 16:15:00,26404.9,26476.4,26392.1,26473.7,2677.0
2026-01-05 17:00:00,26473.2,26533.9,26466.2,26516.9,2547.0
2026-01-05 17:45:00,26516.4,26536.7,26493.4,26510.9,2178.0
2026-01-05 18:30:00,26510.4,26559.1,26500.9,26527.9,1102.0
2026-01-05 19:15:00,26528.1,26540.1,26521.8,26524.1,1066.0
2026-01-05 20:00:00,26524.0,26531.1,26518.4,26524.0,933.0
2026-01-05 20:45:00,26523.9,26539.2,26512.8,26536.3,834.0
2026-01-05 21:30:00,26536.9,26537.5,26529.6,26530.5,139.0
2026-01-05 22:00:00,26531.0,26545.7,26529.7,26541.2,212.0
2026-01-05 22:45:00,26541.1,26543.1,26531.4,26537.4,651.0
2026-01-05 23:30:00,26537.7,26537.7,26500.6,26501.5,1093.0
2026-01-06 00:15:00,26501.2,26520.4,26496.4,26513.5,714.0
2026-01-06 01:00:00,26513.7,26654.5,26481.0,26637.2,4003.0
2026-01-06 01:45:00,26638.7,26774.4,26603.1,26743.6,5528.0
2026-01-06 02:30:00,26741.6,26829.2,26632.6,26828.4,5189.0
2026-01-06 03:15:00,26828.9,26889.4,26803.5,26850.5,3771.0
2026-01-06 04:00:00,26830.6,26840.5,26830.3,26839.0,372.0
2026-01-06 04:45:00,26838.5,26848.7,26787.5,26833.9,3414.0
2026-01-06 05:30:00,26831.9,26843.7,26710.7,26776.5,4876.0
2026-01-06 06:15:00,26777.5,26816.5,26763.3,26773.9,4362.0
2026-01-06 07:00:00,26773.4,26773.4,26719.9,26725.6,3478.0
2026-01-06 07:45:00,26723.1,26723.1,26670.8,26687.3,3122.0
2026-01-06 08:30:00,26665.7,26684.4,26647.8,26682.1,1995.0
2026-01-06 09:15:00,26689.7,26690.8,26616.0,26634.5,2117.0
2026-01-06 10:00:00,26635.0,26638.5,26603.2,26626.1,1605.0
2026-01-06 10:45:00,26625.6,26654.3,26620.8,26651.6,1016.0
2026-01-06 11:30:00,26652.1,26675.7,26639.8,26673.6,983.0
2026-01-06 12:15:00,26673.4,26696.8,26660.4,26691.2,1002.0
2026-01-06 13:00:00,26690.2,26696.1,26671.9,26688.8,1405.0
2026-01-06 13:45:00,26688.3,26741.8,26666.7,26739.8,1870.0
2026-01-06 14:30:00,26740.3,26809.1,26704.8,26776.3,4407.0
2026-01-06 15:15:00,26775.3,26799.5,26742.3,26746.6,3597.0
2026-01-06 16:00:00,26746.1,26756.0,26696.9,26704.8,3242.0
2026-01-06 16:45:00,26703.8,26707.2,26667.1,26689.9,2371.0
2026-01-06 17:30:00,26690.4,26717.3,26673.4,26708.8,1547.0
2026-01-06 18:15:00,26707.8,26710.7,26637.5,26637.5,1381.0
2026-01-06 19:00:00,26637.6,26665.9,26637.5,26647.0,706.0
2026-01-06 19:45:00,26647.1,26661.7,26642.8,26657.6,627.0
2026-01-06 20:30:00,26657.5,26668.1,26636.7,26643.5,841.0
2026-01-06 21:15:00,26644.0,26659.7,26641.8,26659.2,130.0
2026-01-06 22:00:00,26659.0,26669.0,26658.8,26668.1,63.0
2026-01-06 22:45:00,26668.0,26676.6,26648.5,26653.1,410.0
2026-01-06 23:30:00,26652.8,26660.5,26649.9,26657.0,821.0
2026-01-07 00:15:00,26657.2,26684.3,26657.0,26680.3,661.0
2026-01-07 01:00:00,26680.8,26681.9,26541.8,26584.8,3616.0
2026-01-07 01:45:00,26581.3,26596.2,26438.8,26472.9,5231.0
2026-01-07 02:30:00,26471.9,26500.4,26434.1,26473.5,4810.0
2026-01-07 03:15:00,26472.5,26525.5,26441.1,26453.7,3595.0
2026-01-07 04:00:00,26439.6,26440.5,26420.8,26430.6,583.0
2026-01-07 04:45:00,26430.8,26458.0,26371.0,26381.8,3390.0
2026-01-07 05:30:00,26382.3,26424.4,26334.1,26410.9,4611.0
2026-01-07 06:15:00,26412.4,26442.3,26364.7,26435.7,3935.0
2026-01-07 07:00:00,26437.2,26452.1,26405.1,26428.3,3373.0
2026-01-07 07:45:00,26431.3,26467.4,26420.6,26449.8,2557.0
2026-01-07 08:30:00,26438.1,26449.0,26418.1,26442.6,1111.0
2026-01-07 09:15:00,26441.6,26441.6,26407.1,26424.7,1627.0
2026-01-07 10:00:00,26423.2,26438.9,26382.2,26385.2,1321.0
2026-01-07 10:45:00,26385.7,26417.9,26385.7,26407.9,1019.0
2026-01-07 11:30:00,26405.9,26407.1,26374.9,26380.3,1018.0
2026-01-07 12:15:00,26380.8,26387.2,26350.8,26363.7,1115.0
2026-01-07 13:00:00,26363.2,26381.9,26343.7,26377.0,1623.0
2026-01-07 13:45:00,26377.5,26380.5,26323.3,26355.7,1887.0
2026-01-07 14:30:00,26352.7,26352.7,26254.1,26263.2,4246.0
2026-01-07 15:15:00,26262.7,26335.6,26242.8,26316.2,3506.0
2026-01-07 16:00:00,26315.7,26356.8,26296.0,26356.3,2324.0
2026-01-07 16:45:00,26357.3,26361.3,26322.2,26327.2,1649.0
2026-01-07 17:30:00,26327.7,26329.2,26288.2,26293.2,1658.0
2026-01-07 18:15:00,26292.2,26314.9,26276.3,26301.7,1346.0
2026-01-07 19:00:00,26301.9,26305.8,26279.3,26285.1,1504.0
2026-01-07 19:45:00,26285.2,26289.3,26230.5,26230.8,1389.0
2026-01-07 20:30:00,26230.7,26263.1,26223.8,26234.0,1549.0
2026-01-07 21:15:00,26234.4,26257.0,26230.0,26255.7,349.0
2026-01-07 22:00:00,26256.1,26260.1,26255.4,26258.1,87.0
2026-01-07 22:45:00,26258.2,26267.0,26256.0,26259.9,499.0
2026-01-07 23:30:00,26260.2,26263.4,26256.9,26260.7,640.0
2026-01-08 00:15:00,26260.9,26263.8,26250.1,26263.3,650.0
2026-01-08 01:00:00,26263.8,26326.8,26167.1,26190.6,3588.0
2026-01-08 01:45:00,26192.6,26212.2,26056.6,26097.8,5387.0
2026-01-08 02:30:00,26097.9,26163.0,26067.4,26116.2,4844.0
2026-01-08 03:15:00,26116.7,26148.7,26109.3,26132.7,3229.0
2026-01-08 04:00:00,26126.5,26140.1,26123.0,26133.5,587.0
2026-01-08 04:45:00,26134.0,26158.1,26094.4,26128.5,3131.0
2026-01-08 05:30:00,26127.5,26127.5,25975.6,25978.6,4578.0
2026-01-08 06:15:00,25978.1,26084.7,25973.6,26071.6,4251.0
2026-01-08 07:00:00,26070.1,26217.3,26052.4,26144.5,3760.0
2026-01-08 07:45:00,26144.0,26152.0,26106.7,26116.5,3035.0
2026-01-08 08:30:00,26102.1,26142.9,26088.9,26112.6,1518.0
2026-01-08 09:15:00,26123.2,26127.9,26091.5,26110.5,1388.0
2026-01-08 10:00:00,26109.5,26132.7,26097.6,26129.1,1277.0
2026-01-08 10:45:00,26128.1,26143.0,26101.6,26136.1,1308.0
2026-01-08 11:30:00,26135.6,26140.4,26093.3,26099.3,1475.0
2026-01-08 12:15:00,26099.8,26121.1,26097.9,26110.7,1246.0
2026-01-08 13:00:00,26110.2,26134.4,26096.2,26112.2,1532.0
2026-01-08 13:45:00,26111.7,26114.6,26056.3,26091.6,1815.0
2026-01-08 14:30:00,26089.6,26243.1,26065.6,26239.0,5150.0
2026-01-08 15:15:00,26239.5,26316.6,26238.2,26294.2,4580.0
2026-01-08 16:00:00,26293.7,26303.6,26230.6,26288.0,3618.0
2026-01-08 16:45:00,26289.0,26302.5,26280.8,26295.4,2484.0
2026-01-08 17:30:00,26296.4,26330.4,26293.4,26304.6,1772.0
2026-01-08 18:15:00,26304.1,26323.8,26288.9,26290.9,1752.0
2026-01-08 19:00:00,26278.5,26281.4,26262.7,26272.4,1477.0
2026-01-08 19:45:00,26272.3,26301.0,26272.2,26296.8,1303.0
2026-01-08 20:30:00,26297.3,26313.5,26289.4,26308.4,1197.0
2026-01-08 21:15:00,26308.9,26348.4,26308.4,26333.8,453.0
2026-01-08 22:00:00,26335.8,26341.7,26327.7,26337.9,181.0
2026-01-08 22:45:00,26337.7,26341.0,26311.8,26312.0,546.0
2026-01-08 23:30:00,26312.6,26314.7,26300.6,26314.7,1046.0
2026-01-09 00:15:00,26314.5,26315.5,26302.7,26303.3,810.0
2026-01-09 01:00:00,26302.7,26309.7,26165.5,26175.1,4032.0
2026-01-09 01:45:00,26174.1,26300.0,26164.3,26193.3,5507.0
2026-01-09 02:30:00,26194.3,26256.1,26104.7,26147.6,5225.0
2026-01-09 03:15:00,26148.4,26180.6,26107.7,26144.4,3433.0
2026-01-09 04:00:00,26136.7,26146.4,26133.6,26145.4,541.0
2026-01-09 04:45:00,26145.9,26206.4,26137.9,26178.1,3494.0
2026-01-09 05:30:00,26177.6,26219.7,26120.7,26181.3,4729.0
2026-01-09 06:15:00,26179.8,26246.5,26179.3,26223.6,4185.0
2026-01-09 07:00:00,26224.1,26229.5,26168.6,26197.8,2894.0
2026-01-09 07:45:00,26197.3,26219.8,26181.1,26214.8,2412.0
2026-01-09 08:30:00,26207.6,26209.5,26093.3,26171.0,1784.0
2026-01-09 09:15:00,26170.5,26248.3,26170.5,26212.0,1561.0
2026-01-09 10:00:00,26212.5,26217.0,26184.8,26212.9,1044.0
2026-01-09 10:45:00,26213.4,26239.7,26208.7,26234.5,1132.0
2026-01-09 11:30:00,26234.0,26261.6,26232.6,26248.2,1061.0
2026-01-09 12:15:00,26248.7,26248.7,26219.7,26238.8,989.0
2026-01-09 13:00:00,26236.8,26346.7,26225.1,26337.1,2415.0
2026-01-09 13:45:00,26337.6,26341.6,26282.5,26300.1,3247.0
2026-01-09 14:30:00,26300.6,26325.5,26181.5,26197.5,5114.0
2026-01-09 15:15:00,26198.0,26310.3,26188.5,26293.4,4322.0
2026-01-09 16:00:00,26293.9,26347.0,26291.4,26347.0,2915.0
2026-01-09 16:45:00,26347.5,26378.8,26347.5,26372.3,1794.0
2026-01-09 17:30:00,26371.8,26383.3,26343.9,26350.6,1652.0
2026-01-09 18:15:00,26351.1,26403.5,26340.6,26376.5,1594.0
2026-01-09 19:00:00,26376.6,26377.4,26337.6,26348.2,801.0
2026-01-09 19:45:00,26348.0,26355.9,26345.3,26350.8,761.0
2026-01-09 20:30:00,26350.7,26351.2,26330.2,26332.5,960.0
2026-01-09 21:15:00,26331.4,26335.2,26327.9,26333.3,223.0
2026-01-11 23:00:00,26310.4,26349.9,26301.1,26345.6,1238.0
2026-01-11 23:45:00,26345.3,26348.6,26326.1,26338.0,1620.0
2026-01-12 00:30:00,26337.7,26338.0,26277.6,26284.5,2487.0
2026-01-12 01:15:00,26287.3,26423.7,26180.5,26288.4,5710.0
2026-01-12 02:00:00,26285.9,26346.3,26220.5,26345.8,5482.0
2026-01-12 02:45:00,26346.3,26466.5,26328.7,26457.0,4944.0
2026-01-12 03:30:00,26456.0,26471.7,26411.6,26446.4,2960.0
2026-01-12 04:15:00,26446.7,26453.5,26442.9,26443.5,669.0
2026-01-12 05:00:00,26468.4,26513.3,26423.9,26483.7,5076.0
2026-01-12 05:45:00,26481.7,26600.9,26464.2,26598.4,4561.0
2026-01-12 06:30:00,26597.9,26606.5,26531.7,26595.3,4086.0
2026-01-12 07:15:00,26594.8,26607.6,26565.5,26576.7,3057.0
2026-01-12 08:00:00,26575.7,26606.1,26541.4,26546.1,2549.0
2026-01-12 08:45:00,26546.7,26620.1,26541.3,26608.3,1866.0
2026-01-12 09:30:00,26607.8,26612.3,26563.6,26571.3,1359.0
2026-01-12 10:15:00,26571.8,26586.6,26550.0,26580.6,1251.0
2026-01-12 11:00:00,26581.1,26598.5,26572.0,26577.6,1210.0
2026-01-12 11:45:00,26578.1,26592.5,26566.7,26579.9,1230.0
2026-01-12 12:30:00,26580.4,26640.4,26577.4,26635.3,1265.0
2026-01-12 13:15:00,26634.8,26643.6,26594.6,26605.7,1425.0
2026-01-12 14:00:00,26605.2,26700.7,26570.3,26681.8,3275.0
2026-01-12 14:45:00,26685.3,26807.5,26652.1,26776.1,4615.0
2026-01-12 15:30:00,26774.1,26895.2,26774.1,26856.7,3886.0
2026-01-12 16:15:00,26855.2,26907.4,26830.5,26891.1,2862.0
2026-01-12 17:00:00,26890.1,26943.8,26890.1,26943.6,2347.0
2026-01-12 17:45:00,26942.1,26961.4,26927.3,26953.2,1850.0
2026-01-12 18:30:00,26953.7,26997.4,26952.7,26985.7,1313.0
2026-01-12 19:15:00,26985.6,27007.7,26968.1,27004.8,716.0
2026-01-12 20:00:00,27004.7,27005.5,26939.2,26978.6,731.0
2026-01-12 20:45:00,26978.3,26997.0,26964.4,26995.3,750.0
2026-01-12 21:30:00,26994.8,26994.8,26951.2,26954.3,316.0
2026-01-12 22:00:00,26958.7,26961.0,26947.7,26948.7,167.0
2026-01-12 22:45:00,26948.5,26957.8,26931.3,26955.1,611.0
2026-01-12 23:30:00,26954.8,26957.8,26942.7,26944.4,913.0
2026-01-13 00:15:00,26944.9,26968.3,26938.5,26964.3,791.0
2026-01-13 01:00:00,26964.8,27078.5,26930.9,27062.0,4239.0
2026-01-13 01:45:00,27064.0,27159.8,26974.8,26979.2,6169.0
2026-01-13 02:30:00,26980.2,27010.7,26880.4,26924.7,5553.0
2026-01-13 03:15:00,26924.2,26937.1,26852.5,26891.6,4277.0
2026-01-13 04:00:00,26878.2,26900.0,26878.2,26889.0,522.0
2026-01-13 04:45:00,26888.7,26932.2,26811.6,26889.6,3672.0
2026-01-13 05:30:00,26890.1,26915.6,26782.4,26785.2,5074.0
2026-01-13 06:15:00,26784.7,26797.5,26733.7,26774.6,4678.0
2026-01-13 07:00:00,26774.1,26808.0,26735.5,26801.5,3735.0
2026-01-13 07:45:00,26801.0,26841.6,26791.5,26833.5,2783.0
2026-01-13 08:30:00,26829.7,26833.9,26819.3,26827.6,1010.0
2026-01-13 09:15:00,26835.4,26836.5,26802.9,26811.7,1285.0
2026-01-13 10:00:00,26810.7,26816.0,26788.7,26799.7,1189.0
2026-01-13 10:45:00,26799.2,26815.6,26785.8,26797.3,965.0
2026-01-13 11:30:00,26796.8,26828.9,26789.8,26824.0,1093.0
2026-01-13 12:15:00,26823.5,26841.4,26820.7,26828.7,1010.0
2026-01-13 13:00:00,26828.2,26983.2,26821.1,26901.8,2610.0
2026-01-13 13:45:00,26901.3,26967.2,26870.0,26945.9,3450.0
2026-01-13 14:30:00,26945.4,26999.3,26753.7,26811.6,5248.0
2026-01-13 15:15:00,26811.1,26926.3,26734.9,26925.7,4596.0
2026-01-13 16:00:00,26926.2,26954.8,26874.2,26923.7,3772.0
2026-01-13 16:45:00,26924.2,26927.2,26878.4,26910.7,2683.0
2026-01-13 17:30:00,26911.2,26914.7,26830.8,26889.5,3402.0
2026-01-13 18:15:00,26889.0,26916.4,26869.8,26889.4,2635.0
2026-01-13 19:00:00,26877.6,26881.5,26842.4,26875.1,1897.0
2026-01-13 19:45:00,26875.3,26888.1,26855.2,26857.5,1328.0
2026-01-13 20:30:00,26857.3,26885.2,26825.4,26877.2,1528.0
2026-01-13 21:15:00,26876.6,26880.7,26871.4,26873.7,305.0
2026-01-13 22:00:00,26878.0,26878.7,26870.7,26870.8,96.0
2026-01-13 22:45:00,26871.1,26880.5,26870.9,26875.1,573.0
2026-01-13 23:30:00,26875.6,26891.8,26875.1,26889.5,1073.0
2026-01-14 00:15:00,26889.0,26895.5,26887.7,26889.6,683.0
2026-01-14 01:00:00,26890.2,26992.3,26854.2,26937.5,3851.0
2026-01-14 01:45:00,26938.0,26988.3,26854.1,26985.1,5699.0
2026-01-14 02:30:00,26986.1,27074.5,26952.0,27058.6,5214.0
2026-01-14 03:15:00,27057.6,27110.8,27033.6,27104.2,3857.0
2026-01-14 04:00:00,27087.8,27089.1,27073.8,27073.8,422.0
2026-01-14 04:45:00,27074.1,27074.7,26849.2,26930.0,4552.0
2026-01-14 05:30:00,26930.5,27049.9,26789.8,26915.0,5956.0
2026-01-14 06:15:00,26916.0,27005.0,26904.9,26985.7,5143.0
2026-01-14 07:00:00,26987.7,27013.7,26943.8,26958.4,3728.0
2026-01-14 07:45:00,26956.4,26980.5,26932.9,26949.6,2775.0
2026-01-14 08:30:00,26949.2,26949.2,26927.3,26940.3,1183.0
2026-01-14 09:15:00,26940.6,27011.6,26940.6,26978.9,1217.0
2026-01-14 10:00:00,26978.4,26981.7,26887.9,26894.5,2387.0
2026-01-14 10:45:00,26895.0,26895.5,26837.7,26845.5,2294.0
2026-01-14 11:30:00,26846.5,26868.4,26813.8,26823.1,2036.0
2026-01-14 12:15:00,26823.6,26852.9,26814.1,26846.9,1595.0
2026-01-14 13:00:00,26846.4,26850.4,26787.1,26834.2,2218.0
2026-01-14 13:45:00,26833.7,26848.2,26788.5,26846.8,2917.0
2026-01-14 14:30:00,26849.3,26890.0,26814.4,26876.8,4853.0
2026-01-14 15:15:00,26875.8,26915.0,26811.7,26856.8,4137.0
2026-01-14 16:00:00,26857.8,26937.7,26856.4,26884.5,3788.0
2026-01-14 16:45:00,26885.0,26885.0,26816.0,26839.1,3618.0
2026-01-14 17:30:00,26839.6,26840.6,26793.5,26830.4,3306.0
2026-01-14 18:15:00,26829.9,26868.8,26803.3,26868.8,2799.0
2026-01-14 19:00:00,26855.5,26898.3,26853.8,26896.9,2047.0
2026-01-14 19:45:00,26896.8,26928.1,26872.0,26906.3,2628.0
2026-01-14 20:30:00,26906.4,26933.2,26892.4,26912.7,2300.0
2026-01-14 21:15:00,26912.2,26912.7,26859.6,26903.7,938.0
2026-01-14 22:00:00,26901.1,26908.4,26896.4,26896.5,179.0
2026-01-14 22:45:00,26896.7,26908.8,26852.6,26867.8,1161.0
2026-01-14 23:30:00,26868.0,26875.4,26863.6,26870.5,1196.0
2026-01-15 00:15:00,26870.2,26873.7,26858.7,26863.3,820.0
2026-01-15 01:00:00,26863.8,27098.7,26863.3,27078.8,4846.0
2026-01-15 01:45:00,27078.5,27227.3,26955.1,26969.0,6539.0
2026-01-15 02:30:00,26968.8,27016.3,26909.1,26935.1,5627.0
2026-01-15 03:15:00,26934.6,26938.9,26856.0,26866.6,4535.0
2026-01-15 04:00:00,26857.3,26872.8,26856.1,26867.1,813.0
2026-01-15 04:45:00,26867.4,26929.5,26826.0,26898.3,3842.0
2026-01-15 05:30:00,26897.8,26924.4,26848.1,26851.2,5197.0
2026-01-15 06:15:00,26850.7,26923.8,26838.3,26911.8,4986.0
2026-01-15 07:00:00,26916.3,26981.6,26914.9,26950.0,4284.0
2026-01-15 07:45:00,26949.5,26961.3,26888.8,26914.5,3262.0
2026-01-15 08:30:00,26897.8,26936.9,26896.0,26936.6,1768.0
2026-01-15 09:15:00,26949.2,27040.8,26930.5,27028.5,2607.0
2026-01-15 10:00:00,27029.0,27063.8,26998.8,27056.6,2045.0
2026-01-15 10:45:00,27057.1,27063.2,27025.4,27048.2,1577.0
2026-01-15 11:30:00,27048.7,27049.4,27000.3,27001.8,1551.0
2026-01-15 12:15:00,27001.3,27039.1,26983.7,26991.3,1470.0
2026-01-15 13:00:00,26990.8,26999.7,26940.7,26945.0,2419.0
2026-01-15 13:45:00,26946.0,26989.3,26937.5,26970.7,2599.0
2026-01-15 14:30:00,26968.7,27037.4,26838.2,26991.6,5359.0
2026-01-15 15:15:00,26991.1,27060.1,26960.7,27056.2,4294.0
2026-01-15 16:00:00,27053.7,27120.6,27047.7,27094.9,3278.0
2026-01-15 16:45:00,27092.9,27112.0,27071.0,27092.5,2586.0
2026-01-15 17:30:00,27093.0,27170.0,27086.2,27156.2,2504.0
2026-01-15 18:15:00,27155.7,27165.4,27115.7,27122.3,2118.0
2026-01-15 19:00:00,27110.1,27114.8,27062.8,27084.0,2115.0
2026-01-15 19:45:00,27083.9,27096.5,27057.6,27062.3,2143.0
2026-01-15 20:30:00,27062.2,27074.4,27054.2,27060.9,1843.0
2026-01-15 21:15:00,27061.5,27070.8,27060.5,27070.3,260.0
2026-01-15 22:00:00,27069.7,27076.3,27069.7,27074.1,123.0
2026-01-15 22:45:00,27073.7,27082.6,27068.8,27082.0,583.0
2026-01-15 23:30:00,27082.3,27083.6,27071.9,27073.0,906.0
2026-01-16 00:15:00,27072.8,27074.7,27069.7,27073.4,742.0
2026-01-16 01:00:00,27073.9,27235.9,27072.6,27083.6,4046.0
2026-01-16 01:45:00,27083.0,27102.4,26895.2,26934.0,5999.0
2026-01-16 02:30:00,26935.0,26975.9,26881.8,26886.3,5317.0
2026-01-16 03:15:00,26886.2,26919.2,26848.8,26855.5,3852.0
2026-01-16 04:00:00,26841.4,26849.7,26833.2,26840.2,418.0
2026-01-16 04:45:00,26840.5,26893.2,26812.5,26826.5,3678.0
2026-01-16 05:30:00,26825.5,26881.8,26754.3,26783.8,5191.0
2026-01-16 06:15:00,26783.3,26805.4,26761.3,26773.0,4362.0
2026-01-16 07:00:00,26772.5,26814.4,26736.2,26791.7,3115.0
2026-01-16 07:45:00,26792.2,26845.7,26785.0,26812.3,2758.0
2026-01-16 08:30:00,26792.6,26809.8,26780.0,26806.8,1082.0
2026-01-16 09:15:00,26816.3,26816.8,26763.6,26775.6,1485.0
2026-01-16 10:00:00,26777.1,26826.7,26776.6,26826.1,997.0
2026-01-16 10:45:00,26826.6,26854.6,26811.4,26846.1,1208.0
2026-01-16 11:30:00,26847.1,26848.6,26806.5,26822.7,1358.0
2026-01-16 12:15:00,26823.2,26828.1,26794.1,26797.4,1519.0
2026-01-16 13:00:00,26796.9,26809.1,26765.3,26777.2,1894.0
2026-01-16 13:45:00,26776.7,26790.5,26755.9,26772.3,1656.0
2026-01-16 14:30:00,26772.8,26791.6,26611.3,26653.2,4896.0
2026-01-16 15:15:00,26653.7,26671.7,26515.3,26560.0,4296.0
2026-01-16 16:00:00,26557.0,26567.4,26527.0,26544.0,2785.0
2026-01-16 16:45:00,26543.5,26576.7,26528.0,26569.0,2524.0
2026-01-16 17:30:00,26568.5,26600.0,26562.0,26593.8,2131.0
2026-01-16 18:15:00,26594.3,26630.1,26592.8,26602.1,1515.0
2026-01-16 19:00:00,26602.3,26627.7,26601.5,26617.4,1587.0
2026-01-16 19:45:00,26617.5,26624.1,26604.5,26604.5,1257.0
2026-01-16 20:30:00,26603.7,26644.4,26594.8,26601.4,1642.0
2026-01-16 21:15:00,26600.9,26606.0,26599.7,26604.6,310.0
2026-01-18 23:00:00,26517.1,26546.3,26504.0,26525.4,3000.0
2026-01-18 23:45:00,26524.9,26549.9,26490.5,26497.1,3167.0
2026-01-19 00:30:00,26496.7,26550.9,26491.8,26531.7,2344.0
2026-01-19 01:15:00,26531.2,26653.5,26502.4,26614.6,5837.0
2026-01-19 02:00:00,26617.6,26710.7,26578.0,26649.8,5462.0
2026-01-19 02:45:00,26647.8,26685.7,26538.8,26553.9,5214.0
2026-01-19 03:30:00,26556.9,26596.5,26555.9,26563.7,2325.0
2026-01-19 04:15:00,26563.9,26565.7,26545.3,26548.0,617.0
2026-01-19 05:00:00,26570.6,26638.0,26570.6,26574.0,4898.0
2026-01-19 05:45:00,26573.5,26597.5,26545.4,26562.9,4309.0
2026-01-19 06:30:00,26562.4,26572.9,26529.1,26556.0,3744.0
2026-01-19 07:15:00,26555.5,26588.9,26535.9,26545.8,2623.0
2026-01-19 08:00:00,26546.8,26592.4,26542.2,26552.2,2453.0
2026-01-19 08:45:00,26552.5,26573.2,26508.6,26536.5,2250.0
2026-01-19 09:30:00,26531.5,26568.5,26520.0,26566.1,2496.0
2026-01-19 10:15:00,26566.6,26588.2,26546.3,26553.5,1757.0
2026-01-19 11:00:00,26553.0,26571.3,26549.0,26556.2,1591.0
2026-01-19 11:45:00,26556.7,26604.4,26556.2,26602.9,1510.0
2026-01-19 12:30:00,26603.4,26637.0,26599.6,26629.6,1571.0
2026-01-19 13:15:00,26630.1,26663.3,26624.6,26632.2,1472.0
2026-01-19 14:00:00,26631.7,26668.0,26597.5,26632.2,2551.0
2026-01-19 14:45:00,26631.7,26643.2,26599.2,26618.5,2470.0
2026-01-19 15:30:00,26617.0,26638.0,26582.5,26638.0,2115.0
2026-01-19 16:15:00,26637.5,26661.0,26626.8,26657.5,1478.0
2026-01-19 17:00:00,26659.0,26662.5,26644.2,26654.1,896.0
2026-01-19 17:45:00,26653.6,26660.6,26632.1,26632.6,410.0
2026-01-19 18:30:00,26632.1,26632.1,26609.3,26621.6,160.0
2026-01-19 19:15:00,26620.3,26624.0,26620.3,26620.8,7.0
2026-01-19 20:00:00,26619.3,26620.1,26617.4,26618.7,21.0
2026-01-19 20:45:00,26619.2,26619.4,26613.7,26617.1,27.0
2026-01-19 22:45:00,26621.9,26624.2,26613.3,26618.2,879.0
2026-01-19 23:30:00,26618.4,26677.4,26614.0,26642.0,1314.0
2026-01-20 00:15:00,26641.6,26647.6,26617.0,26635.2,1952.0
2026-01-20 01:00:00,26635.5,26643.4,26540.3,26571.3,4273.0
2026-01-20 01:45:00,26572.3,26634.0,26359.7,26393.1,5711.0
2026-01-20 02:30:00,26392.6,26550.1,26383.4,26521.8,5457.0
2026-01-20 03:15:00,26523.3,26576.5,26509.8,26556.1,3905.0
2026-01-20 04:00:00,26548.1,26548.5,26521.7,26539.4,647.0
2026-01-20 04:45:00,26539.9,26619.3,26530.8,26585.2,3760.0
2026-01-20 05:30:00,26584.2,26633.7,26548.6,26585.2,4984.0
2026-01-20 06:15:00,26584.7,26584.7,26456.8,26481.9,4599.0
2026-01-20 07:00:00,26482.4,26503.2,26429.1,26477.7,3660.0
2026-01-20 07:45:00,26476.7,26505.3,26432.9,26445.1,3374.0
2026-01-20 08:30:00,26431.1,26467.6,26375.3,26408.7,3223.0
2026-01-20 09:15:00,26399.4,26399.4,26297.8,26304.1,3589.0
2026-01-20 10:00:00,26303.6,26379.2,26286.7,26369.6,2930.0
2026-01-20 10:45:00,26369.1,26404.5,26353.8,26393.0,2388.0
2026-01-20 11:30:00,26392.5,26423.6,26375.3,26389.3,2524.0
2026-01-20 12:15:00,26388.8,26428.5,26381.8,26411.3,2089.0
2026-01-20 13:00:00,26413.8,26424.8,26365.4,26393.1,3043.0
2026-01-20 13:45:00,26392.6,26394.6,26343.4,26392.7,2920.0
2026-01-20 14:30:00,26392.2,26540.9,26385.7,26412.9,5322.0
2026-01-20 15:15:00,26413.9,26488.0,26395.2,26463.8,4442.0
2026-01-20 16:00:00,26463.3,26483.8,26434.3,26452.1,3993.0
2026-01-20 16:45:00,26452.6,26496.3,26437.5,26453.9,3789.0
2026-01-20 17:30:00,26453.4,26453.4,26406.4,26420.0,3572.0
2026-01-20 18:15:00,26419.5,26426.0,26327.7,26332.8,3001.0
2026-01-20 19:00:00,26321.5,26323.7,26296.4,26298.7,2571.0
2026-01-20 19:45:00,26298.6,26319.4,26289.0,26303.2,2622.0
2026-01-20 20:30:00,26303.4,26360.7,26294.7,26353.3,2299.0
2026-01-20 21:15:00,26352.8,26353.7,26336.8,26343.3,758.0
2026-01-20 22:00:00,26344.6,26346.1,26341.9,26345.0,65.0
2026-01-20 22:45:00,26344.5,26354.5,26339.3,26344.5,996.0
2026-01-20 23:30:00,26344.9,26359.6,26319.7,26356.8,1690.0
2026-01-21 00:15:00,26357.0,26378.7,26349.5,26352.8,1080.0
2026-01-21 01:00:00,26353.2,26510.1,26352.4,26472.3,3698.0
2026-01-21 01:45:00,26471.8,26564.6,26438.1,26524.7,5353.0
2026-01-21 02:30:00,26524.2,26524.2,26413.4,26422.6,5013.0
2026-01-21 03:15:00,26423.6,26461.9,26409.2,26447.8,3473.0
2026-01-21 04:00:00,26437.1,26460.1,26426.5,26431.5,1008.0
2026-01-21 04:45:00,26431.7,26539.3,26426.3,26473.5,3490.0
2026-01-21 05:30:00,26475.5,26521.1,26453.3,26488.2,4534.0
2026-01-21 06:15:00,26488.7,26522.7,26423.3,26513.5,4441.0
2026-01-21 07:00:00,26514.0,26701.8,26503.8,26586.6,4325.0
2026-01-21 07:45:00,26584.6,26593.3,26545.4,26552.0,2681.0
2026-01-21 08:30:00,26543.4,26552.7,26533.9,26538.4,1369.0
2026-01-21 09:15:00,26564.4,26578.5,26519.9,26522.5,1788.0
2026-01-21 10:00:00,26523.5,26566.0,26509.0,26563.6,1855.0
2026-01-21 10:45:00,26564.1,26566.1,26524.8,26546.6,1519.0
2026-01-21 11:30:00,26547.1,26554.6,26469.5,26515.7,2473.0
2026-01-21 12:15:00,26516.2,26531.2,26491.8,26526.5,2137.0
2026-01-21 13:00:00,26525.5,26548.6,26495.0,26509.3,2359.0
2026-01-21 13:45:00,26508.8,26635.4,26488.9,26601.6,4008.0
2026-01-21 14:30:00,26596.1,26682.5,26593.6,26620.3,5046.0
2026-01-21 15:15:00,26620.4,26724.8,26605.2,26707.2,4076.0
2026-01-21 16:00:00,26707.7,26713.6,26599.0,26599.5,3764.0
2026-01-21 16:45:00,26600.5,26620.0,26483.2,26526.7,4673.0
2026-01-21 17:30:00,26527.2,26545.7,26487.1,26517.9,4519.0
2026-01-21 18:15:00,26518.4,26633.1,26509.8,26605.2,4090.0
2026-01-21 19:00:00,26605.0,26705.0,26571.4,26696.9,4119.0
2026-01-21 19:45:00,26697.2,26739.3,26609.7,26610.0,4104.0
2026-01-21 20:30:00,26609.9,26653.1,26598.7,26648.8,2815.0
2026-01-21 21:15:00,26648.3,26649.6,26638.5,26644.7,802.0
2026-01-21 22:00:00,26641.7,26658.5,26641.7,26658.2,122.0
2026-01-21 22:45:00,26658.5,26685.3,26655.4,26663.3,817.0
2026-01-21 23:30:00,26663.6,26664.3,26644.6,26663.7,1486.0
2026-01-22 00:15:00,26663.6,26671.2,26657.4,26664.1,1516.0
2026-01-22 01:00:00,26664.3,26779.7,26628.7,26634.8,3923.0
2026-01-22 01:45:00,26632.8,26660.1,26509.7,26512.1,5315.0
2026-01-22 02:30:00,26510.6,26631.2,26488.7,26605.1,4839.0
2026-01-22 03:15:00,26606.1,26607.1,26509.9,26547.3,3440.0
2026-01-22 04:00:00,26535.0,26539.7,26529.7,26530.1,636.0
2026-01-22 04:45:00,26529.9,26579.2,26518.6,26530.5,3040.0
2026-01-22 05:30:00,26531.0,26588.9,26518.9,26531.5,3982.0
2026-01-22 06:15:00,26530.5,26582.6,26516.8,26582.2,4029.0
2026-01-22 07:00:00,26581.7,26617.5,26555.3,26605.2,2904.0
2026-01-22 07:45:00,26606.7,26643.1,26584.2,26634.8,2512.0
2026-01-22 08:30:00,26621.4,26701.5,26615.4,26700.4,2066.0
2026-01-22 09:15:00,26700.8,26818.3,26700.8,26771.5,2059.0
2026-01-22 10:00:00,26772.5,26781.3,26735.1,26745.1,1574.0
2026-01-22 10:45:00,26744.6,26760.2,26716.7,26720.8,1734.0
2026-01-22 11:30:00,26721.3,26728.6,26688.3,26707.1,1885.0
2026-01-22 12:15:00,26707.6,26746.1,26707.6,26730.1,1432.0
2026-01-22 13:00:00,26729.6,26748.2,26702.3,26740.6,1726.0
2026-01-22 13:45:00,26740.1,26803.3,26740.1,26798.8,2044.0
2026-01-22 14:30:00,26799.3,26871.9,26770.2,26855.4,4993.0
2026-01-22 15:15:00,26854.9,26910.3,26843.8,26889.2,4051.0
2026-01-22 16:00:00,26887.7,26919.9,26881.1,26895.5,2879.0
2026-01-22 16:45:00,26895.0,26922.2,26883.0,26897.0,2801.0
2026-01-22 17:30:00,26898.0,26921.3,26882.1,26887.5,1978.0
2026-01-22 18:15:00,26887.0,26910.5,26886.7,26895.7,1701.0
2026-01-22 19:00:00,26887.1,26906.3,26878.8,26879.1,1384.0
2026-01-22 19:45:00,26878.9,26878.9,26848.7,26852.1,1711.0
2026-01-22 20:30:00,26852.0,26852.0,26826.6,26841.8,1961.0
2026-01-22 21:15:00,26841.3,26853.1,26836.2,26844.6,576.0
2026-01-22 22:00:00,26856.7,26859.0,26846.9,26850.3,239.0
2026-01-22 22:45:00,26849.8,26854.8,26836.5,26851.1,1011.0
2026-01-22 23:30:00,26851.7,26857.0,26840.8,26852.9,1161.0
2026-01-23 00:15:00,26852.7,26859.8,26848.2,26859.3,710.0
2026-01-23 01:00:00,26858.9,26938.2,26800.7,26848.8,4107.0
2026-01-23 01:45:00,26849.0,26879.5,26719.5,26732.5,5230.0
2026-01-23 02:30:00,26732.0,26798.3,26688.2,26690.5,4622.0
2026-01-23 03:15:00,26689.5,26727.1,26687.7,26720.6,3275.0
2026-01-23 04:00:00,26705.7,26729.2,26704.3,26728.2,561.0
2026-01-23 04:45:00,26728.0,26787.6,26700.9,26738.2,3295.0
2026-01-23 05:30:00,26739.2,26779.6,26683.8,26709.5,4388.0
2026-01-23 06:15:00,26708.5,26744.2,26691.0,26726.5,4216.0
2026-01-23 07:00:00,26721.5,26754.9,26716.4,26751.2,2416.0
2026-01-23 07:45:00,26753.2,26753.2,26694.2,26705.2,2593.0
2026-01-23 08:30:00,26686.6,26697.6,26663.3,26673.7,2316.0
2026-01-23 09:15:00,26712.3,26747.3,26706.6,26709.6,2024.0
2026-01-23 10:00:00,26708.1,26712.1,26638.6,26652.7,1709.0
2026-01-23 10:45:00,26652.2,26743.3,26647.4,26736.3,2356.0
2026-01-23 11:30:00,26736.8,26737.3,26705.2,26709.8,1290.0
2026-01-23 12:15:00,26709.3,26737.4,26688.3,26726.9,1039.0
2026-01-23 13:00:00,26724.4,26735.3,26682.8,26697.2,1589.0
2026-01-23 13:45:00,26696.7,26708.0,26653.3,26698.6,2119.0
2026-01-23 14:30:00,26697.6,26715.4,26617.7,26684.6,4335.0
2026-01-23 15:15:00,26684.1,26737.6,26684.1,26729.9,3047.0
2026-01-23 16:00:00,26730.2,26758.5,26701.1,26750.0,2629.0
2026-01-23 16:45:00,26749.5,26769.4,26720.4,26755.6,2184.0
2026-01-23 17:30:00,26756.1,26771.6,26689.4,26713.9,2990.0
2026-01-23 18:15:00,26714.4,26766.4,26713.4,26755.2,2441.0
2026-01-23 19:00:00,26743.9,26773.1,26743.7,26763.5,1682.0
2026-01-23 19:45:00,26763.6,26773.4,26748.2,26765.1,1607.0
2026-01-23 20:30:00,26765.0,26772.2,26732.1,26733.7,1654.0
2026-01-23 21:15:00,26733.2,26733.2,26721.2,26724.2,625.0
2026-01-25 23:00:00,26634.9,26666.5,26619.4,26634.5,2755.0
2026-01-25 23:45:00,26633.6,26703.2,26632.9,26701.5,3155.0
2026-01-26 00:30:00,26702.0,26722.2,26684.3,26718.3,2485.0
2026-01-26 01:15:00,26716.7,26859.3,26614.7,26680.5,5340.0
2026-01-26 02:00:00,26678.5,26916.0,26678.0,26806.6,5567.0
2026-01-26 02:45:00,26805.6,26806.3,26673.9,26715.5,5032.0
2026-01-26 03:30:00,26716.0,26782.8,26714.2,26745.2,2556.0
2026-01-26 04:15:00,26745.0,26749.5,26734.7,26739.8,1388.0
2026-01-26 05:00:00,26739.6,26765.0,26652.9,26677.3,4706.0
2026-01-26 05:45:00,26676.8,26739.1,26664.6,26733.1,4258.0
2026-01-26 06:30:00,26734.6,26756.8,26677.9,26703.6,3842.0
2026-01-26 07:15:00,26704.6,26753.2,26694.2,26731.7,2576.0
2026-01-26 08:00:00,26732.7,26771.4,26723.9,26729.9,2247.0
2026-01-26 08:45:00,26729.7,26761.7,26712.3,26727.0,1997.0
2026-01-26 09:30:00,26729.0,26730.5,26663.8,26723.4,2360.0
2026-01-26 10:15:00,26722.9,26746.0,26714.6,26731.9,1705.0
2026-01-26 11:00:00,26732.4,26743.2,26714.0,26738.0,1222.0
2026-01-26 11:45:00,26738.5,26771.7,26728.6,26741.2,1288.0
2026-01-26 12:30:00,26741.7,26742.2,26702.6,26706.9,1591.0
2026-01-26 13:15:00,26707.4,26713.5,26678.6,26704.9,1742.0
2026-01-26 14:00:00,26705.4,26759.3,26699.1,26745.5,2822.0
2026-01-26 14:45:00,26745.0,26900.5,26735.3,26851.5,3963.0
2026-01-26 15:30:00,26852.5,26868.6,26819.1,26840.4,3487.0
2026-01-26 16:15:00,26839.9,26863.6,26813.6,26863.1,2639.0
2026-01-26 17:00:00,26863.6,26892.1,26857.1,26884.2,1759.0
2026-01-26 17:45:00,26883.7,26885.7,26851.6,26880.1,1759.0
2026-01-26 18:30:00,26879.6,26886.9,26855.8,26864.6,1527.0
2026-01-26 19:15:00,26864.5,26865.0,26820.4,26823.4,993.0
2026-01-26 20:00:00,26823.3,26840.6,26820.4,26825.7,1003.0
2026-01-26 20:45:00,26825.5,26826.5,26805.8,26818.0,1116.0
2026-01-26 21:30:00,26817.5,26817.5,26807.4,26807.8,325.0
2026-01-26 22:00:00,26807.5,26809.4,26805.5,26806.4,117.0
2026-01-26 22:45:00,26806.5,26823.0,26799.9,26811.5,733.0
2026-01-26 23:30:00,26811.7,26818.2,26809.2,26811.3,1042.0
2026-01-27 00:15:00,26811.8,26823.8,26811.2,26822.9,721.0
2026-01-27 01:00:00,26822.5,26935.3,26818.7,26908.2,3472.0
2026-01-27 01:45:00,26909.7,27065.2,26841.1,27031.7,5823.0
2026-01-27 02:30:00,27032.2,27186.3,27028.8,27055.9,5107.0
2026-01-27 03:15:00,27056.4,27111.1,27005.0,27042.7,3707.0
2026-01-27 04:00:00,27020.6,27032.7,27020.2,27028.0,491.0
2026-01-27 04:45:00,27028.2,27055.8,27005.7,27020.0,2942.0
2026-01-27 05:30:00,27020.5,27131.1,26990.3,27094.0,4539.0
2026-01-27 06:15:00,27095.0,27137.2,27080.3,27120.9,4047.0
2026-01-27 07:00:00,27120.4,27129.2,27080.2,27100.5,2661.0
2026-01-27 07:45:00,27099.0,27104.4,27046.3,27060.4,2684.0
2026-01-27 08:30:00,27045.3,27057.9,27034.8,27041.6,1497.0
2026-01-27 09:15:00,27057.1,27159.0,27056.2,27148.7,2253.0
2026-01-27 10:00:00,27148.2,27175.1,27132.0,27172.5,1372.0
2026-01-27 10:45:00,27172.0,27176.4,27154.0,27166.7,1225.0
2026-01-27 11:30:00,27167.2,27194.7,27163.6,27190.6,1160.0
2026-01-27 12:15:00,27193.1,27235.5,27188.2,27219.6,1651.0
2026-01-27 13:00:00,27220.1,27236.1,27178.7,27206.1,1845.0
2026-01-27 13:45:00,27206.6,27225.1,27182.8,27199.2,2120.0
2026-01-27 14:30:00,27198.2,27266.1,27170.4,27228.6,4501.0
2026-01-27 15:15:00,27228.1,27239.5,27199.5,27223.5,3389.0
2026-01-27 16:00:00,27222.0,27238.1,27205.3,27212.1,2723.0
2026-01-27 16:45:00,27212.6,27214.1,27166.2,27178.9,2682.0
2026-01-27 17:30:00,27179.4,27195.8,27145.6,27161.6,2240.0
2026-01-27 18:15:00,27162.1,27206.3,27161.1,27182.7,1958.0
2026-01-27 19:00:00,27174.9,27212.0,27173.7,27208.4,824.0
2026-01-27 19:45:00,27206.4,27228.0,27198.3,27227.5,743.0
2026-01-27 20:30:00,27227.3,27234.7,27198.5,27222.1,1199.0
2026-01-27 21:15:00,27222.4,27230.0,27214.0,27214.9,467.0
2026-01-27 22:00:00,27217.7,27231.2,27213.3,27216.0,167.0
2026-01-27 22:45:00,27216.2,27236.9,27194.5,27229.5,692.0
2026-01-27 23:30:00,27229.7,27235.4,27224.1,27233.9,541.0
2026-01-28 00:15:00,27233.4,27248.8,27230.3,27234.3,974.0
2026-01-28 01:00:00,27234.8,27407.7,27234.3,27327.4,4145.0
2026-01-28 01:45:00,27326.7,27454.4,27318.8,27395.4,5639.0
2026-01-28 02:30:00,27396.4,27622.8,27396.3,27618.9,5323.0
2026-01-28 03:15:00,27620.9,27783.5,27620.9,27717.7,4797.0
2026-01-28 04:00:00,27696.4,27715.1,27696.4,27705.0,436.0
2026-01-28 04:45:00,27704.5,27800.7,27678.0,27748.4,3607.0
2026-01-28 05:30:00,27747.4,27824.7,27730.4,27769.1,4801.0
2026-01-28 06:15:00,27771.1,27800.5,27741.7,27753.1,4109.0
2026-01-28 07:00:00,27755.6,27809.7,27710.4,27738.6,3100.0
2026-01-28 07:45:00,27735.1,27826.3,27725.9,27811.6,3128.0
2026-01-28 08:30:00,27788.2,27791.6,27756.1,27766.8,1878.0
2026-01-28 09:15:00,27767.2,27810.1,27718.4,27721.4,2050.0
2026-01-28 10:00:00,27722.4,27755.9,27708.4,27749.2,1535.0
2026-01-28 10:45:00,27748.7,27757.6,27685.1,27704.1,1672.0
2026-01-28 11:30:00,27704.6,27730.4,27668.8,27689.9,1633.0
2026-01-28 12:15:00,27690.4,27699.3,27673.4,27688.4,1870.0
2026-01-28 13:00:00,27689.4,27713.0,27656.1,27670.6,1853.0
2026-01-28 13:45:00,27670.1,27692.4,27660.9,27670.9,1733.0
2026-01-28 14:30:00,27671.9,27691.5,27527.4,27529.4,4089.0
2026-01-28 15:15:00,27529.5,27575.2,27486.0,27546.9,3824.0
2026-01-28 16:00:00,27547.4,27600.7,27521.9,27538.4,3154.0
2026-01-28 16:45:00,27537.9,27587.1,27536.9,27582.3,1636.0
2026-01-28 17:30:00,27582.8,27595.9,27553.4,27574.6,1277.0
2026-01-28 18:15:00,27574.1,27601.0,27531.6,27535.8,1336.0
2026-01-28 19:00:00,27535.9,27603.6,27508.9,27594.3,3640.0
2026-01-28 19:45:00,27594.2,27643.2,27593.7,27627.8,2704.0
2026-01-28 20:30:00,27627.7,27640.6,27536.3,27606.9,2931.0
2026-01-28 21:15:00,27605.4,27631.9,27601.3,27605.4,1853.0
2026-01-28 22:00:00,27602.1,27619.2,27600.8,27609.3,343.0
2026-01-28 22:45:00,27609.6,27626.7,27580.6,27596.9,1742.0
2026-01-28 23:30:00,27597.1,27624.9,27582.8,27597.3,3015.0
2026-01-29 00:15:00,27597.1,27610.3,27590.4,27607.6,2561.0
2026-01-29 01:00:00,27607.8,27728.9,27523.6,27694.0,4658.0
2026-01-29 01:45:00,27700.0,27889.7,27681.1,27859.5,5676.0
2026-01-29 02:30:00,27856.5,27986.9,27750.8,27947.9,5676.0
2026-01-29 03:15:00,27948.9,27974.8,27846.3,27966.2,4423.0
2026-01-29 04:00:00,27956.7,27960.0,27935.7,27946.8,871.0
2026-01-29 04:45:00,27946.6,27997.7,27894.2,27970.1,3900.0
2026-01-29 05:30:00,27973.1,28062.3,27894.4,27915.0,5509.0
2026-01-29 06:15:00,27913.5,27993.0,27867.1,27924.9,5216.0
2026-01-29 07:00:00,27924.4,27952.0,27872.6,27936.9,3848.0
2026-01-29 07:45:00,27935.9,28006.4,27920.2,27985.8,3437.0
2026-01-29 08:30:00,27973.3,27975.3,27955.8,27966.8,2115.0
2026-01-29 09:15:00,27972.1,27974.1,27883.4,27885.7,2389.0
2026-01-29 10:00:00,27885.2,27908.9,27860.4,27880.0,2026.0
2026-01-29 10:45:00,27880.5,27898.8,27842.3,27887.8,2003.0
2026-01-29 11:30:00,27887.3,27904.0,27863.4,27904.0,1804.0
2026-01-29 12:15:00,27904.5,27929.0,27892.4,27925.4,1924.0
2026-01-29 13:00:00,27926.4,28012.4,27915.9,27999.3,2484.0
2026-01-29 13:45:00,27999.8,28010.1,27967.1,27990.8,2446.0
2026-01-29 14:30:00,27991.8,28096.3,27781.9,27790.4,5487.0
2026-01-29 15:15:00,27790.9,27797.3,27482.8,27518.8,5691.0
2026-01-29 16:00:00,27517.8,27677.2,27516.3,27658.2,4959.0
2026-01-29 16:45:00,27658.7,27781.4,27638.1,27767.9,4377.0
2026-01-29 17:30:00,27767.4,27778.4,27684.9,27765.0,4168.0
2026-01-29 18:15:00,27763.0,27797.0,27734.8,27745.9,3695.0
2026-01-29 19:00:00,27745.8,27804.5,27735.5,27757.3,2817.0
2026-01-29 19:45:00,27757.4,27771.8,27723.8,27741.5,2168.0
2026-01-29 20:30:00,27741.4,27785.0,27729.5,27764.0,2436.0
2026-01-29 21:15:00,27764.1,27790.5,27756.5,27769.3,2133.0
2026-01-29 22:00:00,27770.3,27806.5,27769.9,27801.9,240.0
2026-01-29 22:45:00,27801.5,27806.0,27760.6,27785.6,1565.0
2026-01-29 23:30:00,27785.2,27811.5,27784.7,27793.2,2811.0
2026-01-30 00:15:00,27793.4,27801.8,27771.2,27776.3,2830.0
2026-01-30 01:00:00,27776.7,27881.5,27665.7,27706.6,4852.0
2026-01-30 01:45:00,27704.6,27714.5,27498.7,27503.8,5891.0
2026-01-30 02:30:00,27504.2,27581.3,27435.4,27564.5,5596.0
2026-01-30 03:15:00,27565.0,27566.9,27440.2,27463.1,4037.0
2026-01-30 04:00:00,27450.4,27489.3,27448.7,27478.7,1947.0
2026-01-30 04:45:00,27479.5,27529.9,27457.7,27493.5,4070.0
2026-01-30 05:30:00,27495.0,27511.3,27426.2,27441.2,4759.0
2026-01-30 06:15:00,27441.7,27485.3,27392.3,27410.1,4470.0
2026-01-30 07:00:00,27412.1,27451.0,27370.8,27375.8,3715.0
2026-01-30 07:45:00,27378.3,27448.2,27362.6,27436.6,3389.0
2026-01-30 08:30:00,27428.6,27441.2,27400.9,27408.3,3493.0
2026-01-30 09:15:00,27407.6,27433.4,27274.6,27303.9,3308.0
2026-01-30 10:00:00,27302.9,27404.8,27302.9,27373.5,3063.0
2026-01-30 10:45:00,27374.0,27454.6,27359.3,27451.1,2481.0
2026-01-30 11:30:00,27451.8,27559.1,27451.8,27528.4,3040.0
2026-01-30 12:15:00,27531.4,27533.5,27427.2,27439.0,2704.0
2026-01-30 13:00:00,27438.5,27490.9,27395.5,27443.1,3381.0
2026-01-30 13:45:00,27442.1,27466.6,27380.3,27461.4,3367.0
2026-01-30 14:30:00,27460.6,27530.2,27400.2,27437.1,5184.0
2026-01-30 15:15:00,27438.6,27474.3,27344.7,27345.2,4749.0
2026-01-30 16:00:00,27342.7,27360.0,27285.8,27318.8,4442.0
2026-01-30 16:45:00,27316.8,27324.7,27228.7,27288.2,4525.0
2026-01-30 17:30:00,27286.2,27296.8,27156.2,27162.2,4321.0
2026-01-30 18:15:00,27161.7,27287.4,27030.5,27263.6,4715.0
2026-01-30 19:00:00,27263.7,27284.0,27178.9,27203.7,4026.0
2026-01-30 19:45:00,27203.8,27215.7,27163.6,27173.5,3598.0
2026-01-30 20:30:00,27173.1,27247.5,27171.5,27211.1,3332.0
2026-01-30 21:15:00,27210.7,27223.4,27198.7,27207.9,1113.0
2026-02-01 23:00:00,27119.2,27225.5,27113.3,27222.3,3589.0
2026-02-01 23:45:00,27222.5,27258.9,27195.1,27253.0,3769.0
2026-02-02 00:30:00,27253.4,27276.9,27170.7,27172.6,3198.0
2026-02-02 01:15:00,27177.6,27183.9,26882.0,26947.2,6476.0
2026-02-02 02:00:00,26947.7,27073.6,26859.3,26868.5,5796.0
2026-02-02 02:45:00,26870.0,26884.7,26798.5,26820.3,5062.0
2026-02-02 03:30:00,26820.8,26832.1,26650.2,26682.8,4553.0
2026-02-02 04:15:00,26682.6,26740.4,26679.9,26732.2,3510.0
2026-02-02 05:00:00,26730.9,26773.5,26578.3,26585.3,5337.0
2026-02-02 05:45:00,26583.3,26613.5,26496.3,26577.4,5649.0
2026-02-02 06:30:00,26576.9,26643.5,26500.1,26610.2,5046.0
2026-02-02 07:15:00,26610.7,26722.7,26581.9,26722.7,4035.0
2026-02-02 08:00:00,26721.7,26760.0,26697.1,26740.7,3466.0
2026-02-02 08:45:00,26740.9,26806.8,26704.5,26805.8,3240.0
2026-02-02 09:30:00,26805.3,26879.6,26799.2,26856.6,3087.0
2026-02-02 10:15:00,26857.1,26869.0,26806.2,26840.8,2510.0
2026-02-02 11:00:00,26843.3,26899.2,26818.7,26884.5,2427.0
2026-02-02 11:45:00,26884.0,26907.8,26867.2,26897.6,2461.0
2026-02-02 12:30:00,26897.1,26905.0,26821.9,26857.5,2677.0
2026-02-02 13:15:00,26858.0,26889.2,26812.8,26869.8,3182.0
2026-02-02 14:00:00,26867.8,26968.3,26848.7,26948.6,3887.0
2026-02-02 14:45:00,26953.1,27013.9,26890.5,26948.0,4713.0
2026-02-02 15:30:00,26948.5,26990.3,26911.1,26966.7,4548.0
2026-02-02 16:15:00,26967.7,27007.0,26941.4,26982.4,3773.0
2026-02-02 17:00:00,26980.4,27020.1,26973.7,26993.1,2832.0
2026-02-02 17:45:00,26993.6,27003.3,26903.5,26908.5,2277.0
2026-02-02 18:30:00,26909.0,26927.4,26884.8,26886.2,1534.0
2026-02-02 19:15:00,26886.1,26901.6,26858.8,26859.5,1221.0
2026-02-02 20:00:00,26863.7,26894.7,26853.9,26880.3,2264.0
2026-02-02 20:45:00,26880.2,26929.1,26876.2,26923.5,1790.0
2026-02-02 21:30:00,26923.3,26926.4,26919.8,26922.9,522.0
2026-02-02 22:00:00,26923.5,26933.5,26922.1,26933.2,126.0
2026-02-02 22:45:00,26932.7,26955.5,26923.8,26952.4,1088.0
2026-02-02 23:30:00,26951.5,26973.3,26941.0,26950.7,1922.0
2026-02-03 00:15:00,26951.3,27009.3,26948.6,26954.7,1637.0
2026-02-03 01:00:00,26954.9,27031.5,26925.0,27002.7,4456.0
2026-02-03 01:45:00,27003.2,27113.8,26696.6,26696.6,6178.0
2026-02-03 02:30:00,26698.6,26737.0,26417.3,26610.7,6644.0
2026-02-03 03:15:00,26608.7,26844.3,26608.7,26810.5,5233.0
2026-02-03 04:00:00,26807.2,26830.4,26803.2,26813.6,835.0
2026-02-03 04:45:00,26813.8,26867.4,26685.8,26793.5,4026.0
2026-02-03 05:30:00,26794.0,26849.9,26747.5,26818.1,5277.0
2026-02-03 06:15:00,26816.1,26873.5,26794.0,26837.6,4791.0
2026-02-03 07:00:00,26836.1,26849.9,26746.2,26817.2,4153.0
2026-02-03 07:45:00,26815.2,26818.1,26752.6,26774.4,3016.0
2026-02-03 08:30:00,26757.6,26762.1,26747.4,26748.3,1961.0
2026-02-03 09:15:00,26748.5,26769.1,26671.0,26712.7,3070.0
2026-02-03 10:00:00,26714.2,26771.6,26704.0,26713.0,2494.0
2026-02-03 10:45:00,26713.5,26719.9,26657.0,26690.1,2602.0
2026-02-03 11:30:00,26689.6,26725.1,26660.0,26713.6,2237.0
2026-02-03 12:15:00,26714.1,26760.2,26691.6,26733.3,2371.0
2026-02-03 13:00:00,26732.8,26762.2,26714.7,26734.6,2463.0
2026-02-03 13:45:00,26735.1,26739.5,26676.5,26693.3,2841.0
2026-02-03 14:30:00,26689.8,26835.8,26684.3,26718.6,5396.0
2026-02-03 15:15:00,26719.1,26826.8,26714.6,26802.3,5024.0
2026-02-03 16:00:00,26802.8,26809.2,26710.6,26737.4,4456.0
2026-02-03 16:45:00,26736.9,26741.4,26619.1,26657.4,4457.0
2026-02-03 17:30:00,26656.4,26664.5,26583.9,26594.9,4304.0
2026-02-03 18:15:00,26593.9,26603.1,26530.5,26542.7,3917.0
2026-02-03 19:00:00,26542.6,26611.2,26517.6,26597.0,3947.0
2026-02-03 19:45:00,26596.8,26634.7,26574.5,26634.4,3450.0
2026-02-03 20:30:00,26634.5,26686.2,26634.5,26679.2,2561.0
2026-02-03 21:15:00,26683.2,26687.6,26658.4,26667.2,1865.0
2026-02-03 22:00:00,26666.2,26666.6,26661.7,26662.3,134.0
2026-02-03 22:45:00,26662.1,26682.8,26653.4,26664.7,1219.0
2026-02-03 23:30:00,26664.8,26679.5,26661.5,26665.5,1870.0
2026-02-04 00:15:00,26665.7,26687.2,26659.1,26660.6,2110.0
2026-02-04 01:00:00,26662.8,26840.5,26647.7,26797.2,4823.0
2026-02-04 01:45:00,26792.7,26888.9,26728.1,26754.3,6221.0
2026-02-04 02:30:00,26756.3,26778.0,26643.2,26643.7,5434.0
2026-02-04 03:15:00,26640.7,26731.9,26583.5,26714.7,4333.0
2026-02-04 04:00:00,26705.4,26707.0,26681.5,26689.4,1040.0
2026-02-04 04:45:00,26689.2,26813.7,26683.7,26791.4,3793.0
2026-02-04 05:30:00,26791.9,26994.9,26758.1,26956.6,4782.0
2026-02-04 06:15:00,26960.6,26972.4,26885.3,26937.0,5096.0
2026-02-04 07:00:00,26936.5,26947.4,26826.9,26833.0,4053.0
2026-02-04 07:45:00,26832.5,26848.4,26798.7,26812.3,3264.0
2026-02-04 08:30:00,26803.7,26823.1,26798.6,26803.8,3280.0
2026-02-04 09:15:00,26803.4,26836.9,26701.2,26783.7,2839.0
2026-02-04 10:00:00,26780.2,26800.3,26766.4,26789.2,2381.0
2026-02-04 10:45:00,26789.7,26810.3,26753.3,26788.9,2311.0
2026-02-04 11:30:00,26789.4,26844.6,26788.4,26838.5,2490.0
2026-02-04 12:15:00,26838.0,26848.9,26806.9,26833.0,2218.0
2026-02-04 13:00:00,26832.0,26879.6,26785.4,26856.9,2946.0
2026-02-04 13:45:00,26857.4,26897.0,26798.7,26826.4,3845.0
2026-02-04 14:30:00,26828.4,26829.4,26641.9,26711.3,5410.0
2026-02-04 15:15:00,26710.3,26778.1,26636.2,26682.5,5322.0
2026-02-04 16:00:00,26684.0,26693.9,26523.9,26525.4,5130.0
2026-02-04 16:45:00,26524.9,26614.0,26474.7,26489.1,4890.0
2026-02-04 17:30:00,26489.6,26526.5,26441.5,26480.4,4917.0
2026-02-04 18:15:00,26478.9,26549.7,26444.6,26512.1,4584.0
2026-02-04 19:00:00,26512.2,26555.2,26485.0,26551.4,4181.0
2026-02-04 19:45:00,26551.5,26603.4,26522.4,26526.4,3775.0
2026-02-04 20:30:00,26526.6,26572.5,26506.1,26569.1,3812.0
2026-02-04 21:15:00,26568.6,26639.1,26546.6,26598.7,3169.0
2026-02-04 22:00:00,26599.7,26600.9,26570.0,26578.9,303.0
2026-02-04 22:45:00,26578.8,26595.2,26574.2,26588.5,1188.0
2026-02-04 23:30:00,26588.3,26597.6,26566.8,26581.6,2339.0
2026-02-05 00:15:00,26581.4,26609.1,26578.8,26578.8,2007.0
2026-02-05 01:00:00,26580.1,26690.6,26521.0,26531.3,4771.0
2026-02-05 01:45:00,26532.8,26583.7,26387.6,26484.5,6126.0
2026-02-05 02:30:00,26482.5,26616.8,26373.0,26488.3,5974.0
2026-02-05 03:15:00,26487.3,26589.0,26459.6,26474.4,4815.0
2026-02-05 04:00:00,26472.9,26509.3,26466.7,26508.4,3209.0
2026-02-05 04:45:00,26508.6,26538.0,26463.7,26532.6,4491.0
2026-02-05 05:30:00,26531.6,26684.0,26503.7,26673.5,5429.0
2026-02-05 06:15:00,26674.0,26801.4,26620.4,26780.9,5184.0
2026-02-05 07:00:00,26785.9,26896.4,26763.0,26829.3,5092.0
2026-02-05 07:45:00,26827.6,26878.1,26821.6,26840.4,3898.0
2026-02-05 08:30:00,26832.4,26838.9,26772.5,26782.8,3895.0
2026-02-05 09:15:00,26799.8,26846.0,26746.5,26790.0,3655.0
2026-02-05 10:00:00,26795.5,26843.4,26783.4,26832.3,2785.0
2026-02-05 10:45:00,26832.8,26867.4,26825.8,26857.6,2655.0
2026-02-05 11:30:00,26857.1,26863.1,26801.6,26815.2,3027.0
2026-02-05 12:15:00,26815.7,26826.6,26687.9,26711.3,4742.0
2026-02-05 13:00:00,26711.8,26758.9,26657.9,26694.5,4107.0
2026-02-05 13:45:00,26695.0,26736.3,26657.4,26683.3,4535.0
2026-02-05 14:30:00,26683.8,26795.3,26541.3,26544.4,5733.0
2026-02-05 15:15:00,26543.9,26586.5,26467.8,26540.9,5586.0
2026-02-05 16:00:00,26539.9,26645.3,26471.0,26617.5,5269.0
2026-02-05 16:45:00,26617.0,26657.1,26562.0,26625.0,5107.0
2026-02-05 17:30:00,26623.5,26665.6,26558.6,26578.2,5069.0
2026-02-05 18:15:00,26578.7,26588.9,26486.8,26492.0,4050.0
2026-02-05 19:00:00,26492.2,26541.1,26481.5,26499.6,3971.0
2026-02-05 19:45:00,26499.5,26538.1,26485.6,26486.4,3836.0
2026-02-05 20:30:00,26486.5,26486.9,26426.3,26457.0,4135.0
2026-02-05 21:15:00,26456.5,26458.9,26400.7,26409.8,3286.0
2026-02-05 22:00:00,26400.1,26418.5,26390.9,26400.8,365.0
2026-02-05 22:45:00,26400.1,26431.7,26392.2,26417.3,2120.0
2026-02-05 23:30:00,26417.1,26420.7,26366.5,26381.9,3765.0
2026-02-06 00:15:00,26381.7,26478.1,26355.2,26475.0,4157.0
2026-02-06 01:00:00,26475.5,26485.3,26253.0,26379.6,5399.0
2026-02-06 01:45:00,26382.6,26470.8,26344.0,26438.5,5877.0
2026-02-06 02:30:00,26438.0,26567.3,26392.6,26522.2,5501.0
2026-02-06 03:15:00,26523.2,26564.4,26479.7,26545.3,4440.0
2026-02-06 04:00:00,26535.4,26535.9,26483.7,26525.8,2812.0
2026-02-06 04:45:00,26526.0,26558.7,26445.9,26535.9,4636.0
2026-02-06 05:30:00,26535.4,26688.0,26525.9,26614.3,4989.0
2026-02-06 06:15:00,26613.3,26620.5,26513.4,26519.3,4656.0
2026-02-06 07:00:00,26522.8,26608.7,26478.9,26593.7,3854.0
2026-02-06 07:45:00,26592.2,26605.7,26504.3,26533.2,3831.0
2026-02-06 08:30:00,26518.3,26569.1,26507.1,26567.9,3873.0
2026-02-06 09:15:00,26567.4,26680.7,26558.6,26660.7,3043.0
2026-02-06 10:00:00,26661.2,26687.9,26635.8,26679.5,2589.0
2026-02-06 10:45:00,26679.0,26710.3,26671.9,26695.1,1988.0
2026-02-06 11:30:00,26694.1,26746.9,26690.5,26703.2,2301.0
2026-02-06 12:15:00,26702.7,26730.2,26692.2,26710.3,2295.0
2026-02-06 13:00:00,26711.3,26789.2,26704.4,26771.6,2545.0
2026-02-06 13:45:00,26772.1,26813.8,26754.6,26789.8,2842.0
2026-02-06 14:30:00,26784.8,26916.7,26773.8,26870.8,5258.0
2026-02-06 15:15:00,26870.3,26953.5,26852.8,26912.6,4734.0
2026-02-06 16:00:00,26910.6,26960.9,26894.0,26951.7,3499.0
2026-02-06 16:45:00,26951.2,26994.1,26939.0,26984.2,3049.0
2026-02-06 17:30:00,26986.2,27029.3,26969.6,27023.2,2456.0
2026-02-06 18:15:00,27023.7,27042.9,27001.6,27018.8,2037.0
2026-02-06 19:00:00,27008.9,27013.0,26983.8,27005.7,1574.0
2026-02-06 19:45:00,27005.8,27034.0,26986.3,27032.6,1341.0
2026-02-06 20:30:00,27030.6,27056.1,27021.5,27030.0,2053.0
2026-02-06 21:15:00,27029.6,27031.3,27019.2,27025.0,846.0
2026-02-08 23:00:00,27053.0,27083.9,27052.9,27081.9,2382.0
2026-02-08 23:45:00,27082.1,27091.1,27068.2,27069.9,3539.0
2026-02-09 00:30:00,27070.1,27080.1,27019.2,27052.1,2978.0
2026-02-09 01:15:00,27050.6,27051.7,26880.4,26949.6,6563.0
2026-02-09 02:00:00,26948.6,27095.9,26885.6,27087.6,5436.0
2026-02-09 02:45:00,27088.1,27088.1,26949.1,26998.5,4977.0
2026-02-09 03:30:00,26994.5,26998.0,26916.5,26949.4,2968.0
2026-02-09 04:15:00,26949.6,26950.2,26937.3,26940.2,1360.0
2026-02-09 05:00:00,26939.8,27015.4,26907.8,26983.0,4627.0
2026-02-09 05:45:00,26983.5,27054.9,26911.9,27035.9,4766.0
2026-02-09 06:30:00,27034.9,27119.4,27016.2,27024.4,4235.0
2026-02-09 07:15:00,27023.9,27032.4,26989.4,27008.8,3430.0
2026-02-09 08:00:00,27011.3,27051.4,26986.8,27013.2,2975.0
2026-02-09 08:45:00,27013.6,27051.0,27006.0,27042.6,2332.0
2026-02-09 09:30:00,27042.1,27057.4,26976.9,26999.3,1841.0
2026-02-09 10:15:00,26998.8,26999.3,26893.1,26944.4,2565.0
2026-02-09 11:00:00,26944.9,26990.3,26932.2,26983.2,1682.0
2026-02-09 11:45:00,26990.7,27026.3,26976.1,27019.4,1979.0
2026-02-09 12:30:00,27019.6,27054.0,26987.5,27038.7,1712.0
2026-02-09 13:15:00,27039.2,27064.0,27017.7,27022.6,2390.0
2026-02-09 14:00:00,27023.1,27149.3,26993.9,27147.3,3214.0
2026-02-09 14:45:00,27148.8,27220.7,27084.4,27216.6,4683.0
2026-02-09 15:30:00,27217.0,27260.6,27217.0,27250.1,3267.0
2026-02-09 16:15:00,27249.6,27260.2,27202.9,27203.5,2454.0
2026-02-09 17:00:00,27203.0,27225.0,27190.4,27206.7,2015.0
2026-02-09 17:45:00,27207.2,27224.0,27148.0,27202.0,2382.0
2026-02-09 18:30:00,27202.5,27214.8,27177.7,27191.0,2081.0
2026-02-09 19:15:00,27191.1,27233.8,27190.9,27212.9,919.0
2026-02-09 20:00:00,27212.5,27227.6,27203.1,27213.8,1423.0
2026-02-09 20:45:00,27213.9,27233.4,27203.0,27228.6,1346.0
2026-02-09 21:30:00,27229.0,27229.6,27222.1,27224.8,214.0
2026-02-09 22:00:00,27226.4,27228.5,27224.4,27226.2,156.0
2026-02-09 22:45:00,27226.4,27230.0,27208.5,27214.3,945.0
2026-02-09 23:30:00,27214.0,27221.4,27205.2,27206.2,1585.0
2026-02-10 00:15:00,27206.6,27214.2,27203.5,27211.5,1215.0
2026-02-10 01:00:00,27212.0,27290.5,27138.5,27252.9,4304.0
2026-02-10 01:45:00,27256.9,27397.1,27242.4,27321.2,5584.0
2026-02-10 02:30:00,27319.7,27335.4,27157.6,27164.7,5225.0
2026-02-10 03:15:00,27163.7,27210.4,27140.9,27176.2,3935.0
2026-02-10 04:00:00,27158.8,27167.2,27158.3,27162.8,476.0
2026-02-10 04:45:00,27163.2,27203.5,27152.0,27167.4,3299.0
2026-02-10 05:30:00,27167.9,27204.8,27099.2,27099.2,4347.0
2026-02-10 06:15:00,27095.7,27164.6,27093.4,27164.0,3951.0
2026-02-10 07:00:00,27165.0,27173.3,27126.6,27156.8,3083.0
2026-02-10 07:45:00,27157.3,27178.1,27127.4,27149.9,3030.0
2026-02-10 08:30:00,27132.7,27168.4,27128.1,27167.2,1821.0
2026-02-10 09:15:00,27174.5,27216.7,27146.3,27150.3,2082.0
2026-02-10 10:00:00,27147.3,27171.4,27131.3,27168.8,1997.0
2026-02-10 10:45:00,27168.3,27191.3,27154.1,27175.0,1710.0
2026-02-10 11:30:00,27175.5,27226.3,27175.5,27212.0,1530.0
2026-02-10 12:15:00,27212.5,27219.5,27142.1,27159.2,2382.0
2026-02-10 13:00:00,27158.7,27200.7,27141.0,27181.6,2859.0
2026-02-10 13:45:00,27182.1,27215.6,27171.2,27201.6,2291.0
2026-02-10 14:30:00,27198.1,27259.5,27110.3,27219.9,5146.0
2026-02-10 15:15:00,27217.9,27275.2,27200.5,27236.4,4310.0
2026-02-10 16:00:00,27236.9,27267.0,27205.3,27252.9,3987.0
2026-02-10 16:45:00,27251.9,27312.6,27242.2,27304.6,3104.0
2026-02-10 17:30:00,27306.1,27328.0,27276.7,27284.2,2467.0
2026-02-10 18:15:00,27282.7,27295.2,27225.6,27225.6,3453.0
2026-02-10 19:00:00,27225.5,27280.2,27220.3,27244.5,1804.0
2026-02-10 19:45:00,27244.7,27262.9,27236.1,27244.4,1466.0
2026-02-10 20:30:00,27244.6,27250.5,27197.1,27223.0,1774.0
2026-02-10 21:15:00,27223.5,27252.6,27218.5,27251.7,302.0
2026-02-10 22:00:00,27249.9,27251.4,27248.5,27250.5,116.0
2026-02-10 22:45:00,27250.4,27262.6,27247.2,27259.8,644.0
2026-02-10 23:30:00,27259.6,27262.3,27256.1,27259.4,615.0
2026-02-11 00:15:00,27259.8,27263.4,27240.9,27241.9,446.0
2026-02-11 01:00:00,27242.4,27299.3,27126.5,27155.5,3702.0
2026-02-11 01:45:00,27156.5,27269.1,27156.5,27230.1,5619.0
2026-02-11 02:30:00,27228.6,27320.8,27206.0,27255.6,4831.0
2026-02-11 03:15:00,27257.1,27308.5,27216.3,27297.0,3359.0
2026-02-11 04:00:00,27291.2,27294.0,27260.8,27264.2,438.0
2026-02-11 04:45:00,27264.4,27306.8,27258.3,27302.4,2996.0
2026-02-11 05:30:00,27301.9,27333.8,27243.0,27288.0,3997.0
2026-02-11 06:15:00,27287.8,27290.3,27239.1,27262.8,3790.0
2026-02-11 07:00:00,27262.3,27272.4,27235.6,27247.7,2724.0
2026-02-11 07:45:00,27248.1,27263.4,27191.5,27202.8,2579.0
2026-02-11 08:30:00,27190.3,27212.9,27190.3,27208.6,1457.0
2026-02-11 09:15:00,27181.6,27187.3,27133.2,27150.2,2531.0
2026-02-11 10:00:00,27149.7,27191.3,27123.0,27189.3,2339.0
2026-02-11 10:45:00,27188.8,27193.7,27155.0,27192.3,1552.0
2026-02-11 11:30:00,27192.8,27195.3,27134.9,27156.4,2068.0
2026-02-11 12:15:00,27155.9,27160.5,27104.2,27113.8,1715.0
2026-02-11 13:00:00,27114.3,27139.3,27021.4,27073.1,3020.0
2026-02-11 13:45:00,27072.1,27172.5,27071.1,27150.3,3907.0
2026-02-11 14:30:00,27148.3,27194.5,27046.7,27082.4,5440.0
2026-02-11 15:15:00,27079.9,27100.3,26989.4,27056.9,5330.0
2026-02-11 16:00:00,27057.4,27129.9,27037.6,27102.4,4582.0
2026-02-11 16:45:00,27102.9,27200.5,27082.8,27191.6,4205.0
2026-02-11 17:30:00,27191.1,27209.4,27147.3,27154.3,3636.0
2026-02-11 18:15:00,27153.8,27221.8,27150.8,27196.3,3213.0
2026-02-11 19:00:00,27194.4,27247.4,27192.9,27223.6,1771.0
2026-02-11 19:45:00,27223.7,27227.8,27201.3,27207.3,1853.0
2026-02-11 20:30:00,27207.1,27220.4,27197.7,27208.0,1765.0
2026-02-11 21:15:00,27209.0,27222.3,27207.7,27210.4,517.0
2026-02-11 22:00:00,27210.6,27214.3,27198.9,27201.5,61.0
2026-02-11 22:45:00,27200.8,27205.7,27179.4,27179.9,965.0
2026-02-11 23:30:00,27180.2,27188.8,27168.9,27180.0,1765.0
2026-02-12 00:15:00,27179.7,27197.4,27174.3,27196.3,1242.0
2026-02-12 01:00:00,27197.0,27223.9,27047.8,27065.8,3899.0
2026-02-12 01:45:00,27065.3,27112.0,27003.5,27071.0,5288.0
2026-02-12 02:30:00,27072.0,27072.0,26999.1,27039.3,4761.0
2026-02-12 03:15:00,27038.8,27038.8,26956.3,27010.1,3546.0
2026-02-12 04:00:00,26996.2,27009.3,26994.9,27000.3,542.0
2026-02-12 04:45:00,27000.0,27011.2,26919.6,26957.1,3119.0
2026-02-12 05:30:00,26956.4,27062.8,26943.5,27053.1,4251.0
2026-02-12 06:15:00,27053.6,27061.4,26960.7,27003.2,3870.0
2026-02-12 07:00:00,26998.7,27026.6,26986.7,27013.4,2661.0
2026-02-12 07:45:00,27013.9,27023.6,26958.7,26965.5,2929.0
2026-02-12 08:30:00,26955.0,26980.8,26942.0,26976.6,2057.0
2026-02-12 09:15:00,26999.5,27035.3,26985.6,27031.9,1825.0
2026-02-12 10:00:00,27032.4,27032.4,26994.5,27016.0,1682.0
2026-02-12 10:45:00,27015.5,27047.8,27008.9,27043.6,1396.0
2026-02-12 11:30:00,27043.1,27051.2,27012.5,27051.1,1382.0
2026-02-12 12:15:00,27051.6,27053.1,27000.8,27012.9,1340.0
2026-02-12 13:00:00,27012.4,27066.8,27009.0,27061.0,1795.0
2026-02-12 13:45:00,27061.5,27093.7,27046.4,27071.2,1895.0
2026-02-12 14:30:00,27069.2,27069.2,26912.2,26970.8,5103.0
2026-02-12 15:15:00,26971.3,26982.9,26838.1,26838.1,4848.0
2026-02-12 16:00:00,26838.6,26844.2,26596.5,26673.9,5562.0
2026-02-12 16:45:00,26671.4,26690.5,26605.1,26644.5,5234.0
2026-02-12 17:30:00,26641.0,26691.7,26581.8,26619.7,4879.0
2026-02-12 18:15:00,26620.7,26697.5,26589.5,26673.9,4082.0
2026-02-12 19:00:00,26663.2,26708.0,26648.4,26684.4,3282.0
2026-02-12 19:45:00,26684.5,26714.7,26652.9,26653.3,2944.0
2026-02-12 20:30:00,26653.2,26687.5,26633.6,26685.8,3186.0
2026-02-12 21:15:00,26686.0,26700.3,26675.4,26677.3,709.0
2026-02-12 22:00:00,26673.3,26677.1,26668.3,26674.5,235.0
2026-02-12 22:45:00,26673.5,26692.7,26668.2,26688.1,1308.0
2026-02-12 23:30:00,26688.3,26706.0,26657.0,26679.3,2715.0
2026-02-13 00:15:00,26679.7,26680.7,26633.2,26642.3,3200.0
2026-02-13 01:00:00,26643.2,26723.7,26567.8,26707.3,4538.0
2026-02-13 01:45:00,26706.3,26755.7,26545.7,26603.1,5326.0
2026-02-13 02:30:00,26605.6,26628.4,26520.7,26585.5,4685.0
2026-02-13 03:15:00,26584.5,26592.5,26514.9,26530.2,3445.0
2026-02-13 04:00:00,26513.6,26535.2,26504.2,26523.3,1803.0
2026-02-13 04:45:00,26522.9,26537.9,26431.9,26432.5,3580.0
2026-02-13 05:30:00,26432.6,26499.3,26428.8,26467.6,4161.0
2026-02-13 06:15:00,26469.6,26576.8,26466.6,26575.3,4257.0
2026-02-13 07:00:00,26575.8,26598.5,26511.8,26529.5,3536.0
2026-02-13 07:45:00,26530.5,26562.8,26453.0,26513.5,3643.0
2026-02-13 08:30:00,26489.1,26511.7,26479.8,26490.6,3137.0
2026-02-13 09:15:00,26488.0,26545.8,26486.0,26494.7,2541.0
2026-02-13 10:00:00,26492.2,26523.3,26456.6,26493.2,2733.0
2026-02-13 10:45:00,26493.7,26497.2,26412.7,26426.5,3395.0
2026-02-13 11:30:00,26427.0,26447.2,26351.2,26375.7,3695.0
2026-02-13 12:15:00,26375.2,26430.3,26303.5,26384.3,3385.0
2026-02-13 13:00:00,26380.3,26410.2,26228.4,26379.3,5115.0
2026-02-13 13:45:00,26378.8,26422.9,26308.7,26398.3,5324.0
2026-02-13 14:30:00,26397.8,26519.6,26326.1,26474.6,10659.0
2026-02-13 15:15:00,26475.1,26549.1,26441.9,26479.0,8884.0
2026-02-13 16:00:00,26480.5,26536.3,26478.3,26529.3,6467.0
2026-02-13 16:45:00,26529.8,26553.9,26505.0,26529.8,4895.0
2026-02-13 17:30:00,26530.3,26567.5,26524.9,26556.0,4633.0
2026-02-13 18:15:00,26556.5,26581.4,26520.8,26520.8,3897.0
2026-02-13 19:00:00,26521.0,26535.5,26494.9,26501.2,4061.0
2026-02-13 19:45:00,26501.1,26510.2,26445.6,26450.0,4295.0
2026-02-13 20:30:00,26449.8,26496.7,26448.6,26488.2,4764.0
2026-02-13 21:15:00,26488.6,26488.6,26471.9,26471.9,766.0
2026-02-15 23:00:00,26482.7,26493.3,26448.2,26482.1,2144.0
2026-02-15 23:45:00,26481.9,26503.9,26470.9,26499.7,2874.0
2026-02-16 00:30:00,26499.4,26507.1,26498.2,26503.0,1384.0
2026-02-16 01:15:00,26500.2,26556.7,26373.2,26529.2,8142.0
2026-02-16 02:00:00,26531.0,26612.4,26441.3,26599.8,8007.0
2026-02-16 02:45:00,26600.3,26675.0,26566.2,26646.5,6459.0
2026-02-16 03:30:00,26646.0,26737.3,26614.7,26721.3,4781.0
2026-02-16 04:15:00,26720.8,26804.5,26713.9,26731.9,1130.0
2026-02-16 05:00:00,26731.5,26732.3,26712.4,26713.3,647.0
2026-02-16 05:45:00,26713.7,26722.2,26712.6,26720.9,628.0
2026-02-16 06:30:00,26720.5,26759.5,26715.8,26757.8,1104.0
2026-02-16 07:15:00,26758.0,26760.2,26728.7,26730.9,928.0
2026-02-16 08:00:00,26730.6,26743.7,26718.0,26731.3,3369.0
2026-02-16 08:45:00,26731.5,26765.7,26729.7,26763.0,2019.0
2026-02-16 09:30:00,26762.7,26766.4,26747.1,26759.1,1329.0
2026-02-16 10:15:00,26758.6,26765.0,26751.0,26755.5,1597.0
2026-02-16 11:00:00,26755.9,26757.9,26742.1,26755.4,1618.0
2026-02-16 11:45:00,26755.1,26770.9,26745.5,26768.8,1297.0
2026-02-16 12:30:00,26768.3,26768.3,26752.4,26754.5,1729.0
2026-02-16 13:15:00,26754.3,26765.7,26752.0,26755.5,1873.0
2026-02-16 14:00:00,26755.0,26755.7,26701.5,26708.7,3550.0
2026-02-16 14:45:00,26709.1,26732.0,26684.2,26687.0,3451.0
2026-02-16 15:30:00,26686.8,26714.5,26661.0,26714.5,3526.0
2026-02-16 16:15:00,26714.2,26716.6,26686.4,26706.5,3138.0
2026-02-16 17:00:00,26705.6,26720.6,26703.2,26717.8,1660.0
2026-02-16 17:45:00,26718.4,26722.3,26706.3,26712.0,558.0
2026-02-16 18:30:00,26712.1,26712.1,26707.1,26707.1,18.0
2026-02-16 19:15:00,26707.0,26707.5,26705.3,26705.7,26.0
2026-02-16 20:00:00,26705.9,26707.7,26705.1,26705.1,23.0
2026-02-16 20:45:00,26704.8,26707.1,26703.3,26706.1,34.0
2026-02-19 22:45:00,26748.5,26759.6,26744.9,26756.6,918.0
2026-02-19 23:30:00,26757.0,26767.4,26719.1,26732.3,1599.0
2026-02-20 00:15:00,26732.0,26754.8,26724.6,26741.2,1378.0
2026-02-20 01:00:00,26741.4,26870.1,26404.1,26417.1,6837.0
2026-02-20 01:45:00,26418.1,26618.6,26337.6,26427.6,9388.0
2026-02-20 02:30:00,26425.6,26567.8,26419.1,26563.4,7426.0
2026-02-20 03:15:00,26562.9,26590.7,26492.2,26530.6,5359.0
2026-02-20 04:00:00,26527.5,26541.3,26525.5,26541.2,543.0
2026-02-20 04:45:00,26541.5,26637.9,26488.7,26549.2,4260.0
2026-02-20 05:30:00,26549.7,26566.4,26486.2,26525.8,4575.0
2026-02-20 06:15:00,26526.3,26550.8,26483.5,26494.3,3964.0
2026-02-20 07:00:00,26494.8,26495.1,26405.6,26424.5,4027.0
2026-02-20 07:45:00,26425.0,26434.1,26345.3,26400.3,4562.0
2026-02-20 08:30:00,26383.8,26412.0,26367.0,26412.0,1885.0
2026-02-20 09:15:00,26425.8,26471.0,26424.3,26437.9,2574.0
2026-02-20 10:00:00,26438.4,26451.3,26414.6,26427.3,1935.0
2026-02-20 10:45:00,26427.8,26449.4,26389.7,26426.3,2639.0
2026-02-20 11:30:00,26426.8,26439.1,26400.8,26418.8,2286.0
2026-02-20 12:15:00,26418.3,26425.6,26402.8,26412.0,2152.0
2026-02-20 13:00:00,26411.5,26457.7,26381.7,26398.8,3507.0
2026-02-20 13:45:00,26398.3,26413.5,26358.4,26388.9,4172.0
2026-02-20 14:30:00,26389.4,26715.1,26387.9,26659.4,8780.0
2026-02-20 15:15:00,26656.4,26785.0,26605.0,26778.6,9429.0
2026-02-20 16:00:00,26779.1,26804.9,26728.5,26767.5,8085.0
2026-02-20 16:45:00,26768.0,26784.9,26632.6,26645.4,7000.0
2026-02-20 17:30:00,26645.9,26762.7,26642.4,26752.3,7218.0
2026-02-20 18:15:00,26752.8,26857.1,26722.2,26823.5,6968.0
2026-02-20 19:00:00,26823.4,26849.2,26771.4,26773.6,3511.0
2026-02-20 19:45:00,26773.7,26809.3,26769.6,26800.9,2790.0
2026-02-20 20:30:00,26800.8,26841.9,26790.5,26833.9,2376.0
2026-02-20 21:15:00,26833.5,26833.5,26820.1,26821.0,443.0
2026-02-22 23:00:00,26800.2,26809.7,26770.5,26772.1,2786.0
2026-02-22 23:45:00,26772.8,26780.8,26716.8,26721.8,3346.0
2026-02-23 00:30:00,26721.3,26764.2,26699.4,26758.7,3741.0
2026-02-23 01:15:00,26759.1,27056.0,26758.5,27017.9,9573.0
2026-02-23 02:00:00,27018.4,27163.6,27018.4,27133.0,7927.0
2026-02-23 02:45:00,27133.1,27144.3,26929.9,26989.5,7006.0
2026-02-23 03:30:00,26987.0,27022.1,26970.5,27007.0,4008.0
2026-02-23 04:15:00,27006.7,27009.2,26997.3,27003.1,744.0
2026-02-23 05:00:00,27002.6,27016.9,26943.1,26984.3,5422.0
2026-02-23 05:45:00,26983.8,27107.2,26981.0,27080.5,4585.0
2026-02-23 06:30:00,27081.0,27128.7,27062.7,27076.0,4227.0
2026-02-23 07:15:00,27075.0,27081.1,27009.6,27042.9,4005.0
2026-02-23 08:00:00,27042.4,27070.9,27034.1,27044.4,3694.0
2026-02-23 08:45:00,27044.9,27120.2,27044.7,27114.5,2371.0
2026-02-23 09:30:00,27115.0,27129.6,27091.4,27097.8,1812.0
2026-02-23 10:15:00,27098.3,27103.5,27023.0,27068.2,2020.0
2026-02-23 11:00:00,27068.7,27072.5,27004.4,27037.2,1775.0
2026-02-23 11:45:00,27037.7,27038.7,26981.1,26990.3,2089.0
2026-02-23 12:30:00,26990.8,27032.4,26985.3,27023.1,2418.0
2026-02-23 13:15:00,27022.6,27061.1,27009.0,27041.2,2262.0
2026-02-23 14:00:00,27041.7,27132.5,27039.8,27082.5,4687.0
2026-02-23 14:45:00,27083.0,27131.2,27018.5,27026.8,7658.0
2026-02-23 15:30:00,27027.3,27037.2,26871.8,26873.3,6374.0
2026-02-23 16:15:00,26873.8,26945.4,26864.4,26910.7,6764.0
2026-02-23 17:00:00,26909.2,26922.1,26826.1,26850.8,4650.0
2026-02-23 17:45:00,26851.3,26902.6,26835.3,26898.8,4259.0
2026-02-23 18:30:00,26899.3,26916.8,26842.4,26843.3,2846.0
2026-02-23 19:15:00,26843.2,26854.2,26817.2,26845.7,2407.0
2026-02-23 20:00:00,26845.4,26868.0,26835.3,26860.4,2306.0
2026-02-23 20:45:00,26860.2,26888.1,26857.9,26874.8,1967.0
2026-02-23 21:30:00,26875.2,26882.7,26870.9,26871.8,291.0
2026-02-23 22:00:00,26871.7,26873.9,26868.4,26870.9,109.0
2026-02-23 22:45:00,26871.0,26882.4,26865.8,26878.2,1339.0
2026-02-23 23:30:00,26878.4,26886.4,26869.6,26879.7,2245.0
2026-02-24 00:15:00,26880.1,26887.2,26869.1,26884.2,1695.0
2026-02-24 01:00:00,26883.8,26934.4,26624.2,26680.6,6658.0
2026-02-24 01:45:00,26681.6,26703.2,26541.0,26603.8,9295.0
2026-02-24 02:30:00,26604.3,26614.2,26534.2,26539.0,6938.0
2026-02-24 03:15:00,26538.5,26555.6,26492.4,26528.8,4429.0
2026-02-24 04:00:00,26515.3,26601.9,26512.3,26538.4,554.0
2026-02-24 04:45:00,26538.1,26543.1,26455.6,26474.6,4531.0
2026-02-24 05:30:00,26474.1,26534.7,26458.9,26508.1,5187.0
2026-02-24 06:15:00,26508.6,26541.9,26481.6,26524.4,4498.0
2026-02-24 07:00:00,26524.9,26587.8,26515.3,26565.9,4360.0
2026-02-24 07:45:00,26567.4,26590.5,26521.7,26565.3,4892.0
2026-02-24 08:30:00,26560.8,26562.6,26528.8,26560.1,3883.0
2026-02-24 09:15:00,26559.8,26599.5,26544.1,26597.7,2260.0
2026-02-24 10:00:00,26597.2,26603.6,26568.9,26582.3,1622.0
2026-02-24 10:45:00,26582.8,26598.5,26572.7,26584.2,1743.0
2026-02-24 11:30:00,26584.7,26600.3,26565.6,26578.3,1899.0
2026-02-24 12:15:00,26577.8,26581.3,26520.4,26549.1,2635.0
2026-02-24 13:00:00,26549.6,26583.5,26535.2,26571.7,2610.0
2026-02-24 13:45:00,26571.2,26597.8,26564.8,26588.6,2350.0
2026-02-24 14:30:00,26589.1,26673.7,26567.2,26640.4,6533.0
2026-02-24 15:15:00,26639.4,26726.2,26629.8,26719.7,4706.0
2026-02-24 16:00:00,26720.2,26754.7,26717.2,26749.7,4544.0
2026-02-24 16:45:00,26749.2,26776.9,26736.0,26770.5,2997.0
2026-02-24 17:30:00,26771.0,26794.8,26764.2,26765.2,2366.0
2026-02-24 18:15:00,26764.7,26783.9,26753.8,26758.9,2610.0
2026-02-24 19:00:00,26747.8,26750.8,26707.7,26737.9,1957.0
2026-02-24 19:45:00,26738.0,26764.2,26737.1,26748.3,1721.0
2026-02-24 20:30:00,26748.4,26802.6,26737.1,26750.1,1856.0
2026-02-24 21:15:00,26750.5,26751.2,26745.8,26747.0,305.0
2026-02-24 22:00:00,26748.4,26749.8,26747.6,26748.2,73.0
2026-02-24 22:45:00,26748.3,26760.1,26746.4,26757.9,734.0
2026-02-24 23:30:00,26757.7,26768.4,26755.6,26759.9,1074.0
2026-02-25 00:15:00,26759.5,26783.1,26755.7,26780.6,1163.0
2026-02-25 01:00:00,26781.0,26781.5,26632.9,26687.8,6013.0
2026-02-25 01:45:00,26687.3,26737.3,26615.0,26691.3,8890.0
2026-02-25 02:30:00,26692.8,26820.9,26671.2,26757.9,7820.0
2026-02-25 03:15:00,26758.4,26828.5,26748.4,26764.5,6530.0
2026-02-25 04:00:00,26768.2,26768.6,26729.5,26747.5,1416.0
2026-02-25 04:45:00,26747.1,26838.2,26742.8,26770.0,5354.0
2026-02-25 05:30:00,26768.5,26776.1,26650.8,26679.6,5353.0
2026-02-25 06:15:00,26680.1,26729.8,26668.6,26686.3,3934.0
2026-02-25 07:00:00,26686.8,26762.0,26678.0,26681.5,4280.0
2026-02-25 07:45:00,26682.0,26764.8,26673.6,26759.1,3853.0
2026-02-25 08:30:00,26744.9,26749.3,26737.4,26747.7,2117.0
2026-02-25 09:15:00,26747.5,26762.0,26710.1,26730.6,1890.0
2026-02-25 10:00:00,26727.6,26759.8,26703.9,26751.4,1557.0
2026-02-25 10:45:00,26750.9,26760.4,26728.7,26728.7,959.0
2026-02-25 11:30:00,26729.2,26805.7,26729.2,26803.7,1395.0
2026-02-25 12:15:00,26804.2,26842.2,26804.1,26841.7,1619.0
2026-02-25 13:00:00,26841.2,26865.5,26827.1,26834.0,1670.0
2026-02-25 13:45:00,26833.5,26865.5,26824.6,26848.8,1660.0
2026-02-25 14:30:00,26847.3,26881.5,26764.9,26779.4,6439.0
2026-02-25 15:15:00,26778.4,26799.5,26726.2,26760.0,5412.0
2026-02-25 16:00:00,26759.5,26838.1,26746.0,26829.3,2995.0
2026-02-25 16:45:00,26829.8,26884.6,26829.8,26877.6,1887.0
2026-02-25 17:30:00,26877.1,26912.6,26876.1,26903.2,1374.0
2026-02-25 18:15:00,26902.7,26939.6,26896.1,26929.9,1114.0
2026-02-25 19:00:00,26929.8,26931.9,26909.1,26919.2,820.0
2026-02-25 19:45:00,26921.2,26935.0,26918.2,26932.1,664.0
2026-02-25 20:30:00,26931.9,26943.5,26910.4,26917.4,1738.0
2026-02-25 21:15:00,26917.0,26953.1,26910.5,26943.0,4339.0
2026-02-25 22:00:00,26942.7,26943.0,26908.5,26908.7,362.0
2026-02-25 22:45:00,26908.9,26915.1,26892.5,26896.9,1771.0
2026-02-25 23:30:00,26896.5,26911.6,26860.8,26896.1,3174.0
2026-02-26 00:15:00,26895.9,26909.1,26892.4,26897.7,1945.0
2026-02-26 01:00:00,26898.1,27081.8,26840.5,26858.1,7326.0
2026-02-26 01:45:00,26856.1,26875.2,26576.0,26599.6,9101.0
2026-02-26 02:30:00,26601.1,26651.0,26555.1,26613.4,7273.0
2026-02-26 03:15:00,26614.9,26655.4,26594.5,26633.4,4203.0
2026-02-26 04:00:00,26623.3,26628.1,26621.8,26625.5,638.0
2026-02-26 04:45:00,26625.9,26660.4,26551.3,26560.6,4929.0
2026-02-26 05:30:00,26561.1,26576.5,26502.8,26516.2,5849.0
2026-02-26 06:15:00,26515.7,26544.9,26484.2,26525.3,4638.0
2026-02-26 07:00:00,26524.8,26534.7,26432.8,26441.1,5085.0
2026-02-26 07:45:00,26441.6,26442.3,26335.4,26379.9,5645.0
2026-02-26 08:30:00,26364.1,26365.8,26329.0,26364.6,2452.0
2026-02-26 09:15:00,26415.2,26446.9,26373.4,26426.6,2648.0
2026-02-26 10:00:00,26426.9,26429.4,26391.5,26412.9,2162.0
2026-02-26 10:45:00,26413.4,26444.5,26409.9,26427.6,1955.0
2026-02-26 11:30:00,26426.1,26449.3,26421.1,26441.2,2009.0
2026-02-26 12:15:00,26441.7,26443.2,26409.0,26438.3,1814.0
2026-02-26 13:00:00,26437.8,26474.1,26418.5,26439.8,2267.0
2026-02-26 13:45:00,26440.3,26455.5,26415.0,26447.2,2809.0
2026-02-26 14:30:00,26446.7,26502.2,26344.0,26344.0,9347.0
2026-02-26 15:15:00,26343.5,26445.3,26233.7,26419.9,9054.0
2026-02-26 16:00:00,26420.9,26444.9,26373.4,26377.7,6994.0
2026-02-26 16:45:00,26377.2,26384.9,26299.6,26310.8,6117.0
2026-02-26 17:30:00,26310.3,26346.6,26268.4,26316.8,4838.0
2026-02-26 18:15:00,26317.3,26423.3,26304.2,26402.3,4580.0
2026-02-26 19:00:00,26392.8,26425.4,26389.3,26405.8,2545.0
2026-02-26 19:45:00,26405.9,26427.2,26397.8,26398.0,2145.0
2026-02-26 20:30:00,26398.1,26439.2,26395.5,26419.8,2079.0
2026-02-26 21:15:00,26420.2,26421.2,26388.3,26389.3,901.0
2026-02-26 22:00:00,26384.0,26384.4,26364.2,26371.6,392.0
2026-02-26 22:45:00,26370.9,26393.9,26359.5,26390.1,2337.0
2026-02-26 23:30:00,26390.4,26391.1,26369.0,26384.7,2255.0
2026-02-27 00:15:00,26384.8,26391.8,26358.1,26372.3,2400.0
2026-02-27 01:00:00,26372.8,26512.7,26337.9,26503.9,6768.0
2026-02-27 01:45:00,26504.3,26547.3,26393.5,26443.6,8911.0
2026-02-27 02:30:00,26443.7,26582.6,26441.7,26576.4,7866.0
2026-02-27 03:15:00,26575.9,26598.7,26523.2,26571.4,5465.0
2026-02-27 04:00:00,26561.7,26566.7,26555.5,26564.4,930.0
2026-02-27 04:45:00,26563.9,26651.3,26537.0,26627.9,4999.0
2026-02-27 05:30:00,26628.4,26667.7,26602.0,26629.1,6221.0
2026-02-27 06:15:00,26628.6,26675.5,26616.4,26669.9,4539.0
2026-02-27 07:00:00,26670.9,26706.4,26614.6,26650.6,4118.0
2026-02-27 07:45:00,26649.1,26665.7,26599.9,26633.9,4510.0
2026-02-27 08:30:00,26628.2,26637.9,26619.7,26633.0,2696.0
2026-02-27 09:15:00,26633.9,26692.5,26598.4,26603.6,3287.0
2026-02-27 10:00:00,26603.1,26631.7,26567.1,26626.1,3137.0
2026-02-27 10:45:00,26625.6,26632.4,26594.4,26626.9,2237.0
2026-02-27 11:30:00,26627.4,26650.0,26601.5,26643.8,3386.0
2026-02-27 12:15:00,26643.3,26659.2,26599.3,26608.7,2692.0
2026-02-27 13:00:00,26608.2,26616.0,26481.9,26506.5,4538.0
2026-02-27 13:45:00,26507.0,26533.9,26491.4,26524.7,4332.0
2026-02-27 14:30:00,26519.2,26586.2,26448.0,26515.3,8540.0
2026-02-27 15:15:00,26516.8,26579.4,26476.1,26556.2,6841.0
2026-02-27 16:00:00,26556.7,26613.7,26533.0,26535.5,5833.0
2026-02-27 16:45:00,26536.0,26602.5,26496.5,26521.6,5522.0
2026-02-27 17:30:00,26520.6,26556.3,26504.3,26508.7,5328.0
2026-02-27 18:15:00,26507.7,26524.2,26482.1,26492.1,3724.0
2026-02-27 19:00:00,26484.6,26504.2,26461.4,26467.4,2902.0
2026-02-27 19:45:00,26469.5,26519.5,26461.9,26507.6,2529.0
2026-02-27 20:30:00,26507.5,26527.2,26492.8,26512.5,3924.0
2026-02-27 21:15:00,26512.8,26512.8,26491.8,26496.9,1097.0
2026-03-01 23:00:00,26369.3,26370.0,26271.9,26309.0,5799.0
2026-03-01 23:45:00,26310.1,26316.3,26270.4,26277.7,5672.0
2026-03-02 00:30:00,26277.5,26397.4,26266.5,26337.9,4756.0
2026-03-02 01:15:00,26333.2,26393.5,26044.8,26065.8,10336.0
2026-03-02 02:00:00,26063.8,26102.6,25863.9,26008.0,9611.0
2026-03-02 02:45:00,26009.5,26142.1,25959.3,26133.6,8618.0
2026-03-02 03:30:00,26135.6,26216.0,26129.8,26173.7,5278.0
2026-03-02 04:15:00,26173.9,26181.3,26147.5,26152.8,3253.0
2026-03-02 05:00:00,26152.2,26263.9,26112.5,26234.5,8638.0
2026-03-02 05:45:00,26234.0,26238.5,26058.7,26081.4,7778.0
2026-03-02 06:30:00,26082.4,26110.1,25969.6,25971.7,7021.0
2026-03-02 07:15:00,25972.2,26040.4,25959.7,26037.5,5751.0
2026-03-02 08:00:00,26037.0,26055.0,25915.1,25959.0,7488.0
2026-03-02 08:45:00,25958.8,26080.0,25952.8,26021.9,5658.0
2026-03-02 09:30:00,26023.9,26060.3,25986.5,26026.1,4592.0
2026-03-02 10:15:00,26024.1,26072.4,26012.3,26042.1,4186.0
2026-03-02 11:00:00,26042.6,26053.5,25997.4,26051.1,3932.0
2026-03-02 11:45:00,26051.6,26079.6,25942.3,25945.9,4949.0
2026-03-02 12:30:00,25946.4,25966.5,25908.9,25913.9,5186.0
2026-03-02 13:15:00,25914.4,25986.0,25854.1,25871.3,5001.0
2026-03-02 14:00:00,25871.8,26083.6,25841.7,26067.7,7065.0
2026-03-02 14:45:00,26067.2,26124.1,26031.9,26070.4,9638.0
2026-03-02 15:30:00,26069.4,26117.4,26002.1,26097.9,7943.0
2026-03-02 16:15:00,26098.4,26115.0,26001.0,26097.7,7242.0
2026-03-02 17:00:00,26096.7,26180.2,26095.4,26132.2,5104.0
2026-03-02 17:45:00,26130.2,26182.9,26129.2,26163.3,4252.0
2026-03-02 18:30:00,26163.8,26196.5,26138.0,26192.2,3776.0
2026-03-02 19:15:00,26192.3,26223.0,26192.3,26203.4,2278.0
2026-03-02 20:00:00,26203.3,26207.6,26124.9,26170.1,5942.0
2026-03-02 20:45:00,26170.0,26176.3,26139.8,26146.0,3160.0
2026-03-02 21:30:00,26145.5,26152.7,26139.7,26150.5,736.0
2026-03-02 22:00:00,26149.2,26153.6,26147.2,26153.5,82.0
2026-03-02 22:45:00,26152.8,26154.7,26124.1,26131.0,1836.0
2026-03-02 23:30:00,26131.2,26141.7,26124.0,26126.2,2837.0
2026-03-03 00:15:00,26126.6,26137.5,26121.9,26128.9,2959.0
2026-03-03 01:00:00,26129.2,26207.1,26008.2,26022.3,7336.0
2026-03-03 01:45:00,26023.3,26061.0,25884.2,26032.9,10276.0
2026-03-03 02:30:00,26031.9,26169.4,26030.6,26090.8,9697.0
2026-03-03 03:15:00,26090.3,26091.4,25955.2,25982.9,7842.0
2026-03-03 04:00:00,25961.8,25972.0,25943.4,25951.2,4852.0
2026-03-03 04:45:00,25951.6,26100.5,25904.6,26017.7,8116.0
2026-03-03 05:30:00,26017.2,26023.3,25756.0,25769.7,9149.0
2026-03-03 06:15:00,25770.2,25854.6,25741.9,25791.6,8699.0
2026-03-03 07:00:00,25789.1,25800.6,25719.2,25734.3,7079.0
2026-03-03 07:45:00,25733.8,25786.5,25698.9,25700.4,6708.0
2026-03-03 08:30:00,25688.5,25692.9,25598.3,25624.8,8265.0
2026-03-03 09:15:00,25624.6,25667.6,25452.0,25455.3,7231.0
2026-03-03 10:00:00,25455.8,25493.4,25348.8,25417.3,8073.0
2026-03-03 10:45:00,25417.8,25460.9,25323.9,25386.4,8329.0
2026-03-03 11:30:00,25385.9,25508.7,25373.8,25483.1,7764.0
2026-03-03 12:15:00,25482.6,25513.2,25448.1,25480.1,7225.0
2026-03-03 13:00:00,25481.1,25494.6,25334.7,25344.3,6821.0
2026-03-03 13:45:00,25343.8,25347.3,25230.7,25270.3,7096.0
2026-03-03 14:30:00,25271.8,25341.4,25004.6,25052.9,11071.0
2026-03-03 15:15:00,25052.4,25196.8,24984.1,25191.9,10738.0
2026-03-03 16:00:00,25190.9,25338.4,25158.2,25275.8,9606.0
2026-03-03 16:45:00,25275.3,25385.0,25256.6,25380.5,9568.0
2026-03-03 17:30:00,25380.0,25410.1,25296.8,25386.2,8525.0
2026-03-03 18:15:00,25386.7,25530.2,25386.2,25478.8,7051.0
2026-03-03 19:00:00,25480.9,25551.2,25426.7,25547.6,6095.0
2026-03-03 19:45:00,25547.7,25555.4,25479.6,25493.7,6177.0
2026-03-03 20:30:00,25493.6,25516.4,25428.9,25467.8,4471.0
2026-03-03 21:15:00,25467.4,25470.7,25445.7,25453.8,1951.0
2026-03-03 22:00:00,25455.6,25461.4,25454.3,25456.5,101.0
2026-03-03 22:45:00,25456.2,25481.5,25445.4,25457.0,2503.0
2026-03-03 23:30:00,25457.4,25472.6,25442.5,25468.3,4284.0
2026-03-04 00:15:00,25469.0,25502.5,25450.1,25475.6,6146.0
2026-03-04 01:00:00,25476.3,25482.4,25161.6,25372.5,9950.0
2026-03-04 01:45:00,25371.0,25420.8,25236.5,25329.7,11233.0
2026-03-04 02:30:00,25327.7,25334.7,25016.9,25035.4,10047.0
2026-03-04 03:15:00,25036.4,25104.8,24956.8,25052.3,9812.0
2026-03-04 04:00:00,25034.3,25052.0,25026.4,25039.3,7413.0
2026-03-04 04:45:00,25039.5,25115.7,24942.7,24964.2,9423.0
2026-03-04 05:30:00,24963.7,25155.7,24941.5,25019.9,9615.0
2026-03-04 06:15:00,25018.4,25134.0,25004.1,25074.4,8519.0
2026-03-04 07:00:00,25077.4,25207.8,25017.5,25190.7,7626.0
2026-03-04 07:45:00,25191.2,25271.4,25159.8,25187.5,7462.0
2026-03-04 08:30:00,25184.7,25235.8,25175.4,25224.3,7506.0
2026-03-04 09:15:00,25224.1,25346.0,25224.1,25326.4,4443.0
2026-03-04 10:00:00,25325.9,25487.2,25300.6,25443.0,7470.0
2026-03-04 10:45:00,25443.5,25546.3,25419.6,25529.1,5561.0
2026-03-04 11:30:00,25529.6,25548.3,25434.7,25478.5,5822.0
2026-03-04 12:15:00,25479.0,25482.0,25354.8,25447.7,6107.0
2026-03-04 13:00:00,25446.7,25536.0,25444.7,25520.3,5611.0
2026-03-04 13:45:00,25520.8,25532.2,25458.3,25461.0,5532.0
2026-03-04 14:30:00,25460.5,25482.0,25329.6,25339.1,10079.0
2026-03-04 15:15:00,25338.1,25538.9,25334.8,25534.4,8519.0
2026-03-04 16:00:00,25535.4,25547.7,25440.1,25510.2,7917.0
2026-03-04 16:45:00,25509.7,25562.5,25504.7,25537.9,5152.0
2026-03-04 17:30:00,25538.4,25571.3,25516.2,25553.0,4819.0
2026-03-04 18:15:00,25552.5,25588.3,25524.4,25582.5,3544.0
2026-03-04 19:00:00,25565.0,25625.7,25565.0,25603.5,1607.0
2026-03-04 19:45:00,25603.6,25623.0,25590.1,25598.8,1971.0
2026-03-04 20:30:00,25598.6,25671.4,25568.3,25639.0,2935.0
2026-03-04 21:15:00,25630.6,25652.7,25627.9,25639.2,1606.0
2026-03-04 22:00:00,25634.5,25642.8,25633.8,25637.1,213.0
2026-03-04 22:45:00,25637.2,25652.5,25623.6,25624.5,1630.0
2026-03-04 23:30:00,25624.3,25643.9,25622.0,25642.7,2264.0
2026-03-05 00:15:00,25643.2,25657.7,25632.2,25638.0,3126.0
2026-03-05 01:00:00,25638.4,25669.3,25508.4,25549.6,7702.0
2026-03-05 01:45:00,25549.1,25696.1,25465.4,25658.4,10259.0
2026-03-05 02:30:00,25660.9,25730.0,25601.9,25623.1,8869.0
2026-03-05 03:15:00,25622.6,25646.1,25425.7,25433.4,7912.0
2026-03-05 04:00:00,25424.1,25468.6,25420.4,25464.3,4006.0
2026-03-05 04:45:00,25464.1,25548.3,25445.7,25452.6,6933.0
2026-03-05 05:30:00,25456.1,25501.7,25221.1,25265.3,8469.0
2026-03-05 06:15:00,25266.3,25366.5,25229.3,25366.0,8306.0
2026-03-05 07:00:00,25368.0,25387.9,25305.9,25370.4,6668.0
2026-03-05 07:45:00,25369.9,25370.6,25237.2,25239.5,7190.0
2026-03-05 08:30:00,25237.1,25365.8,25225.1,25351.3,7439.0
2026-03-05 09:15:00,25351.5,25480.3,25342.9,25394.9,6658.0
2026-03-05 10:00:00,25395.4,25452.2,25390.3,25407.0,5077.0
2026-03-05 10:45:00,25407.5,25460.5,25383.5,25427.4,4271.0
2026-03-05 11:30:00,25426.9,25428.8,25368.0,25392.7,3891.0
2026-03-05 12:15:00,25392.2,25471.3,25354.8,25392.5,4996.0
2026-03-05 13:00:00,25392.0,25396.5,25281.8,25292.8,5372.0
2026-03-05 13:45:00,25292.9,25307.6,25212.3,25241.8,6631.0
2026-03-05 14:30:00,25241.3,25414.3,25214.1,25332.3,10038.0
2026-03-05 15:15:00,25331.8,25335.6,25154.8,25202.1,9496.0
2026-03-05 16:00:00,25201.1,25218.8,25070.3,25160.1,9366.0
2026-03-05 16:45:00,25162.1,25238.2,25148.1,25160.0,8442.0
2026-03-05 17:30:00,25159.5,25173.9,25072.5,25151.5,9451.0
2026-03-05 18:15:00,25151.0,25157.5,25056.2,25081.7,8135.0
2026-03-05 19:00:00,25081.5,25131.1,25067.1,25093.2,5593.0
2026-03-05 19:45:00,25093.1,25211.8,25077.2,25149.5,5905.0
2026-03-05 20:30:00,25147.4,25208.0,25129.2,25162.4,4762.0
2026-03-05 21:15:00,25161.9,25165.6,25134.6,25143.3,1362.0
2026-03-05 22:00:00,25140.0,25142.0,25136.0,25137.8,126.0
2026-03-05 22:45:00,25138.6,25167.6,25135.7,25165.0,1469.0
2026-03-05 23:30:00,25165.1,25206.5,25164.2,25204.4,2779.0
2026-03-06 00:15:00,25204.1,25238.0,25195.0,25198.7,3628.0
2026-03-06 01:00:00,25198.5,25402.2,25167.8,25387.6,8572.0
2026-03-06 01:45:00,25388.1,25627.9,25359.6,25546.5,9873.0
2026-03-06 02:30:00,25544.0,25702.0,25537.9,25692.9,8837.0
2026-03-06 03:15:00,25693.4,25795.9,25666.9,25775.1,7416.0
2026-03-06 04:00:00,25768.1,25769.7,25736.6,25746.3,1696.0
2026-03-06 04:45:00,25746.5,25782.8,25687.8,25698.9,6281.0
2026-03-06 05:30:00,25698.4,25804.1,25689.2,25741.8,8122.0
2026-03-06 06:15:00,25742.3,25757.4,25665.0,25741.9,6693.0
2026-03-06 07:00:00,25743.9,25764.6,25687.7,25744.7,6230.0
2026-03-06 07:45:00,25743.7,25761.5,25625.5,25648.8,6164.0
2026-03-06 08:30:00,25639.2,25681.3,25632.7,25639.8,5507.0
2026-03-06 09:15:00,25639.2,25639.2,25448.4,25477.1,7620.0
2026-03-06 10:00:00,25476.6,25528.7,25465.6,25488.2,5922.0
2026-03-06 10:45:00,25487.7,25509.8,25412.5,25480.2,5729.0
2026-03-06 11:30:00,25480.7,25483.2,25330.2,25349.4,6823.0
2026-03-06 12:15:00,25348.9,25377.5,25320.1,25350.9,5665.0
2026-03-06 13:00:00,25347.9,25405.2,25277.9,25292.1,6405.0
2026-03-06 13:45:00,25290.6,25291.6,25127.4,25192.9,9070.0
2026-03-06 14:30:00,25192.4,25320.5,25093.6,25308.6,11017.0
2026-03-06 15:15:00,25309.1,25381.1,25249.5,25346.4,9869.0
2026-03-06 16:00:00,25346.9,25412.2,25304.5,25373.1,9648.0
2026-03-06 16:45:00,25373.6,25407.7,25295.1,25322.0,9117.0
2026-03-06 17:30:00,25321.0,25419.0,25260.7,25409.0,8857.0
2026-03-06 18:15:00,25409.5,25425.6,25352.5,25384.9,8388.0
2026-03-06 19:00:00,25374.4,25413.8,25348.1,25376.9,5578.0
2026-03-06 19:45:00,25376.8,25412.7,25325.8,25329.2,5546.0
2026-03-06 20:30:00,25329.3,25356.3,25293.3,25313.5,6200.0
2026-03-06 21:15:00,25313.9,25320.0,25299.7,25307.4,1681.0
2026-03-08 22:00:00,25138.7,25142.8,25057.2,25086.2,5877.0
2026-03-08 22:45:00,25086.4,25100.4,25003.3,25014.1,4653.0
2026-03-08 23:30:00,25014.3,25016.8,24960.7,24996.4,6863.0
2026-03-09 00:15:00,24995.9,24998.3,24903.2,24915.5,7002.0
2026-03-09 01:00:00,24915.7,25053.7,24771.4,24987.9,10005.0
2026-03-09 01:45:00,24987.4,25041.4,24882.7,24920.6,10905.0
2026-03-09 02:30:00,24920.1,25168.9,24872.2,25030.0,10244.0
2026-03-09 03:15:00,25028.5,25103.8,25019.5,25075.6,8443.0
2026-03-09 04:00:00,25064.4,25118.0,25064.4,25100.6,4641.0
2026-03-09 04:45:00,25100.8,25242.6,24971.2,25232.5,8016.0
2026-03-09 05:30:00,25232.1,25347.1,25178.6,25304.8,10039.0
2026-03-09 06:15:00,25305.3,25366.2,25223.7,25250.8,8586.0
2026-03-09 07:00:00,25248.3,25411.8,25208.4,25399.9,8643.0
2026-03-09 07:45:00,25398.9,25407.0,25320.3,25323.7,8729.0
2026-03-09 08:30:00,25302.0,25335.5,25288.2,25323.3,8407.0
2026-03-09 09:15:00,25351.3,25526.2,25316.8,25361.0,9246.0
2026-03-09 10:00:00,25361.5,25379.7,25274.4,25319.0,7724.0
2026-03-09 10:45:00,25318.5,25373.3,25265.2,25272.0,6549.0
2026-03-09 11:30:00,25273.5,25375.3,25268.6,25343.1,6539.0
2026-03-09 12:15:00,25342.6,25385.6,25247.6,25277.8,6076.0
2026-03-09 13:00:00,25279.3,25392.0,25278.9,25318.2,8458.0
2026-03-09 13:45:00,25315.7,25347.4,25189.2,25293.4,10692.0
2026-03-09 14:30:00,25292.4,25451.9,25287.9,25451.9,9414.0
2026-03-09 15:15:00,25451.4,25516.6,25413.0,25496.3,8252.0
2026-03-09 16:00:00,25497.8,25566.3,25478.0,25563.3,7164.0
2026-03-09 16:45:00,25563.8,25569.3,25395.2,25407.2,6169.0
2026-03-09 17:30:00,25406.7,25436.8,25374.9,25412.4,6918.0
2026-03-09 18:15:00,25411.9,25480.3,25394.4,25427.4,5484.0
2026-03-09 19:00:00,25421.4,25620.2,25412.7,25568.2,7479.0
2026-03-09 19:45:00,25568.1,25579.2,25510.4,25553.7,5955.0
2026-03-09 20:30:00,25552.5,25564.9,25542.9,25559.3,2812.0
2026-03-09 21:00:00,25559.3,25576.0,25559.3,25569.0,192.0
2026-03-09 21:45:00,25569.6,25592.0,25544.4,25572.0,3967.0
2026-03-09 22:30:00,25571.5,25587.4,25548.5,25577.9,3203.0
2026-03-09 23:15:00,25578.4,25583.9,25558.5,25572.6,2910.0
2026-03-10 00:00:00,25572.5,25614.9,25553.8,25611.0,6072.0
2026-03-10 00:45:00,25610.7,25776.2,25581.1,25691.8,7108.0
2026-03-10 01:30:00,25692.3,25815.8,25688.9,25756.7,10409.0
2026-03-10 02:15:00,25758.2,25774.7,25584.8,25624.2,9048.0
2026-03-10 03:00:00,25626.7,25849.1,25608.6,25810.4,8752.0
2026-03-10 03:45:00,25811.4,25827.4,25746.5,25762.5,5439.0
2026-03-10 04:30:00,25762.7,25845.2,25759.4,25828.2,5497.0
2026-03-10 05:15:00,25827.7,25883.7,25771.1,25883.2,7287.0
2026-03-10 06:00:00,25884.2,25928.5,25833.5,25896.9,6572.0
2026-03-10 06:45:00,25896.4,25924.6,25857.5,25911.5,6376.0
2026-03-10 07:30:00,25911.0,25960.1,25869.9,25905.0,6483.0
2026-03-10 08:15:00,25904.5,25951.2,25902.9,25915.8,5708.0
2026-03-10 09:00:00,25915.4,26043.8,25912.3,26033.0,5300.0
2026-03-10 09:45:00,26033.5,26033.5,25909.6,25950.9,5508.0
2026-03-10 10:30:00,25951.4,25961.6,25859.7,25871.6,6707.0
2026-03-10 11:15:00,25870.1,25881.2,25815.1,25832.0,5533.0
2026-03-10 12:00:00,25834.5,25839.3,25758.9,25817.4,6235.0
2026-03-10 12:45:00,25816.8,25868.6,25815.8,25844.1,5785.0
2026-03-10 13:30:00,25845.6,25862.1,25734.9,25816.3,10136.0
2026-03-10 14:15:00,25815.8,26124.2,25806.7,26110.9,8538.0
2026-03-10 15:00:00,26110.4,26137.9,26041.7,26116.8,7593.0
2026-03-10 15:45:00,26117.3,26120.5,26006.4,26043.2,7220.0
2026-03-10 16:30:00,26043.7,26153.7,26043.2,26136.2,6685.0
2026-03-10 17:15:00,26136.7,26215.1,26104.6,26134.3,7969.0
2026-03-10 18:00:00,26136.8,26156.4,25942.6,25972.6,9588.0
2026-03-10 18:45:00,25970.1,26006.7,25936.6,25936.7,6902.0
2026-03-10 19:30:00,25936.6,25961.4,25869.0,25932.5,5859.0
2026-03-10 20:15:00,25932.9,25933.6,25921.2,25930.1,2315.0
2026-03-10 21:00:00,25929.8,25931.7,25928.7,25931.3,104.0
2026-03-10 21:45:00,25931.7,25935.7,25910.5,25911.0,1292.0
2026-03-10 22:30:00,25911.4,25921.7,25902.4,25921.3,1145.0
2026-03-10 23:15:00,25921.8,25939.1,25917.8,25934.8,1665.0
2026-03-11 00:00:00,25936.3,25988.9,25933.1,25983.0,4749.0
2026-03-11 00:45:00,25983.2,26101.5,25978.7,26039.3,4624.0
2026-03-11 01:30:00,26038.8,26092.3,25948.5,26031.1,9850.0
2026-03-11 02:15:00,26031.6,26129.0,25958.7,26078.3,8561.0
2026-03-11 03:00:00,26077.8,26093.8,25973.1,26025.8,7278.0
2026-03-11 03:45:00,26026.3,26039.0,25918.8,25954.7,2713.0
2026-03-11 04:30:00,25954.3,25970.6,25866.3,25868.7,3565.0
2026-03-11 05:15:00,25868.2,25917.8,25862.6,25883.8,7660.0
2026-03-11 06:00:00,25883.3,25993.9,25879.1,25947.8,6903.0
2026-03-11 06:45:00,25947.3,25947.3,25863.9,25895.7,5356.0
2026-03-11 07:30:00,25895.2,25895.7,25809.4,25817.7,6033.0
2026-03-11 08:15:00,25817.2,25830.0,25742.4,25757.6,6002.0
2026-03-11 09:00:00,25757.4,25779.9,25719.1,25726.3,5690.0
2026-03-11 09:45:00,25725.8,25801.1,25692.8,25784.6,4971.0
2026-03-11 10:30:00,25784.1,25850.9,25779.2,25819.3,4406.0
2026-03-11 11:15:00,25819.8,25831.8,25708.6,25717.3,5439.0
2026-03-11 12:00:00,25719.3,25774.9,25671.0,25695.2,5480.0
2026-03-11 12:45:00,25694.7,25762.1,25666.3,25758.3,5833.0
2026-03-11 13:30:00,25760.8,25836.8,25704.6,25778.8,10104.0
2026-03-11 14:15:00,25777.8,25804.3,25681.2,25791.4,9076.0
2026-03-11 15:00:00,25791.9,25810.3,25674.4,25680.9,8006.0
2026-03-11 15:45:00,25680.4,25705.3,25648.3,25694.0,7106.0
2026-03-11 16:30:00,25694.5,25759.7,25692.5,25721.4,5896.0
2026-03-11 17:15:00,25720.9,25737.3,25635.6,25657.6,7356.0
2026-03-11 18:00:00,25658.1,25721.8,25629.4,25718.8,5616.0
2026-03-11 18:45:00,25719.3,25739.1,25683.8,25703.9,3546.0
2026-03-11 19:30:00,25704.2,25756.4,25703.8,25736.0,2679.0
2026-03-11 20:15:00,25736.9,25738.2,25718.0,25719.5,777.0
2026-03-11 21:00:00,25723.7,25726.6,25722.1,25725.8,100.0
2026-03-11 21:45:00,25726.0,25726.8,25661.8,25668.3,2429.0
2026-03-11 22:30:00,25669.0,25672.8,25629.3,25639.5,3825.0
2026-03-11 23:15:00,25639.1,25647.8,25583.5,25583.5,4477.0
2026-03-12 00:00:00,25583.9,25609.1,25566.4,25600.2,4791.0
2026-03-12 00:45:00,25600.6,25713.8,25570.4,25710.4,5498.0
2026-03-12 01:30:00,25709.9,25896.1,25680.2,25698.5,9905.0
2026-03-12 02:15:00,25699.5,25729.5,25525.0,25568.2,8704.0
2026-03-12 03:00:00,25566.7,25606.0,25490.8,25495.2,7057.0
2026-03-12 03:45:00,25495.7,25549.1,25490.1,25548.3,2936.0
2026-03-12 04:30:00,25548.2,25570.5,25509.6,25539.3,3897.0
2026-03-12 05:15:00,25538.8,25599.7,25480.9,25599.2,7298.0
2026-03-12 06:00:00,25598.7,25654.5,25549.6,25631.3,6906.0
2026-03-12 06:45:00,25631.8,25679.7,25626.0,25678.7,5383.0
2026-03-12 07:30:00,25679.2,25725.3,25639.7,25688.1,5243.0
2026-03-12 08:15:00,25687.6,25695.6,25644.4,25666.1,4615.0
2026-03-12 09:00:00,25666.3,25728.4,25610.6,25716.3,4859.0
2026-03-12 09:45:00,25716.8,25730.3,25681.1,25681.1,3805.0
2026-03-12 10:30:00,25680.6,25715.5,25655.6,25675.9,3569.0
2026-03-12 11:15:00,25676.4,25757.6,25673.4,25696.1,3449.0
2026-03-12 12:00:00,25696.6,25701.1,25622.7,25641.9,4382.0
2026-03-12 12:45:00,25641.4,25672.6,25531.5,25586.2,5836.0
2026-03-12 13:30:00,25586.0,25635.7,25454.1,25535.5,9842.0
2026-03-12 14:15:00,25535.0,25544.2,25409.5,25426.6,8797.0
2026-03-12 15:00:00,25427.1,25519.6,25378.5,25496.6,8220.0
2026-03-12 15:45:00,25497.1,25541.2,25429.2,25470.6,8663.0
2026-03-12 16:30:00,25470.1,25536.5,25464.1,25482.7,7910.0
2026-03-12 17:15:00,25483.2,25524.9,25447.9,25471.2,6840.0
2026-03-12 18:00:00,25471.7,25508.1,25440.4,25452.4,5983.0
2026-03-12 18:45:00,25451.9,25477.3,25429.4,25446.8,4164.0
2026-03-12 19:30:00,25446.9,25462.9,25426.7,25433.4,4057.0
2026-03-12 20:15:00,25433.8,25461.0,25432.1,25455.9,1411.0
2026-03-12 21:00:00,25457.0,25457.9,25452.4,25452.6,154.0
2026-03-12 21:45:00,25453.2,25465.8,25444.6,25465.3,2100.0
2026-03-12 22:30:00,25465.1,25483.1,25463.1,25473.4,2168.0
2026-03-12 23:15:00,25473.2,25474.0,25414.7,25416.8,2601.0
2026-03-13 00:00:00,25416.3,25483.0,25400.5,25473.4,4977.0
2026-03-13 00:45:00,25472.9,25557.4,25452.0,25556.3,5387.0
2026-03-13 01:30:00,25558.3,25649.5,25441.2,25597.6,10093.0
2026-03-13 02:15:00,25597.1,25661.0,25566.5,25609.4,8581.0
2026-03-13 03:00:00,25609.9,25636.9,25528.5,25561.7,6740.0
2026-03-13 03:45:00,25561.2,25573.0,25480.4,25538.0,2557.0
2026-03-13 04:30:00,25538.2,25590.8,25503.7,25542.6,4338.0
2026-03-13 05:15:00,25542.1,25610.0,25507.6,25534.3,6970.0
2026-03-13 06:00:00,25533.3,25533.8,25442.5,25447.3,5981.0
2026-03-13 06:45:00,25446.9,25461.8,25381.2,25417.8,6048.0
2026-03-13 07:30:00,25417.3,25440.7,25353.5,25370.5,5953.0
2026-03-13 08:15:00,25371.0,25408.4,25320.8,25403.0,6275.0
2026-03-13 09:00:00,25403.5,25437.0,25382.8,25411.0,5723.0
2026-03-13 09:45:00,25410.5,25495.5,25407.5,25468.2,4012.0
2026-03-13 10:30:00,25468.7,25542.7,25451.1,25493.4,4840.0
2026-03-13 11:15:00,25493.9,25561.6,25486.5,25559.1,4052.0
2026-03-13 12:00:00,25559.6,25598.9,25546.1,25596.5,4651.0
2026-03-13 12:45:00,25596.0,25699.5,25594.1,25644.8,6569.0
2026-03-13 13:30:00,25644.3,25744.3,25619.0,25619.5,9112.0
2026-03-13 14:15:00,25619.0,25664.1,25516.8,25519.3,9160.0
2026-03-13 15:00:00,25520.8,25576.2,25448.1,25455.9,8686.0
2026-03-13 15:45:00,25455.4,25514.9,25402.4,25439.2,8905.0
2026-03-13 16:30:00,25438.7,25508.5,25432.9,25486.9,8236.0
2026-03-13 17:15:00,25487.4,25501.1,25400.0,25405.9,7598.0
2026-03-13 18:00:00,25406.4,25471.8,25391.8,25471.3,6213.0
2026-03-13 18:45:00,25470.8,25478.3,25406.0,25406.9,4139.0
2026-03-13 19:30:00,25407.2,25426.6,25387.7,25406.3,3270.0
2026-03-13 20:15:00,25406.0,25414.9,25392.2,25392.9,1125.0
2026-03-15 22:00:00,25413.1,25428.9,25371.1,25416.5,4029.0
2026-03-15 22:45:00,25416.9,25468.9,25411.4,25438.5,4524.0
2026-03-15 23:30:00,25438.3,25506.9,25429.5,25502.9,5425.0
2026-03-16 00:15:00,25503.8,25544.2,25487.3,25526.1,4085.0
2026-03-16 01:00:00,25526.3,25566.9,25286.3,25339.2,7930.0
2026-03-16 01:45:00,25338.7,25587.9,25336.7,25522.3,10079.0
2026-03-16 02:30:00,25523.2,25562.9,25442.0,25529.0,8596.0
2026-03-16 03:15:00,25528.5,25737.6,25528.5,25726.0,6948.0
2026-03-16 04:00:00,25708.6,25709.4,25690.5,25693.8,1576.0
2026-03-16 04:45:00,25693.4,25790.6,25687.0,25750.0,6354.0
2026-03-16 05:30:00,25750.5,25802.9,25723.8,25784.2,6692.0
2026-03-16 06:15:00,25783.7,25828.2,25780.6,25818.7,5045.0
2026-03-16 07:00:00,25819.2,25830.1,25747.3,25769.0,5219.0
2026-03-16 07:45:00,25767.5,25810.0,25725.6,25732.5,5260.0
2026-03-16 08:30:00,25718.3,25726.2,25685.0,25708.5,6195.0
2026-03-16 09:15:00,25708.7,25741.5,25657.4,25665.3,4555.0
2026-03-16 10:00:00,25664.8,25789.5,25656.5,25763.0,5060.0
2026-03-16 10:45:00,25763.5,25802.0,25745.8,25754.4,4072.0
2026-03-16 11:30:00,25754.9,25842.4,25744.6,25842.1,3620.0
2026-03-16 12:15:00,25842.6,25875.9,25828.0,25833.2,3912.0
2026-03-16 13:00:00,25833.7,25920.4,25805.5,25917.6,5747.0
2026-03-16 13:45:00,25916.6,25953.7,25891.3,25903.7,7669.0
2026-03-16 14:30:00,25904.2,25934.8,25850.9,25928.9,7669.0
2026-03-16 15:15:00,25928.4,25928.9,25843.4,25848.9,6218.0
2026-03-16 16:00:00,25847.9,25875.4,25793.7,25829.4,7032.0
2026-03-16 16:45:00,25828.9,25868.9,25810.5,25841.3,6117.0
2026-03-16 17:30:00,25841.8,25865.0,25801.2,25848.6,5091.0
2026-03-16 18:15:00,25849.6,25894.2,25848.6,25863.0,3528.0
2026-03-16 19:00:00,25863.2,25905.3,25832.2,25833.2,4837.0
2026-03-16 19:45:00,25833.0,25860.3,25820.6,25838.5,3140.0
2026-03-16 20:30:00,25838.9,25849.3,25837.2,25847.4,1338.0
2026-03-16 21:00:00,25844.2,25848.4,25840.2,25843.2,129.0
2026-03-16 21:45:00,25843.3,25851.0,25833.3,25848.1,1546.0
2026-03-16 22:30:00,25847.9,25849.1,25833.9,25839.7,2084.0
2026-03-16 23:15:00,25839.6,25854.4,25835.8,25854.1,1773.0
2026-03-17 00:00:00,25854.2,25854.2,25822.4,25838.8,3125.0
2026-03-17 00:45:00,25839.0,25967.0,25828.9,25965.4,4813.0
2026-03-17 01:30:00,25965.9,26226.6,25943.1,26204.3,9766.0
2026-03-17 02:15:00,26205.8,26217.3,26070.8,26071.8,8379.0
2026-03-17 03:00:00,26072.3,26101.3,26018.0,26034.3,6747.0
2026-03-17 03:45:00,26033.8,26070.1,26020.3,26053.6,2648.0
2026-03-17 04:30:00,26053.8,26097.1,25978.9,26057.4,4335.0
2026-03-17 05:15:00,26057.9,26094.8,25876.0,25877.5,7623.0
2026-03-17 06:00:00,25878.0,25898.5,25834.1,25876.7,7964.0
2026-03-17 06:45:00,25877.2,25892.6,25842.6,25881.4,5831.0
2026-03-17 07:30:00,25880.9,25907.3,25832.3,25847.9,4954.0
2026-03-17 08:15:00,25848.4,25884.0,25839.9,25871.3,5347.0
2026-03-17 09:00:00,25871.1,25963.8,25867.4,25934.9,4860.0
2026-03-17 09:45:00,25934.4,25955.7,25886.6,25904.7,3546.0
2026-03-17 10:30:00,25904.2,25941.0,25895.0,25927.8,2699.0
2026-03-17 11:15:00,25928.3,25958.4,25926.8,25928.7,3049.0
2026-03-17 12:00:00,25929.7,26006.4,25917.5,25989.5,3427.0
2026-03-17 12:45:00,25989.0,26037.3,25966.9,26018.1,2950.0
2026-03-17 13:30:00,26018.6,26035.5,25939.6,25957.6,7262.0
2026-03-17 14:15:00,25956.6,25968.3,25912.1,25958.1,6357.0
2026-03-17 15:00:00,25958.6,25962.9,25809.0,25847.6,7299.0
2026-03-17 15:45:00,25845.6,25888.4,25819.4,25878.9,6676.0
2026-03-17 16:30:00,25878.4,25888.4,25829.9,25882.4,5750.0
2026-03-17 17:15:00,25881.9,25905.2,25870.1,25901.8,4023.0
2026-03-17 18:00:00,25902.3,25923.6,25852.0,25862.6,3483.0
2026-03-17 18:45:00,25863.1,25886.6,25849.5,25854.3,2648.0
2026-03-17 19:30:00,25854.5,25866.5,25844.3,25862.8,3035.0
2026-03-17 20:15:00,25863.0,25864.7,25855.9,25859.9,1062.0
2026-03-17 21:00:00,25859.2,25863.3,25859.2,25862.3,76.0
2026-03-17 21:45:00,25862.4,25863.8,25845.3,25849.9,902.0
2026-03-17 22:30:00,25849.7,25853.1,25840.0,25848.2,1592.0
2026-03-17 23:15:00,25848.4,25857.0,25840.7,25844.8,1213.0
2026-03-18 00:00:00,25844.4,25871.5,25842.2,25871.0,2563.0
2026-03-18 00:45:00,25870.8,25989.3,25870.6,25913.8,4037.0
2026-03-18 01:30:00,25915.8,25941.7,25790.5,25818.7,9425.0
2026-03-18 02:15:00,25818.2,25896.9,25780.9,25816.1,8041.0
2026-03-18 03:00:00,25815.1,25831.0,25793.3,25823.4,5311.0
2026-03-18 03:45:00,25823.9,25837.3,25789.8,25803.6,1862.0
2026-03-18 04:30:00,25803.9,25968.6,25798.7,25881.5,4059.0
2026-03-18 05:15:00,25881.0,26057.2,25879.5,26006.6,8513.0
2026-03-18 06:00:00,26005.1,26086.5,25997.9,26072.9,6835.0
2026-03-18 06:45:00,26072.4,26100.2,26015.4,26027.0,5542.0
2026-03-18 07:30:00,26026.5,26026.5,25965.4,25995.8,4833.0
2026-03-18 08:15:00,25994.8,26001.4,25942.9,25956.7,3928.0
2026-03-18 09:00:00,25956.9,26037.6,25949.2,26031.7,3427.0
2026-03-18 09:45:00,26032.2,26045.3,25994.7,25996.7,1980.0
2026-03-18 10:30:00,25996.2,26007.5,25957.8,26002.3,2289.0
2026-03-18 11:15:00,26001.8,26016.1,25906.6,25960.7,4998.0
2026-03-18 12:00:00,25961.7,25966.2,25718.6,25731.8,6682.0
2026-03-18 12:45:00,25732.3,25742.0,25640.4,25704.2,7580.0
2026-03-18 13:30:00,25704.7,25754.4,25665.5,25665.5,9143.0
2026-03-18 14:15:00,25666.5,25686.2,25534.5,25603.0,7793.0
2026-03-18 15:00:00,25604.0,25659.2,25554.3,25565.2,6961.0
2026-03-18 15:45:00,25564.7,25594.7,25535.5,25585.2,5989.0
2026-03-18 16:30:00,25583.7,25601.2,25526.6,25542.6,5097.0
2026-03-18 17:15:00,25542.1,25575.9,25533.1,25554.1,4354.0
2026-03-18 18:00:00,25556.1,25583.1,25491.4,25499.0,7737.0
2026-03-18 18:45:00,25498.5,25500.9,25418.3,25430.4,5315.0
2026-03-18 19:30:00,25430.3,25457.6,25390.0,25393.8,4808.0
2026-03-18 20:15:00,25394.7,25395.6,25369.3,25381.4,3234.0
2026-03-18 21:00:00,25385.5,25401.4,25382.6,25401.3,296.0
2026-03-18 21:45:00,25401.9,25405.1,25370.2,25373.3,1920.0
2026-03-18 22:30:00,25373.1,25398.4,25361.2,25396.2,1646.0
2026-03-18 23:15:00,25396.3,25432.8,25394.6,25428.6,2208.0
2026-03-19 00:00:00,25429.2,25443.1,25391.5,25391.8,4342.0
2026-03-19 00:45:00,25392.0,25505.4,25387.9,25494.6,5334.0
2026-03-19 01:30:00,25491.6,25637.8,25446.3,25583.5,9962.0
2026-03-19 02:15:00,25581.9,25694.7,25553.0,25577.2,8308.0
2026-03-19 03:00:00,25577.7,25634.3,25542.5,25559.5,6438.0
2026-03-19 03:45:00,25561.0,25581.4,25521.4,25526.6,3411.0
2026-03-19 04:30:00,25526.4,25545.9,25494.4,25496.5,4240.0
2026-03-19 05:15:00,25497.0,25553.8,25409.3,25448.6,6709.0
2026-03-19 06:00:00,25449.1,25534.9,25434.1,25471.2,6768.0
2026-03-19 06:45:00,25471.7,25506.6,25443.8,25467.5,5685.0
2026-03-19 07:30:00,25468.0,25479.1,25398.2,25473.9,5515.0
2026-03-19 08:15:00,25473.4,25498.8,25410.1,25426.4,7070.0
2026-03-19 09:00:00,25427.3,25476.8,25352.9,25382.8,8171.0
2026-03-19 09:45:00,25382.3,25529.6,25368.5,25397.9,6338.0
2026-03-19 10:30:00,25397.4,25409.7,25349.5,25368.5,5148.0
2026-03-19 11:15:00,25368.0,25369.4,25315.0,25363.2,4586.0
2026-03-19 12:00:00,25363.7,25369.9,25226.7,25234.9,6633.0
2026-03-19 12:45:00,25234.4,25235.9,25117.0,25127.1,7680.0
2026-03-19 13:30:00,25124.6,25329.7,25081.3,25276.1,10198.0
2026-03-19 14:15:00,25275.6,25298.6,25205.6,25265.6,9384.0
2026-03-19 15:00:00,25265.1,25329.3,25182.5,25199.0,8546.0
2026-03-19 15:45:00,25199.5,25296.2,25183.5,25262.5,8880.0
2026-03-19 16:30:00,25263.0,25274.0,25158.3,25172.7,7541.0
2026-03-19 17:15:00,25173.2,25298.1,25166.1,25268.8,6138.0
2026-03-19 18:00:00,25268.3,25291.8,25222.4,25230.9,5007.0
2026-03-19 18:45:00,25230.4,25427.1,25220.5,25345.6,7210.0
2026-03-19 19:30:00,25345.5,25356.4,25302.4,25348.6,5821.0
2026-03-19 20:15:00,25348.0,25357.9,25345.7,25346.9,1889.0
2026-03-19 21:00:00,25345.0,25350.7,25345.0,25350.0,119.0
2026-03-19 21:45:00,25350.1,25364.6,25340.5,25363.5,1333.0
2026-03-19 22:30:00,25363.2,25377.0,25357.6,25367.2,1506.0
2026-03-19 23:15:00,25366.6,25386.0,25357.6,25378.9,1385.0
2026-03-20 00:00:00,25379.2,25391.5,25339.6,25342.6,3119.0
2026-03-20 00:45:00,25342.9,25375.2,25303.0,25339.4,4132.0
2026-03-20 01:30:00,25331.9,25515.2,25303.6,25344.3,10132.0
2026-03-20 02:15:00,25344.8,25408.3,25275.8,25323.9,8864.0
2026-03-20 03:00:00,25324.9,25409.2,25279.3,25315.9,7078.0
2026-03-20 03:45:00,25316.4,25328.4,25302.3,25307.7,2082.0
2026-03-20 04:30:00,25308.0,25345.5,25284.3,25317.7,3362.0
2026-03-20 05:15:00,25318.2,25333.4,25265.0,25280.9,6522.0
2026-03-20 06:00:00,25280.4,25347.4,25198.9,25210.6,5423.0
2026-03-20 06:45:00,25210.1,25275.3,25103.0,25260.7,6183.0
2026-03-20 07:30:00,25262.2,25281.0,25215.7,25272.0,5634.0
2026-03-20 08:15:00,25271.0,25274.1,25171.6,25175.9,5223.0
2026-03-20 09:00:00,25176.1,25221.6,25132.7,25200.0,6370.0
2026-03-20 09:45:00,25199.5,25202.8,25029.4,25066.3,7424.0
2026-03-20 10:30:00,25065.8,25174.9,25065.8,25157.3,6100.0
2026-03-20 11:15:00,25157.8,25177.2,25107.9,25134.2,5156.0
2026-03-20 12:00:00,25136.7,25171.2,25099.0,25121.1,5973.0
2026-03-20 12:45:00,25120.6,25164.6,25057.8,25080.9,5642.0
2026-03-20 13:30:00,25081.4,25104.6,24888.1,24907.7,9499.0
2026-03-20 14:15:00,24906.7,24948.3,24840.2,24869.2,9059.0
2026-03-20 15:00:00,24869.7,24964.4,24838.0,24869.7,8989.0
2026-03-20 15:45:00,24870.2,24900.2,24837.8,24839.1,7703.0
2026-03-20 16:30:00,24839.6,24857.7,24788.2,24831.3,7326.0
2026-03-20 17:15:00,24831.8,24841.3,24736.7,24800.3,6498.0
2026-03-20 18:00:00,24803.3,24810.8,24691.4,24718.0,6948.0
2026-03-20 18:45:00,24717.5,24728.6,24634.7,24650.2,4875.0
2026-03-20 19:30:00,24650.3,24735.9,24613.9,24733.1,6131.0
2026-03-20 20:15:00,24732.7,24759.7,24718.5,24752.3,2972.0
2026-03-22 22:00:00,24613.5,24705.9,24604.0,24670.0,6947.0
2026-03-22 22:45:00,24670.1,24704.4,24670.1,24678.1,4206.0
2026-03-22 23:30:00,24677.9,24757.8,24669.8,24749.1,5871.0
2026-03-23 00:15:00,24749.9,24761.2,24653.3,24672.4,6602.0
2026-03-23 01:00:00,24672.2,24752.7,24514.0,24570.7,9062.0
2026-03-23 01:45:00,24568.7,24654.0,24522.7,24551.7,10238.0
2026-03-23 02:30:00,24550.2,24550.2,24366.0,24382.2,8363.0
2026-03-23 03:15:00,24382.7,24437.9,24373.0,24376.4,6424.0
2026-03-23 04:00:00,24370.0,24389.7,24359.2,24379.7,3587.0
2026-03-23 04:45:00,24379.5,24463.7,24373.8,24391.8,6833.0
2026-03-23 05:30:00,24391.3,24419.7,24237.3,24257.2,8460.0
2026-03-23 06:15:00,24256.7,24293.7,24173.9,24224.9,8549.0
2026-03-23 07:00:00,24228.4,24370.2,24162.6,24369.7,8030.0
2026-03-23 07:45:00,24370.2,24397.8,24317.3,24336.7,7587.0
2026-03-23 08:30:00,24330.5,24372.6,24328.5,24353.4,8339.0
2026-03-23 09:15:00,24353.6,24424.8,24273.4,24295.0,7501.0
2026-03-23 10:00:00,24297.0,24344.7,24218.5,24249.1,7249.0
2026-03-23 10:45:00,24248.1,25128.8,24213.2,24903.3,10176.0
2026-03-23 11:30:00,24904.8,25031.3,24688.6,24741.9,11248.0
2026-03-23 12:15:00,24740.4,25049.2,24740.4,25031.6,10118.0
2026-03-23 13:00:00,25032.1,25055.0,24817.5,24925.8,10024.0
2026-03-23 13:45:00,24925.3,25144.3,24921.8,25112.6,9602.0
2026-03-23 14:30:00,25112.1,25212.9,25057.6,25164.7,8813.0
2026-03-23 15:15:00,25164.2,25170.0,24876.9,24880.2,8711.0
2026-03-23 16:00:00,24881.2,24949.0,24826.1,24947.5,9425.0
2026-03-23 16:45:00,24947.0,24964.1,24823.7,24903.9,7665.0
2026-03-23 17:30:00,24903.4,25018.5,24899.4,24978.7,7726.0
2026-03-23 18:15:00,24977.7,25073.5,24958.7,25002.5,6096.0
2026-03-23 19:00:00,24992.5,24997.0,24961.3,24974.8,3953.0
2026-03-23 19:45:00,24975.0,24986.0,24916.6,24944.6,4331.0
2026-03-23 20:30:00,24944.4,24955.1,24938.1,24944.3,1142.0
2026-03-23 21:00:00,24948.7,24951.4,24945.7,24948.7,84.0
2026-03-23 21:45:00,24948.9,24960.7,24928.6,24958.5,1902.0
2026-03-23 22:30:00,24957.9,24988.3,24948.6,24978.1,2356.0
2026-03-23 23:15:00,24978.8,24983.2,24941.5,24953.6,3100.0
2026-03-24 00:00:00,24953.3,24954.2,24809.1,24840.3,7476.0
2026-03-24 00:45:00,24840.5,24891.3,24712.9,24759.4,8022.0
2026-03-24 01:30:00,24757.9,24796.1,24522.6,24595.1,10977.0
2026-03-24 02:15:00,24592.6,24754.4,24557.4,24689.1,10138.0
2026-03-24 03:00:00,24688.1,24799.3,24661.1,24753.1,8206.0
2026-03-24 03:45:00,24749.6,24823.0,24742.2,24789.4,4164.0
2026-03-24 04:30:00,24789.7,24804.3,24640.6,24701.5,5275.0
2026-03-24 05:15:00,24703.0,24788.0,24658.9,24771.6,8408.0
2026-03-24 06:00:00,24772.6,24932.7,24759.3,24917.8,7564.0
2026-03-24 06:45:00,24918.3,25059.0,24913.3,25021.3,7428.0
2026-03-24 07:30:00,25021.8,25060.7,24954.2,25028.0,7139.0
2026-03-24 08:15:00,25027.0,25036.0,24913.8,24927.9,8002.0
2026-03-24 09:00:00,24928.7,24956.8,24831.6,24952.8,7729.0
2026-03-24 09:45:00,24952.3,24993.5,24909.0,24941.8,6310.0
2026-03-24 10:30:00,24941.3,24990.6,24912.0,24976.6,6086.0
2026-03-24 11:15:00,24977.1,24983.3,24848.8,24966.2,5816.0
2026-03-24 12:00:00,24967.2,24976.8,24821.5,24822.9,6054.0
2026-03-24 12:45:00,24823.4,24853.1,24757.7,24788.6,7450.0
2026-03-24 13:30:00,24786.1,24965.8,24762.0,24924.8,9475.0
2026-03-24 14:15:00,24923.8,25025.6,24861.5,24941.1,9515.0
2026-03-24 15:00:00,24942.1,25027.1,24925.3,24991.2,8903.0
2026-03-24 15:45:00,24990.7,25023.1,24911.0,25005.5,7542.0
2026-03-24 16:30:00,25006.0,25017.4,24863.7,24882.1,7531.0
2026-03-24 17:15:00,24882.6,24957.7,24861.2,24945.4,7865.0
2026-03-24 18:00:00,24943.4,25020.4,24905.0,24989.3,7587.0
2026-03-24 18:45:00,24988.8,24993.8,24943.3,24943.5,4597.0
2026-03-24 19:30:00,24943.4,24945.1,24908.2,24927.8,4099.0
2026-03-24 20:15:00,24928.2,25091.2,24921.3,25039.5,9089.0
2026-03-24 21:00:00,25041.1,25081.6,25039.6,25077.8,408.0
2026-03-24 21:45:00,25077.2,25102.4,25061.7,25073.6,2800.0
2026-03-24 22:30:00,25073.7,25108.9,25073.7,25103.6,2229.0
2026-03-24 23:15:00,25104.1,25133.4,25094.9,25104.0,2438.0
2026-03-25 00:00:00,25103.6,25148.0,25089.7,25137.3,5790.0
2026-03-25 00:45:00,25137.5,25312.4,25119.5,25284.4,5844.0
2026-03-25 01:30:00,25284.9,25374.9,25179.8,25286.8,10066.0
2026-03-25 02:15:00,25285.3,25304.0,25142.2,25159.5,8997.0
2026-03-25 03:00:00,25160.0,25170.6,25056.5,25078.3,7119.0
2026-03-25 03:45:00,25079.8,25107.5,25049.9,25104.8,3272.0
2026-03-25 04:30:00,25104.3,25109.8,25006.9,25083.0,4350.0
2026-03-25 05:15:00,25083.5,25362.5,25052.7,25177.8,9765.0
2026-03-25 06:00:00,25177.9,25186.9,25106.7,25136.2,8221.0
2026-03-25 06:45:00,25136.7,25238.1,25130.1,25223.8,6955.0
2026-03-25 07:30:00,25224.8,25347.4,25208.8,25342.7,6248.0
2026-03-25 08:15:00,25341.8,25389.7,25291.0,25299.1,6432.0
2026-03-25 09:00:00,25300.2,25362.5,25239.4,25246.2,5587.0
2026-03-25 09:45:00,25246.7,25324.9,25209.0,25270.8,5395.0
2026-03-25 10:30:00,25270.3,25332.8,25248.8,25316.4,4328.0
2026-03-25 11:15:00,25316.9,25346.5,25267.6,25322.5,4479.0
2026-03-25 12:00:00,25319.5,25374.4,25183.2,25235.6,7211.0
2026-03-25 12:45:00,25236.1,25302.6,25222.6,25256.9,5889.0
2026-03-25 13:30:00,25257.4,25321.8,25186.3,25308.2,9530.0
2026-03-25 14:15:00,25307.2,25341.7,25255.4,25289.2,7790.0
2026-03-25 15:00:00,25290.2,25304.0,25123.5,25256.4,8322.0
2026-03-25 15:45:00,25256.9,25316.3,25222.8,25304.3,7849.0
2026-03-25 16:30:00,25303.8,25316.4,25270.7,25297.5,6124.0
2026-03-25 17:15:00,25297.0,25338.9,25262.6,25294.7,5930.0
2026-03-25 18:00:00,25294.2,25324.4,25258.5,25261.2,4448.0
2026-03-25 18:45:00,25260.7,25278.1,25227.7,25256.8,3979.0
2026-03-25 19:30:00,25256.7,25278.8,25241.0,25266.7,3201.0
2026-03-25 20:15:00,25266.2,25272.1,25256.9,25266.4,1203.0
2026-03-25 21:00:00,25265.1,25268.8,25260.6,25261.9,233.0
2026-03-25 21:45:00,25261.8,25266.6,25240.0,25243.3,1347.0
2026-03-25 22:30:00,25243.6,25253.4,25237.1,25239.2,1735.0
2026-03-25 23:15:00,25238.8,25239.5,25208.3,25225.7,2215.0
2026-03-26 00:00:00,25226.1,25260.3,25221.6,25246.8,3007.0
2026-03-26 00:45:00,25246.6,25249.3,25180.4,25217.9,4848.0
2026-03-26 01:30:00,25218.4,25231.5,25029.1,25040.0,9722.0
2026-03-26 02:15:00,25041.0,25041.0,24918.6,24950.7,8029.0
2026-03-26 03:00:00,24950.2,24989.0,24893.2,24980.5,6957.0
2026-03-26 03:45:00,24980.0,24991.0,24938.8,24942.0,3081.0
2026-03-26 04:30:00,24941.7,24990.1,24864.2,24867.3,4279.0
2026-03-26 05:15:00,24867.8,24893.3,24790.0,24793.1,7332.0
2026-03-26 06:00:00,24792.6,24864.2,24786.4,24831.0,6678.0
2026-03-26 06:45:00,24832.0,24864.2,24776.9,24815.7,5596.0
2026-03-26 07:30:00,24814.7,24835.7,24780.0,24792.2,5098.0
2026-03-26 08:15:00,24791.7,24797.9,24750.7,24777.2,6358.0
2026-03-26 09:00:00,24777.4,24790.4,24690.0,24710.5,6172.0
2026-03-26 09:45:00,24711.0,24814.4,24696.7,24805.4,4903.0
2026-03-26 10:30:00,24805.9,24826.6,24746.0,24746.5,4394.0
2026-03-26 11:15:00,24747.0,24769.2,24674.8,24681.2,4274.0
2026-03-26 12:00:00,24682.7,24746.2,24647.1,24694.5,5267.0
2026-03-26 12:45:00,24695.0,24771.6,24694.5,24771.1,5431.0
2026-03-26 13:30:00,24770.6,24901.1,24756.1,24899.4,9341.0
2026-03-26 14:15:00,24898.9,24939.4,24789.8,24856.7,8546.0
2026-03-26 15:00:00,24857.7,24892.7,24795.6,24807.2,7708.0
2026-03-26 15:45:00,24807.7,24858.3,24745.5,24755.8,6822.0
2026-03-26 16:30:00,24755.3,24791.5,24744.4,24764.6,5990.0
2026-03-26 17:15:00,24764.1,24767.4,24696.1,24700.5,4791.0
2026-03-26 18:00:00,24700.0,24754.0,24691.1,24748.9,5088.0
2026-03-26 18:45:00,24748.4,24757.8,24698.7,24702.1,3477.0
2026-03-26 19:30:00,24702.2,24823.4,24654.3,24743.1,4488.0
2026-03-26 20:15:00,24742.9,24758.4,24695.3,24705.4,6951.0
2026-03-26 21:00:00,24712.1,24715.4,24703.0,24705.7,272.0
2026-03-26 21:45:00,24705.2,24730.4,24702.6,24721.2,2902.0
2026-03-26 22:30:00,24719.4,24739.1,24711.4,24725.6,3349.0
2026-03-26 23:15:00,24725.4,24751.6,24722.4,24746.8,2785.0
2026-03-27 00:00:00,24747.3,24766.0,24708.0,24712.4,5696.0
2026-03-27 00:45:00,24712.0,24810.9,24667.4,24749.1,5547.0
2026-03-27 01:30:00,24748.6,24911.3,24712.1,24845.9,10416.0
2026-03-27 02:15:00,24847.9,24944.5,24774.7,24866.5,9377.0
2026-03-27 03:00:00,24867.0,24987.9,24839.6,24967.2,7429.0
2026-03-27 03:45:00,24966.7,25002.4,24941.5,24987.7,3025.0
2026-03-27 04:30:00,24987.4,25083.7,24986.1,25065.5,4341.0
2026-03-27 05:15:00,25064.5,25103.3,25002.7,25002.7,6982.0
2026-03-27 06:00:00,25003.2,25070.4,24970.5,25027.9,6659.0
2026-03-27 06:45:00,25027.7,25033.2,24960.7,24975.6,5557.0
2026-03-27 07:30:00,24976.2,24993.3,24902.8,24911.9,5376.0
2026-03-27 08:15:00,24913.4,24913.8,24819.4,24821.4,6234.0
2026-03-27 09:00:00,24821.7,24870.2,24752.1,24834.9,6018.0
2026-03-27 09:45:00,24834.4,24847.2,24773.1,24794.2,5155.0
2026-03-27 10:30:00,24794.7,24806.8,24662.7,24692.3,4935.0
2026-03-27 11:15:00,24691.3,24756.4,24688.6,24722.3,3995.0
2026-03-27 12:00:00,24721.3,24745.9,24676.2,24731.9,5081.0
2026-03-27 12:45:00,24734.9,24756.5,24688.8,24747.2,6054.0
2026-03-27 13:30:00,24746.7,24801.7,24675.6,24730.9,8221.0
2026-03-27 14:15:00,24731.9,24782.1,24705.7,24759.9,6338.0
2026-03-27 15:00:00,24761.4,24842.3,24736.6,24793.7,7197.0
2026-03-27 15:45:00,24794.2,24809.9,24719.1,24731.6,4884.0
2026-03-27 16:30:00,24733.1,24783.8,24697.6,24716.9,4569.0
2026-03-27 17:15:00,24716.4,24722.9,24660.8,24662.3,2435.0
2026-03-27 18:00:00,24661.3,24698.8,24641.7,24669.6,2625.0
2026-03-27 18:45:00,24670.1,24677.2,24627.2,24640.6,3080.0
2026-03-27 19:30:00,24640.7,24670.2,24610.6,24626.2,5250.0
2026-03-27 20:15:00,24626.0,24627.1,24597.0,24608.1,3411.0
2026-03-29 22:00:00,24583.7,24591.0,24535.0,24551.4,5776.0
2026-03-29 22:45:00,24551.6,24580.8,24542.5,24548.2,4703.0
2026-03-29 23:30:00,24548.3,24550.7,24513.2,24533.7,7055.0
2026-03-30 00:15:00,24534.0,24597.2,24496.2,24518.8,8460.0
2026-03-30 01:00:00,24519.0,24649.3,24336.7,24615.1,8804.0
2026-03-30 01:45:00,24624.1,24624.1,24441.6,24474.0,9611.0
2026-03-30 02:30:00,24474.5,24687.7,24418.6,24650.2,8629.0
2026-03-30 03:15:00,24654.2,24738.1,24634.5,24715.5,6785.0
2026-03-30 04:00:00,24702.3,24733.3,24695.8,24717.6,3201.0
2026-03-30 04:45:00,24717.8,24802.0,24664.2,24705.7,6880.0
2026-03-30 05:30:00,24707.7,24727.8,24615.5,24679.4,7514.0
2026-03-30 06:15:00,24683.9,24835.7,24678.9,24771.2,6201.0
2026-03-30 07:00:00,24772.7,24776.2,24677.0,24720.7,5943.0
2026-03-30 07:45:00,24721.2,24793.3,24706.9,24770.0,5200.0
2026-03-30 08:30:00,24758.3,24789.0,24755.9,24771.2,4642.0
2026-03-30 09:15:00,24771.0,24783.1,24722.0,24760.4,4082.0
2026-03-30 10:00:00,24760.9,24772.7,24735.9,24746.9,3851.0
2026-03-30 10:45:00,24746.4,24901.5,24743.4,24826.3,3913.0
2026-03-30 11:30:00,24827.3,24841.3,24769.5,24782.9,5672.0
2026-03-30 12:15:00,24783.4,24861.5,24770.2,24848.3,3630.0
2026-03-30 13:00:00,24847.8,24866.3,24763.3,24776.7,5929.0
2026-03-30 13:45:00,24777.2,24786.2,24703.1,24753.4,8125.0
2026-03-30 14:30:00,24753.9,24889.2,24732.9,24801.9,8292.0
2026-03-30 15:15:00,24802.4,24905.4,24782.1,24856.8,7122.0
2026-03-30 16:00:00,24857.3,24862.3,24792.4,24809.2,5671.0
2026-03-30 16:45:00,24809.7,24816.6,24727.2,24730.9,5673.0
2026-03-30 17:30:00,24730.4,24787.3,24711.3,24753.4,5465.0
2026-03-30 18:15:00,24752.9,24770.2,24708.0,24708.0,4154.0
2026-03-30 19:00:00,24708.1,24710.5,24660.2,24696.0,4834.0
2026-03-30 19:45:00,24695.9,24720.7,24677.3,24701.0,4156.0
2026-03-30 20:30:00,24700.5,24704.3,24693.4,24704.3,714.0
2026-03-30 21:00:00,24702.8,24703.8,24697.7,24703.8,92.0
2026-03-30 21:45:00,24703.7,24723.7,24701.5,24712.7,1882.0
2026-03-30 22:30:00,24712.9,24714.2,24668.9,24676.7,3150.0
2026-03-30 23:15:00,24676.5,24689.8,24666.6,24681.3,3960.0
2026-03-31 00:00:00,24681.5,24732.4,24638.3,24731.2,7712.0
2026-03-31 00:45:00,24731.6,24874.3,24701.7,24824.1,9247.0
2026-03-31 01:30:00,24815.6,24991.8,24744.5,24840.2,10633.0
2026-03-31 02:15:00,24841.2,24889.0,24682.2,24684.4,9494.0
2026-03-31 03:00:00,24684.9,24727.9,24631.7,24640.7,7954.0
2026-03-31 03:45:00,24641.2,24648.2,24608.1,24611.2,4512.0
2026-03-31 04:30:00,24611.4,24664.5,24568.4,24569.9,5772.0
2026-03-31 05:15:00,24570.9,24744.1,24544.2,24685.7,8250.0
2026-03-31 06:00:00,24685.2,24692.7,24617.9,24638.5,7522.0
2026-03-31 06:45:00,24639.0,24747.3,24630.8,24723.7,6883.0
2026-03-31 07:30:00,24722.2,24795.3,24698.8,24743.3,5820.0
2026-03-31 08:15:00,24742.8,24774.8,24721.9,24732.7,5451.0
2026-03-31 09:00:00,24732.9,24780.8,24713.0,24742.3,5220.0
2026-03-31 09:45:00,24741.8,24766.5,24718.3,24753.8,4408.0
2026-03-31 10:30:00,24753.3,24838.8,24663.6,24786.0,5438.0
2026-03-31 11:15:00,24788.0,24853.2,24770.7,24819.4,7358.0
2026-03-31 12:00:00,24819.9,24887.1,24777.2,24881.0,6643.0
2026-03-31 12:45:00,24880.5,24890.0,24825.5,24862.2,4882.0
2026-03-31 13:30:00,24859.2,24983.5,24805.8,24980.9,8250.0
2026-03-31 14:15:00,24980.4,25053.8,24859.3,24885.0,8554.0
2026-03-31 15:00:00,24884.5,25018.9,24884.0,24933.6,8329.0
2026-03-31 15:45:00,24933.1,24960.1,24885.0,24932.5,6932.0
2026-03-31 16:30:00,24933.5,25214.7,24926.5,25155.2,9640.0
2026-03-31 17:15:00,25156.2,25213.1,25145.7,25156.5,8394.0
2026-03-31 18:00:00,25156.0,25199.5,25140.1,25183.8,6583.0
2026-03-31 18:45:00,25184.8,25210.2,25169.5,25194.3,4233.0
2026-03-31 19:30:00,25194.5,25284.8,25194.0,25275.9,5942.0
2026-03-31 20:15:00,25274.0,25287.7,25254.2,25260.0,2048.0
2026-03-31 21:00:00,25260.1,25262.8,25258.1,25259.7,180.0
2026-03-31 21:45:00,25259.9,25277.1,25248.3,25272.4,2858.0
2026-03-31 22:30:00,25272.6,25274.0,25244.4,25248.5,2438.0
2026-03-31 23:15:00,25248.3,25286.9,25245.7,25281.8,2883.0
2026-04-01 00:00:00,25281.2,25285.7,25218.9,25249.2,5493.0
2026-04-01 00:45:00,25249.0,25407.4,25232.2,25407.2,6677.0
2026-04-01 01:30:00,25406.7,25408.6,25238.7,25301.5,9900.0
2026-04-01 02:15:00,25302.0,25344.1,25205.1,25309.2,8313.0
2026-04-01 03:00:00,25312.2,25354.8,25289.9,25304.7,6208.0
2026-04-01 03:45:00,25305.7,25312.5,25260.6,25273.0,1996.0
2026-04-01 04:30:00,25272.6,25320.5,25245.3,25318.5,3648.0
2026-04-01 05:15:00,25319.0,25374.8,25266.7,25270.3,6899.0
2026-04-01 06:00:00,25271.8,25432.8,25270.8,25383.4,6573.0
2026-04-01 06:45:00,25382.9,25405.8,25330.2,25368.2,6307.0
2026-04-01 07:30:00,25366.7,25372.0,25219.4,25230.7,6391.0
2026-04-01 08:15:00,25231.2,25295.6,25223.7,25268.2,5622.0
2026-04-01 09:00:00,25268.4,25277.7,25201.1,25241.5,5409.0
2026-04-01 09:45:00,25242.0,25287.3,25241.5,25274.7,4831.0
2026-04-01 10:30:00,25275.2,25334.4,25260.5,25331.4,3725.0
2026-04-01 11:15:00,25331.9,25355.6,25302.4,25338.1,3507.0
2026-04-01 12:00:00,25338.6,25405.1,25263.5,25365.1,4136.0
2026-04-01 12:45:00,25352.1,25379.6,25228.7,25305.4,7212.0
2026-04-01 13:30:00,25306.4,25435.3,25285.9,25319.0,9208.0
2026-04-01 14:15:00,25318.5,25408.1,25293.0,25402.3,7962.0
2026-04-01 15:00:00,25404.8,25431.3,25348.6,25418.2,6278.0
2026-04-01 15:45:00,25418.7,25456.7,25377.4,25383.1,4930.0
2026-04-01 16:30:00,25383.6,25469.6,25378.4,25461.8,3756.0
2026-04-01 17:15:00,25461.3,25462.8,25381.8,25390.8,3629.0
2026-04-01 18:00:00,25391.8,25394.3,25267.9,25308.1,6620.0
2026-04-01 18:45:00,25309.1,25329.4,25284.0,25329.2,4351.0
2026-04-01 19:30:00,25329.1,25349.4,25306.0,25324.4,4330.0
2026-04-01 20:15:00,25323.9,25325.9,25312.8,25318.0,1098.0
2026-04-01 21:00:00,25322.7,25325.6,25320.8,25322.8,100.0
2026-04-01 21:45:00,25322.7,25329.0,25311.4,25321.3,1691.0
2026-04-01 22:30:00,25320.8,25323.5,25303.2,25321.7,2173.0
2026-04-01 23:15:00,25321.8,25322.7,25302.7,25311.9,2045.0
2026-04-02 00:00:00,25310.8,25338.0,25300.0,25336.9,5728.0
2026-04-02 00:45:00,25336.6,25352.2,25120.1,25162.1,8709.0
2026-04-02 01:30:00,25160.6,25224.4,25001.0,25033.1,10576.0
2026-04-02 02:15:00,25032.6,25075.9,24985.2,25021.9,8648.0
2026-04-02 03:00:00,25020.4,25066.1,24985.7,25006.3,6430.0
2026-04-02 03:45:00,25006.8,25016.2,24966.1,24968.9,4446.0
2026-04-02 04:30:00,24968.8,24986.5,24910.1,24915.2,4612.0
2026-04-02 05:15:00,24915.7,24960.6,24890.0,24891.8,6458.0
2026-04-02 06:00:00,24894.3,24981.7,24890.9,24958.7,6258.0
2026-04-02 06:45:00,24956.7,25081.7,24942.5,25080.4,5217.0
2026-04-02 07:30:00,25079.9,25092.3,25023.5,25074.6,4934.0
2026-04-02 08:15:00,25074.1,25077.5,25046.1,25049.4,4088.0
2026-04-02 09:00:00,25050.3,25080.7,25035.9,25051.4,3463.0
2026-04-02 09:45:00,25050.9,25070.3,24986.3,24993.5,3673.0
2026-04-02 10:30:00,24994.0,25013.5,24983.1,24994.3,4124.0
2026-04-02 11:15:00,24993.8,24994.8,24931.1,24931.1,3511.0
2026-04-02 12:00:00,24932.1,24995.0,24911.3,24974.2,4478.0
2026-04-02 12:45:00,24975.2,25002.3,24917.0,24942.2,5693.0
2026-04-02 13:30:00,24942.7,25068.9,24904.7,25059.5,8725.0
2026-04-02 14:15:00,25060.0,25295.8,25053.2,25255.7,9150.0
2026-04-02 15:00:00,25256.7,25256.7,25133.0,25175.2,8714.0
2026-04-02 15:45:00,25175.7,25176.7,25102.5,25131.7,7306.0
2026-04-02 16:30:00,25131.2,25203.2,25124.3,25198.4,5962.0
2026-04-02 17:15:00,25199.4,25230.1,25140.0,25161.8,5530.0
2026-04-02 18:00:00,25161.3,25212.4,25161.3,25207.6,4807.0
2026-04-02 18:45:00,25208.1,25237.6,25203.6,25222.4,3108.0
2026-04-02 19:30:00,25222.2,25258.9,25209.7,25250.8,3648.0
2026-04-02 20:15:00,25251.1,25259.1,25244.4,25249.1,1404.0
2026-04-02 21:00:00,25247.6,25255.0,25247.5,25249.7,463.0
2026-04-02 21:45:00,25249.6,25249.8,25233.1,25245.0,1187.0
2026-04-02 22:30:00,25244.8,25250.4,25239.3,25239.7,1058.0
2026-04-02 23:15:00,25240.0,25251.1,25240.0,25248.9,1027.0
2026-04-03 00:00:00,25249.1,25265.7,25243.2,25248.6,3101.0
2026-04-03 00:45:00,25248.3,25249.7,25239.8,25244.3,1530.0
2026-04-03 01:30:00,25244.5,25245.2,25194.8,25202.5,1185.0
2026-04-03 02:15:00,25202.3,25202.9,25151.0,25162.7,2082.0
2026-04-03 03:00:00,25162.9,25169.3,25148.5,25149.1,1254.0
2026-04-03 03:45:00,25149.2,25164.9,25148.3,25160.6,969.0
2026-04-03 04:30:00,25160.7,25167.0,25151.1,25162.8,1114.0
2026-04-03 05:15:00,25163.3,25195.4,25152.6,25189.1,1137.0
2026-04-03 06:00:00,25189.0,25190.2,25170.3,25171.9,1222.0
2026-04-03 06:45:00,25171.7,25177.6,25129.0,25151.0,1407.0
2026-04-03 07:30:00,25151.5,25157.9,25148.8,25150.7,1117.0
2026-04-03 08:15:00,25151.1,25152.2,25143.3,25148.1,773.0
2026-04-03 09:00:00,25147.8,25148.9,25137.9,25144.7,926.0
2026-04-03 09:45:00,25144.9,25146.4,25137.7,25139.7,763.0
2026-04-03 10:30:00,25139.6,25146.8,25131.1,25141.8,922.0
2026-04-03 11:15:00,25141.4,25156.1,25139.6,25148.0,1345.0
2026-04-03 12:00:00,25148.2,25200.1,25131.4,25150.9,3790.0
2026-04-03 12:45:00,25151.1,25158.4,25131.7,25141.1,2238.0
2026-04-05 22:00:00,25104.0,25104.7,25063.5,25098.0,6017.0
2026-04-05 22:45:00,25097.7,25107.2,25086.0,25092.6,5163.0
2026-04-05 23:30:00,25093.1,25137.3,25092.2,25135.7,3906.0
2026-04-06 00:15:00,25136.0,25158.7,25125.0,25155.1,4255.0
2026-04-06 01:00:00,25155.0,25204.1,25154.9,25166.4,3061.0
2026-04-06 01:45:00,25166.9,25192.8,25148.5,25190.2,4642.0
2026-04-06 02:30:00,25190.5,25193.5,25137.0,25138.9,4049.0
2026-04-06 03:15:00,25139.1,25146.2,25111.4,25142.8,4054.0
2026-04-06 04:00:00,25142.4,25163.3,25139.9,25161.3,2715.0
2026-04-06 04:45:00,25161.7,25168.7,25158.3,25159.2,2191.0
2026-04-06 05:30:00,25159.4,25177.1,25145.6,25174.5,3216.0
2026-04-06 06:15:00,25175.4,25182.3,25147.7,25166.8,3747.0
2026-04-06 07:00:00,25168.4,25183.6,25144.5,25178.4,4103.0
2026-04-06 07:45:00,25178.1,25217.6,25177.2,25213.6,4821.0
2026-04-06 08:30:00,25213.2,25234.9,25210.5,25225.0,3306.0
2026-04-06 09:15:00,25225.5,25232.0,25200.6,25205.0,3137.0
2026-04-06 10:00:00,25205.8,25215.6,25195.4,25207.8,2917.0
2026-04-06 10:45:00,25208.3,25208.8,25172.0,25189.7,4702.0
2026-04-06 11:30:00,25189.9,25196.4,25182.0,25186.6,2817.0
2026-04-06 12:15:00,25186.9,25205.5,25179.7,25194.2,2971.0
2026-04-06 13:00:00,25195.2,25287.2,25170.9,25281.8,5059.0
2026-04-06 13:45:00,25281.9,25344.3,25237.9,25291.7,6985.0
2026-04-06 14:30:00,25291.6,25309.8,25213.7,25223.6,5926.0
2026-04-06 15:15:00,25223.5,25236.0,25191.0,25220.3,4048.0
2026-04-06 16:00:00,25220.4,25233.1,25215.5,25221.0,2630.0
2026-04-06 16:45:00,25221.1,25221.5,25143.3,25201.9,4249.0
2026-04-06 17:30:00,25202.0,25242.9,25172.8,25231.9,4391.0
2026-04-06 18:15:00,25231.7,25256.1,25231.5,25247.7,3196.0
2026-04-06 19:00:00,25247.8,25251.8,25219.3,25229.5,1758.0
2026-04-06 19:45:00,25229.3,25250.7,25227.0,25234.9,2358.0
2026-04-06 20:30:00,25235.4,25243.5,25230.2,25234.1,580.0
2026-04-06 21:00:00,25233.9,25252.9,25233.9,25250.4,118.0
2026-04-06 21:45:00,25250.6,25264.6,25231.1,25239.2,2350.0
2026-04-06 22:30:00,25239.3,25241.8,25227.0,25241.8,1874.0
2026-04-06 23:15:00,25242.1,25243.7,25225.4,25226.6,1384.0
2026-04-07 00:00:00,25226.9,25263.1,25219.3,25234.8,5162.0
2026-04-07 00:45:00,25235.0,25246.2,25215.8,25234.8,4555.0
2026-04-07 01:30:00,25234.4,25236.2,25155.3,25165.7,5744.0
2026-04-07 02:15:00,25165.9,25188.0,25161.6,25182.1,3635.0
2026-04-07 03:00:00,25182.3,25191.7,25175.1,25188.5,2887.0
2026-04-07 03:45:00,25188.0,25208.6,25175.3,25200.4,2665.0
2026-04-07 04:30:00,25200.6,25211.1,25198.6,25205.1,2677.0
2026-04-07 05:15:00,25204.9,25209.1,25165.7,25178.0,3358.0
2026-04-07 06:00:00,25178.3,25188.8,25169.2,25179.9,3957.0
2026-04-07 06:45:00,25179.7,25202.0,25172.5,25183.3,4898.0
2026-04-07 07:30:00,25183.1,25249.3,25181.6,25233.1,5700.0
2026-04-07 08:15:00,25233.3,25259.8,25208.4,25245.4,7168.0
2026-04-07 09:00:00,25245.9,25272.7,25242.4,25255.2,5446.0
2026-04-07 09:45:00,25255.3,25263.7,25208.1,25229.6,6107.0
2026-04-07 10:30:00,25229.8,25232.7,25145.1,25166.5,8013.0
2026-04-07 11:15:00,25167.1,25182.7,25141.2,25157.5,6118.0
2026-04-07 12:00:00,25158.8,25180.2,25122.2,25164.7,7218.0
2026-04-07 12:45:00,25164.6,25201.2,25147.7,25173.8,6316.0
2026-04-07 13:30:00,25173.4,25190.6,25053.8,25068.9,8109.0
2026-04-07 14:15:00,25069.0,25128.2,25034.1,25036.4,6835.0
2026-04-07 15:00:00,25036.5,25054.2,24987.7,25009.0,6375.0
2026-04-07 15:45:00,25008.9,25089.9,24997.1,25057.0,6027.0
2026-04-07 16:30:00,25056.9,25093.0,25045.8,25084.1,4716.0
2026-04-07 17:15:00,25084.2,25139.7,25060.3,25100.7,4625.0
2026-04-07 18:00:00,25100.6,25111.1,25070.2,25076.7,3713.0
2026-04-07 18:45:00,25076.6,25178.8,25033.9,25130.2,5901.0
2026-04-07 19:30:00,25130.1,25261.1,25110.4,25256.3,6807.0
2026-04-07 20:15:00,25257.5,25281.4,25237.7,25259.5,4053.0
2026-04-07 21:00:00,25267.5,25280.1,25260.2,25279.9,736.0
2026-04-07 21:45:00,25279.7,25399.2,25274.4,25366.8,5177.0
2026-04-07 22:30:00,25367.3,25650.6,25244.6,25621.3,9029.0
2026-04-07 23:15:00,25621.1,25689.9,25595.7,25608.2,7536.0
2026-04-08 00:00:00,25607.2,25621.0,25567.2,25596.1,7814.0
2026-04-08 00:45:00,25596.3,26090.9,25594.0,25908.3,7227.0
2026-04-08 01:30:00,25910.3,25910.3,25726.5,25758.8,10843.0
2026-04-08 02:15:00,25757.3,25852.3,25679.7,25814.9,8831.0
2026-04-08 03:00:00,25813.9,25831.7,25725.5,25827.8,7636.0
2026-04-08 03:45:00,25828.3,25878.7,25822.3,25853.9,3637.0
2026-04-08 04:30:00,25854.1,25928.1,25830.6,25873.4,4460.0
2026-04-08 05:15:00,25872.4,25930.9,25856.4,25885.2,7973.0
2026-04-08 06:00:00,25886.2,25954.6,25856.2,25933.6,6650.0
2026-04-08 06:45:00,25934.1,25957.2,25821.9,25882.9,7024.0
2026-04-08 07:30:00,25883.4,25922.3,25811.0,25899.2,6496.0
2026-04-08 08:15:00,25899.7,25949.7,25890.0,25947.0,5303.0
2026-04-08 09:00:00,25947.2,25995.7,25893.3,25898.3,4585.0
2026-04-08 09:45:00,25899.8,25962.7,25891.5,25924.5,4905.0
2026-04-08 10:30:00,25925.0,25961.5,25912.6,25935.8,3435.0
2026-04-08 11:15:00,25936.8,26007.1,25925.1,25986.7,5427.0
2026-04-08 12:00:00,25987.2,26064.8,25944.0,26052.6,6670.0
2026-04-08 12:45:00,26052.1,26066.6,26000.8,26027.4,5518.0
2026-04-08 13:30:00,26030.9,26071.4,25876.8,25935.8,9380.0
2026-04-08 14:15:00,25936.3,25949.8,25803.1,25849.6,8584.0
2026-04-08 15:00:00,25850.1,25914.2,25827.7,25906.4,7001.0
2026-04-08 15:45:00,25906.9,25947.6,25903.4,25919.9,5023.0
2026-04-08 16:30:00,25921.4,25980.9,25910.5,25971.5,3523.0
2026-04-08 17:15:00,25971.0,25976.5,25891.8,25937.9,5127.0
2026-04-08 18:00:00,25936.4,25976.7,25859.7,25865.8,6017.0
2026-04-08 18:45:00,25864.8,25886.6,25821.3,25837.0,4537.0
2026-04-08 19:30:00,25836.9,25891.1,25835.7,25876.8,3984.0
2026-04-08 20:15:00,25876.5,25883.5,25863.8,25869.0,1140.0
2026-04-08 21:00:00,25871.3,25871.3,25864.7,25868.2,154.0
2026-04-08 21:45:00,25868.3,25882.5,25859.2,25861.8,1988.0
2026-04-08 22:30:00,25862.4,25875.5,25857.8,25867.2,1701.0
2026-04-08 23:15:00,25867.4,25871.0,25854.2,25854.6,1796.0
2026-04-09 00:00:00,25855.1,25858.8,25841.8,25848.4,4309.0
2026-04-09 00:45:00,25848.6,25850.1,25718.1,25724.9,4598.0
2026-04-09 01:30:00,25722.9,25771.7,25651.3,25754.7,9275.0
2026-04-09 02:15:00,25755.2,25848.2,25718.8,25812.6,7678.0
2026-04-09 03:00:00,25813.6,25842.4,25768.6,25805.8,6059.0
2026-04-09 03:45:00,25805.3,25822.5,25773.9,25777.1,2293.0
2026-04-09 04:30:00,25777.3,25834.7,25759.3,25777.0,3468.0
2026-04-09 05:15:00,25776.5,25862.3,25757.3,25796.1,6493.0
2026-04-09 06:00:00,25795.6,25835.6,25780.7,25802.6,5917.0
2026-04-09 06:45:00,25802.1,25824.5,25720.3,25730.6,5762.0
2026-04-09 07:30:00,25732.6,25744.0,25691.9,25717.2,5017.0
2026-04-09 08:15:00,25717.7,25727.0,25696.4,25705.8,3458.0
2026-04-09 09:00:00,25705.6,25737.4,25682.6,25697.1,3294.0
2026-04-09 09:45:00,25697.6,25725.3,25684.5,25710.3,3570.0
2026-04-09 10:30:00,25709.8,25722.9,25659.9,25675.3,3640.0
2026-04-09 11:15:00,25674.8,25750.3,25671.9,25739.1,3694.0
2026-04-09 12:00:00,25738.6,25748.3,25695.2,25718.7,3888.0
2026-04-09 12:45:00,25719.2,25741.6,25692.8,25725.9,4400.0
2026-04-09 13:30:00,25725.4,25799.4,25705.5,25729.8,8205.0
2026-04-09 14:15:00,25729.3,25730.3,25637.3,25684.5,6789.0
2026-04-09 15:00:00,25684.0,25847.8,25648.6,25832.2,7671.0
2026-04-09 15:45:00,25831.7,25921.8,25820.1,25902.1,6646.0
2026-04-09 16:30:00,25902.6,25919.4,25865.4,25914.0,4751.0
2026-04-09 17:15:00,25912.5,25946.5,25900.6,25924.6,4078.0
2026-04-09 18:00:00,25925.1,25926.3,25849.7,25875.5,6017.0
2026-04-09 18:45:00,25876.0,25909.4,25874.5,25901.7,2984.0
2026-04-09 19:30:00,25901.6,25929.9,25901.0,25907.9,3269.0
2026-04-09 20:15:00,25908.3,25917.2,25903.8,25912.0,1060.0
2026-04-09 21:00:00,25911.6,25912.6,25878.9,25900.2,330.0
2026-04-09 21:45:00,25903.0,25917.2,25900.4,25904.7,1405.0
2026-04-09 22:30:00,25904.5,25911.0,25888.8,25894.9,1793.0
2026-04-09 23:15:00,25894.7,25904.7,25892.7,25900.5,1184.0
2026-04-10 00:00:00,25900.8,25910.0,25889.7,25903.8,2748.0
2026-04-10 00:45:00,25903.5,25950.9,25869.7,25917.7,3066.0
2026-04-10 01:30:00,25910.2,26079.9,25854.5,25989.4,9781.0
2026-04-10 02:15:00,25988.9,26010.1,25899.0,25911.8,8006.0
2026-04-10 03:00:00,25911.3,25946.3,25885.0,25928.4,5458.0
2026-04-10 03:45:00,25927.1,25931.3,25900.1,25902.3,1908.0
2026-04-10 04:30:00,25902.8,25942.7,25893.5,25917.4,3365.0
2026-04-10 05:15:00,25917.9,25981.1,25877.7,25981.1,6601.0
2026-04-10 06:00:00,25981.6,25994.6,25873.7,25895.3,6197.0
2026-04-10 06:45:00,25896.3,25936.7,25865.8,25928.7,5005.0
2026-04-10 07:30:00,25929.2,25932.9,25855.2,25906.0,4200.0
2026-04-10 08:15:00,25905.5,25918.4,25876.2,25881.3,2571.0
2026-04-10 09:00:00,25881.6,25982.4,25881.6,25916.3,3711.0
2026-04-10 09:45:00,25916.8,25973.1,25911.3,25960.8,3317.0
2026-04-10 10:30:00,25961.3,25974.2,25947.6,25964.6,2922.0
2026-04-10 11:15:00,25964.1,25982.2,25955.3,25962.7,2538.0
2026-04-10 12:00:00,25963.2,26032.1,25958.9,26009.4,3963.0
2026-04-10 12:45:00,26009.9,26035.3,25981.2,26032.0,3996.0
2026-04-10 13:30:00,26032.5,26049.7,25968.0,26049.7,6838.0
2026-04-10 14:15:00,26048.2,26061.4,25947.0,25971.7,6268.0
2026-04-10 15:00:00,25969.2,26019.6,25920.6,25939.8,5800.0
2026-04-10 15:45:00,25939.3,25947.5,25907.3,25928.3,4984.0
2026-04-10 16:30:00,25928.8,25951.5,25887.5,25941.3,4506.0
2026-04-10 17:15:00,25941.8,25952.5,25913.2,25944.1,3229.0
2026-04-10 18:00:00,25943.6,25965.7,25917.2,25948.9,3391.0
2026-04-10 18:45:00,25947.9,25955.9,25925.0,25928.9,1666.0
2026-04-10 19:30:00,25928.8,25928.9,25905.6,25924.9,2789.0
2026-04-10 20:15:00,25924.5,25940.8,25922.2,25940.0,1202.0
2026-04-12 22:00:00,25788.8,25790.5,25708.8,25730.6,5568.0
2026-04-12 22:45:00,25730.8,25736.7,25709.5,25711.8,2282.0
2026-04-12 23:30:00,25712.0,25740.8,25626.6,25738.0,3442.0
2026-04-13 00:15:00,25738.1,25755.4,25724.8,25752.9,3504.0
2026-04-13 01:00:00,25753.1,25761.8,25552.6,25552.6,6564.0
2026-04-13 01:45:00,25551.6,25654.5,25531.9,25600.7,8573.0
2026-04-13 02:30:00,25601.2,25618.6,25520.8,25521.3,6882.0
2026-04-13 03:15:00,25520.8,25600.7,25517.0,25589.3,4480.0
2026-04-13 04:00:00,25588.8,25592.1,25576.4,25586.7,1385.0
2026-04-13 04:45:00,25586.2,25647.3,25565.5,25610.5,4942.0
2026-04-13 05:30:00,25611.2,25626.4,25579.3,25592.3,5390.0
2026-04-13 06:15:00,25592.8,25630.3,25575.7,25611.9,4622.0
2026-04-13 07:00:00,25613.4,25646.0,25600.5,25644.1,4503.0
2026-04-13 07:45:00,25644.6,25683.0,25630.8,25655.6,3504.0
2026-04-13 08:30:00,25637.0,25639.4,25619.0,25631.4,3022.0
2026-04-13 09:15:00,25631.2,25669.0,25627.6,25638.4,2419.0
2026-04-13 10:00:00,25639.4,25647.9,25619.3,25625.2,1931.0
2026-04-13 10:45:00,25624.7,25678.6,25618.5,25623.2,2891.0
2026-04-13 11:30:00,25622.7,25631.1,25564.9,25593.3,3763.0
2026-04-13 12:15:00,25593.8,25631.2,25580.5,25622.7,3195.0
2026-04-13 13:00:00,25623.2,25676.2,25614.4,25658.8,4411.0
2026-04-13 13:45:00,25659.3,25749.8,25639.2,25719.5,7583.0
2026-04-13 14:30:00,25720.0,25771.5,25712.5,25765.1,5287.0
2026-04-13 15:15:00,25765.6,25786.2,25738.0,25776.6,4557.0
2026-04-13 16:00:00,25777.1,25853.5,25761.3,25834.0,6000.0
2026-04-13 16:45:00,25833.5,25897.1,25829.5,25888.3,3684.0
2026-04-13 17:30:00,25888.8,25907.8,25870.5,25901.2,2438.0
2026-04-13 18:15:00,25900.7,25926.6,25875.5,25918.4,2430.0
2026-04-13 19:00:00,25900.3,25937.7,25898.9,25921.4,1784.0
2026-04-13 19:45:00,25921.3,25955.4,25897.6,25948.3,3387.0
2026-04-13 20:30:00,25948.6,25959.4,25948.2,25951.5,901.0
2026-04-13 21:00:00,25951.1,25955.0,25949.8,25953.5,130.0
2026-04-13 21:45:00,25953.6,25963.9,25950.3,25956.3,1031.0
2026-04-13 22:30:00,25955.9,25968.8,25955.6,25963.4,1221.0
2026-04-13 23:15:00,25963.5,25974.8,25921.8,25921.8,1100.0
2026-04-14 00:00:00,25921.4,25944.1,25917.8,25938.2,1920.0
2026-04-14 00:45:00,25937.9,25987.3,25915.2,25934.8,2878.0
2026-04-14 01:30:00,25929.3,26020.2,25871.1,25925.6,9205.0
2026-04-14 02:15:00,25925.1,25949.5,25806.7,25812.8,7368.0
2026-04-14 03:00:00,25813.8,25831.5,25766.9,25780.3,4958.0
2026-04-14 03:45:00,25780.8,25785.7,25764.7,25766.7,1209.0
2026-04-14 04:30:00,25766.9,25806.5,25740.0,25750.0,2450.0
2026-04-14 05:15:00,25750.5,25758.8,25683.9,25754.3,5565.0
2026-04-14 06:00:00,25754.8,25865.0,25748.1,25863.0,5527.0
2026-04-14 06:45:00,25862.5,25960.3,25861.6,25906.7,6446.0
2026-04-14 07:30:00,25905.2,25914.4,25898.2,25908.4,518.0
2026-04-14 08:15:00,25883.1,25910.4,25882.1,25904.7,1937.0
2026-04-14 09:00:00,25905.1,25931.6,25886.8,25895.6,2717.0
2026-04-14 09:45:00,25897.1,25918.8,25882.7,25911.2,2050.0
2026-04-14 10:30:00,25910.7,25915.7,25877.8,25906.5,2237.0
2026-04-14 11:15:00,25907.0,26000.6,25905.5,25973.9,2229.0
2026-04-14 12:00:00,25974.9,25984.4,25917.0,25937.5,3950.0
2026-04-14 12:45:00,25938.5,25999.0,25926.5,25982.8,3049.0
2026-04-14 13:30:00,25983.3,26120.6,25976.0,26104.4,6958.0
2026-04-14 14:15:00,26103.9,26191.1,26093.9,26177.4,4467.0
2026-04-14 15:00:00,26177.9,26185.0,26131.2,26169.8,4927.0
2026-04-14 15:45:00,26170.3,26192.0,26156.8,26188.2,3161.0
2026-04-14 16:30:00,26188.7,26189.7,26139.1,26160.5,2752.0
2026-04-14 17:15:00,26160.0,26175.7,26143.6,26151.6,2233.0
2026-04-14 18:00:00,26152.1,26178.5,26124.4,26147.6,3410.0
2026-04-14 18:45:00,26147.1,26205.2,26139.0,26199.4,2031.0
2026-04-14 19:30:00,26199.1,26208.4,26177.2,26197.1,3307.0
2026-04-14 20:15:00,26196.6,26205.6,26195.3,26200.6,1004.0
2026-04-14 21:00:00,26202.2,26205.1,26201.5,26201.8,146.0
2026-04-14 21:45:00,26202.2,26211.5,26196.1,26207.5,1327.0
2026-04-14 22:30:00,26207.3,26210.5,26201.2,26205.6,621.0
2026-04-14 23:15:00,26205.4,26219.6,26205.2,26207.7,1744.0
2026-04-15 00:00:00,26207.1,26209.0,26165.9,26166.0,1850.0
2026-04-15 00:45:00,26166.3,26214.8,26165.6,26193.1,2420.0
2026-04-15 01:30:00,26181.1,26238.0,26104.9,26194.6,9118.0
2026-04-15 02:15:00,26195.6,26196.1,26090.3,26099.5,7380.0
2026-04-15 03:00:00,26097.0,26152.5,26056.7,26095.4,5275.0
2026-04-15 03:45:00,26093.4,26106.3,26079.8,26083.7,1291.0
2026-04-15 04:30:00,26084.1,26109.8,26029.2,26046.1,3037.0
2026-04-15 05:15:00,26045.1,26053.3,25971.7,26019.3,5837.0
2026-04-15 06:00:00,26019.8,26037.4,25979.0,25995.5,5227.0
2026-04-15 06:45:00,25996.5,26068.1,25987.1,26030.9,4525.0
2026-04-15 07:30:00,26029.9,26029.9,25941.5,25966.9,3927.0
2026-04-15 08:15:00,25967.4,25982.4,25953.5,25961.5,2125.0
2026-04-15 09:00:00,25961.3,25964.9,25915.6,25931.1,3874.0
2026-04-15 09:45:00,25930.6,25960.2,25891.9,25899.1,3697.0
2026-04-15 10:30:00,25899.6,25954.6,25884.2,25941.9,3269.0
2026-04-15 11:15:00,25941.4,25989.7,25924.0,25959.8,3500.0
2026-04-15 12:00:00,25958.8,25970.7,25924.8,25961.9,3503.0
2026-04-15 12:45:00,25962.4,26022.2,25952.1,26022.2,2442.0
2026-04-15 13:30:00,26023.7,26057.3,25966.3,26050.8,6817.0
2026-04-15 14:15:00,26050.3,26088.6,26045.3,26062.2,4918.0
2026-04-15 15:00:00,26061.7,26131.4,26048.1,26114.0,4762.0
2026-04-15 15:45:00,26114.5,26119.9,26083.3,26108.9,3284.0
2026-04-15 16:30:00,26109.4,26111.9,26051.7,26077.8,4511.0
2026-04-15 17:15:00,26078.3,26089.7,26057.7,26074.0,2402.0
2026-04-15 18:00:00,26073.5,26116.8,26061.6,26112.0,2896.0
2026-04-15 18:45:00,26112.5,26122.4,26105.6,26118.2,1895.0
2026-04-15 19:30:00,26118.1,26126.3,26096.4,26098.8,3138.0
2026-04-15 20:15:00,26099.3,26106.8,26086.1,26088.9,964.0
2026-04-15 21:00:00,26089.6,26092.7,26088.0,26092.4,92.0
2026-04-15 21:45:00,26093.8,26111.5,26087.9,26110.2,998.0
2026-04-15 22:30:00,26110.4,26119.3,26110.4,26113.8,869.0
2026-04-15 23:15:00,26113.4,26122.7,26109.2,26120.1,822.0
2026-04-16 00:00:00,26120.3,26132.2,26110.8,26129.2,1801.0
2026-04-16 00:45:00,26129.4,26170.8,26124.5,26169.0,2673.0
2026-04-16 01:30:00,26169.5,26232.5,26138.8,26146.2,8936.0
2026-04-16 02:15:00,26145.2,26269.2,26141.7,26249.9,7582.0
2026-04-16 03:00:00,26247.9,26327.9,26245.2,26304.0,5602.0
2026-04-16 03:45:00,26304.5,26325.4,26295.1,26295.8,1496.0
2026-04-16 04:30:00,26295.4,26316.7,26241.7,26282.9,2801.0
2026-04-16 05:15:00,26283.4,26354.3,26274.4,26350.7,5316.0
2026-04-16 06:00:00,26351.2,26392.2,26331.2,26391.7,4645.0
2026-04-16 06:45:00,26392.2,26403.6,26328.2,26372.3,4814.0
2026-04-16 07:30:00,26370.8,26416.2,26358.8,26362.3,4206.0
2026-04-16 08:15:00,26362.8,26368.7,26328.0,26339.1,2323.0
2026-04-16 09:00:00,26339.5,26346.1,26293.9,26310.5,2281.0
2026-04-16 09:45:00,26311.0,26325.7,26301.0,26310.0,1792.0
2026-04-16 10:30:00,26309.5,26321.2,26273.7,26319.5,2566.0
2026-04-16 11:15:00,26320.0,26341.8,26310.8,26338.2,2274.0
2026-04-16 12:00:00,26339.2,26346.8,26292.2,26323.3,3082.0
2026-04-16 12:45:00,26322.8,26323.3,26281.4,26290.8,2676.0
2026-04-16 13:30:00,26291.3,26298.6,26164.0,26229.9,7929.0
2026-04-16 14:15:00,26230.4,26249.8,26186.1,26211.2,7027.0
2026-04-16 15:00:00,26211.7,26310.3,26210.7,26264.4,6253.0
2026-04-16 15:45:00,26264.9,26348.8,26263.9,26307.4,4102.0
2026-04-16 16:30:00,26307.9,26310.9,26183.3,26186.3,5369.0
2026-04-16 17:15:00,26185.8,26230.7,26185.7,26208.9,4073.0
2026-04-16 18:00:00,26209.4,26243.5,26198.9,26237.0,4568.0
2026-04-16 18:45:00,26237.5,26242.2,26215.1,26215.1,2394.0
2026-04-16 19:30:00,26214.9,26235.5,26196.6,26223.5,2821.0
2026-04-16 20:15:00,26223.1,26239.1,26222.8,26233.9,823.0
2026-04-16 21:00:00,26233.5,26236.1,26231.7,26233.9,124.0
2026-04-16 21:45:00,26234.1,26254.1,26231.6,26253.1,1002.0
2026-04-16 22:30:00,26253.3,26257.0,26251.8,26252.3,610.0
2026-04-16 23:15:00,26252.1,26261.2,26240.4,26255.8,737.0
2026-04-17 00:00:00,26256.2,26266.1,26245.8,26262.2,2029.0
2026-04-17 00:45:00,26262.7,26267.2,26189.7,26242.3,2350.0
2026-04-17 01:30:00,26232.8,26291.4,26134.5,26139.6,8134.0
2026-04-17 02:15:00,26140.1,26175.5,26072.1,26072.1,5888.0
2026-04-17 03:00:00,26073.6,26085.5,26028.3,26038.6,4264.0
2026-04-17 03:45:00,26037.6,26065.2,26032.6,26062.4,1245.0
2026-04-17 04:30:00,26061.9,26072.9,26047.2,26060.0,2148.0
2026-04-17 05:15:00,26061.0,26140.6,26036.6,26109.0,4421.0
2026-04-17 06:00:00,26109.5,26129.1,26049.0,26082.7,4310.0
2026-04-17 06:45:00,26082.2,26138.0,26073.6,26119.8,3523.0
2026-04-17 07:30:00,26120.3,26160.1,26102.1,26157.9,3034.0
2026-04-17 08:15:00,26157.4,26186.2,26156.8,26180.6,1822.0
2026-04-17 09:00:00,26180.4,26219.3,26167.4,26210.2,1911.0
2026-04-17 09:45:00,26210.7,26224.9,26200.9,26210.2,1848.0
2026-04-17 10:30:00,26209.7,26217.0,26193.1,26205.0,1430.0
2026-04-17 11:15:00,26204.5,26238.9,26203.2,26235.8,1691.0
2026-04-17 12:00:00,26236.3,26312.2,26227.8,26287.2,3280.0
2026-04-17 12:45:00,26287.7,26512.9,26284.2,26459.9,8094.0
2026-04-17 13:30:00,26462.4,26528.2,26410.8,26511.4,8330.0
2026-04-17 14:15:00,26511.9,26650.8,26510.4,26562.4,5669.0
2026-04-17 15:00:00,26562.4,26585.3,26510.0,26558.7,6092.0
2026-04-17 15:45:00,26559.2,26609.4,26559.2,26571.7,4156.0
2026-04-17 16:30:00,26573.2,26598.8,26521.3,26541.2,3032.0
2026-04-17 17:15:00,26542.2,26551.5,26460.7,26528.0,4723.0
2026-04-17 18:00:00,26528.5,26536.7,26491.5,26519.2,3995.0
2026-04-17 18:45:00,26518.7,26525.7,26474.3,26475.3,2800.0
2026-04-17 19:30:00,26475.4,26495.5,26467.2,26492.3,3207.0
2026-04-17 20:15:00,26492.7,26496.5,26478.1,26487.2,1289.0
2026-04-19 22:00:00,26324.0,26328.8,26206.1,26242.2,4603.0
2026-04-19 22:45:00,26242.4,26250.2,26146.9,26163.8,2283.0
2026-04-19 23:30:00,26164.1,26240.7,26158.6,26204.4,3080.0
2026-04-20 00:15:00,26204.1,26251.9,26199.3,26248.9,3017.0
2026-04-20 01:00:00,26248.6,26374.5,26105.4,26236.4,6988.0
2026-04-20 01:45:00,26235.9,26398.2,26221.3,26347.7,9009.0
2026-04-20 02:30:00,26347.2,26413.1,26301.1,26373.9,7713.0
2026-04-20 03:15:00,26373.4,26430.6,26332.1,26390.2,4891.0
2026-04-20 04:00:00,26376.8,26386.1,26352.4,26365.6,960.0
2026-04-20 04:45:00,26366.2,26399.4,26297.4,26302.7,5299.0
2026-04-20 05:30:00,26303.2,26361.9,26258.4,26350.2,6552.0
2026-04-20 06:15:00,26349.2,26401.5,26332.2,26383.0,5434.0
2026-04-20 07:00:00,26384.0,26433.4,26343.9,26382.3,5804.0
2026-04-20 07:45:00,26382.8,26384.7,26339.7,26374.0,4385.0
2026-04-20 08:30:00,26358.6,26391.4,26348.7,26375.2,3276.0
2026-04-20 09:15:00,26375.5,26398.9,26359.7,26367.5,2555.0
2026-04-20 10:00:00,26369.0,26412.4,26365.5,26379.8,2618.0
2026-04-20 10:45:00,26380.3,26404.1,26366.3,26392.1,2479.0
2026-04-20 11:30:00,26391.6,26423.0,26380.4,26400.1,3806.0
2026-04-20 12:15:00,26400.6,26418.4,26374.1,26394.7,3128.0
2026-04-20 13:00:00,26395.2,26484.0,26381.7,26457.3,6039.0
2026-04-20 13:45:00,26456.8,26494.5,26426.1,26489.6,6516.0
2026-04-20 14:30:00,26490.1,26501.1,26332.5,26394.7,7173.0
2026-04-20 15:15:00,26394.2,26458.0,26387.5,26422.9,5373.0
2026-04-20 16:00:00,26423.4,26439.0,26403.8,26421.4,3704.0
2026-04-20 16:45:00,26420.9,26459.6,26419.1,26446.9,2869.0
2026-04-20 17:30:00,26446.4,26470.4,26436.5,26466.4,2663.0
2026-04-20 18:15:00,26465.9,26479.1,26453.7,26474.7,2356.0
2026-04-20 19:00:00,26457.9,26473.0,26456.5,26461.8,1458.0
2026-04-20 19:45:00,26461.7,26468.2,26443.6,26461.9,1938.0
2026-04-20 20:30:00,26461.2,26500.4,26454.6,26473.5,1348.0
2026-04-20 21:00:00,26474.7,26478.9,26465.4,26474.6,468.0
2026-04-20 21:45:00,26475.6,26500.6,26469.2,26493.2,1243.0
2026-04-20 22:30:00,26493.5,26497.0,26488.3,26495.7,576.0
2026-04-20 23:15:00,26495.4,26496.3,26479.0,26481.1,571.0
2026-04-21 00:00:00,26481.7,26490.6,26462.3,26463.2,1652.0
2026-04-21 00:45:00,26463.5,26486.0,26412.6,26421.0,3406.0
2026-04-21 01:30:00,26418.5,26493.5,26356.5,26407.0,8588.0
2026-04-21 02:15:00,26407.5,26452.9,26350.2,26420.0,6296.0
2026-04-21 03:00:00,26421.0,26421.0,26344.7,26384.0,4513.0
2026-04-21 03:45:00,26385.0,26399.3,26375.7,26394.9,1139.0
2026-04-21 04:30:00,26395.1,26484.7,26391.8,26484.7,2410.0
2026-04-21 05:15:00,26485.2,26529.3,26458.0,26468.8,5679.0
2026-04-21 06:00:00,26468.3,26486.9,26441.9,26465.1,4639.0
2026-04-21 06:45:00,26464.6,26472.5,26422.2,26466.9,3790.0
2026-04-21 07:30:00,26467.4,26491.2,26448.3,26452.1,3315.0
2026-04-21 08:15:00,26452.6,26482.7,26452.6,26473.8,2254.0
2026-04-21 09:00:00,26474.1,26478.7,26452.0,26474.2,2185.0
2026-04-21 09:45:00,26474.7,26499.2,26460.7,26462.5,2025.0
2026-04-21 10:30:00,26463.0,26489.9,26450.2,26452.0,2472.0
2026-04-21 11:15:00,26454.0,26494.4,26438.9,26460.7,2674.0
2026-04-21 12:00:00,26462.2,26483.8,26398.7,26406.3,3851.0
2026-04-21 12:45:00,26406.8,26431.4,26377.6,26426.2,4521.0
2026-04-21 13:30:00,26425.2,26444.2,26389.8,26398.1,7235.0
2026-04-21 14:15:00,26398.6,26410.8,26249.4,26255.8,6870.0
2026-04-21 15:00:00,26256.3,26304.3,26218.2,26263.4,8046.0
2026-04-21 15:45:00,26263.9,26291.8,26229.6,26230.1,5945.0
2026-04-21 16:30:00,26229.6,26260.2,26166.6,26170.2,5667.0
2026-04-21 17:15:00,26170.7,26264.5,26134.6,26204.2,6560.0
2026-04-21 18:00:00,26204.7,26227.5,26161.9,26185.3,5423.0
2026-04-21 18:45:00,26184.8,26249.0,26167.0,26228.8,4869.0
2026-04-21 19:30:00,26229.0,26262.9,26126.9,26223.0,7121.0
2026-04-21 20:15:00,26224.2,26239.3,26207.8,26220.2,2704.0
2026-04-21 21:00:00,26223.1,26230.4,26219.5,26228.7,163.0
2026-04-21 21:45:00,26228.1,26267.4,26226.6,26258.1,1444.0
2026-04-21 22:30:00,26259.2,26262.5,26247.0,26257.7,938.0
2026-04-21 23:15:00,26257.5,26316.6,26252.7,26313.1,1024.0
2026-04-22 00:00:00,26313.6,26352.2,26313.6,26328.6,2269.0
2026-04-22 00:45:00,26328.0,26328.9,26231.7,26264.3,2866.0
2026-04-22 01:30:00,26277.8,26277.8,26127.7,26169.1,8072.0
2026-04-22 02:15:00,26168.6,26170.4,26080.6,26094.6,5585.0
2026-04-22 03:00:00,26093.8,26169.6,26082.8,26138.0,4503.0
2026-04-22 03:45:00,26137.5,26148.9,26102.8,26104.1,1623.0
2026-04-22 04:30:00,26103.6,26124.3,26065.5,26098.6,2856.0
2026-04-22 05:15:00,26097.1,26165.5,26093.2,26109.1,5539.0
2026-04-22 06:00:00,26109.6,26166.9,26087.4,26158.5,4490.0
2026-04-22 06:45:00,26157.5,26203.6,26144.0,26173.6,3974.0
2026-04-22 07:30:00,26174.1,26195.4,26135.8,26144.8,3556.0
2026-04-22 08:15:00,26145.3,26152.2,26116.6,26137.8,3471.0
2026-04-22 09:00:00,26137.9,26169.2,26133.8,26165.4,3274.0
2026-04-22 09:45:00,26164.9,26165.7,26101.8,26132.8,3750.0
2026-04-22 10:30:00,26133.3,26153.2,26124.3,26124.3,2917.0
2026-04-22 11:15:00,26124.8,26207.1,26122.8,26176.9,3680.0
2026-04-22 12:00:00,26176.4,26189.1,26135.2,26140.6,3651.0
2026-04-22 12:45:00,26140.1,26191.4,26122.4,26182.4,4379.0
2026-04-22 13:30:00,26188.9,26209.2,26135.8,26199.5,7483.0
2026-04-22 14:15:00,26199.0,26256.3,26159.2,26178.0,6622.0
2026-04-22 15:00:00,26178.5,26231.4,26167.5,26190.1,5932.0
2026-04-22 15:45:00,26189.1,26219.9,26171.7,26173.2,3857.0
2026-04-22 16:30:00,26172.7,26211.6,26149.4,26190.7,4276.0
2026-04-22 17:15:00,26191.7,26210.7,26182.1,26187.3,2840.0
2026-04-22 18:00:00,26186.8,26186.9,26142.5,26180.4,2267.0
2026-04-22 18:45:00,26179.4,26182.9,26124.6,26150.1,2477.0
2026-04-22 19:30:00,26150.0,26179.2,26140.3,26150.0,3410.0
2026-04-22 20:15:00,26149.5,26154.8,26130.0,26150.7,1329.0
2026-04-22 21:00:00,26154.7,26155.8,26143.1,26143.4,147.0
2026-04-22 21:45:00,26142.8,26149.9,26133.3,26139.6,1136.0
2026-04-22 22:30:00,26140.1,26144.4,26135.1,26143.9,753.0
2026-04-22 23:15:00,26144.5,26175.8,26138.2,26173.5,596.0
2026-04-23 00:00:00,26174.1,26175.0,25908.8,26140.7,7392.0
2026-04-23 00:45:00,26140.0,26176.2,26056.8,26062.8,5080.0
2026-04-23 01:30:00,26069.3,26091.2,25861.2,25882.0,9125.0
2026-04-23 02:15:00,25880.5,25991.0,25867.7,25915.9,7809.0
2026-04-23 03:00:00,25915.4,25939.3,25830.7,25882.6,6317.0
2026-04-23 03:45:00,25882.1,25894.0,25852.7,25880.7,3190.0
2026-04-23 04:30:00,25881.0,25901.2,25863.3,25884.7,3331.0
2026-04-23 05:15:00,25886.2,25967.8,25864.3,25965.0,5932.0
2026-04-23 06:00:00,25964.5,25977.4,25907.0,25930.9,4757.0
2026-04-23 06:45:00,25931.4,25941.9,25891.8,25917.7,4011.0
2026-04-23 07:30:00,25917.2,25934.1,25884.9,25887.6,4088.0
2026-04-23 08:15:00,25888.1,25921.2,25866.4,25872.3,3764.0
2026-04-23 09:00:00,25871.7,25904.6,25845.4,25899.9,4222.0
2026-04-23 09:45:00,25900.9,25902.2,25833.7,25856.8,3942.0
2026-04-23 10:30:00,25857.3,25889.8,25848.2,25879.4,3834.0
2026-04-23 11:15:00,25878.9,25956.1,25859.5,25943.5,4779.0
2026-04-23 12:00:00,25943.0,25982.5,25940.0,25966.0,4862.0
2026-04-23 12:45:00,25966.5,25981.7,25929.8,25975.6,4960.0
2026-04-23 13:30:00,25975.1,26000.5,25876.8,25925.0,7299.0
2026-04-23 14:15:00,25925.5,25980.5,25920.6,25970.5,6158.0
2026-04-23 15:00:00,25970.0,25987.6,25933.9,25935.4,5003.0
2026-04-23 15:45:00,25935.9,25955.3,25908.5,25930.7,5449.0
2026-04-23 16:30:00,25930.2,25950.0,25798.7,25815.8,5548.0
2026-04-23 17:15:00,25816.8,25840.5,25656.7,25798.8,9411.0
2026-04-23 18:00:00,25798.3,25860.9,25790.8,25823.2,7221.0
2026-04-23 18:45:00,25823.7,25827.7,25773.8,25788.2,4397.0
2026-04-23 19:30:00,25788.1,25802.0,25750.2,25776.8,4859.0
2026-04-23 20:15:00,25776.2,25789.4,25762.2,25773.1,1470.0
2026-04-23 21:00:00,25771.9,25803.0,25770.8,25799.0,247.0
2026-04-23 21:45:00,25798.9,25830.1,25791.1,25811.9,1471.0
2026-04-23 22:30:00,25812.1,25824.5,25807.3,25813.4,1112.0
2026-04-23 23:15:00,25813.2,25839.3,25810.5,25836.4,1044.0
2026-04-24 00:00:00,25837.6,25866.1,25828.2,25837.5,2474.0
2026-04-24 00:45:00,25838.1,25843.7,25718.3,25719.9,3820.0
2026-04-24 01:30:00,25728.9,25756.8,25619.1,25728.2,8839.0
2026-04-24 02:15:00,25727.7,25781.7,25670.8,25765.3,7698.0
2026-04-24 03:00:00,25766.3,25816.8,25745.7,25790.5,7141.0
2026-04-24 03:45:00,25791.0,25847.4,25790.5,25825.7,3010.0
2026-04-24 04:30:00,25826.0,25912.4,25825.4,25880.9,4018.0
2026-04-24 05:15:00,25881.4,25942.8,25831.6,25941.5,5667.0
2026-04-24 06:00:00,25942.0,25989.9,25937.5,25948.9,5332.0
2026-04-24 06:45:00,25948.4,25979.3,25931.0,25973.9,3944.0
2026-04-24 07:30:00,25973.4,25982.2,25940.4,25951.3,4280.0
2026-04-24 08:15:00,25951.8,25986.7,25909.3,25917.3,4135.0
2026-04-24 09:00:00,25917.6,25949.4,25822.3,25902.9,4540.0
2026-04-24 09:45:00,25903.4,25935.7,25880.9,25931.5,3757.0
2026-04-24 10:30:00,25932.0,26027.8,25918.3,26005.3,4366.0
2026-04-24 11:15:00,26005.8,26083.6,25984.9,26016.6,6203.0
2026-04-24 12:00:00,26017.1,26027.9,25949.4,25955.4,5109.0
2026-04-24 12:45:00,25956.4,25970.9,25910.0,25929.2,5046.0
2026-04-24 13:30:00,25933.7,25958.2,25883.5,25941.7,8859.0
2026-04-24 14:15:00,25940.7,25989.7,25927.3,25983.5,7641.0
2026-04-24 15:00:00,25984.0,26041.9,25948.3,26031.3,6269.0
2026-04-24 15:45:00,26029.8,26062.3,25999.0,26009.6,6547.0
2026-04-24 16:30:00,26010.1,26039.3,25992.9,26027.2,5119.0
2026-04-24 17:15:00,26026.7,26068.2,26006.6,26041.4,4439.0
2026-04-24 18:00:00,26041.0,26049.3,26018.5,26033.3,3758.0
2026-04-24 18:45:00,26032.8,26046.1,26020.1,26039.3,2554.0
2026-04-24 19:30:00,26039.0,26055.4,26014.9,26042.9,2843.0
2026-04-24 20:15:00,26042.2,26049.4,26035.4,26045.0,1003.0
2026-04-26 22:00:00,26011.1,26012.0,25968.0,25992.3,2452.0
2026-04-26 22:45:00,25992.5,26000.0,25984.7,25989.3,1033.0
2026-04-26 23:30:00,25988.7,26000.1,25978.0,25999.4,2325.0
2026-04-27 00:15:00,25999.1,26025.3,25989.4,26016.5,2163.0
2026-04-27 01:00:00,26018.2,26049.4,25826.8,25982.5,7300.0
2026-04-27 01:45:00,25984.5,26075.4,25933.4,25961.9,8466.0
2026-04-27 02:30:00,25961.4,26011.4,25934.2,25950.2,7248.0
2026-04-27 03:15:00,25950.4,26053.1,25936.1,26030.3,5302.0
2026-04-27 04:00:00,26018.2,26025.4,26011.0,26020.1,896.0
2026-04-27 04:45:00,26019.9,26036.7,25939.1,25954.9,4788.0
2026-04-27 05:30:00,25955.9,25957.0,25894.7,25917.0,5799.0
2026-04-27 06:15:00,25916.5,25942.6,25896.1,25932.1,4757.0
2026-04-27 07:00:00,25930.6,25979.1,25909.6,25954.6,4736.0
2026-04-27 07:45:00,25955.1,25987.4,25910.9,25923.0,4281.0
2026-04-27 08:30:00,25908.4,25928.5,25908.1,25925.1,1708.0
2026-04-27 09:15:00,25946.0,25957.0,25925.5,25937.2,2659.0
2026-04-27 10:00:00,25937.7,25967.8,25922.6,25965.8,2260.0
2026-04-27 10:45:00,25965.3,25974.4,25943.1,25947.7,2443.0
2026-04-27 11:30:00,25948.2,25953.7,25926.3,25943.9,2448.0
2026-04-27 12:15:00,25943.4,25950.0,25863.1,25870.5,3722.0
2026-04-27 13:00:00,25872.0,25941.0,25860.7,25927.4,5769.0
2026-04-27 13:45:00,25927.9,25946.0,25889.0,25894.0,7403.0
2026-04-27 14:30:00,25895.0,25929.1,25851.7,25879.9,6399.0
2026-04-27 15:15:00,25879.4,25902.4,25856.4,25868.8,5358.0
2026-04-27 16:00:00,25869.3,25879.6,25850.5,25857.7,3508.0
2026-04-27 16:45:00,25857.2,25878.2,25849.0,25874.2,3147.0
2026-04-27 17:30:00,25873.7,25890.1,25850.1,25867.4,2783.0
2026-04-27 18:15:00,25866.9,25880.6,25855.9,25861.9,2387.0
2026-04-27 19:00:00,25848.7,25874.7,25848.3,25869.4,1452.0
2026-04-27 19:45:00,25869.3,25881.0,25841.9,25849.6,1986.0
2026-04-27 20:30:00,25849.1,25855.3,25847.0,25850.7,525.0
2026-04-27 21:00:00,25851.2,25854.5,25850.8,25852.6,59.0
2026-04-27 21:45:00,25851.4,25892.1,25849.3,25883.2,1893.0
2026-04-27 22:30:00,25883.8,25889.5,25875.0,25877.2,844.0
2026-04-27 23:15:00,25877.7,25890.8,25877.4,25883.0,883.0
2026-04-28 00:00:00,25884.1,25899.1,25863.4,25874.3,3116.0
2026-04-28 00:45:00,25874.8,25888.8,25730.4,25736.2,3354.0
2026-04-28 01:30:00,25742.7,25917.9,25723.3,25895.5,9401.0
2026-04-28 02:15:00,25893.5,25898.5,25735.2,25768.7,6908.0
2026-04-28 03:00:00,25768.2,25812.9,25757.8,25764.6,4778.0
2026-04-28 03:45:00,25765.1,25776.4,25752.2,25761.3,1702.0
2026-04-28 04:30:00,25761.0,25780.7,25685.3,25686.6,2631.0
2026-04-28 05:15:00,25686.1,25701.1,25660.1,25662.6,4877.0
2026-04-28 06:00:00,25662.1,25682.9,25613.6,25650.5,4192.0
2026-04-28 06:45:00,25651.5,25726.9,25643.9,25691.0,4088.0
2026-04-28 07:30:00,25689.5,25701.9,25637.5,25647.6,4014.0
2026-04-28 08:15:00,25647.1,25692.8,25646.1,25678.4,2875.0
2026-04-28 09:00:00,25678.5,25699.7,25646.2,25681.1,3532.0
2026-04-28 09:45:00,25681.6,25693.5,25662.8,25675.4,2983.0
2026-04-28 10:30:00,25675.9,25707.3,25671.7,25679.5,2903.0
2026-04-28 11:15:00,25678.0,25683.5,25578.1,25586.3,4044.0
2026-04-28 12:00:00,25586.8,25677.1,25575.4,25637.6,4927.0
2026-04-28 12:45:00,25637.1,25698.8,25637.1,25687.5,3405.0
2026-04-28 13:30:00,25687.0,25813.2,25669.1,25791.4,6054.0
2026-04-28 14:15:00,25790.9,25796.5,25736.0,25782.7,6036.0
2026-04-28 15:00:00,25781.2,25807.2,25766.1,25779.3,5652.0
2026-04-28 15:45:00,25778.8,25802.2,25771.8,25786.8,3153.0
2026-04-28 16:30:00,25786.3,25795.9,25740.9,25754.3,3000.0
2026-04-28 17:15:00,25754.8,25794.8,25742.3,25786.3,1098.0
2026-04-28 18:00:00,25786.8,25799.1,25769.1,25798.1,1027.0
2026-04-28 18:45:00,25796.6,25799.1,25774.9,25775.4,1606.0
2026-04-28 19:30:00,25775.3,25795.3,25756.7,25769.7,2753.0
2026-04-28 20:15:00,25769.1,25774.3,25762.4,25766.6,712.0
2026-04-28 21:00:00,25765.1,25768.1,25764.5,25767.6,47.0
2026-04-28 21:45:00,25767.9,25784.4,25767.7,25775.2,1145.0
2026-04-28 22:30:00,25775.5,25784.8,25773.3,25779.9,554.0
2026-04-28 23:15:00,25780.3,25790.2,25779.8,25790.2,481.0
2026-04-29 00:00:00,25790.8,25809.1,25790.8,25797.3,1175.0
2026-04-29 00:45:00,25796.7,25856.9,25750.9,25815.4,4009.0
2026-04-29 01:30:00,25814.9,26024.6,25780.0,25994.8,9362.0
2026-04-29 02:15:00,25999.3,26041.0,25909.6,25945.3,7772.0
2026-04-29 03:00:00,25947.3,26027.9,25917.1,25947.9,6354.0
2026-04-29 03:45:00,25946.9,25974.4,25941.3,25959.3,1566.0
2026-04-29 04:30:00,25959.6,26024.9,25959.3,26014.9,2890.0
2026-04-29 05:15:00,26016.9,26050.8,26000.4,26026.6,5385.0
2026-04-29 06:00:00,26028.1,26076.5,26013.8,26056.8,4484.0
2026-04-29 06:45:00,26058.8,26067.0,26001.1,26061.4,5063.0
2026-04-29 07:30:00,26062.4,26118.1,26047.9,26051.5,5361.0
2026-04-29 08:15:00,26051.0,26063.9,26006.7,26016.8,4043.0
2026-04-29 09:00:00,26017.4,26046.6,26001.9,26011.5,3791.0
2026-04-29 09:45:00,26012.0,26035.2,25983.9,26029.4,3241.0
2026-04-29 10:30:00,26029.9,26039.8,26014.4,26024.3,2672.0
2026-04-29 11:15:00,26023.8,26059.6,26021.3,26027.9,2652.0
2026-04-29 12:00:00,26028.9,26042.7,25975.7,25987.0,3114.0
2026-04-29 12:45:00,25986.5,25993.6,25930.2,25949.2,3658.0
2026-04-29 13:30:00,25948.7,25952.7,25787.5,25820.3,7004.0
2026-04-29 14:15:00,25819.8,25885.9,25811.6,25876.1,5357.0
2026-04-29 15:00:00,25875.1,25890.8,25838.7,25872.9,5136.0
2026-04-29 15:45:00,25872.4,25886.4,25809.4,25850.0,5290.0
2026-04-29 16:30:00,25849.5,25855.6,25825.8,25838.3,4002.0
2026-04-29 17:15:00,25837.8,25878.9,25827.5,25862.7,3828.0
2026-04-29 18:00:00,25862.2,25869.1,25785.0,25789.0,6251.0
2026-04-29 18:45:00,25787.5,25837.7,25776.2,25816.8,4713.0
2026-04-29 19:30:00,25816.5,25865.9,25730.1,25733.5,5612.0
2026-04-29 20:15:00,25736.3,25821.0,25723.8,25758.8,5041.0
2026-04-29 21:00:00,25765.1,25788.2,25757.8,25786.1,358.0
2026-04-29 21:45:00,25787.4,25907.2,25782.9,25866.2,3561.0
2026-04-29 22:30:00,25866.7,25874.9,25838.7,25847.0,2465.0
2026-04-29 23:15:00,25846.7,25866.0,25835.9,25863.4,1733.0
2026-04-30 00:00:00,25864.0,25890.4,25862.7,25881.4,3315.0
2026-04-30 00:45:00,25881.7,25946.4,25796.1,25944.9,3574.0
2026-04-30 01:30:00,25945.6,26021.6,25872.7,25884.2,9314.0
2026-04-30 02:15:00,25883.6,25901.2,25692.4,25715.9,8218.0
2026-04-30 03:00:00,25715.4,25773.9,25714.0,25731.9,6950.0
2026-04-30 03:45:00,25731.4,25766.6,25717.5,25720.5,4456.0
2026-04-30 04:30:00,25720.3,25770.8,25692.0,25767.3,5715.0
2026-04-30 05:15:00,25767.8,25820.5,25708.4,25799.9,6206.0
2026-04-30 06:00:00,25799.4,25836.9,25747.3,25787.6,6051.0
2026-04-30 06:45:00,25786.6,25817.3,25764.0,25783.6,5238.0
2026-04-30 07:30:00,25784.6,25790.1,25689.6,25720.4,4267.0
2026-04-30 08:15:00,25719.9,25728.1,25693.0,25698.1,4287.0
2026-04-30 09:00:00,25698.4,25797.8,25691.0,25744.2,5421.0
2026-04-30 09:45:00,25745.7,25817.4,25744.7,25816.4,4421.0
2026-04-30 10:30:00,25815.9,25899.6,25804.4,25887.9,5487.0
2026-04-30 11:15:00,25888.4,25922.0,25871.5,25877.2,4526.0
2026-04-30 12:00:00,25876.7,25909.8,25871.2,25876.2,4211.0
2026-04-30 12:45:00,25875.7,25902.7,25866.9,25873.6,4978.0
2026-04-30 13:30:00,25874.6,25909.3,25839.7,25902.6,8310.0
2026-04-30 14:15:00,25902.1,26011.5,25882.9,26002.5,7257.0
2026-04-30 15:00:00,26003.0,26059.0,25979.6,26033.9,6193.0
2026-04-30 15:45:00,26033.4,26061.7,26021.1,26045.3,4239.0
2026-04-30 16:30:00,26045.8,26056.1,26012.4,26029.1,3745.0
2026-04-30 17:15:00,26028.6,26062.5,26017.6,26053.6,3560.0
2026-04-30 18:00:00,26054.1,26083.9,26053.1,26081.4,2782.0
2026-04-30 18:45:00,26080.9,26125.9,26071.6,26125.8,2493.0
2026-04-30 19:30:00,26125.9,26156.2,26117.5,26143.0,3446.0
2026-04-30 20:15:00,26143.5,26154.5,26130.0,26139.1,2109.0
2026-04-30 21:00:00,26120.7,26161.5,26118.3,26151.8,466.0
2026-04-30 21:45:00,26151.7,26176.8,26145.2,26161.3,1827.0
2026-04-30 22:30:00,26161.5,26162.1,26133.1,26143.4,1703.0
2026-04-30 23:15:00,26143.0,26154.5,26139.0,26141.0,1375.0
2026-05-01 00:00:00,26142.1,26158.0,26135.6,26154.5,2980.0
2026-05-01 00:45:00,26154.8,26159.0,26142.3,26151.7,1620.0
2026-05-01 01:30:00,26151.8,26157.5,26142.6,26142.8,949.0
2026-05-01 02:15:00,26143.1,26146.4,26133.1,26137.1,669.0
2026-05-01 03:00:00,26137.3,26148.7,26134.9,26136.3,793.0
2026-05-01 03:45:00,26136.5,26139.2,26126.7,26127.8,1008.0
2026-05-01 04:30:00,26127.5,26150.0,26122.6,26149.0,833.0
2026-05-01 05:15:00,26149.2,26150.3,26139.1,26141.3,836.0
2026-05-01 06:00:00,26141.8,26142.4,26113.4,26117.2,1329.0
2026-05-01 06:45:00,26117.7,26128.5,26109.0,26119.2,1738.0
2026-05-01 07:30:00,26119.0,26119.9,26107.4,26112.1,1468.0
2026-05-01 08:15:00,26112.0,26118.2,26099.6,26104.7,1319.0
2026-05-01 09:00:00,26104.5,26113.8,26095.3,26111.4,1316.0
2026-05-01 09:45:00,26110.9,26115.9,26105.5,26108.8,972.0
2026-05-01 10:30:00,26108.4,26116.2,26101.2,26105.7,1498.0
2026-05-01 11:15:00,26105.5,26119.1,26103.2,26118.6,1504.0
2026-05-01 12:00:00,26119.3,26151.3,26114.3,26124.8,3940.0
2026-05-01 12:45:00,26124.9,26145.0,26119.2,26140.5,2062.0
2026-05-01 13:30:00,26140.6,26244.1,26094.8,26207.4,6502.0
2026-05-01 14:15:00,26207.5,26211.4,26144.6,26178.1,5051.0
2026-05-01 15:00:00,26178.6,26192.0,26143.6,26191.6,3947.0
2026-05-01 15:45:00,26191.7,26204.2,26141.1,26150.0,3900.0
2026-05-01 16:30:00,26149.8,26171.1,26141.6,26153.8,2881.0
2026-05-01 17:15:00,26153.7,26170.2,26152.9,26155.3,1823.0
2026-05-01 18:00:00,26155.2,26158.6,26115.7,26122.6,2675.0
2026-05-01 18:45:00,26122.5,26170.9,26115.0,26163.3,2141.0
2026-05-01 19:30:00,26163.4,26168.3,26122.3,26126.4,2819.0
2026-05-01 20:15:00,26126.8,26127.4,26098.7,26112.3,1404.0
2026-05-03 22:00:00,26206.2,26232.8,26187.4,26232.0,2596.0
2026-05-03 22:45:00,26232.2,26238.3,26201.2,26202.0,1707.0
2026-05-03 23:30:00,26201.5,26213.8,26173.2,26180.7,2664.0
2026-05-04 00:15:00,26180.4,26185.2,26077.0,26089.9,2892.0
2026-05-04 01:00:00,26090.4,26298.6,26051.5,26201.3,6956.0
2026-05-04 01:45:00,26199.3,26273.3,26120.2,26121.1,8855.0
2026-05-04 02:30:00,26120.1,26327.9,26113.6,26288.9,7322.0
2026-05-04 03:15:00,26289.4,26296.9,26197.8,26210.8,5310.0
2026-05-04 04:00:00,26195.6,26206.2,26191.7,26200.2,1090.0
2026-05-04 04:45:00,26200.6,26212.2,26128.2,26154.8,4433.0
2026-05-04 05:30:00,26155.3,26191.3,26143.9,26181.5,4260.0
2026-05-04 06:15:00,26181.0,26185.0,26108.3,26117.2,3942.0
2026-05-04 07:00:00,26115.2,26129.3,26077.4,26101.3,4844.0
2026-05-04 07:45:00,26100.3,26111.3,26052.6,26095.7,3708.0
2026-05-04 08:30:00,26086.9,26092.9,26076.2,26090.5,2428.0
2026-05-04 09:15:00,26090.2,26105.7,26072.9,26076.7,2512.0
2026-05-04 10:00:00,26077.2,26080.7,25847.6,26013.3,8919.0
2026-05-04 10:45:00,26012.8,26035.7,25991.4,26010.4,5136.0
2026-05-04 11:30:00,26009.9,26025.9,25962.4,26018.9,4385.0
2026-05-04 12:15:00,26018.4,26059.8,26009.9,26029.6,4521.0
2026-05-04 13:00:00,26029.1,26077.3,25969.1,26047.5,6363.0
2026-05-04 13:45:00,26048.0,26105.6,26007.7,26082.4,6927.0
2026-05-04 14:30:00,26081.9,26122.6,26050.3,26081.9,5905.0
2026-05-04 15:15:00,26081.4,26097.9,25958.8,25983.9,8381.0
2026-05-04 16:00:00,25983.4,26004.2,25909.8,25950.6,7537.0
2026-05-04 16:45:00,25950.1,26026.3,25932.3,26016.6,5955.0
2026-05-04 17:30:00,26016.1,26017.7,25987.1,25997.0,3850.0
2026-05-04 18:15:00,25996.5,25996.5,25943.9,25950.1,4021.0
2026-05-04 19:00:00,25949.9,25978.2,25939.6,25966.7,2411.0
2026-05-04 19:45:00,25966.5,25984.0,25949.3,25959.5,2422.0
2026-05-04 20:30:00,25959.8,25961.8,25949.0,25955.5,467.0
2026-05-04 21:00:00,25960.8,25964.8,25960.8,25962.8,71.0
2026-05-04 21:45:00,25962.2,25977.6,25961.6,25972.9,998.0
2026-05-04 22:30:00,25972.8,25975.7,25958.6,25964.7,1020.0
2026-05-04 23:15:00,25965.1,25965.9,25949.0,25956.6,929.0
2026-05-05 00:00:00,25956.9,25975.7,25948.7,25959.4,2544.0
2026-05-05 00:45:00,25959.6,25992.8,25879.2,25890.8,3263.0
2026-05-05 01:30:00,25891.3,25907.3,25659.4,25797.8,8547.0
2026-05-05 02:15:00,25798.3,25898.7,25783.0,25786.2,5384.0
2026-05-05 03:00:00,25785.7,25814.8,25752.4,25772.3,3897.0
2026-05-05 03:45:00,25772.8,25783.3,25745.4,25748.9,1378.0
2026-05-05 04:30:00,25748.4,25754.4,25702.4,25731.8,2701.0
2026-05-05 05:15:00,25729.8,25805.5,25704.3,25799.0,3916.0
2026-05-05 06:00:00,25797.0,25811.8,25757.8,25804.7,4450.0
2026-05-05 06:45:00,25808.2,25878.8,25806.2,25856.8,4290.0
2026-05-05 07:30:00,25858.8,25907.5,25849.6,25890.2,4132.0
2026-05-05 08:15:00,25889.7,25906.3,25884.0,25901.4,2891.0
2026-05-05 09:00:00,25901.7,25928.8,25879.4,25913.4,3131.0
2026-05-05 09:45:00,25912.9,25936.0,25896.0,25930.1,2531.0
2026-05-05 10:30:00,25929.6,25959.7,25890.4,25899.3,3376.0
2026-05-05 11:15:00,25898.8,25933.4,25878.8,25923.9,3083.0
2026-05-05 12:00:00,25924.4,25971.5,25904.4,25936.8,4359.0
2026-05-05 12:45:00,25937.3,25964.3,25925.0,25941.1,2952.0
2026-05-05 13:30:00,25941.6,25953.7,25875.1,25886.1,6432.0
2026-05-05 14:15:00,25886.6,25927.6,25846.0,25870.6,6085.0
2026-05-05 15:00:00,25871.6,25920.5,25867.0,25910.6,3919.0
2026-05-05 15:45:00,25910.1,25924.5,25887.5,25903.9,2946.0
2026-05-05 16:30:00,25904.4,25905.1,25871.2,25874.5,2490.0
2026-05-05 17:15:00,25875.0,25906.1,25874.0,25904.1,2241.0
2026-05-05 18:00:00,25904.6,25942.8,25903.1,25940.2,1537.0
2026-05-05 18:45:00,25940.7,25949.3,25905.7,25905.7,1430.0
2026-05-05 19:30:00,25905.5,25920.2,25888.2,25905.3,2565.0
2026-05-05 20:15:00,25898.0,25939.0,25895.6,25918.5,2247.0
2026-05-05 21:00:00,25922.9,25927.9,25920.1,25921.7,106.0
2026-05-05 21:45:00,25922.8,25928.2,25913.5,25923.2,1397.0
2026-05-05 22:30:00,25923.1,25981.4,25921.6,25969.2,3622.0
2026-05-05 23:15:00,25969.4,25971.0,25950.4,25964.1,2071.0
2026-05-06 00:00:00,25964.7,25969.1,25937.7,25945.3,3760.0
2026-05-06 00:45:00,25944.7,26065.6,25937.7,26044.5,3713.0
2026-05-06 01:30:00,26044.0,26084.2,25861.8,26080.8,10085.0
2026-05-06 02:15:00,26079.3,26145.1,26009.6,26076.2,8527.0
2026-05-06 03:00:00,26075.7,26206.6,26049.3,26053.9,6851.0
2026-05-06 03:45:00,26053.4,26087.4,26031.3,26079.3,2427.0
2026-05-06 04:30:00,26079.7,26159.2,26074.6,26139.8,3715.0
2026-05-06 05:15:00,26139.3,26167.7,26111.2,26130.1,6151.0
2026-05-06 06:00:00,26131.1,26190.8,26069.2,26175.2,6095.0
2026-05-06 06:45:00,26176.2,26179.7,26105.5,26146.3,5005.0
2026-05-06 07:30:00,26145.8,26221.2,26135.5,26188.3,4027.0
2026-05-06 08:15:00,26187.8,26324.6,26182.0,26299.9,4595.0
2026-05-06 09:00:00,26300.0,26370.9,26233.3,26348.9,6389.0
2026-05-06 09:45:00,26349.4,26400.6,26341.1,26381.4,4314.0
2026-05-06 10:30:00,26381.9,26480.6,26381.0,26478.1,5696.0
2026-05-06 11:15:00,26476.1,26480.6,26406.5,26413.8,4993.0
2026-05-06 12:00:00,26413.3,26413.8,26301.7,26345.0,5962.0
2026-05-06 12:45:00,26347.5,26355.2,26277.5,26313.1,5001.0
2026-05-06 13:30:00,26311.6,26428.0,26278.2,26415.3,8253.0
2026-05-06 14:15:00,26415.8,26526.5,26413.3,26490.8,7508.0
2026-05-06 15:00:00,26490.3,26509.8,26457.3,26470.6,5614.0
2026-05-06 15:45:00,26471.1,26516.4,26465.7,26499.1,4145.0
2026-05-06 16:30:00,26499.6,26512.8,26448.8,26489.6,3663.0
2026-05-06 17:15:00,26488.6,26499.1,26467.3,26484.1,2444.0
2026-05-06 18:00:00,26484.6,26516.7,26479.0,26511.2,2329.0
2026-05-06 18:45:00,26510.7,26551.4,26501.0,26537.9,2175.0
2026-05-06 19:30:00,26535.8,26581.4,26519.4,26575.7,3067.0
2026-05-06 20:15:00,26576.2,26579.3,26552.1,26559.1,1530.0
2026-05-06 21:00:00,26560.4,26562.3,26544.0,26544.2,158.0
2026-05-06 21:45:00,26543.7,26552.2,26533.1,26533.8,1531.0
2026-05-06 22:30:00,26533.6,26549.0,26531.7,26544.3,1141.0
2026-05-06 23:15:00,26544.4,26547.1,26508.4,26513.2,1353.0
2026-05-07 00:00:00,26512.7,26528.7,26511.8,26522.5,3464.0
2026-05-07 00:45:00,26522.3,26602.3,26482.7,26564.2,3939.0
2026-05-07 01:30:00,26558.9,26650.2,26515.3,26594.0,9429.0
2026-05-07 02:15:00,26594.5,26628.5,26524.1,26609.8,7982.0
2026-05-07 03:00:00,26608.3,26640.7,26536.4,26624.2,6667.0
2026-05-07 03:45:00,26624.7,26641.5,26608.8,26625.9,1870.0
2026-05-07 04:30:00,26626.2,26649.3,26597.5,26615.9,2956.0
2026-05-07 05:15:00,26613.9,26627.8,26545.6,26564.6,5803.0
2026-05-07 06:00:00,26567.1,26666.1,26557.6,26662.6,5108.0
2026-05-07 06:45:00,26663.1,26674.0,26601.4,26619.8,5690.0
2026-05-07 07:30:00,26620.3,26642.5,26605.2,26621.7,4597.0
2026-05-07 08:15:00,26621.2,26626.7,26574.2,26576.7,3805.0
2026-05-07 09:00:00,26577.1,26594.5,26552.0,26557.1,3607.0
2026-05-07 09:45:00,26556.6,26559.6,26518.8,26536.3,3116.0
2026-05-07 10:30:00,26535.8,26557.8,26512.4,26515.3,3149.0
2026-05-07 11:15:00,26517.3,26542.9,26503.2,26530.8,2838.0
2026-05-07 12:00:00,26531.8,26556.2,26516.5,26552.7,2761.0
2026-05-07 12:45:00,26554.2,26662.5,26538.5,26653.8,3330.0
2026-05-07 13:30:00,26651.8,26651.8,26433.2,26464.9,7359.0
2026-05-07 14:15:00,26463.9,26501.5,26412.8,26490.6,5705.0
2026-05-07 15:00:00,26491.1,26514.1,26432.6,26456.6,6035.0
2026-05-07 15:45:00,26457.1,26464.3,26364.9,26432.7,6642.0
2026-05-07 16:30:00,26433.2,26454.1,26394.0,26408.4,5781.0
2026-05-07 17:15:00,26407.9,26411.5,26323.5,26389.8,6744.0
2026-05-07 18:00:00,26395.3,26397.3,26315.3,26335.9,5300.0
2026-05-07 18:45:00,26336.4,26378.6,26312.4,26343.6,5090.0
2026-05-07 19:30:00,26343.7,26369.2,26318.3,26353.5,4191.0
2026-05-07 20:15:00,26355.1,26357.5,26309.8,26313.2,2411.0
2026-05-07 21:00:00,26312.8,26313.4,26270.2,26270.2,335.0
2026-05-07 21:45:00,26270.3,26330.9,26256.4,26326.0,2832.0
2026-05-07 22:30:00,26326.3,26326.9,26304.3,26316.3,1993.0
2026-05-07 23:15:00,26316.6,26346.3,26316.6,26345.5,1417.0
2026-05-08 00:00:00,26347.0,26394.1,26347.0,26392.9,2925.0
2026-05-08 00:45:00,26394.1,26411.4,26314.5,26372.3,3230.0
2026-05-08 01:30:00,26372.7,26416.6,26277.4,26294.9,8872.0
2026-05-08 02:15:00,26294.4,26336.8,26254.0,26275.9,7353.0
2026-05-08 03:00:00,26278.4,26307.1,26246.5,26285.4,5500.0
2026-05-08 03:45:00,26285.9,26311.2,26279.5,26295.2,2426.0
2026-05-08 04:30:00,26295.7,26348.0,26287.4,26304.5,3330.0
2026-05-08 05:15:00,26305.0,26357.2,26298.8,26323.3,5424.0
2026-05-08 06:00:00,26325.3,26379.4,26300.1,26373.6,5079.0
2026-05-08 06:45:00,26372.6,26448.5,26361.6,26374.0,5978.0
2026-05-08 07:30:00,26373.5,26402.2,26333.4,26355.0,4440.0
2026-05-08 08:15:00,26355.5,26373.7,26339.0,26348.8,2883.0
2026-05-08 09:00:00,26349.5,26391.8,26347.0,26380.9,2783.0
2026-05-08 09:45:00,26380.4,26383.9,26338.5,26371.9,2711.0
2026-05-08 10:30:00,26372.4,26394.6,26337.9,26374.2,3016.0
2026-05-08 11:15:00,26373.7,26378.7,26352.8,26354.8,2286.0
2026-05-08 12:00:00,26355.3,26436.8,26342.3,26418.6,3647.0
2026-05-08 12:45:00,26419.1,26430.2,26379.5,26421.3,4373.0
2026-05-08 13:30:00,26418.8,26510.9,26365.0,26377.7,7459.0
2026-05-08 14:15:00,26377.2,26386.7,26313.6,26318.1,6276.0
2026-05-08 15:00:00,26318.6,26357.9,26306.1,26316.7,5533.0
2026-05-08 15:45:00,26317.2,26336.4,26282.8,26298.1,3584.0
2026-05-08 16:30:00,26298.6,26323.1,26279.5,26314.9,3539.0
2026-05-08 17:15:00,26314.4,26342.8,26313.1,26315.1,2339.0
2026-05-08 18:00:00,26315.6,26363.7,26311.1,26339.8,2836.0
2026-05-08 18:45:00,26340.3,26345.2,26315.7,26327.7,2368.0
2026-05-08 19:30:00,26327.8,26343.0,26316.9,26333.6,2650.0
2026-05-08 20:15:00,26333.4,26337.3,26326.0,26332.8,930.0
2026-05-10 22:00:00,26284.8,26291.8,26260.8,26281.0,2486.0
2026-05-10 22:45:00,26280.8,26314.2,26280.8,26303.8,1735.0
2026-05-10 23:30:00,26304.0,26307.1,26289.2,26302.4,2719.0
2026-05-11 00:15:00,26301.7,26313.6,26277.9,26292.4,3216.0
2026-05-11 01:00:00,26292.6,26341.2,26222.3,26240.6,7588.0
2026-05-11 01:45:00,26241.1,26313.7,26229.6,26257.2,8276.0
2026-05-11 02:30:00,26256.7,26333.6,26204.9,26312.8,7068.0
2026-05-11 03:15:00,26313.3,26353.7,26280.5,26317.8,4812.0
2026-05-11 04:00:00,26306.7,26311.4,26299.3,26309.7,952.0
2026-05-11 04:45:00,26309.5,26346.3,26289.2,26304.2,4490.0
2026-05-11 05:30:00,26302.9,26418.6,26296.5,26404.2,6264.0
2026-05-11 06:15:00,26404.7,26415.8,26367.5,26406.0,5089.0
2026-05-11 07:00:00,26406.5,26417.8,26374.9,26406.0,3998.0
2026-05-11 07:45:00,26405.0,26419.6,26370.7,26416.0,3319.0
2026-05-11 08:30:00,26403.0,26408.5,26397.0,26402.5,2223.0
2026-05-11 09:15:00,26397.8,26431.2,26386.8,26406.5,2160.0
2026-05-11 10:00:00,26405.5,26412.0,26379.6,26399.7,2425.0
2026-05-11 10:45:00,26400.2,26419.9,26390.1,26412.4,1711.0
2026-05-11 11:30:00,26412.6,26430.4,26400.6,26410.3,2263.0
2026-05-11 12:15:00,26410.8,26451.7,26405.3,26451.7,3232.0
2026-05-11 13:00:00,26452.7,26552.7,26446.0,26541.9,4441.0
2026-05-11 13:45:00,26542.4,26590.1,26541.8,26557.2,5251.0
2026-05-11 14:30:00,26557.7,26581.0,26520.9,26543.2,5061.0
2026-05-11 15:15:00,26543.7,26588.1,26537.5,26558.4,3569.0
2026-05-11 16:00:00,26558.9,26576.7,26512.5,26526.9,2614.0
2026-05-11 16:45:00,26527.4,26550.9,26509.4,26541.8,3108.0
2026-05-11 17:30:00,26541.3,26550.5,26508.8,26527.9,2073.0
2026-05-11 18:15:00,26527.4,26542.9,26502.3,26502.4,2057.0
2026-05-11 19:00:00,26502.5,26520.4,26496.7,26496.7,2671.0
2026-05-11 19:45:00,26496.6,26512.6,26482.0,26497.3,2379.0
2026-05-11 20:30:00,26496.7,26502.7,26492.4,26499.8,542.0
2026-05-11 21:00:00,26498.7,26500.3,26497.5,26498.5,85.0
2026-05-11 21:45:00,26498.6,26513.8,26497.9,26511.5,820.0
2026-05-11 22:30:00,26511.9,26519.0,26510.8,26513.1,533.0
2026-05-11 23:15:00,26512.9,26513.8,26502.7,26507.7,857.0
2026-05-12 00:00:00,26507.8,26507.9,26465.6,26477.1,3048.0
2026-05-12 00:45:00,26477.6,26495.7,26430.8,26480.0,3136.0
2026-05-12 01:30:00,26479.5,26574.5,26412.1,26509.6,9616.0
2026-05-12 02:15:00,26510.6,26595.7,26448.1,26570.1,8101.0
2026-05-12 03:00:00,26569.1,26582.5,26462.2,26479.8,6349.0
2026-05-12 03:45:00,26478.8,26485.7,26467.4,26476.7,2320.0
2026-05-12 04:30:00,26476.9,26481.8,26417.3,26438.1,3613.0
2026-05-12 05:15:00,26442.6,26466.4,26411.1,26420.1,6222.0
2026-05-12 06:00:00,26419.6,26427.6,26338.1,26360.1,5646.0
2026-05-12 06:45:00,26360.6,26383.5,26318.7,26382.0,4928.0
2026-05-12 07:30:00,26383.5,26384.0,26306.1,26310.1,4031.0
2026-05-12 08:15:00,26310.6,26345.3,26300.1,26326.1,3064.0
2026-05-12 09:00:00,26325.8,26376.7,26310.6,26350.6,3822.0
2026-05-12 09:45:00,26351.1,26383.4,26351.1,26375.1,2864.0
2026-05-12 10:30:00,26375.6,26397.6,26344.0,26361.6,2914.0
2026-05-12 11:15:00,26362.1,26394.2,26349.5,26374.2,2976.0
2026-05-12 12:00:00,26375.7,26421.5,26353.2,26413.4,4096.0
2026-05-12 12:45:00,26412.9,26437.3,26386.5,26391.0,3629.0
2026-05-12 13:30:00,26392.5,26431.4,26268.7,26327.2,8284.0
2026-05-12 14:15:00,26328.7,26342.2,26255.0,26265.2,7126.0
2026-05-12 15:00:00,26265.7,26277.3,26194.2,26251.8,6741.0
2026-05-12 15:45:00,26251.2,26276.5,26222.6,26245.9,5098.0
2026-05-12 16:30:00,26244.9,26265.3,26222.3,26261.0,5141.0
2026-05-12 17:15:00,26261.5,26301.6,26261.0,26298.2,3737.0
2026-05-12 18:00:00,26297.7,26351.8,26291.5,26350.8,3461.0
2026-05-12 18:45:00,26350.3,26386.9,26339.6,26340.1,2497.0
2026-05-12 19:30:00,26340.2,26355.1,26324.6,26334.4,3320.0
2026-05-12 20:15:00,26333.9,26339.8,26323.6,26334.5,1095.0
2026-05-12 21:00:00,26333.4,26333.4,26327.3,26332.1,105.0
2026-05-12 21:45:00,26331.8,26349.6,26331.7,26346.8,1129.0
2026-05-12 22:30:00,26346.6,26349.5,26330.4,26336.1,1091.0
2026-05-12 23:15:00,26336.3,26338.9,26313.0,26313.3,1688.0
2026-05-13 00:00:00,26312.8,26342.9,26308.7,26325.0,4363.0
2026-05-13 00:45:00,26324.5,26394.8,26315.4,26386.2,4148.0
2026-05-13 01:30:00,26379.2,26379.2,26239.3,26241.9,9151.0
2026-05-13 02:15:00,26241.4,26305.8,26223.9,26241.1,7082.0
2026-05-13 03:00:00,26240.6,26388.9,26215.2,26387.9,6507.0
2026-05-13 03:45:00,26387.4,26431.3,26385.4,26390.6,2232.0
2026-05-13 04:30:00,26391.1,26469.4,26385.9,26430.8,3577.0
2026-05-13 05:15:00,26429.3,26430.3,26318.3,26342.7,6738.0
2026-05-13 06:00:00,26342.2,26381.6,26283.7,26374.7,6329.0
2026-05-13 06:45:00,26374.2,26382.2,26334.9,26371.8,5052.0
2026-05-13 07:30:00,26372.3,26373.3,26337.4,26359.4,4118.0
2026-05-13 08:15:00,26358.9,26369.6,26335.6,26340.1,2138.0
2026-05-13 09:00:00,26340.4,26359.7,26260.7,26271.5,4222.0
2026-05-13 09:45:00,26272.0,26302.9,26233.7,26265.4,4216.0
2026-05-13 10:30:00,26264.9,26270.4,26225.4,26239.8,2740.0
2026-05-13 11:15:00,26239.3,26290.0,26233.5,26275.5,2604.0
2026-05-13 12:00:00,26274.5,26284.7,26125.2,26151.5,4465.0
2026-05-13 12:45:00,26152.5,26189.7,26139.9,26188.7,3680.0
2026-05-13 13:30:00,26188.2,26769.6,26182.7,26746.5,9692.0
2026-05-13 14:15:00,26747.0,26826.3,26715.1,26797.7,7809.0
2026-05-13 15:00:00,26797.5,26860.4,26789.7,26848.2,6092.0
2026-05-13 15:45:00,26848.7,26852.1,26786.4,26843.1,5136.0
2026-05-13 16:30:00,26842.6,26882.0,26824.1,26834.0,3888.0
2026-05-13 17:15:00,26833.5,26877.6,26827.8,26830.2,3309.0
2026-05-13 18:00:00,26830.7,26900.0,26827.9,26879.9,3819.0
2026-05-13 18:45:00,26880.9,26896.0,26850.8,26887.7,2742.0
2026-05-13 19:30:00,26887.8,26903.2,26844.0,26866.4,2695.0
2026-05-13 20:15:00,26865.8,26877.1,26861.7,26871.2,937.0
2026-05-13 21:00:00,26873.0,26874.9,26871.0,26873.3,144.0
2026-05-13 21:45:00,26872.7,26880.8,26859.6,26860.8,1100.0
2026-05-13 22:30:00,26861.0,26886.4,26860.4,26873.6,1312.0
2026-05-13 23:15:00,26873.5,26874.4,26860.4,26872.4,1257.0
2026-05-14 00:00:00,26872.6,26895.6,26861.0,26890.5,3452.0
2026-05-14 00:45:00,26890.7,26933.4,26853.2,26867.9,3753.0
2026-05-14 01:30:00,26857.9,26857.9,26554.5,26563.8,9300.0
2026-05-14 02:15:00,26563.3,26639.5,26525.3,26566.6,8442.0
2026-05-14 03:00:00,26567.1,26585.3,26433.3,26514.3,7548.0
2026-05-14 03:45:00,26514.0,26523.9,26471.1,26499.0,2817.0
2026-05-14 04:30:00,26499.5,26534.3,26480.5,26488.4,4011.0
2026-05-14 05:15:00,26487.9,26564.0,26440.2,26451.9,7829.0
2026-05-14 06:00:00,26450.9,26498.6,26417.2,26457.2,6913.0
2026-05-14 06:45:00,26458.7,26468.5,26408.8,26421.8,5409.0
2026-05-14 07:30:00,26421.3,26427.8,26315.5,26375.0,5162.0
2026-05-14 08:15:00,26374.0,26388.2,26347.8,26361.3,3253.0
2026-05-14 09:00:00,26361.8,26373.2,26278.8,26311.3,3841.0
2026-05-14 09:45:00,26311.8,26388.4,26311.8,26373.7,4008.0
2026-05-14 10:30:00,26374.2,26398.4,26339.8,26376.6,3420.0
2026-05-14 11:15:00,26376.1,26406.4,26350.0,26388.4,2747.0
2026-05-14 12:00:00,26386.9,26414.6,26337.5,26344.2,3206.0
2026-05-14 12:45:00,26343.7,26364.9,26312.7,26339.5,3921.0
2026-05-14 13:30:00,26340.5,26366.9,26197.3,26309.8,8839.0
2026-05-14 14:15:00,26310.3,26403.2,26302.3,26372.6,6504.0
2026-05-14 15:00:00,26372.1,26422.6,26341.8,26384.7,4796.0
2026-05-14 15:45:00,26385.2,26405.8,26336.6,26349.1,3813.0
2026-05-14 16:30:00,26348.6,26406.4,26340.9,26381.9,4596.0
2026-05-14 17:15:00,26381.4,26403.5,26355.7,26378.7,4362.0
2026-05-14 18:00:00,26379.2,26399.2,26350.4,26378.3,3748.0
2026-05-14 18:45:00,26377.8,26391.7,26344.1,26344.4,2320.0
2026-05-14 19:30:00,26344.5,26369.7,26332.2,26356.3,2630.0
2026-05-14 20:15:00,26355.7,26358.6,26336.4,26347.0,1203.0
2026-05-14 21:00:00,26343.3,26349.8,26341.4,26344.5,121.0
2026-05-14 21:45:00,26344.0,26354.2,26338.6,26347.8,1051.0
2026-05-14 22:30:00,26347.4,26355.6,26346.4,26355.0,782.0
2026-05-14 23:15:00,26354.9,26359.8,26340.1,26344.7,1214.0
2026-05-15 00:00:00,26344.2,26359.9,26325.2,26331.5,3695.0
2026-05-15 00:45:00,26331.9,26342.2,26239.7,26321.8,4713.0
2026-05-15 01:30:00,26321.3,26340.8,26127.8,26137.0,9871.0
2026-05-15 02:15:00,26136.5,26193.1,26042.9,26118.1,8684.0
2026-05-15 03:00:00,26116.6,26151.8,26095.7,26137.4,6868.0
2026-05-15 03:45:00,26137.9,26153.0,26102.9,26114.2,3154.0
2026-05-15 04:30:00,26113.7,26122.0,26002.5,26027.6,4831.0
2026-05-15 05:15:00,26028.1,26045.5,25847.8,25859.5,7554.0
2026-05-15 06:00:00,25859.0,25939.0,25839.8,25936.7,7868.0
2026-05-15 06:45:00,25937.7,25987.6,25881.7,25977.1,6185.0
2026-05-15 07:30:00,25978.1,25979.6,25888.9,25903.6,5092.0
2026-05-15 08:15:00,25903.1,25904.1,25815.0,25846.0,6237.0
2026-05-15 09:00:00,25845.6,25877.6,25810.8,25855.8,5686.0
2026-05-15 09:45:00,25853.8,25919.8,25828.8,25889.9,5670.0
2026-05-15 10:30:00,25889.4,25971.8,25869.1,25916.4,6061.0
2026-05-15 11:15:00,25915.9,25924.2,25852.3,25859.0,4569.0
2026-05-15 12:00:00,25859.5,25867.7,25806.6,25810.0,5161.0
2026-05-15 12:45:00,25810.5,25903.1,25805.5,25886.0,4636.0
2026-05-15 13:30:00,25886.5,25891.0,25719.2,25809.4,9024.0
2026-05-15 14:15:00,25809.9,25870.5,25753.2,25771.4,8088.0
2026-05-15 15:00:00,25770.9,25788.0,25737.1,25750.1,7132.0
2026-05-15 15:45:00,25749.6,25756.2,25699.1,25736.5,6127.0
2026-05-15 16:30:00,25737.5,25766.7,25716.5,25765.2,4344.0
2026-05-15 17:15:00,25765.7,25793.0,25752.5,25790.2,3645.0
2026-05-15 18:00:00,25790.7,25800.3,25733.0,25763.6,4537.0
2026-05-15 18:45:00,25763.1,25792.5,25722.2,25723.5,3425.0
2026-05-15 19:30:00,25723.6,25745.4,25633.1,25656.6,4764.0
2026-05-15 20:15:00,25656.2,25661.4,25639.6,25651.0,1957.0
2026-05-17 22:00:00,25654.7,25689.9,25654.1,25685.0,4608.0
2026-05-17 22:45:00,25685.2,25691.2,25649.6,25656.0,4299.0
2026-05-17 23:30:00,25656.2,25665.2,25577.4,25606.9,8092.0
2026-05-18 00:15:00,25606.7,25625.8,25589.2,25619.2,8426.0
2026-05-18 01:00:00,25619.5,25797.1,25591.7,25687.3,9397.0
2026-05-18 01:45:00,25687.8,25714.4,25534.8,25598.7,9541.0
2026-05-18 02:30:00,25599.7,25641.9,25504.2,25513.1,8374.0
2026-05-18 03:15:00,25512.6,25616.8,25489.5,25596.1,6588.0
2026-05-18 04:00:00,25587.9,25605.2,25567.9,25586.8,3944.0
2026-05-18 04:45:00,25586.6,25680.8,25569.8,25659.8,7140.0
2026-05-18 05:30:00,25659.7,25674.6,25533.1,25545.7,7603.0
2026-05-18 06:15:00,25547.2,25624.0,25538.4,25624.0,6241.0
2026-05-18 07:00:00,25624.9,25658.5,25562.7,25621.7,6418.0
2026-05-18 07:45:00,25622.2,25670.4,25601.9,25658.9,4663.0
2026-05-18 08:30:00,25650.3,25664.2,25637.2,25644.3,3705.0
2026-05-18 09:15:00,25643.9,25695.0,25643.9,25672.9,3383.0
2026-05-18 10:00:00,25671.9,25679.7,25608.1,25637.6,3911.0
2026-05-18 10:45:00,25637.1,25653.5,25574.8,25616.6,3459.0
2026-05-18 11:30:00,25616.1,25776.9,25615.6,25730.7,6603.0
2026-05-18 12:15:00,25731.2,25819.3,25697.6,25790.9,5945.0
2026-05-18 13:00:00,25789.4,25790.4,25634.2,25645.4,6336.0
2026-05-18 13:45:00,25646.4,25766.6,25643.4,25724.1,7694.0
2026-05-18 14:30:00,25723.6,25733.0,25630.8,25668.5,8569.0
2026-05-18 15:15:00,25668.0,25697.3,25630.2,25682.1,6921.0
2026-05-18 16:00:00,25682.6,25716.1,25628.5,25657.4,6906.0
2026-05-18 16:45:00,25657.9,25711.9,25654.0,25700.3,5379.0
2026-05-18 17:30:00,25701.3,25713.9,25661.5,25666.5,5309.0
2026-05-18 18:15:00,25667.0,25667.5,25586.2,25586.2,5458.0
2026-05-18 19:00:00,25586.3,25663.0,25585.5,25653.3,6523.0
2026-05-18 19:45:00,25653.1,25660.0,25624.7,25633.9,3298.0
2026-05-18 20:30:00,25634.4,25640.8,25630.1,25631.6,654.0
2026-05-18 21:00:00,25635.3,25636.2,25631.3,25633.6,124.0
2026-05-18 21:45:00,25632.8,25677.6,25632.6,25674.1,2081.0
2026-05-18 22:30:00,25675.2,25684.7,25664.4,25675.9,2079.0
2026-05-18 23:15:00,25676.1,25683.5,25654.4,25659.4,2188.0
2026-05-19 00:00:00,25659.8,25665.7,25619.3,25627.4,6736.0
2026-05-19 00:45:00,25627.9,25706.6,25581.0,25680.5,6134.0
2026-05-19 01:30:00,25676.5,25815.5,25630.5,25734.4,9840.0
2026-05-19 02:15:00,25734.9,25839.5,25690.9,25725.0,9088.0
2026-05-19 03:00:00,25726.0,25758.6,25682.6,25748.1,7253.0
2026-05-19 03:45:00,25749.1,25768.3,25707.8,25715.9,4843.0
2026-05-19 04:30:00,25716.4,25775.3,25698.1,25753.4,5737.0
2026-05-19 05:15:00,25752.9,25754.9,25669.6,25739.3,7972.0
2026-05-19 06:00:00,25738.8,25803.1,25711.8,25797.6,7139.0
2026-05-19 06:45:00,25798.1,25825.0,25770.1,25800.2,4971.0
2026-05-19 07:30:00,25800.7,25803.8,25739.8,25756.2,4511.0
2026-05-19 08:15:00,25755.2,25775.2,25734.8,25742.3,3824.0
2026-05-19 09:00:00,25742.5,25742.5,25673.8,25695.9,5012.0
2026-05-19 09:45:00,25695.4,25730.5,25685.1,25722.7,3410.0
2026-05-19 10:30:00,25723.7,25743.8,25664.0,25703.4,5103.0
2026-05-19 11:15:00,25702.9,25709.8,25657.4,25659.4,3713.0
2026-05-19 12:00:00,25659.9,25701.8,25641.4,25691.4,4325.0
2026-05-19 12:45:00,25690.9,25698.7,25592.0,25601.4,4889.0
2026-05-19 13:30:00,25601.9,25722.5,25593.4,25630.1,5287.0
2026-05-19 14:15:00,25630.6,25646.7,25580.6,25607.7,7506.0
2026-05-19 15:00:00,25608.2,25670.1,25608.2,25652.7,6796.0
2026-05-19 15:45:00,25653.2,25682.0,25611.9,25671.5,5657.0
2026-05-19 16:30:00,25671.0,25717.2,25664.1,25711.5,4496.0
2026-05-19 17:15:00,25711.0,25717.7,25670.9,25693.1,3983.0
2026-05-19 18:00:00,25693.6,25712.4,25658.7,25686.9,4209.0
2026-05-19 18:45:00,25686.4,25686.9,25632.0,25639.9,4365.0
2026-05-19 19:30:00,25640.1,25647.4,25621.4,25639.2,4350.0
2026-05-19 20:15:00,25638.7,25647.5,25633.1,25637.8,976.0
2026-05-19 21:00:00,25641.9,25648.0,25641.5,25644.1,89.0
2026-05-19 21:45:00,25643.8,25657.3,25630.4,25633.4,1991.0
2026-05-19 22:30:00,25633.6,25659.2,25628.8,25655.8,2088.0
2026-05-19 23:15:00,25656.1,25686.8,25654.7,25661.1,2561.0
2026-05-20 00:00:00,25660.6,25660.6,25608.3,25645.2,8731.0
2026-05-20 00:45:00,25645.0,25661.4,25609.5,25632.2,7023.0
2026-05-20 01:30:00,25633.7,25692.0,25536.6,25585.8,9463.0
2026-05-20 02:15:00,25587.3,25637.7,25527.7,25546.5,8494.0
2026-05-20 03:00:00,25547.0,25677.6,25520.6,25640.1,7599.0
2026-05-20 03:45:00,25640.6,25649.2,25623.1,25634.8,4464.0
2026-05-20 04:30:00,25635.3,25678.2,25604.9,25647.8,5317.0
2026-05-20 05:15:00,25647.3,25648.3,25562.8,25603.8,7024.0
2026-05-20 06:00:00,25603.3,25634.2,25560.3,25572.9,6852.0
2026-05-20 06:45:00,25572.4,25691.6,25569.5,25653.4,5885.0
2026-05-20 07:30:00,25652.9,25653.6,25599.9,25613.5,4352.0
2026-05-20 08:15:00,25613.8,25632.7,25602.8,25620.6,4024.0
2026-05-20 09:00:00,25620.0,25646.1,25607.8,25641.4,3045.0
2026-05-20 09:45:00,25641.9,25707.2,25638.9,25668.8,2487.0
2026-05-20 10:30:00,25668.3,25704.1,25656.7,25658.7,2864.0
2026-05-20 11:15:00,25659.2,25696.8,25644.0,25656.8,2623.0
2026-05-20 12:00:00,25656.3,25709.0,25652.3,25682.0,3370.0
2026-05-20 12:45:00,25682.5,25692.2,25658.7,25685.1,2776.0
2026-05-20 13:30:00,25683.6,25683.6,25532.8,25584.3,8995.0
2026-05-20 14:15:00,25584.8,25730.9,25576.6,25705.7,7041.0
2026-05-20 15:00:00,25705.2,25815.0,25679.0,25792.0,6784.0
2026-05-20 15:45:00,25793.0,25809.4,25739.6,25758.0,5130.0
2026-05-20 16:30:00,25758.5,25793.9,25745.3,25767.6,4131.0
2026-05-20 17:15:00,25768.1,25802.1,25762.5,25791.1,2758.0
2026-05-20 18:00:00,25791.6,25812.2,25778.1,25783.6,2229.0
2026-05-20 18:45:00,25781.6,25822.5,25779.6,25810.9,1903.0
2026-05-20 19:30:00,25810.8,25820.6,25766.2,25769.7,2616.0
2026-05-20 20:15:00,25770.6,25785.2,25733.3,25744.9,2989.0
2026-05-20 21:00:00,25760.4,25766.1,25742.9,25761.7,270.0
2026-05-20 21:45:00,25761.8,25771.6,25696.2,25717.4,2389.0
2026-05-20 22:30:00,25717.3,25736.6,25714.6,25730.4,1754.0
2026-05-20 23:15:00,25730.0,25731.8,25716.3,25730.5,1832.0
2026-05-21 00:00:00,25730.4,25740.5,25719.3,25738.7,3481.0
2026-05-21 00:45:00,25739.0,25868.8,25735.6,25816.1,2207.0
2026-05-21 01:30:00,25810.6,25829.9,25673.3,25745.8,5495.0
2026-05-21 02:15:00,25745.3,25768.4,25611.1,25643.5,4997.0
2026-05-21 03:00:00,25641.5,25682.1,25623.2,25650.8,4145.0
2026-05-21 03:45:00,25650.3,25657.9,25630.9,25650.4,1713.0
2026-05-21 04:30:00,25650.2,25693.2,25619.8,25626.6,2287.0
2026-05-21 05:15:00,25626.1,25647.7,25458.1,25509.6,4670.0
2026-05-21 06:00:00,25507.6,25531.9,25391.3,25411.0,4731.0
2026-05-21 06:45:00,25411.5,25428.5,25345.7,25384.3,4382.0
2026-05-21 07:30:00,25383.8,25400.9,25342.7,25397.2,3524.0
2026-05-21 08:15:00,25398.2,25428.1,25386.0,25392.8,3394.0
2026-05-21 09:00:00,25392.3,25473.3,25389.2,25435.2,3119.0
2026-05-21 09:45:00,25434.7,25476.5,25334.3,25374.6,2800.0
2026-05-21 10:30:00,25372.1,25372.6,25282.3,25358.4,4589.0
2026-05-21 11:15:00,25357.9,25400.9,25354.5,25379.6,3045.0
2026-05-21 12:00:00,25381.1,25420.5,25349.3,25405.8,3251.0
2026-05-21 12:45:00,25406.3,25441.4,25391.5,25422.8,3183.0
2026-05-21 13:30:00,25427.8,25501.7,25349.7,25440.7,3342.0
2026-05-21 14:15:00,25444.2,25448.9,25378.4,25426.7,3485.0
2026-05-21 15:00:00,25426.2,25480.0,25399.1,25463.0,3661.0
2026-05-21 15:45:00,25463.7,25506.6,25461.5,25506.6,3092.0
2026-05-21 16:30:00,25507.1,25568.5,25490.9,25545.0,2815.0
2026-05-21 17:15:00,25546.5,25688.3,25546.5,25674.3,3559.0
2026-05-21 18:00:00,25671.3,25688.3,25648.4,25662.0,3085.0
2026-05-21 18:45:00,25662.5,25666.0,25579.2,25601.0,3665.0
2026-05-21 19:30:00,25600.7,25647.5,25594.7,25641.9,2922.0
2026-05-21 20:15:00,25642.0,25642.0,25629.3,25637.1,1166.0
2026-05-21 21:00:00,25636.8,25638.8,25634.8,25636.1,130.0
2026-05-21 21:45:00,25636.2,25648.2,25628.6,25638.8,1528.0
2026-05-21 22:30:00,25639.0,25651.4,25628.8,25646.0,1650.0
2026-05-21 23:15:00,25645.7,25653.1,25639.4,25645.2,1180.0
2026-05-22 00:00:00,25646.1,25659.1,25637.1,25650.9,2493.0
2026-05-22 00:45:00,25651.3,25670.7,25615.1,25649.1,2038.0
2026-05-22 01:30:00,25648.1,25648.1,25512.8,25570.9,4776.0
2026-05-22 02:15:00,25571.4,25620.4,25487.1,25616.5,4294.0
2026-05-22 03:00:00,25617.0,25702.2,25585.7,25688.0,3646.0
2026-05-22 03:45:00,25686.0,25731.0,25679.1,25692.6,1623.0
2026-05-22 04:30:00,25692.8,25742.3,25686.3,25728.1,1905.0
2026-05-22 05:15:00,25729.1,25734.6,25647.8,25664.0,3635.0
2026-05-22 06:00:00,25666.0,25715.6,25637.1,25652.0,3675.0
2026-05-22 06:45:00,25651.5,25667.5,25567.3,25599.7,3370.0
2026-05-22 07:30:00,25601.7,25626.6,25575.7,25590.3,3009.0
2026-05-22 08:15:00,25589.3,25613.9,25512.4,25513.2,2619.0
2026-05-22 09:00:00,25512.9,25513.2,25165.8,25437.6,3974.0
2026-05-22 09:45:00,25439.1,25468.1,25339.0,25343.4,3679.0
2026-05-22 10:30:00,25342.4,25355.0,25232.1,25244.0,3486.0
2026-05-22 11:15:00,25243.0,25272.6,25200.8,25237.2,3298.0
2026-05-22 12:00:00,25236.7,25254.1,25160.9,25213.6,3935.0
2026-05-22 12:45:00,25215.1,25319.4,25214.6,25274.1,3656.0
2026-05-22 13:30:00,25273.6,25450.4,25273.6,25361.6,5378.0
2026-05-22 14:15:00,25362.1,25446.0,25332.8,25385.8,4433.0
2026-05-22 15:00:00,25385.3,25451.0,25374.2,25430.3,3536.0
2026-05-22 15:45:00,25429.8,25445.8,25397.3,25443.8,2995.0
2026-05-22 16:30:00,25444.3,25475.9,25427.9,25475.9,2448.0
2026-05-22 17:15:00,25476.4,25534.8,25446.2,25473.7,3307.0
2026-05-22 18:00:00,25473.2,25490.9,25458.2,25479.4,2643.0
2026-05-22 18:45:00,25479.9,25482.4,25418.2,25418.5,2249.0
2026-05-22 19:30:00,25418.6,25455.0,25414.9,25441.5,2943.0
2026-05-22 20:15:00,25441.9,25442.0,25420.1,25426.0,1960.0
2026-05-24 22:00:00,25524.1,25553.5,25511.3,25552.0,3100.0
2026-05-24 22:45:00,25551.7,25567.1,25549.2,25559.7,1702.0
2026-05-24 23:30:00,25559.8,25594.9,25559.8,25593.8,2441.0
2026-05-25 00:15:00,25594.0,25612.3,25591.1,25596.4,1773.0
2026-05-25 01:00:00,25596.6,25630.7,25594.1,25618.0,1654.0
2026-05-25 01:45:00,25618.5,25644.3,25604.5,25636.1,775.0
2026-05-25 02:30:00,25636.7,25671.4,25627.7,25628.1,902.0
2026-05-25 03:15:00,25628.8,25644.0,25620.6,25621.8,1170.0
2026-05-25 04:00:00,25622.4,25634.0,25622.0,25631.1,621.0
2026-05-25 04:45:00,25630.8,25640.5,25617.8,25625.5,877.0
2026-05-25 05:30:00,25624.8,25630.8,25555.4,25561.0,913.0
2026-05-25 06:15:00,25561.2,25581.0,25552.6,25572.8,1064.0
2026-05-25 07:00:00,25573.5,25593.1,25540.2,25580.9,2513.0
2026-05-25 07:45:00,25581.2,25584.9,25564.2,25567.2,1457.0
2026-05-25 08:30:00,25567.8,25585.7,25565.0,25578.1,1076.0
2026-05-25 09:15:00,25577.8,25588.2,25576.1,25582.1,746.0
2026-05-25 10:00:00,25581.7,25593.9,25578.4,25589.8,838.0
2026-05-25 10:45:00,25590.4,25591.1,25580.7,25587.1,603.0
2026-05-25 11:30:00,25587.2,25602.5,25587.2,25594.4,1113.0
2026-05-25 12:15:00,25594.1,25611.6,25591.2,25596.0,1111.0
2026-05-25 13:00:00,25595.7,25613.7,25589.6,25608.3,934.0
2026-05-25 13:45:00,25608.9,25617.1,25599.2,25604.3,1066.0
2026-05-25 14:30:00,25604.1,25627.8,25585.0,25612.0,1460.0
2026-05-25 15:15:00,25614.3,25618.9,25594.3,25602.7,1447.0
2026-05-25 16:00:00,25603.0,25604.7,25593.1,25599.7,635.0
2026-05-25 16:45:00,25599.6,25632.4,25599.0,25619.8,811.0
2026-05-25 17:30:00,25619.6,25619.6,25604.6,25604.6,49.0
2026-05-25 18:15:00,25604.8,25607.9,25600.5,25607.9,253.0
2026-05-25 19:00:00,25607.6,25607.9,25599.6,25604.1,162.0
2026-05-25 19:45:00,25604.2,25610.1,25598.0,25607.1,205.0
2026-05-25 21:45:00,25598.1,25605.5,25590.2,25595.7,1621.0
2026-05-25 22:30:00,25595.1,25595.1,25562.0,25565.1,2234.0
2026-05-25 23:15:00,25565.4,25582.9,25551.8,25571.2,2079.0
2026-05-26 00:00:00,25571.8,25572.0,25529.4,25544.3,3073.0
2026-05-26 00:45:00,25544.1,25736.8,25532.7,25587.8,3418.0
2026-05-26 01:30:00,25611.8,25688.3,25425.8,25646.9,5726.0
2026-05-26 02:15:00,25647.4,25710.5,25617.0,25676.3,5440.0
2026-05-26 03:00:00,25677.3,25772.4,25633.5,25716.8,4744.0
2026-05-26 03:45:00,25716.3,25741.6,25709.5,25722.2,1704.0
2026-05-26 04:30:00,25722.3,25730.4,25666.7,25691.8,2340.0
2026-05-26 05:15:00,25690.8,25709.0,25573.6,25590.5,4930.0
2026-05-26 06:00:00,25589.5,25717.2,25573.0,25678.3,4744.0
2026-05-26 06:45:00,25679.3,25683.3,25601.5,25623.8,3944.0
2026-05-26 07:30:00,25623.1,25626.1,25557.5,25565.4,3663.0
2026-05-26 08:15:00,25564.4,25564.9,25519.9,25534.4,2057.0
2026-05-26 09:00:00,25535.3,25550.1,25490.0,25524.4,2453.0
2026-05-26 09:45:00,25524.9,25552.0,25514.7,25542.6,2009.0
2026-05-26 10:30:00,25542.1,25575.0,25533.3,25548.0,2574.0
2026-05-26 11:15:00,25548.5,25551.1,25499.4,25519.7,2332.0
2026-05-26 12:00:00,25518.7,25531.1,25491.6,25523.2,2136.0
2026-05-26 12:45:00,25523.7,25541.1,25509.4,25516.2,2010.0
2026-05-26 13:30:00,25515.7,25581.4,25490.2,25564.2,5056.0
2026-05-26 14:15:00,25564.7,25575.1,25505.8,25508.8,3962.0
2026-05-26 15:00:00,25510.8,25513.7,25473.4,25497.4,3817.0
2026-05-26 15:45:00,25496.9,25527.4,25490.5,25524.5,3213.0
2026-05-26 16:30:00,25524.0,25534.2,25504.5,25516.5,2301.0
2026-05-26 17:15:00,25517.0,25518.9,25498.5,25506.8,2219.0
2026-05-26 18:00:00,25508.3,25533.2,25498.8,25525.7,2016.0
2026-05-26 18:45:00,25525.2,25536.7,25512.6,25534.5,1597.0
2026-05-26 19:30:00,25534.9,25579.5,25532.8,25557.7,2328.0
2026-05-26 20:15:00,25558.3,25568.4,25548.0,25551.2,1127.0
2026-05-26 21:00:00,25554.6,25557.0,25551.9,25556.9,151.0
2026-05-26 21:45:00,25557.0,25567.5,25541.6,25550.8,1412.0
2026-05-26 22:30:00,25551.1,25556.7,25541.5,25544.0,1115.0
2026-05-26 23:15:00,25544.3,25576.8,25542.1,25570.0,1575.0
2026-05-27 00:00:00,25570.6,25579.2,25545.2,25562.6,2465.0
2026-05-27 00:45:00,25564.5,25672.5,25548.4,25561.8,2821.0
2026-05-27 01:30:00,25583.8,25632.4,25469.7,25528.7,5701.0
2026-05-27 02:15:00,25528.6,25544.1,25384.8,25416.3,5209.0
2026-05-27 03:00:00,25414.8,25475.9,25364.6,25388.9,4447.0
2026-05-27 03:45:00,25389.4,25392.3,25350.4,25352.5,1865.0
2026-05-27 04:30:00,25351.9,25403.7,25351.1,25357.8,2660.0
2026-05-27 05:15:00,25358.3,25374.1,25309.9,25334.8,4948.0
2026-05-27 06:00:00,25334.9,25351.1,25269.9,25302.7,4676.0
2026-05-27 06:45:00,25302.2,25349.9,25275.0,25300.2,3519.0
2026-05-27 07:30:00,25301.5,25327.2,25275.9,25292.7,3513.0
2026-05-27 08:15:00,25292.2,25299.9,25264.4,25286.2,1913.0
2026-05-27 09:00:00,25285.9,25310.7,25264.8,25272.9,1800.0
2026-05-27 09:45:00,25272.4,25296.6,25265.9,25285.9,1471.0
2026-05-27 10:30:00,25285.4,25285.4,25198.3,25211.5,2124.0
2026-05-27 11:15:00,25211.0,25216.4,25176.9,25192.5,1939.0
2026-05-27 12:00:00,25193.0,25281.2,25155.6,25229.6,3222.0
2026-05-27 12:45:00,25229.1,25235.2,25186.1,25204.9,2441.0
2026-05-27 13:30:00,25201.9,25331.6,25200.9,25323.9,4688.0
2026-05-27 14:15:00,25324.4,25373.9,25284.2,25319.5,4304.0
2026-05-27 15:00:00,25320.2,25362.3,25300.8,25300.8,3705.0
2026-05-27 15:45:00,25301.3,25315.8,25277.0,25308.5,3084.0
2026-05-27 16:30:00,25307.5,25316.9,25251.8,25271.9,1828.0
2026-05-27 17:15:00,25272.4,25304.8,25270.9,25278.9,1127.0
2026-05-27 18:00:00,25278.4,25311.5,25269.4,25287.3,1011.0
2026-05-27 18:45:00,25284.8,25301.7,25262.6,25269.8,1354.0
2026-05-27 19:30:00,25269.9,25284.0,25260.2,25272.3,2181.0
2026-05-27 20:15:00,25272.7,25301.6,25272.7,25300.8,1776.0
2026-05-27 21:00:00,25297.3,25299.6,25290.2,25292.8,289.0
2026-05-27 21:45:00,25292.2,25314.2,25280.1,25280.8,1655.0
2026-05-27 22:30:00,25279.7,25289.9,25265.8,25278.6,1855.0
2026-05-27 23:15:00,25278.3,25288.4,25241.5,25243.9,2580.0
2026-05-28 00:00:00,25240.9,25268.5,25239.3,25256.2,3528.0
2026-05-28 00:45:00,25256.5,25289.1,25184.8,25214.3,3252.0
2026-05-28 01:30:00,25221.3,25228.5,24911.4,24935.2,5691.0
2026-05-28 02:15:00,24934.7,24940.9,24800.7,24804.0,5037.0
2026-05-28 03:00:00,24803.5,24846.5,24767.2,24767.8,5050.0
2026-05-28 03:45:00,24764.8,24771.8,24717.1,24731.2,4024.0
2026-05-28 04:30:00,24730.6,24767.1,24723.4,24739.1,3369.0
2026-05-28 05:15:00,24737.6,24976.7,24732.4,24971.5,5364.0
2026-05-28 06:00:00,24972.5,25013.1,24953.8,24976.8,5067.0
2026-05-28 06:45:00,24977.8,25020.6,24971.6,25003.4,4327.0
2026-05-28 07:30:00,25006.9,25015.4,24961.1,24986.5,3585.0
2026-05-28 08:15:00,24985.5,24986.5,24945.8,24958.9,1848.0
2026-05-28 09:00:00,24959.5,24992.6,24949.9,24964.3,1665.0
2026-05-28 09:45:00,24963.8,24976.3,24931.8,24950.1,2085.0
2026-05-28 10:30:00,24949.6,24952.1,24868.9,24897.4,2871.0
2026-05-28 11:15:00,24896.9,24931.8,24896.4,24910.0,2231.0
2026-05-28 12:00:00,24909.5,24965.4,24902.7,24961.7,2580.0
2026-05-28 12:45:00,24962.2,24981.6,24927.6,24930.6,2275.0
2026-05-28 13:30:00,24931.6,25090.3,24883.3,25043.4,4829.0
2026-05-28 14:15:00,25045.4,25079.3,25004.7,25061.0,4895.0
2026-05-28 15:00:00,25061.5,25095.7,25050.2,25063.4,3460.0
2026-05-28 15:45:00,25062.9,25107.8,25061.9,25099.2,2269.0
2026-05-28 16:30:00,25099.7,25118.6,25089.5,25102.3,1885.0
2026-05-28 17:15:00,25101.8,25135.9,25094.9,25123.3,1563.0
2026-05-28 18:00:00,25123.8,25133.5,25088.4,25101.6,1963.0
2026-05-28 18:45:00,25101.1,25114.7,25082.5,25091.8,1134.0
2026-05-28 19:30:00,25091.7,25124.7,25091.7,25122.5,2345.0
2026-05-28 20:15:00,25121.3,25124.1,25113.9,25117.6,1373.0
2026-05-28 21:00:00,25118.4,25126.4,25112.8,25118.8,246.0
2026-05-28 21:45:00,25119.1,25132.4,25110.4,25115.7,1551.0
2026-05-28 22:30:00,25115.1,25120.4,25109.4,25120.0,995.0
2026-05-28 23:15:00,25119.7,25125.9,25110.7,25116.2,1116.0
2026-05-29 00:00:00,25114.4,25119.7,25090.5,25095.2,1907.0
2026-05-29 00:45:00,25094.7,25188.4,25060.0,25185.2,2748.0
2026-05-29 01:30:00,25176.2,25221.6,25076.9,25131.9,5786.0
2026-05-29 02:15:00,25132.9,25136.4,25058.0,25065.8,5440.0
2026-05-29 03:00:00,25069.3,25281.4,25048.6,25278.6,5297.0
2026-05-29 03:45:00,25277.6,25296.2,25249.3,25267.1,2311.0
2026-05-29 04:30:00,25266.7,25291.9,25210.8,25218.3,2391.0
2026-05-29 05:15:00,25217.3,25304.2,25191.0,25233.4,5133.0
2026-05-29 06:00:00,25232.9,25264.3,25190.1,25202.7,5156.0
2026-05-29 06:45:00,25202.3,25258.4,25161.4,25175.1,4284.0
2026-05-29 07:30:00,25174.6,25214.5,25085.3,25133.6,4081.0
2026-05-29 08:15:00,25133.1,25145.5,25078.9,25095.2,1909.0
2026-05-29 09:00:00,25095.8,25140.9,25058.0,25140.3,2595.0
2026-05-29 09:45:00,25139.8,25155.3,25088.5,25096.0,2436.0
2026-05-29 10:30:00,25096.5,25137.4,25093.0,25133.0,2194.0
2026-05-29 11:15:00,25133.5,25141.9,25088.4,25127.5,2364.0
2026-05-29 12:00:00,25128.0,25136.6,25090.2,25134.2,2644.0
2026-05-29 12:45:00,25133.7,25157.0,25120.2,25152.7,2446.0
2026-05-29 13:30:00,25151.7,25235.9,25081.5,25193.8,4423.0
2026-05-29 14:15:00,25193.3,25321.6,25165.4,25273.7,4696.0
2026-05-29 15:00:00,25273.2,25312.6,25238.4,25260.0,4496.0
2026-05-29 15:45:00,25260.5,25268.6,25237.8,25248.4,3009.0
2026-05-29 16:30:00,25247.4,25269.5,25223.2,25232.7,2370.0
2026-05-29 17:15:00,25233.2,25268.9,25218.2,25222.4,2392.0
2026-05-29 18:00:00,25221.9,25245.0,25216.9,25233.2,2010.0
2026-05-29 18:45:00,25232.7,25232.7,25188.9,25200.5,2191.0
2026-05-29 19:30:00,25200.6,25214.3,25157.9,25169.5,2656.0
2026-05-29 20:15:00,25169.4,25170.1,25148.6,25157.1,1770.0
2026-05-31 22:00:00,25151.3,25174.4,25134.0,25174.1,2504.0
2026-05-31 22:45:00,25174.7,25191.3,25174.4,25190.9,1484.0
2026-05-31 23:30:00,25189.2,25214.1,25184.0,25214.1,2048.0
2026-06-01 00:15:00,25213.5,25251.8,25208.5,25245.8,1509.0
2026-06-01 01:00:00,25246.4,25409.1,25102.9,25372.7,4327.0
2026-06-01 01:45:00,25367.2,25469.6,25302.2,25466.8,5603.0
2026-06-01 02:30:00,25468.3,25491.8,25286.0,25291.4,5513.0
2026-06-01 03:15:00,25291.9,25416.1,25280.6,25392.1,4563.0
2026-06-01 04:00:00,25380.7,25391.0,25372.2,25390.9,772.0
2026-06-01 04:45:00,25390.6,25437.6,25362.0,25370.6,3581.0
2026-06-01 05:30:00,25371.1,25415.0,25349.2,25377.7,4892.0
2026-06-01 06:15:00,25377.2,25437.8,25333.8,25433.5,4305.0
2026-06-01 07:00:00,25432.6,25450.8,25372.2,25387.3,3510.0
2026-06-01 07:45:00,25386.8,25425.1,25339.8,25344.3,3018.0
2026-06-01 08:30:00,25327.4,25363.9,25319.4,25353.6,1613.0
2026-06-01 09:15:00,25345.7,25360.5,25324.0,25339.7,1836.0
2026-06-01 10:00:00,25342.2,25372.9,25337.0,25370.4,1559.0
2026-06-01 10:45:00,25370.9,25377.0,25327.9,25336.0,1713.0
2026-06-01 11:30:00,25335.5,25366.0,25325.3,25325.8,1753.0
2026-06-01 12:15:00,25326.3,25345.5,25308.2,25316.3,2330.0
2026-06-01 13:00:00,25319.3,25320.8,25135.5,25176.3,4756.0
2026-06-01 13:45:00,25176.8,25226.8,25140.2,25186.7,5039.0
2026-06-01 14:30:00,25185.2,25205.7,25151.7,25198.8,4483.0
2026-06-01 15:15:00,25199.3,25272.5,25183.1,25251.0,3303.0
2026-06-01 16:00:00,25251.5,25270.0,25211.6,25233.5,2631.0
2026-06-01 16:45:00,25233.0,25326.4,25226.5,25326.4,2696.0
2026-06-01 17:30:00,25325.4,25376.7,25301.5,25302.5,2909.0
2026-06-01 18:15:00,25303.0,25312.5,25290.8,25302.1,1754.0
2026-06-01 19:00:00,25289.4,25307.2,25286.3,25291.4,1498.0
2026-06-01 19:45:00,25291.2,25292.7,25262.9,25279.7,2221.0
2026-06-01 20:30:00,25279.8,25293.8,25263.9,25271.7,1329.0
2026-06-01 21:00:00,25270.6,25272.0,25262.6,25265.0,264.0
2026-06-01 21:45:00,25264.5,25280.1,25231.1,25232.2,1933.0
2026-06-01 22:30:00,25232.8,25242.9,25222.3,25239.1,1459.0
2026-06-01 23:15:00,25239.2,25248.2,25230.5,25244.2,1353.0
2026-06-02 00:00:00,25243.6,25243.8,25204.2,25209.2,3056.0
2026-06-02 00:45:00,25208.9,25392.5,25186.2,25374.7,3408.0
2026-06-02 01:30:00,25376.7,25674.1,25368.0,25671.6,5816.0
2026-06-02 02:15:00,25670.6,25790.4,25654.0,25705.5,5594.0
2026-06-02 03:00:00,25707.5,25707.9,25604.6,25663.4,4984.0
2026-06-02 03:45:00,25662.9,25749.0,25660.4,25719.9,2144.0
2026-06-02 04:30:00,25719.8,25830.8,25710.8,25827.8,2442.0
2026-06-02 05:15:00,25826.3,25873.0,25818.6,25852.3,4807.0
2026-06-02 06:00:00,25853.3,25944.0,25831.2,25943.5,4566.0
2026-06-02 06:45:00,25942.5,25972.6,25914.0,25970.5,4151.0
2026-06-02 07:30:00,25969.0,26050.5,25960.5,26019.9,3857.0
2026-06-02 08:15:00,26020.6,26055.0,26020.1,26024.0,1982.0
2026-06-02 09:00:00,26024.3,26025.8,25978.3,25995.5,1901.0
2026-06-02 09:45:00,25996.0,26012.2,25982.1,25993.0,1562.0
2026-06-02 10:30:00,25994.0,25996.0,25956.5,25960.8,1562.0
2026-06-02 11:15:00,25961.3,25981.1,25952.9,25959.7,1643.0
2026-06-02 12:00:00,25960.2,25974.8,25943.4,25954.5,2050.0
2026-06-02 12:45:00,25955.0,25955.0,25919.9,25929.9,2804.0
2026-06-02 13:30:00,25929.4,25936.9,25860.3,25899.6,5083.0
2026-06-02 14:15:00,25899.1,26004.1,25873.7,25983.1,4651.0
2026-06-02 15:00:00,25982.6,26073.7,25971.8,26054.1,4550.0
2026-06-02 15:45:00,26054.6,26054.6,25978.0,25985.0,2909.0
2026-06-02 16:30:00,25985.5,25991.2,25923.5,25927.0,2334.0
2026-06-02 17:15:00,25926.5,25931.0,25901.9,25915.0,2127.0
2026-06-02 18:00:00,25915.5,25937.0,25904.5,25929.5,2056.0
2026-06-02 18:45:00,25929.0,25958.2,25928.0,25937.6,1242.0
2026-06-02 19:30:00,25937.4,25989.1,25933.0,25975.0,2570.0
2026-06-02 20:15:00,25975.6,25980.7,25970.0,25978.0,1303.0
2026-06-02 21:00:00,25976.4,25981.6,25971.7,25978.2,180.0
2026-06-02 21:45:00,25979.0,25982.9,25965.7,25974.0,1887.0
2026-06-02 22:30:00,25973.7,25977.4,25941.9,25946.7,2281.0
2026-06-02 23:15:00,25947.0,25977.5,25910.0,25972.8,5141.0
2026-06-03 00:00:00,25974.0,25979.4,25958.0,25979.4,3335.0
2026-06-03 00:45:00,25979.3,25987.7,25892.7,25899.8,3852.0
2026-06-03 01:30:00,25896.3,25933.7,25680.0,25680.6,8944.0
2026-06-03 02:15:00,25683.1,25705.7,25600.2,25623.6,7543.0
2026-06-03 03:00:00,25622.1,25631.6,25576.7,25580.7,5514.0
2026-06-03 03:45:00,25581.2,25592.2,25560.3,25587.1,1311.0
2026-06-03 04:30:00,25587.5,25653.0,25556.7,25622.7,3194.0
2026-06-03 05:15:00,25622.2,25639.4,25562.7,25591.3,6794.0
2026-06-03 06:00:00,25590.3,25630.6,25572.1,25603.3,6947.0
2026-06-03 06:45:00,25602.8,25623.8,25574.8,25596.8,4587.0
2026-06-03 07:30:00,25597.3,25634.8,25580.9,25594.7,4258.0
2026-06-03 08:15:00,25594.2,25606.9,25552.0,25556.6,2274.0
2026-06-03 09:00:00,25556.4,25596.6,25552.8,25591.6,2103.0
2026-06-03 09:45:00,25591.1,25629.0,25563.7,25609.2,3130.0
2026-06-03 10:30:00,25609.7,25610.7,25562.4,25583.4,1971.0
2026-06-03 11:15:00,25582.9,25595.3,25573.1,25575.6,1620.0
2026-06-03 12:00:00,25575.1,25580.6,25483.0,25502.3,2580.0
2026-06-03 12:45:00,25502.8,25540.7,25498.1,25526.1,2537.0
2026-06-03 13:30:00,25526.6,25539.3,25401.5,25470.3,7173.0
2026-06-03 14:15:00,25469.8,25489.8,25422.9,25477.1,5568.0
2026-06-03 15:00:00,25478.1,25491.8,25412.2,25434.5,4833.0
2026-06-03 15:45:00,25435.0,25440.0,25387.4,25397.0,3678.0
2026-06-03 16:30:00,25396.5,25427.8,25373.7,25400.2,3349.0
2026-06-03 17:15:00,25400.7,25419.3,25385.4,25417.6,1874.0
2026-06-03 18:00:00,25418.1,25438.9,25411.1,25419.9,1874.0
2026-06-03 18:45:00,25420.4,25424.9,25365.9,25367.5,2002.0
2026-06-03 19:30:00,25367.3,25403.5,25345.2,25349.9,3580.0
2026-06-03 20:15:00,25350.5,25360.8,25293.9,25359.9,4065.0
2026-06-03 21:00:00,25360.3,25362.3,25314.2,25337.8,816.0
2026-06-03 21:45:00,25337.9,25369.0,25327.8,25348.9,3540.0
2026-06-03 22:30:00,25347.7,25368.2,25329.0,25347.7,4213.0
2026-06-03 23:15:00,25347.5,25349.0,25318.0,25336.2,3074.0
2026-06-04 00:00:00,25332.6,25382.8,25329.1,25377.8,5483.0
2026-06-04 00:45:00,25377.9,25414.9,25340.0,25388.2,5262.0
2026-06-04 01:30:00,25390.2,25479.0,25265.9,25310.1,9624.0
2026-06-04 02:15:00,25311.1,25346.9,25238.9,25291.7,7959.0
2026-06-04 03:00:00,25292.2,25296.1,25213.3,25219.3,5816.0
2026-06-04 03:45:00,25218.8,25249.5,25214.8,25242.0,2550.0
2026-06-04 04:30:00,25242.3,25288.6,25228.8,25257.6,3891.0
2026-06-04 05:15:00,25258.1,25276.1,25198.2,25211.8,6612.0
2026-06-04 06:00:00,25212.8,25240.0,25167.5,25228.3,6326.0
2026-06-04 06:45:00,25227.3,25279.8,25216.0,25274.0,4682.0
2026-06-04 07:30:00,25274.5,25292.9,25192.8,25196.9,4289.0
2026-06-04 08:15:00,25197.4,25202.4,25113.5,25119.3,4816.0
2026-06-04 09:00:00,25119.0,25169.1,25047.2,25159.5,4919.0
2026-06-04 09:45:00,25160.0,25200.7,25152.2,25189.3,2992.0
2026-06-04 10:30:00,25189.8,25202.7,25138.5,25197.0,3502.0
2026-06-04 11:15:00,25197.5,25244.3,25179.7,25232.3,4437.0
2026-06-04 12:00:00,25232.8,25246.8,25199.3,25245.8,3840.0
2026-06-04 12:45:00,25246.3,25274.8,25239.8,25260.8,2967.0
2026-06-04 13:30:00,25262.8,25351.4,25211.1,25233.2,8212.0
2026-06-04 14:15:00,25233.7,25264.3,25172.4,25212.6,5259.0
2026-06-04 15:00:00,25214.1,25261.6,25195.1,25231.3,4383.0
2026-06-04 15:45:00,25230.8,25242.9,25211.0,25234.7,2713.0
2026-06-04 16:30:00,25235.2,25236.7,25217.0,25221.5,1808.0
2026-06-04 17:15:00,25221.0,25230.8,25203.2,25213.7,1602.0
2026-06-04 18:00:00,25214.2,25225.0,25203.0,25213.2,1807.0
2026-06-04 18:45:00,25213.7,25239.7,25201.9,25204.4,1649.0
2026-06-04 19:30:00,25204.2,25207.8,25167.4,25171.0,3435.0
2026-06-04 20:15:00,25169.8,25174.4,25149.4,25157.1,2011.0
2026-06-04 21:00:00,25157.6,25161.7,25157.4,25161.7,135.0
2026-06-04 21:45:00,25161.1,25195.1,25141.8,25185.1,2418.0
2026-06-04 22:30:00,25185.7,25202.6,25179.9,25182.3,1934.0
2026-06-04 23:15:00,25182.7,25185.0,25161.9,25164.0,2524.0
2026-06-05 00:00:00,25163.9,25170.5,25137.7,25159.6,5124.0
2026-06-05 00:45:00,25159.8,25180.9,25009.0,25160.1,5913.0
2026-06-05 01:30:00,25159.6,25191.4,25075.7,25145.2,9888.0
2026-06-05 02:15:00,25146.2,25174.7,25010.4,25063.7,8665.0
2026-06-05 03:00:00,25064.2,25075.9,25005.0,25034.6,6964.0
2026-06-05 03:45:00,25034.1,25043.9,24998.5,25029.4,3557.0
2026-06-05 04:30:00,25030.0,25061.9,25010.3,25019.4,4548.0
2026-06-05 05:15:00,25018.9,25034.8,24933.9,24936.2,6902.0
2026-06-05 06:00:00,24936.7,25002.1,24917.1,24997.9,6750.0
2026-06-05 06:45:00,24996.9,25019.1,24946.8,24976.4,5935.0
2026-06-05 07:30:00,24976.9,24986.6,24930.2,24936.1,5096.0
2026-06-05 08:15:00,24936.6,24955.9,24909.8,24912.8,3475.0
2026-06-05 09:00:00,24913.2,25048.7,24911.7,25024.2,3940.0
2026-06-05 09:45:00,25024.7,25069.2,25023.1,25063.5,2375.0
2026-06-05 10:30:00,25063.0,25074.6,25050.0,25050.6,2305.0
2026-06-05 11:15:00,25050.1,25070.1,25022.7,25040.4,2976.0
2026-06-05 12:00:00,25039.9,25055.3,24968.0,24995.7,4674.0
2026-06-05 12:45:00,24996.2,25003.6,24920.2,24942.9,5757.0
2026-06-05 13:30:00,24941.4,24948.4,24815.5,24831.0,7918.0
2026-06-05 14:15:00,24831.5,24839.8,24771.6,24800.4,6825.0
2026-06-05 15:00:00,24800.9,24802.4,24670.4,24673.5,6145.0
2026-06-05 15:45:00,24673.0,24689.2,24631.6,24634.7,6032.0
2026-06-05 16:30:00,24635.2,24668.2,24590.5,24640.0,6459.0
2026-06-05 17:15:00,24639.5,24689.4,24631.1,24660.6,5736.0
2026-06-05 18:00:00,24661.1,24665.1,24599.1,24621.0,5771.0
2026-06-05 18:45:00,24620.5,24643.9,24458.3,24523.3,7208.0
2026-06-05 19:30:00,24527.4,24534.7,24382.2,24398.5,9084.0
2026-06-05 20:15:00,24397.8,24417.6,24376.3,24398.0,5256.0
2026-06-07 22:00:00,24382.7,24479.4,24377.2,24463.1,7770.0
2026-06-07 22:45:00,24462.8,24471.6,24378.8,24452.5,6984.0
2026-06-07 23:30:00,24452.2,24550.5,24451.2,24549.8,6923.0
2026-06-08 00:15:00,24550.1,24613.8,24540.7,24570.7,5859.0
2026-06-08 01:00:00,24570.4,24598.6,24437.4,24580.6,9448.0
2026-06-08 01:45:00,24579.6,24712.2,24541.7,24707.2,9386.0
2026-06-08 02:30:00,24706.2,24822.4,24678.5,24757.5,8825.0
2026-06-08 03:15:00,24757.0,24764.8,24623.8,24663.8,6653.0
2026-06-08 04:00:00,24649.4,24656.5,24606.4,24608.5,5156.0
2026-06-08 04:45:00,24608.8,24652.0,24590.5,24613.7,7554.0
2026-06-08 05:30:00,24614.7,24615.7,24476.3,24497.4,8064.0
2026-06-08 06:15:00,24497.9,24598.7,24496.4,24544.0,7142.0
2026-06-08 07:00:00,24542.0,24647.9,24521.2,24620.1,6558.0
2026-06-08 07:45:00,24618.6,24632.9,24573.4,24620.4,5407.0
2026-06-08 08:30:00,24612.3,24623.9,24574.7,24599.3,4699.0
2026-06-08 09:15:00,24605.8,24671.8,24580.7,24660.2,4690.0
2026-06-08 10:00:00,24660.7,24699.1,24615.8,24681.0,4639.0
2026-06-08 10:45:00,24681.5,24772.8,24626.7,24742.5,5414.0
2026-06-08 11:30:00,24743.0,24759.2,24710.4,24735.9,5124.0
2026-06-08 12:15:00,24735.4,24763.4,24705.1,24752.0,4550.0
2026-06-08 13:00:00,24751.5,24781.8,24671.7,24681.0,6596.0
2026-06-08 13:45:00,24680.5,24744.9,24641.2,24671.8,8136.0
2026-06-08 14:30:00,24670.8,24736.5,24669.2,24680.8,6164.0
2026-06-08 15:15:00,24681.3,24721.3,24657.7,24668.7,5694.0
2026-06-08 16:00:00,24669.2,24693.0,24629.5,24645.5,5650.0
2026-06-08 16:45:00,24645.0,24657.5,24575.7,24619.2,5789.0
2026-06-08 17:30:00,24618.7,24646.2,24584.2,24627.7,5706.0
2026-06-08 18:15:00,24628.2,24661.5,24597.4,24597.4,4948.0
2026-06-08 19:00:00,24597.6,24598.6,24548.9,24567.4,5519.0
2026-06-08 19:45:00,24567.3,24576.7,24545.1,24561.8,4249.0
2026-06-08 20:30:00,24561.2,24564.3,24544.7,24551.9,819.0
2026-06-08 21:00:00,24555.5,24558.0,24554.1,24556.4,90.0
2026-06-08 21:45:00,24556.3,24567.1,24500.8,24515.4,4191.0
2026-06-08 22:30:00,24515.5,24575.5,24514.8,24569.9,3396.0
2026-06-08 23:15:00,24570.2,24576.3,24535.7,24556.2,4725.0
2026-06-09 00:00:00,24556.1,24558.7,24498.6,24514.7,8613.0
2026-06-09 00:45:00,24515.0,24593.4,24496.4,24539.0,7591.0
2026-06-09 01:30:00,24539.5,24633.5,24434.0,24595.8,10411.0
2026-06-09 02:15:00,24594.8,24646.5,24490.1,24565.6,9277.0
2026-06-09 03:00:00,24568.6,24620.3,24503.1,24580.5,8160.0
2026-06-09 03:45:00,24579.5,24593.0,24569.1,24587.6,3535.0
2026-06-09 04:30:00,24587.9,24673.6,24579.4,24596.6,4682.0
2026-06-09 05:15:00,24595.1,24690.2,24566.4,24637.0,7990.0
2026-06-09 06:00:00,24638.0,24727.4,24632.5,24699.3,6955.0
2026-06-09 06:45:00,24699.0,24704.5,24608.8,24615.7,5061.0
2026-06-09 07:30:00,24615.2,24664.7,24525.5,24624.1,5509.0
2026-06-09 08:15:00,24623.1,24659.0,24608.0,24636.0,4350.0
2026-06-09 09:00:00,24635.8,24706.1,24633.3,24672.3,3186.0
2026-06-09 09:45:00,24670.8,24685.0,24583.3,24669.0,3131.0
2026-06-09 10:30:00,24669.5,24704.8,24663.2,24689.7,2280.0
2026-06-09 11:15:00,24690.2,24724.6,24681.7,24692.5,1970.0
2026-06-09 12:00:00,24692.0,24705.2,24665.9,24687.7,2838.0
2026-06-09 12:45:00,24687.2,24714.7,24660.4,24675.3,3095.0
2026-06-09 13:30:00,24673.8,24726.0,24568.5,24568.7,7792.0
2026-06-09 14:15:00,24568.2,24586.2,24448.3,24511.2,9207.0
2026-06-09 15:00:00,24511.7,24519.2,24345.2,24370.5,9217.0
2026-06-09 15:45:00,24370.0,24404.4,24277.9,24323.1,8552.0
2026-06-09 16:30:00,24319.6,24373.6,24226.3,24362.0,9207.0
2026-06-09 17:15:00,24363.0,24452.3,24351.1,24417.9,7538.0
2026-06-09 18:00:00,24418.4,24485.2,24404.8,24446.6,6568.0
2026-06-09 18:45:00,24447.1,24482.1,24421.7,24444.7,7183.0
2026-06-09 19:30:00,24444.5,24471.9,24418.0,24434.3,8850.0
2026-06-09 20:15:00,24434.2,24457.4,24426.3,24444.8,2734.0
2026-06-09 21:00:00,24439.5,24444.1,24401.1,24410.2,367.0
2026-06-09 21:45:00,24409.4,24438.9,24405.9,24420.0,4240.0
2026-06-09 22:30:00,24420.2,24421.3,24381.0,24397.4,5449.0
2026-06-09 23:15:00,24397.7,24416.8,24378.4,24414.5,5023.0
2026-06-10 00:00:00,24414.2,24451.3,24373.2,24386.1,8677.0
2026-06-10 00:45:00,24385.5,24444.5,24369.8,24390.7,8288.0
2026-06-10 01:30:00,24397.7,24477.9,24292.9,24329.2,10307.0
2026-06-10 02:15:00,24327.7,24372.0,24216.5,24250.9,9411.0
2026-06-10 03:00:00,24250.4,24401.5,24245.3,24262.6,8725.0
2026-06-10 03:45:00,24262.1,24270.2,24222.8,24227.4,5213.0
2026-06-10 04:30:00,24226.2,24248.9,24186.0,24221.7,6718.0
2026-06-10 05:15:00,24222.2,24343.3,24184.1,24324.7,8628.0
2026-06-10 06:00:00,24325.2,24376.0,24310.6,24358.5,7666.0
2026-06-10 06:45:00,24358.4,24406.7,24337.8,24379.1,5893.0
2026-06-10 07:30:00,24378.6,24394.9,24306.4,24319.1,5535.0
2026-06-10 08:15:00,24320.6,24335.2,24225.5,24239.9,6350.0
2026-06-10 09:00:00,24239.3,24297.1,24202.5,24268.0,6554.0
2026-06-10 09:45:00,24268.5,24284.6,24227.8,24262.4,4921.0
2026-06-10 10:30:00,24261.4,24300.9,24184.2,24244.8,5702.0
2026-06-10 11:15:00,24244.3,24257.6,24181.9,24239.3,6767.0
2026-06-10 12:00:00,24239.8,24364.3,24224.3,24351.2,7092.0
2026-06-10 12:45:00,24351.7,24380.0,24322.8,24350.6,6680.0
2026-06-10 13:30:00,24347.6,24493.9,24322.0,24464.5,8810.0
2026-06-10 14:15:00,24465.0,24472.3,24369.3,24401.4,8443.0
2026-06-10 15:00:00,24401.9,24441.8,24356.6,24400.8,8526.0
2026-06-10 15:45:00,24400.3,24436.5,24339.7,24400.4,8371.0
2026-06-10 16:30:00,24400.9,24429.7,24332.5,24340.8,7008.0
2026-06-10 17:15:00,24340.3,24368.5,24298.6,24358.7,6691.0
2026-06-10 18:00:00,24358.2,24395.0,24321.9,24337.2,6320.0
2026-06-10 18:45:00,24337.7,24346.6,24276.5,24283.0,6791.0
2026-06-10 19:30:00,24282.8,24305.3,24201.4,24229.5,8563.0
2026-06-10 20:15:00,24228.9,24240.5,24185.8,24211.5,3598.0
2026-06-10 21:00:00,24210.1,24231.6,24202.4,24219.5,336.0
2026-06-10 21:45:00,24218.4,24226.7,24170.5,24213.2,4610.0
2026-06-10 22:30:00,24212.9,24235.5,24152.0,24154.3,6266.0
2026-06-10 23:15:00,24153.4,24226.5,24145.3,24192.2,6914.0
2026-06-11 00:00:00,24191.9,24268.6,24172.8,24208.9,9799.0
2026-06-11 00:45:00,24209.3,24423.3,24209.3,24390.2,8131.0
2026-06-11 01:30:00,24375.2,24466.3,24104.0,24112.7,9773.0
2026-06-11 02:15:00,24114.7,24125.1,23984.9,24059.4,9259.0
2026-06-11 03:00:00,24058.9,24168.7,23966.1,24149.6,8591.0
2026-06-11 03:45:00,24151.6,24154.1,24084.4,24105.1,5712.0
2026-06-11 04:30:00,24104.8,24208.2,24079.9,24149.4,6212.0
2026-06-11 05:15:00,24148.4,24196.2,24091.9,24123.2,8564.0
2026-06-11 06:00:00,24122.7,24136.2,24068.7,24116.3,7281.0
2026-06-11 06:45:00,24116.8,24235.7,24107.8,24218.7,6752.0
2026-06-11 07:30:00,24218.2,24221.7,24175.4,24212.6,5004.0
2026-06-11 08:15:00,24213.1,24214.1,24155.5,24178.6,3300.0
2026-06-11 09:00:00,24178.9,24202.1,24160.1,24197.6,3189.0
2026-06-11 09:45:00,24198.1,24215.4,24185.0,24186.0,2646.0
2026-06-11 10:30:00,24185.5,24208.1,24172.3,24197.5,2608.0
2026-06-11 11:15:00,24197.0,24240.5,24178.0,24225.6,3464.0
2026-06-11 12:00:00,24226.1,24234.4,24030.9,24130.5,5814.0
2026-06-11 12:45:00,24132.0,24178.8,24123.0,24153.9,5629.0
2026-06-11 13:30:00,24153.4,24255.3,24145.4,24164.6,8555.0
2026-06-11 14:15:00,24165.1,24223.2,24120.3,24142.0,8348.0
2026-06-11 15:00:00,24142.5,24202.4,24121.7,24181.7,7824.0
2026-06-11 15:45:00,24182.7,24212.9,24153.8,24173.9,6421.0
2026-06-11 16:30:00,24173.4,24209.5,24127.6,24140.8,6207.0
2026-06-11 17:15:00,24140.3,24469.7,24110.7,24427.8,8585.0
2026-06-11 18:00:00,24427.3,24442.2,24345.4,24402.0,7672.0
2026-06-11 18:45:00,24402.5,24439.3,24381.4,24413.4,6294.0
2026-06-11 19:30:00,24413.6,24507.9,24413.2,24505.2,7813.0
2026-06-11 20:15:00,24504.6,24509.0,24459.3,24476.3,2838.0
2026-06-11 21:00:00,24479.1,24479.7,24466.4,24467.8,531.0
2026-06-11 21:45:00,24467.9,24557.8,24467.2,24537.6,3157.0
2026-06-11 22:30:00,24538.2,24541.2,24519.8,24525.7,2850.0
2026-06-11 23:15:00,24526.0,24541.4,24506.7,24533.3,4067.0
2026-06-12 00:00:00,24532.1,24548.7,24506.9,24508.1,5967.0
2026-06-12 00:45:00,24507.8,24538.0,24427.2,24437.6,6493.0
2026-06-12 01:30:00,24436.6,24645.9,24387.2,24620.8,9700.0
2026-06-12 02:15:00,24621.8,24688.8,24534.5,24687.2,8715.0
2026-06-12 03:00:00,24686.7,24729.8,24636.4,24723.6,7366.0
2026-06-12 03:45:00,24723.1,24748.0,24689.3,24712.2,3775.0
2026-06-12 04:30:00,24711.6,24752.6,24669.9,24703.5,4633.0
2026-06-12 05:15:00,24704.5,24729.7,24612.8,24618.2,8202.0
2026-06-12 06:00:00,24617.7,24648.9,24579.9,24583.1,6685.0
2026-06-12 06:45:00,24582.6,24626.3,24566.8,24608.7,5806.0
2026-06-12 07:30:00,24606.7,24693.7,24577.4,24681.3,5878.0
2026-06-12 08:15:00,24681.8,24739.9,24659.3,24675.8,5459.0
2026-06-12 09:00:00,24676.4,24778.2,24676.4,24746.9,5016.0
2026-06-12 09:45:00,24746.4,24762.7,24647.1,24658.4,4828.0
2026-06-12 10:30:00,24658.9,24692.9,24656.5,24677.7,3820.0
2026-06-12 11:15:00,24677.2,24713.8,24677.2,24699.7,3812.0
2026-06-12 12:00:00,24700.2,24705.7,24643.7,24651.0,4510.0
2026-06-12 12:45:00,24651.5,24722.7,24630.6,24722.7,4895.0
2026-06-12 13:30:00,24722.2,24728.3,24626.8,24682.8,9824.0
2026-06-12 14:15:00,24683.3,24724.6,24601.0,24720.8,8238.0
2026-06-12 15:00:00,24724.3,24733.7,24671.9,24674.8,6880.0
2026-06-12 15:45:00,24675.3,24689.8,24605.3,24660.2,7771.0
2026-06-12 16:30:00,24662.2,24714.1,24655.2,24681.8,5547.0
2026-06-12 17:15:00,24680.8,24701.0,24674.3,24679.0,4637.0
2026-06-12 18:00:00,24679.5,24724.3,24679.0,24721.8,4309.0
2026-06-12 18:45:00,24722.3,24728.2,24695.6,24700.5,3795.0
2026-06-12 19:30:00,24700.2,24716.4,24676.6,24716.4,5013.0
2026-06-12 20:15:00,24717.0,24723.6,24698.2,24699.2,1533.0
2026-06-14 22:00:00,24877.9,24905.2,24853.7,24878.0,7416.0
2026-06-14 22:45:00,24877.9,24896.7,24860.9,24879.9,4897.0
2026-06-14 23:30:00,24880.3,24950.2,24878.0,24940.5,6328.0
2026-06-15 00:15:00,24941.1,24971.3,24918.3,24954.9,4732.0
2026-06-15 01:00:00,24954.3,25041.4,24853.8,25021.9,8097.0
2026-06-15 01:45:00,25027.4,25031.7,24842.5,24879.2,9038.0
2026-06-15 02:30:00,24880.2,24904.7,24794.7,24863.8,7535.0
2026-06-15 03:15:00,24863.3,24904.5,24805.5,24820.8,5538.0
2026-06-15 04:00:00,24811.0,24828.8,24801.5,24827.2,1856.0
2026-06-15 04:45:00,24827.0,24871.4,24798.6,24861.8,5619.0
2026-06-15 05:30:00,24860.3,24881.1,24815.4,24822.2,6274.0
2026-06-15 06:15:00,24822.7,24844.2,24807.5,24838.2,4368.0
2026-06-15 07:00:00,24838.7,24902.7,24826.2,24853.0,5195.0
2026-06-15 07:45:00,24853.5,24861.5,24826.2,24841.8,3780.0
2026-06-15 08:30:00,24834.3,24834.3,24811.7,24819.3,3815.0
2026-06-15 09:15:00,24819.1,24843.6,24813.3,24834.4,2789.0
2026-06-15 10:00:00,24833.9,24863.3,24830.4,24845.4,1729.0
2026-06-15 10:45:00,24845.9,24878.8,24842.1,24872.5,2073.0
2026-06-15 11:30:00,24873.0,24908.6,24858.1,24890.6,2541.0
2026-06-15 12:15:00,24890.1,24924.5,24858.0,24920.5,2787.0
2026-06-15 13:00:00,24920.0,24940.9,24885.5,24911.5,3704.0
2026-06-15 13:45:00,24912.0,24933.0,24877.9,24908.6,4915.0
2026-06-15 14:30:00,24910.6,24916.2,24853.7,24854.7,3551.0
2026-06-15 15:15:00,24855.7,24919.5,24854.2,24895.8,3021.0
2026-06-15 16:00:00,24896.3,24897.8,24871.2,24874.7,2059.0
2026-06-15 16:45:00,24874.2,24879.9,24854.8,24871.4,1852.0
2026-06-15 17:30:00,24870.9,24870.9,24821.0,24829.4,1664.0
2026-06-15 18:15:00,24829.9,24833.4,24799.2,24799.2,1497.0
2026-06-15 19:00:00,24797.7,24826.9,24795.5,24812.8,2286.0
2026-06-15 19:45:00,24812.6,24839.0,24801.3,24822.8,3013.0
2026-06-15 20:30:00,24823.4,24832.8,24820.1,24820.7,676.0
2026-06-15 21:00:00,24824.2,24832.3,24822.5,24830.6,275.0
2026-06-15 21:45:00,24830.3,24833.5,24791.9,24803.6,2289.0
2026-06-15 22:30:00,24803.0,24809.3,24797.9,24799.5,1807.0
2026-06-15 23:15:00,24799.7,24816.8,24796.9,24813.8,1946.0
2026-06-16 00:00:00,24812.9,24831.3,24800.9,24814.1,4227.0
2026-06-16 00:45:00,24813.8,24831.5,24728.4,24808.9,5381.0
2026-06-16 01:30:00,24809.9,24840.8,24536.1,24540.9,9429.0
2026-06-16 02:15:00,24540.3,24558.3,24492.5,24511.2,7265.0
2026-06-16 03:00:00,24510.2,24559.3,24475.1,24527.4,6159.0
2026-06-16 03:45:00,24528.9,24549.1,24508.0,24511.3,2624.0
2026-06-16 04:30:00,24511.0,24557.0,24486.1,24512.9,3488.0
2026-06-16 05:15:00,24512.4,24515.1,24411.9,24426.1,6074.0
2026-06-16 06:00:00,24427.6,24455.8,24389.1,24394.8,5281.0
2026-06-16 06:45:00,24394.3,24443.4,24384.3,24435.2,4435.0
2026-06-16 07:30:00,24436.2,24475.5,24414.0,24472.4,3782.0
2026-06-16 08:15:00,24472.9,24500.8,24456.7,24473.0,2624.0
2026-06-16 09:00:00,24472.7,24517.6,24469.6,24485.3,2314.0
2026-06-16 09:45:00,24485.8,24507.4,24477.0,24480.7,1601.0
2026-06-16 10:30:00,24481.2,24518.0,24480.7,24495.0,1440.0
2026-06-16 11:15:00,24495.5,24499.7,24469.1,24476.7,1613.0
2026-06-16 12:00:00,24476.2,24491.0,24456.2,24484.6,2600.0
2026-06-16 12:45:00,24485.1,24501.1,24468.7,24475.5,2426.0
2026-06-16 13:30:00,24474.0,24540.0,24464.5,24509.4,5229.0
2026-06-16 14:15:00,24508.9,24509.9,24431.5,24470.9,5510.0
2026-06-16 15:00:00,24471.4,24520.0,24471.4,24513.2,4449.0
2026-06-16 15:45:00,24512.7,24538.9,24489.2,24527.6,4062.0
2026-06-16 16:30:00,24528.1,24528.1,24489.9,24493.4,3385.0
2026-06-16 17:15:00,24492.9,24518.7,24481.6,24510.4,2912.0
2026-06-16 18:00:00,24509.9,24526.7,24509.9,24516.4,2223.0
2026-06-16 18:45:00,24516.9,24521.9,24454.9,24478.5,2894.0
2026-06-16 19:30:00,24478.4,24500.0,24465.5,24469.0,4351.0
2026-06-16 20:15:00,24469.6,24483.5,24458.3,24479.5,1402.0
2026-06-16 21:00:00,24480.4,24490.6,24479.0,24486.7,331.0
2026-06-16 21:45:00,24486.6,24506.8,24477.2,24502.2,1149.0
2026-06-16 22:30:00,24502.5,24512.6,24494.0,24502.3,1404.0
2026-06-16 23:15:00,24502.6,24508.1,24493.1,24499.3,2166.0
2026-06-17 00:00:00,24499.4,24523.1,24499.4,24517.1,4165.0
2026-06-17 00:45:00,24517.3,24542.5,24487.0,24488.5,3591.0
2026-06-17 01:30:00,24492.5,24559.7,24443.7,24457.8,8872.0
2026-06-17 02:15:00,24456.3,24464.4,24289.8,24292.8,7269.0
2026-06-17 03:00:00,24292.3,24450.8,24266.7,24439.3,7113.0
2026-06-17 03:45:00,24439.8,24444.0,24374.8,24377.3,2292.0
2026-06-17 04:30:00,24377.5,24436.4,24355.8,24402.9,3529.0
2026-06-17 05:15:00,24400.9,24403.4,24285.9,24304.0,6067.0
2026-06-17 06:00:00,24306.5,24326.5,24250.3,24292.4,5340.0
2026-06-17 06:45:00,24291.9,24333.4,24277.3,24326.2,4610.0
2026-06-17 07:30:00,24326.7,24329.3,24258.3,24272.2,3571.0
2026-06-17 08:15:00,24271.7,24277.1,24232.2,24253.9,2557.0
2026-06-17 09:00:00,24255.0,24299.6,24247.1,24284.8,1942.0
2026-06-17 09:45:00,24284.3,24289.0,24254.5,24261.5,1924.0
2026-06-17 10:30:00,24262.0,24285.4,24249.3,24258.6,1966.0
2026-06-17 11:15:00,24259.1,24269.9,24212.4,24235.9,1896.0
2026-06-17 12:00:00,24236.9,24278.5,24236.4,24270.2,2176.0
2026-06-17 12:45:00,24269.7,24285.4,24247.3,24276.8,1706.0
2026-06-17 13:30:00,24278.8,24420.0,24273.8,24415.1,5580.0
2026-06-17 14:15:00,24415.6,24424.7,24303.2,24324.4,5310.0
2026-06-17 15:00:00,24323.9,24373.7,24308.5,24343.7,4188.0
2026-06-17 15:45:00,24343.6,24356.3,24290.2,24309.8,2343.0
2026-06-17 16:30:00,24309.3,24312.0,24287.1,24299.4,2373.0
2026-06-17 17:15:00,24299.9,24331.1,24286.8,24329.1,2084.0
2026-06-17 18:00:00,24315.1,24315.1,24153.4,24292.2,8532.0
2026-06-17 18:45:00,24293.2,24294.2,24004.4,24006.5,9163.0
2026-06-17 19:30:00,24006.2,24046.3,23966.4,24018.2,8432.0
2026-06-17 20:15:00,24017.5,24067.1,24011.7,24058.3,2633.0
2026-06-17 21:00:00,24059.4,24062.9,24040.0,24050.3,396.0
2026-06-17 21:45:00,24050.6,24123.5,24050.6,24116.4,2905.0
2026-06-17 22:30:00,24115.8,24128.4,24111.2,24128.4,1773.0
2026-06-17 23:15:00,24127.8,24161.0,24126.8,24161.0,2009.0
2026-06-18 00:00:00,24162.1,24211.8,24157.9,24177.2,5274.0
2026-06-18 00:45:00,24177.4,24241.9,24079.4,24139.1,5959.0
2026-06-18 01:30:00,24149.6,24149.6,23919.9,23933.7,9974.0
2026-06-18 02:15:00,23930.7,23937.0,23862.9,23873.3,7707.0
2026-06-18 03:00:00,23873.8,23889.6,23821.0,23859.8,5885.0
2026-06-18 03:45:00,23861.3,23910.7,23860.6,23869.1,3224.0
2026-06-18 04:30:00,23868.8,23899.3,23853.4,23869.9,4531.0
2026-06-18 05:15:00,23868.9,23896.9,23805.1,23821.2,5973.0
2026-06-18 06:00:00,23821.7,23833.9,23752.1,23770.5,5551.0
2026-06-18 06:45:00,23771.0,23846.7,23761.7,23795.6,5009.0
2026-06-18 07:30:00,23797.1,23970.6,23755.6,23920.2,4921.0
2026-06-18 08:15:00,23920.3,23921.8,23850.2,23851.3,3649.0
2026-06-18 09:00:00,23851.9,23893.7,23831.8,23856.0,3112.0
2026-06-18 09:45:00,23856.5,23870.1,23833.3,23849.1,2552.0
2026-06-18 10:30:00,23849.6,23854.9,23788.3,23803.3,2982.0
2026-06-18 11:15:00,23803.8,23808.3,23772.6,23801.2,3100.0
2026-06-18 12:00:00,23801.7,23885.6,23797.1,23869.9,3638.0
2026-06-18 12:45:00,23871.4,23900.2,23866.4,23894.9,3926.0
2026-06-18 13:30:00,23894.4,23921.0,23817.9,23853.2,7174.0
2026-06-18 14:15:00,23852.7,23909.3,23830.1,23906.4,5293.0
2026-06-18 15:00:00,23907.4,23916.8,23823.0,23846.7,5177.0
2026-06-18 15:45:00,23846.2,23868.9,23834.3,23849.6,4118.0
2026-06-18 16:30:00,23850.1,23870.4,23834.3,23864.5,2823.0
2026-06-18 17:15:00,23865.0,23877.5,23851.3,23862.6,2082.0
2026-06-18 18:00:00,23863.1,23879.9,23848.1,23857.5,2780.0
2026-06-18 18:45:00,23858.0,23869.8,23807.1,23824.8,2692.0
2026-06-18 19:30:00,23825.0,23875.3,23818.0,23866.7,4325.0
2026-06-18 20:15:00,23867.2,23882.6,23853.2,23862.2,1546.0
2026-06-18 21:00:00,23865.0,23874.8,23865.0,23872.5,277.0
2026-06-18 21:45:00,23871.7,23876.6,23838.7,23842.1,1722.0
2026-06-18 22:30:00,23842.4,23842.5,23825.3,23830.3,1711.0
2026-06-18 23:15:00,23830.1,23845.7,23829.6,23839.0,1986.0
2026-06-19 00:00:00,23838.4,23839.7,23778.1,23785.4,5323.0
2026-06-19 00:45:00,23785.1,23793.2,23769.3,23791.2,2423.0
2026-06-19 01:30:00,23790.6,23790.6,23762.9,23766.9,2163.0
2026-06-19 02:15:00,23767.5,23767.5,23740.0,23760.5,1575.0
2026-06-19 03:00:00,23760.2,23765.5,23735.9,23743.5,2917.0
2026-06-19 03:45:00,23743.0,23754.4,23733.6,23737.9,3738.0
2026-06-19 04:30:00,23738.2,23738.7,23678.1,23719.9,3727.0
2026-06-19 05:15:00,23720.2,23730.8,23699.9,23730.2,3243.0
2026-06-19 06:00:00,23730.5,23757.8,23729.0,23742.9,2657.0
2026-06-19 06:45:00,23742.6,23786.7,23738.5,23784.0,1996.0
2026-06-19 07:30:00,23784.3,23799.1,23780.5,23795.7,2524.0
2026-06-19 08:15:00,23796.2,23808.5,23776.1,23778.1,1961.0
2026-06-19 09:00:00,23778.3,23786.1,23759.2,23769.1,2408.0
2026-06-19 09:45:00,23768.8,23775.7,23750.4,23751.0,2483.0
2026-06-19 10:30:00,23751.3,23755.6,23731.0,23738.9,3355.0
2026-06-19 11:15:00,23739.5,23752.6,23729.2,23747.5,2002.0
2026-06-19 12:00:00,23748.1,23748.6,23722.5,23735.2,2097.0
2026-06-19 12:45:00,23734.9,23790.6,23729.2,23781.6,3839.0
2026-06-19 13:30:00,23781.4,23791.3,23767.9,23780.5,2188.0
2026-06-19 14:15:00,23781.1,23791.1,23770.3,23787.6,1022.0
2026-06-19 15:00:00,23787.1,23795.3,23761.9,23762.7,1285.0
2026-06-19 15:45:00,23763.0,23780.8,23763.0,23780.5,721.0
2026-06-19 16:30:00,23781.1,23787.9,23750.4,23750.4,747.0
2026-06-19 17:15:00,23748.2,23752.4,23745.4,23752.4,66.0
2026-06-19 18:00:00,23752.7,23755.1,23749.4,23755.0,19.0
2026-06-19 18:45:00,23754.7,23755.4,23747.2,23755.4,17.0
2026-06-19 19:30:00,23755.7,23758.8,23725.8,23734.1,135.0
2026-06-21 22:00:00,23728.1,23752.3,23683.9,23750.6,4280.0
2026-06-21 22:45:00,23749.8,23756.2,23702.0,23709.5,4060.0
2026-06-21 23:30:00,23710.4,23747.2,23681.3,23734.1,6415.0
2026-06-22 00:15:00,23735.0,23776.6,23729.4,23774.2,4364.0
2026-06-22 01:00:00,23775.3,23912.2,23452.8,23462.4,7208.0
2026-06-22 01:45:00,23462.9,23626.2,23439.6,23510.5,10156.0
2026-06-22 02:30:00,23509.5,23714.5,23507.0,23693.5,9462.0
2026-06-22 03:15:00,23692.5,23748.5,23676.1,23696.1,6722.0
2026-06-22 04:00:00,23680.0,23685.3,23660.2,23663.1,2587.0
2026-06-22 04:45:00,23663.4,23831.8,23633.4,23829.0,6514.0
2026-06-22 05:30:00,23829.5,23835.9,23700.8,23813.6,8235.0
2026-06-22 06:15:00,23810.6,23868.7,23783.4,23850.5,6933.0
2026-06-22 07:00:00,23853.0,23870.0,23788.4,23809.3,5082.0
2026-06-22 07:45:00,23810.3,23812.7,23747.2,23764.5,3947.0
2026-06-22 08:30:00,23754.1,23779.4,23748.4,23776.1,2995.0
2026-06-22 09:15:00,23789.5,23804.3,23766.2,23775.6,2172.0
2026-06-22 10:00:00,23774.6,23816.3,23774.6,23800.5,2164.0
2026-06-22 10:45:00,23799.5,23887.8,23799.5,23819.6,2791.0
2026-06-22 11:30:00,23819.9,23858.1,23817.9,23855.2,2314.0
2026-06-22 12:15:00,23854.7,23864.8,23828.6,23832.1,1899.0
2026-06-22 13:00:00,23832.6,23877.3,23799.4,23840.6,4735.0
2026-06-22 13:45:00,23840.1,23894.8,23770.5,23777.0,5672.0
2026-06-22 14:30:00,23777.5,23839.4,23763.5,23816.5,6766.0
2026-06-22 15:15:00,23816.0,23962.3,23811.0,23911.6,5227.0
2026-06-22 16:00:00,23913.6,23915.6,23868.1,23880.8,3909.0
2026-06-22 16:45:00,23879.8,23912.3,23874.3,23892.4,2577.0
2026-06-22 17:30:00,23893.9,23893.9,23851.6,23877.2,2642.0
2026-06-22 18:15:00,23877.7,23887.8,23827.8,23827.8,2247.0
2026-06-22 19:00:00,23828.3,23848.2,23820.5,23823.9,2617.0
2026-06-22 19:45:00,23824.0,23858.7,23821.3,23845.3,2898.0
2026-06-22 20:30:00,23844.8,23847.9,23841.2,23843.7,653.0
2026-06-22 21:00:00,23845.4,23847.8,23842.3,23846.2,151.0
2026-06-22 21:45:00,23846.3,23860.4,23839.2,23842.0,1537.0
2026-06-22 22:30:00,23842.3,23842.3,23812.5,23813.5,2294.0
2026-06-22 23:15:00,23813.8,23825.6,23807.4,23824.9,2015.0
2026-06-23 00:00:00,23823.2,23866.6,23805.6,23866.6,5084.0
2026-06-23 00:45:00,23867.2,23877.2,23747.8,23797.0,6216.0
2026-06-23 01:30:00,23792.5,23828.8,23634.1,23642.1,9727.0
2026-06-23 02:15:00,23641.6,23717.0,23541.7,23547.2,8316.0
2026-06-23 03:00:00,23549.7,23567.3,23433.9,23473.6,7472.0
2026-06-23 03:45:00,23473.1,23514.3,23447.0,23454.3,4398.0
2026-06-23 04:30:00,23454.0,23472.3,23403.7,23435.0,5348.0
2026-06-23 05:15:00,23436.0,23462.8,23366.5,23373.3,7271.0
2026-06-23 06:00:00,23374.3,23388.1,23264.0,23271.5,7014.0
2026-06-23 06:45:00,23272.0,23386.5,23265.7,23379.3,6119.0
2026-06-23 07:30:00,23376.8,23380.8,23309.8,23324.8,5767.0
2026-06-23 08:15:00,23322.3,23337.4,23288.2,23315.3,5366.0
2026-06-23 09:00:00,23315.9,23414.8,23313.0,23412.2,4535.0
2026-06-23 09:45:00,23412.7,23465.3,23407.7,23436.2,3216.0
2026-06-23 10:30:00,23436.7,23469.5,23418.3,23465.6,3877.0
2026-06-23 11:15:00,23465.1,23475.6,23429.7,23445.7,3674.0
2026-06-23 12:00:00,23444.7,23460.2,23410.4,23437.8,3933.0
2026-06-23 12:45:00,23437.3,23448.5,23413.0,23441.4,4297.0
2026-06-23 13:30:00,23443.4,23610.9,23441.4,23587.3,6919.0
2026-06-23 14:15:00,23588.8,23596.7,23534.4,23558.3,6031.0
2026-06-23 15:00:00,23559.8,23582.5,23484.9,23500.5,5533.0
2026-06-23 15:45:00,23501.0,23566.9,23500.9,23558.5,4712.0
2026-06-23 16:30:00,23558.0,23577.6,23551.5,23566.4,3665.0
2026-06-23 17:15:00,23566.9,23581.6,23541.9,23546.3,3514.0
2026-06-23 18:00:00,23546.8,23564.4,23494.3,23496.7,3342.0
2026-06-23 18:45:00,23497.2,23518.9,23486.4,23509.9,4540.0
2026-06-23 19:30:00,23510.1,23539.7,23479.9,23499.3,5044.0
2026-06-23 20:15:00,23499.9,23521.3,23492.1,23517.5,1219.0
2026-06-23 21:00:00,23519.6,23521.3,23503.5,23518.3,244.0
2026-06-23 21:45:00,23519.2,23534.2,23503.4,23517.9,2609.0
2026-06-23 22:30:00,23519.1,23527.4,23473.8,23501.1,4116.0
2026-06-23 23:15:00,23499.9,23541.3,23482.4,23531.6,4134.0
2026-06-24 00:00:00,23531.3,23563.2,23500.8,23523.0,7616.0
2026-06-24 00:45:00,23522.7,23547.1,23436.3,23468.6,7285.0
2026-06-24 01:30:00,23469.1,23533.0,23337.1,23365.5,9734.0
2026-06-24 02:15:00,23366.5,23406.7,23283.3,23325.4,8700.0
2026-06-24 03:00:00,23324.9,23396.8,23259.4,23365.7,8284.0
2026-06-24 03:45:00,23365.2,23367.5,23307.6,23313.0,5435.0
2026-06-24 04:30:00,23313.3,23381.2,23293.0,23324.3,6481.0
2026-06-24 05:15:00,23324.8,23553.8,23321.6,23417.8,8612.0
2026-06-24 06:00:00,23418.3,23470.5,23402.7,23435.6,6834.0
2026-06-24 06:45:00,23434.6,23454.1,23395.6,23424.7,5238.0
2026-06-24 07:30:00,23425.7,23461.1,23378.9,23396.0,5402.0
2026-06-24 08:15:00,23395.0,23410.1,23372.4,23380.0,3718.0
2026-06-24 09:00:00,23380.3,23398.4,23350.6,23353.0,3564.0
2026-06-24 09:45:00,23350.0,23387.1,23342.6,23349.5,3251.0
2026-06-24 10:30:00,23349.0,23363.0,23324.2,23325.2,2994.0
2026-06-24 11:15:00,23324.7,23376.8,23305.0,23358.4,3584.0
2026-06-24 12:00:00,23357.9,23362.7,23293.8,23306.0,3743.0
2026-06-24 12:45:00,23305.5,23350.8,23274.2,23346.8,4230.0
2026-06-24 13:30:00,23345.8,23467.6,23345.3,23432.6,7454.0
2026-06-24 14:15:00,23432.1,23444.2,23372.0,23410.6,6688.0
2026-06-24 15:00:00,23409.6,23464.9,23373.7,23437.3,6005.0
2026-06-24 15:45:00,23436.8,23445.5,23400.0,23439.6,4637.0
2026-06-24 16:30:00,23439.1,23443.6,23373.9,23383.3,4812.0
2026-06-24 17:15:00,23382.8,23389.3,23321.5,23330.3,6290.0
2026-06-24 18:00:00,23330.8,23389.2,23326.9,23366.0,5433.0
2026-06-24 18:45:00,23365.5,23366.0,23307.4,23327.3,5329.0
2026-06-24 19:30:00,23327.5,23432.4,23289.7,23430.5,6927.0
2026-06-24 20:15:00,23430.0,23480.7,23424.9,23455.2,3778.0
2026-06-24 21:00:00,23443.1,23463.8,23441.2,23453.9,480.0
2026-06-24 21:45:00,23454.4,23483.5,23436.8,23436.8,3067.0
2026-06-24 22:30:00,23437.1,23447.2,23432.1,23435.8,2622.0
2026-06-24 23:15:00,23435.5,23467.6,23433.3,23451.7,2939.0
2026-06-25 00:00:00,23451.6,23459.9,23408.6,23415.3,6572.0
2026-06-25 00:45:00,23415.6,23463.0,23319.4,23319.4,6699.0
2026-06-25 01:30:00,23318.9,23344.9,23040.6,23053.4,10199.0
2026-06-25 02:15:00,23052.9,23209.0,23004.4,23196.1,9407.0
2026-06-25 03:00:00,23196.5,23268.1,23030.3,23040.3,8793.0
2026-06-25 03:45:00,23039.8,23115.0,23031.4,23079.3,3835.0
2026-06-25 04:30:00,23079.6,23158.9,23057.0,23078.3,4467.0
2026-06-25 05:15:00,23076.3,23086.1,23009.6,23029.0,7170.0
2026-06-25 06:00:00,23030.0,23072.1,23004.9,23024.7,6192.0
2026-06-25 06:45:00,23024.2,23079.3,22991.7,23035.7,5232.0
2026-06-25 07:30:00,23039.2,23113.4,23029.9,23078.2,4838.0
2026-06-25 08:15:00,23078.7,23087.4,23053.6,23057.8,2793.0
2026-06-25 09:00:00,23058.4,23092.5,23039.5,23058.6,3094.0
2026-06-25 09:45:00,23057.1,23078.2,23044.7,23070.5,2500.0
2026-06-25 10:30:00,23070.0,23074.8,23043.1,23065.1,2335.0
2026-06-25 11:15:00,23064.6,23071.9,23038.2,23051.0,2544.0
2026-06-25 12:00:00,23051.5,23145.5,23044.8,23133.0,4450.0
2026-06-25 12:45:00,23133.5,23156.2,23117.5,23156.2,4869.0
2026-06-25 13:30:00,23155.2,23189.3,22916.5,23074.5,9219.0
2026-06-25 14:15:00,23074.0,23127.1,23048.1,23054.0,8187.0
2026-06-25 15:00:00,23053.5,23089.0,22991.8,23069.5,7781.0
2026-06-25 15:45:00,23070.0,23118.3,23056.7,23087.9,6979.0
2026-06-25 16:30:00,23087.4,23087.9,23014.7,23027.8,6152.0
2026-06-25 17:15:00,23027.3,23046.3,22986.8,23011.8,6029.0
2026-06-25 18:00:00,23010.8,23044.2,22973.3,22985.7,5800.0
2026-06-25 18:45:00,22985.2,22999.9,22962.6,22974.8,5658.0
2026-06-25 19:30:00,22974.9,23075.2,22962.4,23038.4,5941.0
2026-06-25 20:15:00,23037.8,23078.0,23022.8,23026.0,1857.0
2026-06-25 21:00:00,23024.8,23029.1,23017.9,23018.8,289.0
2026-06-25 21:45:00,23019.4,23030.4,22984.7,22984.7,3237.0
2026-06-25 22:30:00,22984.9,23031.6,22982.2,23031.3,2757.0
2026-06-25 23:15:00,23031.1,23081.0,22984.4,23004.8,5251.0
2026-06-26 00:00:00,23005.1,23066.6,22998.2,23033.2,8854.0
2026-06-26 00:45:00,23033.0,23041.4,22878.4,22928.7,7850.0
2026-06-26 01:30:00,22928.2,22962.1,22707.7,22724.2,9824.0
2026-06-26 02:15:00,22723.7,22733.6,22552.4,22595.1,8360.0
2026-06-26 03:00:00,22596.1,22610.3,22510.8,22539.2,8021.0
2026-06-26 03:45:00,22538.7,22643.9,22536.0,22602.6,6781.0
2026-06-26 04:30:00,22602.3,22691.0,22550.5,22685.3,6676.0
2026-06-26 05:15:00,22684.3,22738.2,22638.3,22677.8,7516.0
2026-06-26 06:00:00,22680.8,22700.4,22604.8,22671.5,7061.0
2026-06-26 06:45:00,22670.5,22723.2,22637.9,22687.5,6231.0
2026-06-26 07:30:00,22686.5,22714.5,22639.1,22669.0,5038.0
2026-06-26 08:15:00,22669.5,22689.5,22588.4,22603.8,4465.0
2026-06-26 09:00:00,22603.5,22716.3,22588.3,22703.9,3676.0
2026-06-26 09:45:00,22702.9,22713.6,22660.3,22675.5,2885.0
2026-06-26 10:30:00,22676.0,22707.3,22670.9,22697.2,2856.0
2026-06-26 11:15:00,22696.7,22696.7,22667.2,22684.4,2547.0
2026-06-26 12:00:00,22684.9,22734.0,22676.9,22699.5,3158.0
2026-06-26 12:45:00,22700.0,22736.9,22665.3,22735.9,4135.0
2026-06-26 13:30:00,22733.9,22895.1,22732.7,22887.8,4717.0
2026-06-26 14:15:00,22883.7,22917.5,22870.4,22910.8,5120.0
2026-06-26 15:00:00,22911.8,23003.7,22888.4,22999.1,4971.0
2026-06-26 15:45:00,22999.6,23002.4,22922.5,22943.6,4449.0
2026-06-26 16:30:00,22944.1,22963.9,22936.2,22954.3,2340.0
2026-06-26 17:15:00,22954.8,22955.3,22910.7,22926.7,1491.0
2026-06-26 18:00:00,22928.2,22950.8,22922.7,22926.3,1599.0
2026-06-26 18:45:00,22925.8,22925.8,22885.1,22893.9,3678.0
2026-06-26 19:30:00,22893.7,22954.4,22813.0,22906.3,6657.0
2026-06-26 20:15:00,22908.5,22926.0,22853.4,22860.8,4404.0
2026-06-28 22:00:00,22960.6,23004.4,22960.3,22996.0,4887.0
2026-06-28 22:45:00,22996.3,23049.4,22983.7,23044.5,3339.0
2026-06-28 23:30:00,23044.2,23056.8,22988.5,22992.0,6517.0
2026-06-29 00:15:00,22991.7,22997.5,22947.3,22986.3,7980.0
2026-06-29 01:00:00,22986.6,22990.8,22764.7,22871.7,8671.0
2026-06-29 01:45:00,22872.7,23068.6,22798.3,23060.1,10082.0
2026-06-29 02:30:00,23058.6,23122.8,22970.7,23092.2,9012.0
2026-06-29 03:15:00,23092.7,23174.7,23071.5,23125.8,6283.0
2026-06-29 04:00:00,23109.5,23110.3,23085.4,23090.3,4249.0
2026-06-29 04:45:00,23090.0,23136.5,23044.0,23061.8,7001.0
2026-06-29 05:30:00,23063.3,23133.3,23001.6,23056.2,7501.0
2026-06-29 06:15:00,23055.7,23120.9,23053.7,23093.7,5705.0
2026-06-29 07:00:00,23095.2,23109.2,23040.7,23060.6,5370.0
2026-06-29 07:45:00,23061.6,23061.6,22968.6,22991.0,4402.0
2026-06-29 08:30:00,22975.2,22992.1,22963.6,22976.5,3883.0
2026-06-29 09:15:00,22975.9,22986.2,22930.9,22955.2,2637.0
2026-06-29 10:00:00,22955.7,22983.8,22940.8,22977.8,1914.0
2026-06-29 10:45:00,22977.3,22989.8,22959.0,22973.0,2017.0
2026-06-29 11:30:00,22972.5,22999.9,22964.8,22991.2,2738.0
2026-06-29 12:15:00,22991.7,22994.2,22930.0,22975.3,3006.0
2026-06-29 13:00:00,22976.3,23095.3,22970.8,23093.1,4036.0
2026-06-29 13:45:00,23094.6,23096.1,22962.6,23056.2,6783.0
2026-06-29 14:30:00,23055.7,23075.0,23000.7,23016.3,5069.0
2026-06-29 15:15:00,23016.8,23027.3,22982.1,23019.6,3847.0
2026-06-29 16:00:00,23020.1,23039.4,22989.2,23009.7,2743.0
2026-06-29 16:45:00,23009.2,23053.3,23006.8,23032.8,2478.0
2026-06-29 17:30:00,23032.3,23041.3,23021.8,23026.1,1927.0
2026-06-29 18:15:00,23027.1,23030.3,23000.8,23005.8,1808.0
2026-06-29 19:00:00,22993.8,22994.8,22966.0,22977.0,1518.0
2026-06-29 19:45:00,22977.1,23013.7,22977.1,23007.3,2542.0
2026-06-29 20:30:00,23007.9,23007.9,22992.6,22996.9,616.0
2026-06-29 21:00:00,23001.4,23002.8,22995.6,23002.3,214.0
2026-06-29 21:45:00,23002.4,23011.1,22990.6,23004.8,1774.0
2026-06-29 22:30:00,23005.1,23016.7,22998.3,23010.6,1357.0
2026-06-29 23:15:00,23010.9,23016.1,22999.0,23008.6,1654.0
2026-06-30 00:00:00,23008.4,23025.9,22964.6,22966.7,5310.0
2026-06-30 00:45:00,22966.9,22989.5,22832.3,22945.5,5155.0
2026-06-30 01:30:00,22945.0,23062.3,22720.9,22757.5,7318.0
2026-06-30 02:15:00,22758.0,22760.4,22652.5,22714.2,6439.0
2026-06-30 03:00:00,22712.2,22841.7,22712.2,22714.7,5577.0
2026-06-30 03:45:00,22714.2,22742.3,22711.5,22732.2,2348.0
2026-06-30 04:30:00,22731.7,22759.1,22675.3,22711.4,3056.0
2026-06-30 05:15:00,22712.4,22808.7,22662.5,22792.4,6135.0
2026-06-30 06:00:00,22792.9,22865.4,22751.3,22756.2,6089.0
2026-06-30 06:45:00,22754.2,22875.7,22735.5,22843.9,4945.0
2026-06-30 07:30:00,22844.4,22899.3,22755.7,22767.4,4392.0
2026-06-30 08:15:00,22767.9,22808.0,22746.8,22769.3,2998.0
2026-06-30 09:00:00,22769.8,22845.7,22766.3,22844.5,2278.0
2026-06-30 09:45:00,22843.5,22872.1,22839.0,22864.3,1831.0
2026-06-30 10:30:00,22865.8,22894.1,22849.0,22894.1,1634.0
2026-06-30 11:15:00,22894.0,22894.0,22872.4,22882.8,1759.0
2026-06-30 12:00:00,22882.3,22882.8,22839.0,22867.3,2565.0
2026-06-30 12:45:00,22866.8,22876.9,22845.2,22847.8,2005.0
2026-06-30 13:30:00,22847.3,22959.9,22774.9,22957.3,4509.0
2026-06-30 14:15:00,22955.3,22984.8,22886.2,22906.6,4413.0
2026-06-30 15:00:00,22905.6,22956.6,22903.5,22928.3,3338.0
2026-06-30 15:45:00,22929.3,22942.7,22897.2,22916.8,1896.0
2026-06-30 16:30:00,22916.3,22933.9,22911.1,22915.7,1339.0
2026-06-30 17:15:00,22916.2,22947.2,22898.4,22934.1,1112.0
2026-06-30 18:00:00,22933.6,22953.2,22928.3,22938.8,1207.0
2026-06-30 18:45:00,22938.3,22964.4,22930.8,22932.0,1089.0
2026-06-30 19:30:00,22932.1,22938.6,22871.4,22878.8,2895.0
2026-06-30 20:15:00,22878.3,22882.5,22866.6,22874.8,1265.0
2026-06-30 21:00:00,22875.5,22884.9,22875.5,22876.6,156.0
2026-06-30 21:45:00,22876.8,22900.9,22875.6,22899.7,1383.0
2026-06-30 22:30:00,22899.4,22899.4,22877.9,22881.9,1104.0
2026-06-30 23:15:00,22881.6,22889.8,22877.0,22883.8,1592.0
2026-07-01 00:00:00,22883.7,22896.7,22873.0,22880.9,3341.0
2026-07-01 00:45:00,22881.5,22886.1,22828.3,22844.9,2611.0
2026-07-01 01:30:00,22845.0,22852.0,22819.0,22823.1,2818.0
2026-07-01 02:15:00,22822.6,22836.4,22808.8,22828.5,2010.0
2026-07-01 03:00:00,22829.0,22838.8,22824.6,22828.9,1712.0
2026-07-01 03:45:00,22828.6,22840.9,22825.6,22833.2,1623.0
2026-07-01 04:30:00,22833.8,22845.1,22827.4,22834.1,1682.0
2026-07-01 05:15:00,22834.7,22836.3,22823.4,22827.2,1837.0
2026-07-01 06:00:00,22827.5,22833.8,22794.1,22802.2,1835.0
2026-07-01 06:45:00,22801.9,22808.3,22762.6,22784.2,2309.0
2026-07-01 07:30:00,22784.3,22806.0,22782.4,22803.8,2132.0
2026-07-01 08:15:00,22803.5,22818.7,22799.3,22818.6,2187.0
2026-07-01 09:00:00,22818.0,22819.1,22800.2,22817.2,1797.0
2026-07-01 09:45:00,22817.7,22832.1,22811.8,22831.6,1358.0
2026-07-01 10:30:00,22831.1,22840.0,22823.1,22834.7,1007.0
2026-07-01 11:15:00,22835.2,22838.2,22816.0,22817.9,1316.0
2026-07-01 12:00:00,22819.0,22834.4,22799.3,22806.8,2969.0
2026-07-01 12:45:00,22806.2,22822.1,22792.0,22805.0,3858.0
2026-07-01 13:30:00,22805.6,23013.1,22779.4,23007.5,5852.0
2026-07-01 14:15:00,23007.3,23076.3,23007.2,23051.6,3421.0
2026-07-01 15:00:00,23054.1,23112.4,23047.6,23090.4,2462.0
2026-07-01 15:45:00,23090.3,23130.9,23074.3,23130.8,1945.0
2026-07-01 16:30:00,23130.9,23136.7,23087.7,23093.1,2162.0
2026-07-01 17:15:00,23093.3,23131.6,23092.6,23112.3,1672.0
2026-07-01 18:00:00,23112.5,23127.9,23102.0,23104.8,1559.0
2026-07-01 18:45:00,23104.6,23104.9,23070.7,23084.1,1690.0
2026-07-01 19:30:00,23084.2,23085.7,22996.0,23010.8,3141.0
2026-07-01 20:15:00,23011.4,23012.0,22987.8,23000.2,1453.0
2026-07-01 21:00:00,22999.9,23005.7,22995.0,23005.3,248.0
2026-07-01 21:45:00,23003.6,23013.6,22995.0,23012.0,1643.0
2026-07-01 22:30:00,23011.8,23021.4,23009.0,23012.1,1399.0
2026-07-01 23:15:00,23012.2,23019.3,22995.8,23010.5,2305.0
2026-07-02 00:00:00,23010.8,23034.9,22976.8,23023.2,5511.0
2026-07-02 00:45:00,23022.9,23051.0,22821.6,22844.7,5176.0
2026-07-02 01:30:00,22851.7,23303.5,22835.9,23150.4,8428.0
2026-07-02 02:15:00,23148.4,23184.4,23037.6,23065.1,7211.0
2026-07-02 03:00:00,23068.1,23130.8,22945.0,23128.7,6521.0
2026-07-02 03:45:00,23128.2,23153.0,23081.3,23094.6,3216.0
2026-07-02 04:30:00,23094.9,23128.1,23034.9,23056.1,3947.0
2026-07-02 05:15:00,23053.6,23064.9,22974.9,23007.0,6034.0
2026-07-02 06:00:00,23007.5,23039.4,22973.0,22992.7,5350.0
2026-07-02 06:45:00,22993.7,22997.3,22921.3,22969.3,4723.0
2026-07-02 07:30:00,22968.8,23016.8,22938.0,22976.7,4296.0
2026-07-02 08:15:00,22977.2,23031.6,22977.2,23024.7,2856.0
2026-07-02 09:00:00,23024.9,23024.9,22975.9,22996.6,2624.0
2026-07-02 09:45:00,22996.1,23000.8,22946.4,22967.4,1927.0
2026-07-02 10:30:00,22966.9,23012.6,22962.4,23008.1,1467.0
2026-07-02 11:15:00,23007.6,23015.6,22990.5,22996.1,1670.0
2026-07-02 12:00:00,22996.6,23167.6,22986.1,23142.4,3904.0
2026-07-02 12:45:00,23141.9,23162.5,23099.0,23149.4,4883.0
2026-07-02 13:30:00,23149.9,23279.9,23112.4,23223.2,4913.0
2026-07-02 14:15:00,23223.7,23227.8,23090.4,23132.1,5522.0
2026-07-02 15:00:00,23134.6,23142.6,23067.6,23104.3,5797.0
2026-07-02 15:45:00,23103.8,23112.7,23034.4,23036.1,4980.0
2026-07-02 16:30:00,23035.6,23037.1,22969.0,22983.6,4687.0
2026-07-02 17:15:00,22983.1,22998.3,22927.1,22932.0,4220.0
2026-07-02 18:00:00,22932.5,23018.1,22921.5,23012.1,4143.0
2026-07-02 18:45:00,23012.6,23030.7,22983.5,23004.7,3462.0
2026-07-02 19:30:00,23004.8,23060.5,22997.6,23029.9,3633.0
2026-07-02 20:15:00,23030.5,23031.8,23017.5,23026.5,1129.0
2026-07-02 21:00:00,23025.1,23032.5,23022.5,23032.5,125.0
2026-07-02 21:45:00,23032.0,23044.3,23029.5,23038.4,1075.0
2026-07-02 22:30:00,23038.1,23072.6,23034.7,23054.1,1518.0
2026-07-02 23:15:00,23054.6,23075.7,23054.1,23071.7,2779.0
2026-07-03 00:00:00,23072.3,23081.5,23050.4,23060.0,6289.0
2026-07-03 00:45:00,23060.3,23247.2,23051.6,23211.2,5529.0
2026-07-03 01:30:00,23211.4,23483.3,23192.4,23420.5,7763.0
2026-07-03 02:15:00,23418.5,23426.7,23249.2,23275.3,6608.0
2026-07-03 03:00:00,23277.3,23422.5,23265.0,23359.8,5580.0
2026-07-03 03:45:00,23359.3,23384.7,23341.0,23353.2,2223.0
2026-07-03 04:30:00,23352.9,23392.4,23277.0,23282.4,3165.0
2026-07-03 05:15:00,23282.9,23311.6,23224.5,23277.3,5611.0
2026-07-03 06:00:00,23278.3,23372.3,23277.8,23332.9,5027.0
2026-07-03 06:45:00,23331.9,23345.8,23295.9,23328.2,4337.0
2026-07-03 07:30:00,23329.7,23333.2,23267.6,23270.5,3340.0
2026-07-03 08:15:00,23270.0,23271.0,23221.8,23226.2,2043.0
2026-07-03 09:00:00,23226.4,23258.8,23213.4,23227.3,1652.0
2026-07-03 09:45:00,23227.8,23232.8,23207.8,23210.3,1342.0
2026-07-03 10:30:00,23210.8,23224.2,23201.1,23214.4,1033.0
2026-07-03 11:15:00,23214.9,23224.9,23205.4,23224.0,1166.0
2026-07-03 12:00:00,23224.5,23251.1,23215.8,23244.8,1476.0
2026-07-03 12:45:00,23244.3,23265.7,23243.3,23251.4,1359.0
2026-07-03 13:30:00,23250.9,23252.4,23206.4,23223.2,1985.0
2026-07-03 14:15:00,23223.7,23242.5,23214.3,23234.6,1217.0
2026-07-03 15:00:00,23235.1,23242.5,23197.1,23215.5,1218.0
2026-07-03 15:45:00,23216.0,23222.8,23206.6,23208.3,790.0
2026-07-03 16:30:00,23207.8,23221.7,23205.5,23219.7,536.0
2026-07-03 17:15:00,23220.2,23222.9,23209.9,23213.2,205.0
2026-07-03 18:00:00,23213.7,23220.1,23211.3,23215.1,172.0
2026-07-03 18:45:00,23214.6,23217.1,23200.0,23204.5,177.0
2026-07-03 19:30:00,23204.7,23207.2,23199.2,23204.5,167.0
2026-07-05 22:00:00,23207.0,23243.2,23190.7,23242.9,2605.0
2026-07-05 22:45:00,23242.3,23249.5,23230.0,23241.0,1817.0
2026-07-05 23:30:00,23239.9,23256.0,23227.6,23256.0,3526.0
2026-07-06 00:15:00,23255.5,23266.1,23222.3,23244.8,4351.0
2026-07-06 01:00:00,23245.1,23398.8,23178.3,23278.1,6598.0
2026-07-06 01:45:00,23281.1,23598.1,23233.6,23572.2,7655.0
2026-07-06 02:30:00,23572.7,23640.7,23472.2,23508.2,7298.0
2026-07-06 03:15:00,23506.2,23529.2,23432.5,23493.3,5481.0
2026-07-06 04:00:00,23480.2,23503.6,23474.4,23501.6,2123.0
2026-07-06 04:45:00,23501.3,23534.6,23462.1,23507.2,4716.0
2026-07-06 05:30:00,23506.7,23523.0,23420.7,23520.7,5696.0
2026-07-06 06:15:00,23521.2,23525.8,23456.8,23481.3,4525.0
2026-07-06 07:00:00,23482.8,23542.5,23422.2,23535.2,4328.0
2026-07-06 07:45:00,23535.7,23547.1,23505.2,23508.7,3109.0
2026-07-06 08:30:00,23501.7,23501.7,23487.3,23489.7,1902.0
2026-07-06 09:15:00,23508.1,23521.2,23452.8,23458.9,2012.0
2026-07-06 10:00:00,23458.4,23474.9,23446.3,23454.6,1308.0
2026-07-06 10:45:00,23454.1,23458.4,23427.2,23434.8,1432.0
2026-07-06 11:30:00,23434.3,23441.4,23420.8,23429.9,1648.0
2026-07-06 12:15:00,23430.4,23434.4,23366.1,23371.9,1340.0
2026-07-06 13:00:00,23372.4,23453.9,23339.3,23417.4,3057.0
2026-07-06 13:45:00,23411.4,23446.7,23378.6,23411.9,3715.0
2026-07-06 14:30:00,23412.4,23454.0,23380.0,23443.6,2866.0
2026-07-06 15:15:00,23443.1,23539.1,23442.6,23527.3,2224.0
2026-07-06 16:00:00,23527.8,23528.3,23498.9,23505.1,1694.0
2026-07-06 16:45:00,23506.1,23523.6,23499.6,23515.9,1613.0
2026-07-06 17:30:00,23515.4,23522.4,23497.1,23511.4,1828.0
2026-07-06 18:15:00,23511.9,23545.5,23511.4,23529.5,1162.0
2026-07-06 19:00:00,23529.7,23534.6,23516.9,23525.7,1352.0
2026-07-06 19:45:00,23525.6,23539.3,23513.6,23524.4,2361.0
2026-07-06 20:30:00,23523.9,23531.3,23519.6,23527.6,560.0
2026-07-06 21:00:00,23527.0,23529.9,23498.8,23500.1,63.0
2026-07-06 21:45:00,23500.2,23506.2,23495.4,23500.5,843.0
2026-07-06 22:30:00,23500.8,23505.2,23486.0,23498.0,1297.0
2026-07-06 23:15:00,23497.7,23498.3,23468.6,23472.5,1824.0
2026-07-07 00:00:00,23471.9,23490.2,23462.1,23469.3,4004.0
2026-07-07 00:45:00,23469.2,23525.3,23443.1,23503.9,4305.0
2026-07-07 01:30:00,23503.4,23746.5,23491.1,23726.7,8150.0
2026-07-07 02:15:00,23726.2,23765.6,23471.2,23507.9,6990.0
2026-07-07 03:00:00,23511.4,23596.9,23443.8,23464.2,6056.0
2026-07-07 03:45:00,23464.7,23474.0,23442.8,23447.7,2874.0
2026-07-07 04:30:00,23447.9,23464.8,23393.6,23394.2,2873.0
2026-07-07 05:15:00,23394.7,23504.4,23393.7,23424.6,5618.0
2026-07-07 06:00:00,23425.6,23438.9,23351.2,23413.9,4865.0
2026-07-07 06:45:00,23413.4,23419.8,23353.5,23415.2,4112.0
2026-07-07 07:30:00,23414.2,23430.3,23384.3,23421.2,3264.0
2026-07-07 08:15:00,23419.7,23442.7,23399.2,23402.1,1659.0
2026-07-07 09:00:00,23402.4,23456.9,23395.4,23448.3,1861.0
2026-07-07 09:45:00,23448.8,23451.4,23385.0,23432.1,1940.0
2026-07-07 10:30:00,23431.6,23450.7,23410.2,23438.3,1762.0
2026-07-07 11:15:00,23437.8,23443.8,23388.9,23428.8,2121.0
2026-07-07 12:00:00,23429.3,23459.4,23419.5,23452.4,2444.0
2026-07-07 12:45:00,23452.9,23489.5,23433.9,23489.0,2219.0
2026-07-07 13:30:00,23496.0,23627.5,23496.0,23503.7,5503.0
2026-07-07 14:15:00,23505.2,23515.7,23466.1,23480.8,4965.0
2026-07-07 15:00:00,23480.3,23480.3,23378.9,23409.6,3880.0
2026-07-07 15:45:00,23409.1,23429.7,23395.8,23413.0,2965.0
2026-07-07 16:30:00,23413.5,23450.5,23410.5,23436.3,2163.0
2026-07-07 17:15:00,23436.8,23495.0,23417.9,23495.0,2290.0
2026-07-07 18:00:00,23495.5,23498.0,23467.0,23478.0,2409.0
2026-07-07 18:45:00,23478.5,23481.9,23413.6,23439.3,3367.0
2026-07-07 19:30:00,23439.4,23457.3,23437.0,23444.8,3061.0
2026-07-07 20:15:00,23444.2,23446.9,23435.4,23443.5,922.0
2026-07-07 21:00:00,23444.0,23444.9,23368.7,23372.1,424.0
2026-07-07 21:45:00,23373.4,23401.8,23372.0,23399.5,1770.0
2026-07-07 22:30:00,23399.7,23406.0,23393.5,23404.2,1668.0
2026-07-07 23:15:00,23403.9,23417.5,23377.7,23380.3,2487.0
2026-07-08 00:00:00,23380.6,23441.9,23366.4,23441.9,5332.0
2026-07-08 00:45:00,23442.2,23532.9,23378.0,23528.4,4231.0
2026-07-08 01:30:00,23528.8,23918.6,23503.3,23846.0,8336.0
2026-07-08 02:15:00,23846.4,23927.1,23781.5,23827.3,6809.0
2026-07-08 03:00:00,23828.8,24054.5,23822.0,24015.7,6703.0
2026-07-08 03:45:00,24015.2,24040.9,23984.8,23987.3,3248.0
2026-07-08 04:30:00,23987.6,24097.1,23950.5,24083.1,4416.0
2026-07-08 05:15:00,24082.1,24195.3,24069.9,24182.7,6472.0
2026-07-08 06:00:00,24185.7,24267.6,24149.5,24197.7,5685.0
2026-07-08 06:45:00,24198.2,24209.9,24024.7,24126.3,5962.0
2026-07-08 07:30:00,24123.8,24179.8,24120.4,24139.6,4352.0
2026-07-08 08:15:00,24139.1,24146.6,23947.4,23960.3,6738.0
2026-07-08 09:00:00,23961.2,23964.6,23859.3,23888.7,5622.0
2026-07-08 09:45:00,23889.7,23920.2,23856.1,23914.2,4151.0
2026-07-08 10:30:00,23914.7,23940.1,23869.9,23885.7,3678.0
2026-07-08 11:15:00,23886.2,23966.4,23855.1,23883.6,3961.0
2026-07-08 12:00:00,23883.1,23942.1,23866.9,23941.1,4027.0
2026-07-08 12:45:00,23940.6,23976.0,23924.4,23956.6,4636.0
2026-07-08 13:30:00,23960.6,23987.1,23904.8,23933.1,5139.0
2026-07-08 14:15:00,23935.4,24049.9,23891.9,23900.1,5231.0
2026-07-08 15:00:00,23904.1,23924.1,23850.4,23886.1,5113.0
2026-07-08 15:45:00,23885.6,23908.7,23872.5,23893.1,4406.0
2026-07-08 16:30:00,23893.6,23967.2,23889.7,23933.7,4013.0
2026-07-08 17:15:00,23933.2,23985.4,23923.3,23928.8,3363.0
2026-07-08 18:00:00,23927.8,23970.4,23919.8,23954.4,3611.0
2026-07-08 18:45:00,23953.9,23963.1,23929.0,23935.0,2562.0
2026-07-08 19:30:00,23935.2,23946.5,23894.7,23906.3,3223.0
2026-07-08 20:15:00,23906.9,23907.0,23872.8,23892.6,1707.0
2026-07-08 21:00:00,23892.4,23898.2,23888.3,23896.9,216.0
2026-07-08 21:45:00,23898.0,23911.1,23895.7,23901.2,1534.0
2026-07-08 22:30:00,23901.5,23921.2,23897.0,23920.3,1571.0
2026-07-08 23:15:00,23919.7,23945.7,23907.0,23942.5,2635.0
2026-07-09 00:00:00,23942.4,23968.7,23938.5,23956.9,3878.0
2026-07-09 00:45:00,23956.3,24137.2,23938.6,24089.2,4767.0
2026-07-09 01:30:00,24089.7,24294.0,24006.4,24287.1,8357.0
2026-07-09 02:15:00,24288.1,24297.7,24043.1,24049.4,7104.0
2026-07-09 03:00:00,24048.4,24061.5,23964.1,23987.6,5822.0
2026-07-09 03:45:00,23988.1,23995.1,23950.6,23954.0,2967.0
2026-07-09 04:30:00,23954.3,24049.5,23946.5,24027.5,3769.0
2026-07-09 05:15:00,24029.0,24043.8,23872.5,23964.1,6396.0
2026-07-09 06:00:00,23967.1,24006.7,23916.0,23999.4,5557.0
2026-07-09 06:45:00,23999.9,24019.7,23965.5,23992.3,3911.0
2026-07-09 07:30:00,23990.8,24003.3,23933.1,23949.0,3603.0
2026-07-09 08:15:00,23949.5,23965.2,23906.4,23915.0,2495.0
2026-07-09 09:00:00,23914.9,23937.7,23868.8,23874.6,2330.0
2026-07-09 09:45:00,23875.1,23920.6,23871.9,23875.8,1766.0
2026-07-09 10:30:00,23875.3,23877.7,23828.4,23864.1,2341.0
2026-07-09 11:15:00,23864.0,23886.6,23850.6,23866.9,2057.0
2026-07-09 12:00:00,23867.4,23923.8,23859.9,23896.4,2854.0
2026-07-09 12:45:00,23896.9,23939.0,23881.1,23912.5,2474.0
2026-07-09 13:30:00,23913.0,24005.6,23883.0,23993.9,5280.0
2026-07-09 14:15:00,23993.4,24021.0,23925.2,24018.9,4790.0
2026-07-09 15:00:00,24018.4,24037.8,23987.4,24009.8,3042.0
2026-07-09 15:45:00,24010.3,24029.3,24002.3,24011.1,1832.0
2026-07-09 16:30:00,24010.6,24016.5,23988.3,24007.2,1637.0
2026-07-09 17:15:00,24007.7,24050.2,24006.2,24034.1,1269.0
2026-07-09 18:00:00,24034.6,24054.3,24009.6,24015.6,1550.0
2026-07-09 18:45:00,24015.1,24031.1,24012.9,24028.5,1287.0
2026-07-09 19:30:00,24028.4,24068.1,24021.9,24064.7,2039.0
2026-07-09 20:15:00,24064.2,24067.3,24049.0,24052.2,847.0
2026-07-09 21:00:00,24054.7,24056.0,24048.5,24054.2,254.0
2026-07-09 21:45:00,24053.3,24061.6,24049.0,24050.7,1272.0
2026-07-09 22:30:00,24051.0,24060.5,24049.0,24059.9,1051.0
2026-07-09 23:15:00,24059.6,24065.5,24052.4,24058.1,1426.0
2026-07-10 00:00:00,24059.8,24060.0,24019.5,24023.5,3002.0
2026-07-10 00:45:00,24023.0,24185.4,24018.3,24143.6,3027.0
2026-07-10 01:30:00,24141.1,24359.3,24011.9,24346.1,8133.0
2026-07-10 02:15:00,24348.6,24456.4,24272.3,24379.2,6941.0
2026-07-10 03:00:00,24376.2,24465.8,24358.3,24439.3,5503.0
2026-07-10 03:45:00,24438.8,24458.5,24414.6,24437.1,1905.0
2026-07-10 04:30:00,24437.4,24448.5,24368.8,24383.8,2829.0
2026-07-10 05:15:00,24382.8,24390.0,24280.6,24286.5,5601.0
2026-07-10 06:00:00,24287.0,24305.5,24227.3,24245.0,5134.0
2026-07-10 06:45:00,24243.0,24261.1,24163.2,24174.5,4255.0
2026-07-10 07:30:00,24174.0,24174.5,24099.9,24141.0,4220.0
2026-07-10 08:15:00,24140.5,24149.0,24112.8,24119.4,1973.0
2026-07-10 09:00:00,24120.0,24154.5,24106.9,24132.0,2021.0
2026-07-10 09:45:00,24132.5,24185.4,24129.1,24183.3,1392.0
2026-07-10 10:30:00,24183.8,24190.0,24169.8,24183.6,1693.0
2026-07-10 11:15:00,24183.8,24191.0,24134.9,24156.4,2025.0
2026-07-10 12:00:00,24156.9,24234.1,24132.3,24155.8,3205.0
2026-07-10 12:45:00,24155.3,24191.0,24142.3,24142.8,2374.0
2026-07-10 13:30:00,24141.8,24256.4,24140.8,24233.3,5167.0
2026-07-10 14:15:00,24234.3,24247.5,24136.9,24207.8,4320.0
2026-07-10 15:00:00,24205.8,24225.1,24176.9,24180.5,4188.0
2026-07-10 15:45:00,24181.0,24218.0,24172.5,24204.8,2833.0
2026-07-10 16:30:00,24205.3,24220.9,24187.7,24195.7,1875.0
2026-07-10 17:15:00,24195.2,24201.7,24174.6,24175.6,1300.0
2026-07-10 18:00:00,24177.1,24190.6,24166.1,24183.6,1419.0
2026-07-10 18:45:00,24184.1,24209.5,24183.1,24201.2,1056.0
2026-07-10 19:30:00,24201.3,24213.9,24178.8,24208.6,1848.0
2026-07-10 20:15:00,24209.2,24225.1,24206.7,24216.2,917.0
2026-07-12 22:00:00,24175.7,24176.6,24132.8,24155.6,3104.0
2026-07-12 22:45:00,24155.3,24162.6,24143.4,24146.6,1184.0
2026-07-12 23:30:00,24146.3,24198.2,24135.0,24187.8,3571.0
2026-07-13 00:15:00,24187.5,24193.8,24130.0,24140.7,4002.0
2026-07-13 01:00:00,24139.5,24371.0,24054.0,24302.5,6998.0
2026-07-13 01:45:00,24300.5,24410.3,24270.4,24287.1,8493.0
2026-07-13 02:30:00,24286.1,24324.4,24084.7,24095.1,7311.0
2026-07-13 03:15:00,24094.1,24130.0,24067.7,24112.9,5017.0
2026-07-13 04:00:00,24100.7,24100.7,24078.1,24080.0,1406.0
2026-07-13 04:45:00,24079.7,24207.1,24072.9,24093.0,4806.0
2026-07-13 05:30:00,24091.0,24236.8,24073.9,24082.9,7030.0
2026-07-13 06:15:00,24083.0,24186.3,24072.1,24142.2,5712.0
2026-07-13 07:00:00,24140.7,24189.9,24128.5,24154.7,4437.0
2026-07-13 07:45:00,24155.2,24199.0,24141.2,24173.1,3174.0
2026-07-13 08:30:00,24159.6,24173.4,24152.5,24164.4,1322.0
2026-07-13 09:15:00,24164.7,24203.9,24164.7,24193.3,1789.0
2026-07-13 10:00:00,24193.8,24204.2,24176.6,24188.2,1650.0
2026-07-13 10:45:00,24187.7,24200.2,24151.8,24175.0,2110.0
2026-07-13 11:30:00,24174.5,24190.2,24122.7,24136.1,2410.0
2026-07-13 12:15:00,24137.1,24181.5,24128.1,24177.3,2461.0
2026-07-13 13:00:00,24177.8,24279.6,24156.9,24264.9,3441.0
2026-07-13 13:45:00,24250.9,24267.1,24105.0,24190.8,4467.0
2026-07-13 14:30:00,24189.3,24198.2,24138.1,24155.5,3844.0
2026-07-13 15:15:00,24156.5,24164.8,24142.3,24154.3,3108.0
2026-07-13 16:00:00,24154.8,24175.7,24084.1,24125.3,3306.0
2026-07-13 16:45:00,24126.3,24156.2,24101.9,24124.1,3066.0
2026-07-13 17:30:00,24124.6,24144.9,24096.2,24106.9,2811.0
2026-07-13 18:15:00,24106.4,24121.6,24075.6,24121.6,2480.0
2026-07-13 19:00:00,24097.8,24098.1,24044.8,24062.9,2369.0
2026-07-13 19:45:00,24063.1,24084.5,24023.0,24044.9,2850.0
2026-07-13 20:30:00,24044.3,24044.3,24034.8,24041.5,596.0
2026-07-13 21:00:00,24046.1,24046.1,24038.5,24041.2,120.0
2026-07-13 21:45:00,24041.4,24065.0,24041.4,24045.3,1797.0
2026-07-13 22:30:00,24045.0,24054.6,24027.7,24031.1,1809.0
2026-07-13 23:15:00,24031.7,24052.4,24015.7,24051.3,2964.0
2026-07-14 00:00:00,24051.4,24074.2,24018.0,24025.1,7700.0
2026-07-14 00:45:00,24025.3,24119.4,24024.5,24082.5,5916.0
2026-07-14 01:30:00,24090.0,24227.9,23867.4,24175.2,8475.0
2026-07-14 02:15:00,24179.2,24225.0,24038.3,24058.0,7583.0
2026-07-14 03:00:00,24057.0,24076.4,23971.1,24021.1,6304.0
2026-07-14 03:45:00,24020.6,24087.7,24015.6,24078.3,3828.0
2026-07-14 04:30:00,24078.8,24297.3,24076.5,24285.1,4415.0
2026-07-14 05:15:00,24284.1,24377.8,24216.4,24345.2,6667.0
2026-07-14 06:00:00,24346.2,24416.4,24326.8,24380.0,5892.0
2026-07-14 06:45:00,24378.5,24393.7,24320.1,24329.3,4712.0
2026-07-14 07:30:00,24328.8,24361.6,24304.6,24326.3,3938.0
2026-07-14 08:15:00,24326.8,24335.0,24292.2,24296.5,2821.0
2026-07-14 09:00:00,24296.8,24346.5,24288.9,24323.3,2821.0
2026-07-14 09:45:00,24322.8,24351.3,24321.8,24335.6,2236.0
2026-07-14 10:30:00,24335.1,24345.1,24295.7,24316.2,2980.0
2026-07-14 11:15:00,24315.7,24354.2,24305.0,24347.4,3285.0
2026-07-14 12:00:00,24348.4,24611.9,24317.4,24546.0,4291.0
2026-07-14 12:45:00,24545.5,24551.6,24447.5,24486.9,4975.0
2026-07-14 13:30:00,24486.4,24545.9,24420.2,24490.6,4870.0
2026-07-14 14:15:00,24491.6,24517.6,24435.7,24477.1,4554.0
2026-07-14 15:00:00,24478.6,24513.7,24399.6,24429.2,3997.0
2026-07-14 15:45:00,24428.7,24451.1,24400.6,24427.3,3769.0
2026-07-14 16:30:00,24427.8,24436.8,24390.3,24390.3,2630.0
2026-07-14 17:15:00,24391.3,24404.2,24373.3,24375.2,1926.0
2026-07-14 18:00:00,24376.2,24397.2,24366.3,24373.4,1949.0
2026-07-14 18:45:00,24373.9,24398.5,24353.6,24367.5,1617.0
2026-07-14 19:30:00,24367.7,24387.2,24354.3,24376.1,2438.0
2026-07-14 20:15:00,24375.5,24382.8,24366.6,24380.8,886.0
2026-07-14 21:00:00,24382.8,24385.2,24376.3,24381.9,148.0
2026-07-14 21:45:00,24381.2,24386.4,24362.5,24382.4,1316.0
2026-07-14 22:30:00,24383.0,24389.9,24377.8,24389.2,1002.0
2026-07-14 23:15:00,24388.9,24422.0,24386.1,24417.8,2121.0
2026-07-15 00:00:00,24418.4,24422.2,24396.5,24399.7,3052.0
2026-07-15 00:45:00,24400.0,24563.1,24397.4,24539.0,4153.0
2026-07-15 01:30:00,24538.5,24679.8,24420.3,24539.5,8211.0
2026-07-15 02:15:00,24539.0,24683.5,24455.2,24624.0,6996.0
2026-07-15 03:00:00,24627.0,24744.6,24605.0,24686.0,6290.0
2026-07-15 03:45:00,24686.5,24700.2,24637.8,24638.1,2004.0
2026-07-15 04:30:00,24637.9,24694.3,24630.8,24646.7,2602.0
2026-07-15 05:15:00,24646.2,24736.7,24606.7,24734.8,5596.0
2026-07-15 06:00:00,24736.3,24737.9,24641.7,24668.5,5359.0
2026-07-15 06:45:00,24668.0,24695.6,24617.1,24631.8,4652.0
2026-07-15 07:30:00,24630.3,24656.2,24610.1,24619.4,3440.0
2026-07-15 08:15:00,24619.9,24671.7,24603.1,24670.9,2091.0
2026-07-15 09:00:00,24671.5,24702.9,24644.3,24669.3,2168.0
2026-07-15 09:45:00,24669.8,24670.8,24604.5,24612.7,2177.0
2026-07-15 10:30:00,24613.2,24653.5,24590.5,24611.1,2152.0
2026-07-15 11:15:00,24610.6,24628.4,24601.4,24620.4,1928.0
2026-07-15 12:00:00,24621.4,24689.3,24597.5,24683.1,2795.0
2026-07-15 12:45:00,24683.6,24725.7,24675.7,24724.2,2930.0
2026-07-15 13:30:00,24728.7,24936.7,24719.7,24894.3,5223.0
2026-07-15 14:15:00,24893.8,24926.8,24835.9,24866.4,4745.0
2026-07-15 15:00:00,24865.9,24878.1,24832.7,24838.8,4035.0
2026-07-15 15:45:00,24839.3,24846.2,24781.6,24793.6,3751.0
2026-07-15 16:30:00,24792.0,24820.4,24763.8,24793.6,3595.0
2026-07-15 17:15:00,24793.5,24864.4,24792.3,24857.4,2772.0
2026-07-15 18:00:00,24857.9,24863.7,24833.9,24834.9,2103.0
2026-07-15 18:45:00,24833.9,24836.9,24788.4,24791.5,2349.0
2026-07-15 19:30:00,24791.9,24807.6,24782.0,24796.3,2591.0
2026-07-15 20:15:00,24795.7,24813.4,24792.9,24809.9,875.0
2026-07-15 21:00:00,24809.3,24818.3,24807.5,24812.4,190.0
2026-07-15 21:45:00,24811.7,24830.4,24810.4,24813.3,1006.0
2026-07-15 22:30:00,24813.9,24822.7,24806.3,24820.0,1245.0
2026-07-15 23:15:00,24819.7,24829.5,24812.7,24814.7,1495.0
2026-07-16 00:00:00,24815.3,24862.5,24813.4,24825.7,3542.0
2026-07-16 00:45:00,24825.4,24881.5,24738.0,24849.5,4370.0
2026-07-16 01:30:00,24845.5,25122.3,24812.4,24960.7,8209.0
2026-07-16 02:15:00,24959.5,25144.7,24904.0,25094.7,6822.0
2026-07-16 03:00:00,25095.7,25174.9,25064.3,25107.2,5593.0
2026-07-16 03:45:00,25106.7,25161.2,25081.0,25126.5,2216.0
2026-07-16 04:30:00,25126.2,25172.7,25085.2,25164.6,2837.0
2026-07-16 05:15:00,25165.1,25215.2,25073.3,25088.6,5933.0
2026-07-16 06:00:00,25088.0,25111.7,24920.2,24983.5,6182.0
2026-07-16 06:45:00,24986.5,25047.4,24974.2,25025.9,4652.0
2026-07-16 07:30:00,25022.9,25026.4,24959.6,24960.6,3986.0
2026-07-16 08:15:00,24959.9,24989.6,24944.2,24986.2,2479.0
2026-07-16 09:00:00,24986.8,25019.9,24957.0,24959.9,2253.0
2026-07-16 09:45:00,24960.4,24976.4,24941.7,24964.6,2330.0
2026-07-16 10:30:00,24964.1,24981.3,24932.3,24938.8,2363.0
2026-07-16 11:15:00,24939.3,24956.2,24888.4,24943.0,3272.0
2026-07-16 12:00:00,24944.0,24964.3,24877.1,24884.2,3621.0
2026-07-16 12:45:00,24884.7,24960.2,24868.9,24956.9,3251.0
2026-07-16 13:30:00,24956.4,25013.1,24881.8,24927.4,4757.0
2026-07-16 14:15:00,24927.9,24968.7,24920.7,24954.4,4441.0
2026-07-16 15:00:00,24953.9,24999.1,24920.2,24977.6,3919.0
2026-07-16 15:45:00,24977.1,24988.6,24904.2,24915.2,3995.0
2026-07-16 16:30:00,24915.7,24948.3,24912.7,24917.5,3140.0
2026-07-16 17:15:00,24918.0,24931.8,24893.9,24910.4,3061.0
2026-07-16 18:00:00,24911.9,24931.7,24890.5,24906.6,3130.0
2026-07-16 18:45:00,24906.0,24916.7,24875.9,24876.2,2421.0
2026-07-16 19:30:00,24876.1,24900.5,24856.4,24866.1,3540.0
2026-07-16 20:15:00,24866.7,24883.1,24863.4,24873.4,1249.0
2026-07-16 21:00:00,24872.2,24876.4,24869.9,24874.9,120.0
2026-07-16 21:45:00,24875.2,24885.7,24863.3,24864.6,1317.0
2026-07-16 22:30:00,24864.9,24871.6,24852.6,24861.3,1542.0
2026-07-16 23:15:00,24861.5,24863.6,24843.2,24855.0,2521.0
2026-07-17 00:00:00,24856.5,24863.8,24819.8,24851.3,4036.0
2026-07-17 00:45:00,24850.7,25020.2,24850.1,25001.1,4669.0
2026-07-17 01:30:00,24995.6,25136.1,24695.5,24710.0,8259.0
2026-07-17 02:15:00,24708.5,24725.1,24556.9,24575.2,6671.0
2026-07-17 03:00:00,24576.2,24668.1,24497.3,24517.4,6033.0
2026-07-17 03:45:00,24516.4,24530.7,24451.3,24456.1,3015.0
2026-07-17 04:30:00,24455.9,24482.2,24422.0,24437.8,4099.0
2026-07-17 05:15:00,24438.8,24440.5,24334.4,24409.8,6404.0
2026-07-17 06:00:00,24410.8,24567.8,24386.4,24505.3,6268.0
2026-07-17 06:45:00,24506.3,24526.4,24435.9,24464.3,5147.0
2026-07-17 07:30:00,24464.8,24509.0,24449.4,24476.3,3927.0
2026-07-17 08:15:00,24476.8,24477.8,24417.9,24443.3,3802.0
2026-07-17 09:00:00,24442.7,24523.6,24431.9,24494.2,3524.0
2026-07-17 09:45:00,24493.7,24542.4,24493.2,24520.9,3121.0
2026-07-17 10:30:00,24521.4,24542.9,24483.5,24487.8,2422.0
2026-07-17 11:15:00,24488.3,24541.9,24486.3,24533.7,2463.0
2026-07-17 12:00:00,24533.2,24538.2,24503.0,24520.8,2754.0
2026-07-17 12:45:00,24520.3,24535.7,24457.7,24458.7,3182.0
2026-07-17 13:30:00,24459.2,24577.5,24433.4,24534.7,4153.0
2026-07-17 14:15:00,24533.7,24575.7,24509.2,24522.4,4359.0
2026-07-17 15:00:00,24525.4,24579.8,24490.2,24546.7,4194.0
2026-07-17 15:45:00,24546.2,24608.8,24544.7,24592.7,3902.0
2026-07-17 16:30:00,24593.2,24609.7,24570.6,24591.3,3097.0
2026-07-17 17:15:00,24590.8,24615.5,24564.7,24571.7,2486.0
2026-07-17 18:00:00,24572.2,24582.6,24550.4,24573.5,3147.0
2026-07-17 18:45:00,24572.5,24591.8,24541.2,24568.9,3205.0
2026-07-17 19:30:00,24569.6,24604.1,24537.2,24548.0,4291.0
2026-07-17 20:15:00,24548.6,24568.5,24545.0,24560.9,1471.0
2026-07-19 22:00:00,24558.2,24575.2,24516.8,24569.7,4201.0
2026-07-19 22:45:00,24570.0,24574.4,24548.3,24552.4,2831.0
2026-07-19 23:30:00,24552.7,24621.4,24546.6,24615.7,4843.0
2026-07-20 00:15:00,24616.3,24621.6,24582.9,24594.9,4083.0
2026-07-20 01:00:00,24595.5,25021.0,24590.3,25014.0,7315.0
2026-07-20 01:45:00,25015.0,25150.3,24983.0,24989.1,7704.0
2026-07-20 02:30:00,24988.1,25095.2,24976.1,25069.3,7121.0
2026-07-20 03:15:00,25069.8,25119.2,25033.0,25068.9,5339.0
2026-07-20 04:00:00,25049.3,25071.1,25031.5,25069.7,3148.0
2026-07-20 04:45:00,25069.4,25119.5,25037.5,25062.3,5355.0
2026-07-20 05:30:00,25062.8,25082.3,24946.0,24992.5,6946.0
2026-07-20 06:15:00,24993.0,25093.7,24968.7,25061.7,6219.0
2026-07-20 07:00:00,25061.2,25123.3,25024.2,25104.9,4827.0
2026-07-20 07:45:00,25103.9,25146.6,25085.2,25135.6,3835.0
2026-07-20 08:30:00,25116.9,25139.0,25102.0,25127.5,2207.0
2026-07-20 09:15:00,25127.0,25161.1,25109.7,25131.6,2763.0
2026-07-20 10:00:00,25131.1,25132.1,25104.0,25109.6,2269.0
2026-07-20 10:45:00,25109.1,25137.5,25099.8,25113.2,2378.0
2026-07-20 11:30:00,25113.7,25234.4,25062.8,25091.7,4772.0
2026-07-20 12:15:00,25092.2,25106.2,25059.6,25065.1,2994.0
2026-07-20 13:00:00,25066.1,25122.3,25044.4,25081.6,3778.0
2026-07-20 13:45:00,25080.6,25110.1,25051.0,25096.4,4451.0
2026-07-20 14:30:00,25095.9,25112.6,25052.7,25076.4,4570.0
2026-07-20 15:15:00,25075.9,25206.6,25070.9,25195.5,4199.0
2026-07-20 16:00:00,25196.0,25225.8,25164.8,25174.8,3312.0
2026-07-20 16:45:00,25174.3,25198.4,25152.2,25166.6,3071.0
2026-07-20 17:30:00,25169.1,25186.1,25161.6,25166.9,2673.0
2026-07-20 18:15:00,25166.4,25180.5,25079.0,25087.3,3508.0
2026-07-20 19:00:00,25087.5,25102.8,25062.3,25079.7,3306.0
2026-07-20 19:45:00,25079.8,25110.8,25029.6,25036.5,3080.0
2026-07-20 20:30:00,25035.9,25050.8,25035.1,25048.7,707.0
2026-07-20 21:00:00,25047.2,25051.5,25043.7,25048.5,142.0
2026-07-20 21:45:00,25048.1,25055.9,25022.3,25030.9,1403.0
2026-07-20 22:30:00,25031.2,25061.3,25030.9,25060.6,1369.0
2026-07-20 23:15:00,25061.2,25089.9,25059.9,25075.0,2334.0
2026-07-21 00:00:00,25073.8,25101.2,25044.3,25096.4,5370.0
2026-07-21 00:45:00,25097.0,25243.6,25087.8,25101.0,4327.0
2026-07-21 01:30:00,25101.5,25245.9,25042.5,25082.6,8508.0
2026-07-21 02:15:00,25084.6,25179.5,24988.2,25006.9,7339.0
2026-07-21 03:00:00,25005.9,25150.2,24994.7,25117.4,6446.0
2026-07-21 03:45:00,25116.9,25179.6,25098.6,25133.4,2308.0
2026-07-21 04:30:00,25134.0,25153.5,25075.3,25093.0,2832.0
2026-07-21 05:15:00,25093.5,25205.0,25069.4,25184.4,5490.0
2026-07-21 06:00:00,25186.9,25198.3,25134.9,25186.1,4816.0
2026-07-21 06:45:00,25185.1,25210.9,25150.4,25164.9,4041.0
2026-07-21 07:30:00,25165.4,25165.4,25114.1,25136.0,3255.0
2026-07-21 08:15:00,25136.5,25141.7,25124.2,25130.0,1882.0
2026-07-21 09:00:00,25129.4,25171.9,25118.7,25125.0,1751.0
2026-07-21 09:45:00,25125.5,25154.5,25118.3,25123.1,2446.0
2026-07-21 10:30:00,25122.6,25145.5,25067.1,25082.6,1977.0
2026-07-21 11:15:00,25083.1,25100.9,25075.0,25083.4,1660.0
2026-07-21 12:00:00,25083.9,25098.9,25003.1,25020.5,2768.0
2026-07-21 12:45:00,25020.0,25055.3,25019.0,25035.6,2572.0
2026-07-21 13:30:00,25036.1,25061.3,24943.7,25008.8,5033.0
2026-07-21 14:15:00,25010.7,25048.7,24956.1,24968.0,3318.0
2026-07-21 15:00:00,24969.0,24995.9,24959.8,24975.6,2865.0
2026-07-21 15:45:00,24976.6,25012.0,24973.6,25007.0,1751.0
2026-07-21 16:30:00,25005.5,25008.2,24968.1,24968.1,1351.0
2026-07-21 17:15:00,24967.6,24967.6,24946.9,24953.9,824.0
2026-07-21 18:00:00,24955.4,24975.2,24954.9,24970.8,1278.0
2026-07-21 18:45:00,24970.3,24975.2,24929.7,24967.9,1131.0
2026-07-21 19:30:00,24968.1,24970.8,24929.3,24942.6,2236.0
2026-07-21 20:15:00,24942.0,24942.0,24933.1,24938.0,782.0
2026-07-21 21:00:00,24939.3,24944.6,24938.5,24944.0,331.0
2026-07-21 21:45:00,24943.8,24950.0,24936.1,24939.7,1095.0
2026-07-21 22:30:00,24938.5,24942.2,24920.4,24928.7,963.0
2026-07-21 23:15:00,24929.3,24929.4,24912.5,24922.4,1642.0
2026-07-22 00:00:00,24922.1,24932.7,24914.7,24919.5,3563.0
2026-07-22 00:45:00,24919.4,25064.8,24880.9,24927.1,3983.0
2026-07-22 01:30:00,24922.6,25027.2,24815.4,24935.2,8224.0
2026-07-22 02:15:00,24934.2,24977.3,24875.7,24959.6,6980.0
2026-07-22 03:00:00,24957.6,24993.4,24882.6,24919.2,5499.0
2026-07-22 03:45:00,24917.7,24940.3,24908.7,24921.8,2273.0
2026-07-22 04:30:00,24921.5,24932.5,24872.0,24902.8,2938.0
2026-07-22 05:15:00,24901.8,24908.5,24831.0,24856.8,5304.0
2026-07-22 06:00:00,24855.3,24874.2,24804.2,24830.9,4684.0
2026-07-22 06:45:00,24831.4,24892.5,24806.1,24891.5,4019.0
2026-07-22 07:30:00,24891.0,24902.8,24837.4,24874.1,3449.0
2026-07-22 08:15:00,24874.6,24898.5,24872.1,24891.0,2352.0
2026-07-22 09:00:00,24893.2,24976.7,24893.2,24930.3,2916.0
2026-07-22 09:45:00,24929.8,24959.1,24911.1,24952.3,2601.0
2026-07-22 10:30:00,24951.8,24960.5,24930.8,24935.2,2626.0
2026-07-22 11:15:00,24935.7,24958.4,24900.0,24936.8,2702.0
2026-07-22 12:00:00,24937.3,24971.5,24931.9,24959.7,2487.0
2026-07-22 12:45:00,24958.7,25003.7,24912.9,24994.2,2644.0
2026-07-22 13:30:00,24995.7,25027.3,24942.9,25003.2,4828.0
2026-07-22 14:15:00,25004.2,25012.7,24939.9,24956.4,3911.0
2026-07-22 15:00:00,24956.9,24994.1,24931.1,24977.1,2818.0
2026-07-22 15:45:00,24977.6,24992.6,24965.8,24972.7,2098.0
2026-07-22 16:30:00,24973.2,25005.1,24970.7,24984.6,1884.0
2026-07-22 17:15:00,24984.1,25003.0,24975.3,24978.1,1923.0
2026-07-22 18:00:00,24979.6,24983.1,24953.9,24967.0,2608.0
2026-07-22 18:45:00,24967.5,24992.4,24953.2,24966.2,1497.0
2026-07-22 19:30:00,24966.0,24987.9,24934.2,24987.9,3530.0
2026-07-22 20:15:00,24987.3,24991.1,24959.0,24960.9,1980.0
2026-07-22 21:00:00,24966.3,24972.1,24930.5,24930.5,621.0
2026-07-22 21:45:00,24930.4,24950.3,24913.2,24916.1,1949.0
2026-07-22 22:30:00,24916.7,24925.5,24900.1,24924.9,1445.0
2026-07-22 23:15:00,24924.6,24949.1,24915.3,24949.1,1362.0
2026-07-23 00:00:00,24950.3,24995.1,24942.3,24991.1,2932.0
2026-07-23 00:45:00,24990.5,25032.3,24929.8,24965.7,3633.0
2026-07-23 01:30:00,24958.7,25140.3,24852.6,25087.2,7858.0
2026-07-23 02:15:00,25086.7,25230.8,25071.9,25201.8,6379.0
2026-07-23 03:00:00,25202.8,25255.5,25160.9,25255.5,5096.0
2026-07-23 03:45:00,25256.0,25262.7,25209.0,25228.0,2660.0
2026-07-23 04:30:00,25227.4,25277.4,25197.4,25263.0,3511.0
2026-07-23 05:15:00,25264.0,25265.6,25184.0,25193.0,4894.0
2026-07-23 06:00:00,25192.5,25237.5,25182.7,25219.8,3898.0
2026-07-23 06:45:00,25219.3,25231.4,25129.3,25161.1,3918.0
2026-07-23 07:30:00,25162.1,25219.7,25141.1,25201.3,3784.0
2026-07-23 08:15:00,25201.8,25214.7,25168.3,25200.8,2664.0
2026-07-23 09:00:00,25201.0,25234.6,25170.4,25188.5,2401.0
2026-07-23 09:45:00,25189.0,25192.5,25156.5,25172.1,2588.0
2026-07-23 10:30:00,25171.6,25207.5,25170.1,25186.7,2374.0
2026-07-23 11:15:00,25186.2,25192.2,25122.8,25150.3,2936.0
2026-07-23 12:00:00,25150.8,25154.9,25046.9,25049.4,3609.0
2026-07-23 12:45:00,25049.9,25065.4,24989.3,25004.5,4280.0
2026-07-23 13:30:00,25003.0,25052.1,24948.9,24999.7,5021.0
2026-07-23 14:15:00,24998.7,25011.7,24903.1,24926.7,4196.0
2026-07-23 15:00:00,24928.2,24928.2,24838.8,24868.1,4205.0
2026-07-23 15:45:00,24868.2,24921.2,24854.3,24912.9,3139.0
2026-07-23 16:30:00,24913.4,24917.9,24881.6,24891.7,3308.0
2026-07-23 17:15:00,24890.7,24905.0,24863.2,24864.2,3672.0
2026-07-23 18:00:00,24863.7,24874.7,24847.2,24864.4,3615.0
2026-07-23 18:45:00,24863.9,24878.4,24835.6,24859.9,2123.0
2026-07-23 19:30:00,24860.0,24923.2,24833.0,24915.3,3856.0
2026-07-23 20:15:00,24915.9,24926.1,24900.5,24910.5,1601.0
2026-07-23 21:00:00,24909.0,24910.5,24891.1,24894.0,335.0
2026-07-23 21:45:00,24894.1,24904.6,24878.1,24892.1,1949.0
2026-07-23 22:30:00,24892.4,24911.6,24891.5,24899.9,1697.0
2026-07-23 23:15:00,24899.5,24921.0,24887.2,24916.6,2407.0
2026-07-24 00:00:00,24919.4,24935.8,24906.0,24928.9,4927.0
2026-07-24 00:45:00,24928.6,24941.0,24874.9,24874.9,4662.0
2026-07-24 01:30:00,24886.4,25028.2,24852.3,24927.3,7665.0
2026-07-24 02:15:00,24927.8,24950.9,24846.0,24851.5,6175.0
2026-07-24 03:00:00,24851.3,24901.1,24838.5,24898.9,4758.0
2026-07-24 03:45:00,24899.3,24914.4,24875.1,24905.2,2591.0
2026-07-24 04:30:00,24904.8,24939.5,24889.2,24918.0,3661.0
2026-07-24 05:15:00,24917.5,24932.5,24838.1,24852.0,4571.0
2026-07-24 06:00:00,24851.5,24901.6,24817.5,24832.9,4247.0
2026-07-24 06:45:00,24833.1,24950.1,24822.5,24948.9,3803.0
2026-07-24 07:30:00,24949.4,24956.8,24914.8,24942.8,3151.0
2026-07-24 08:15:00,24940.8,24955.0,24934.8,24941.6,2577.0
2026-07-24 09:00:00,24947.5,24987.8,24938.0,24972.2,2510.0
2026-07-24 09:45:00,24973.7,24987.6,24965.0,24984.3,1720.0
2026-07-24 10:30:00,24984.8,24994.1,24950.9,24973.0,2054.0
2026-07-24 11:15:00,24973.5,25009.7,24948.3,24991.5,2301.0
2026-07-24 12:00:00,24990.5,24994.5,24932.0,24936.0,2839.0
2026-07-24 12:45:00,24936.5,24955.8,24914.4,24953.8,2536.0
2026-07-24 13:30:00,24956.3,24992.5,24911.7,24945.4,5333.0
2026-07-24 14:15:00,24946.9,25023.2,24924.9,25021.8,4807.0
2026-07-24 15:00:00,25023.3,25098.9,24995.9,25071.1,4825.0
2026-07-24 15:45:00,25071.6,25098.9,25068.3,25084.9,2726.0
2026-07-24 16:30:00,25084.4,25084.9,25017.3,25033.9,3373.0
2026-07-24 17:15:00,25033.4,25064.0,25028.5,25039.7,2722.0
2026-07-24 18:00:00,25040.2,25049.1,24995.7,24996.7,3106.0
2026-07-24 18:45:00,24996.2,25013.5,24984.6,24989.9,3122.0
2026-07-24 19:30:00,24990.1,25000.6,24969.8,24978.2,3351.0
2026-07-24 20:15:00,24980.7,24992.4,24963.8,24977.1,1324.0
2026-07-26 22:00:00,25126.8,25208.2,25125.5,25172.4,2860.0
2026-07-26 22:45:00,25172.1,25174.3,25151.3,25166.6,1790.0
2026-07-26 23:30:00,25165.9,25194.2,25153.3,25175.0,3649.0
2026-07-27 00:15:00,25175.3,25175.3,25123.5,25124.3,3760.0
2026-07-27 01:00:00,25124.9,25142.2,24917.2,25047.3,6361.0
2026-07-27 01:45:00,25050.3,25213.0,25007.7,25129.8,7003.0
2026-07-27 02:30:00,25128.8,25184.0,25112.7,25162.2,5838.0
2026-07-27 03:15:00,25163.2,25200.4,25144.4,25170.3,4291.0
2026-07-27 04:00:00,25158.2,25174.9,25154.9,25174.3,2195.0
2026-07-27 04:45:00,25174.0,25194.1,25151.7,25162.4,3667.0
2026-07-27 05:30:00,25160.9,25245.4,25135.1,25244.9,4239.0
2026-07-27 06:15:00,25245.4,25256.0,25215.8,25248.4,3368.0
2026-07-27 07:00:00,25251.4,25287.3,25211.8,25232.7,3425.0
2026-07-27 07:45:00,25232.2,25246.1,25190.2,25203.4,3081.0
2026-07-27 08:30:00,25194.0,25218.9,25189.5,25200.8,1718.0
2026-07-27 09:15:00,25201.3,25226.4,25196.3,25218.2,1913.0
2026-07-27 10:00:00,25217.2,25224.9,25198.5,25221.4,1665.0
2026-07-27 10:45:00,25221.9,25230.8,25188.6,25188.6,1662.0
2026-07-27 11:30:00,25187.1,25217.9,25177.9,25179.9,2489.0
2026-07-27 12:15:00,25180.4,25227.6,25171.5,25223.6,2258.0
2026-07-27 13:00:00,25224.1,25269.5,25190.6,25241.2,3690.0
2026-07-27 13:45:00,25243.2,25270.7,25186.3,25187.3,5366.0
2026-07-27 14:30:00,25187.2,25365.4,25174.8,25333.9,5450.0
2026-07-27 15:15:00,25333.4,25360.3,25267.0,25279.3,4789.0
2026-07-27 16:00:00,25278.8,25368.5,25263.8,25338.7,4385.0
2026-07-27 16:45:00,25339.2,25340.7,25272.1,25278.5,3804.0
2026-07-27 17:30:00,25278.0,25303.3,25266.4,25270.5,3307.0
2026-07-27 18:15:00,25271.0,25307.7,25251.5,25293.7,3246.0
2026-07-27 19:00:00,25288.6,25311.5,25278.7,25288.9,2490.0
2026-07-27 19:45:00,25288.7,25314.7,25274.4,25291.2,2193.0
2026-07-27 20:30:00,25290.6,25312.3,25289.2,25304.3,688.0
2026-07-27 21:00:00,25299.6,25307.7,25298.6,25306.3,137.0
2026-07-27 21:45:00,25306.5,25314.7,25283.8,25284.6,1286.0
2026-07-27 22:30:00,25285.2,25296.2,25273.7,25283.4,1285.0
2026-07-27 23:15:00,25282.8,25300.6,25278.5,25294.9,2396.0
2026-07-28 00:00:00,25296.1,25305.5,25233.2,25260.0,5571.0
2026-07-28 00:45:00,25259.3,25345.0,25175.6,25302.4,4934.0
2026-07-28 01:30:00,25299.9,25438.7,25232.8,25410.5,7522.0
2026-07-28 02:15:00,25411.0,25422.0,25106.2,25111.9,6752.0
2026-07-28 03:00:00,25112.9,25297.3,25075.9,25211.3,6423.0
2026-07-28 03:45:00,25212.3,25215.1,25141.1,25143.2,3663.0
2026-07-28 04:30:00,25143.5,25218.2,25138.5,25215.9,4031.0
2026-07-28 05:15:00,25216.9,25230.5,25118.7,25168.1,5531.0
2026-07-28 06:00:00,25169.6,25220.9,25157.2,25208.3,5169.0
2026-07-28 06:45:00,25209.3,25320.6,25205.3,25309.5,4168.0
2026-07-28 07:30:00,25310.0,25333.0,25289.8,25296.8,3604.0
2026-07-28 08:15:00,25297.3,25349.3,25296.3,25325.1,3339.0
2026-07-28 09:00:00,25324.5,25376.9,25323.2,25334.8,1934.0
2026-07-28 09:45:00,25334.3,25336.3,25301.9,25322.3,2538.0
2026-07-28 10:30:00,25322.8,25325.9,25283.9,25286.2,3101.0
2026-07-28 11:15:00,25285.7,25350.9,25285.7,25343.8,3309.0
2026-07-28 12:00:00,25345.3,25364.4,25336.8,25357.8,3186.0
2026-07-28 12:45:00,25358.3,25381.8,25352.7,25366.4,2768.0
2026-07-28 13:30:00,25365.9,25481.7,25306.0,25449.1,5950.0
2026-07-28 14:15:00,25449.6,25520.0,25439.4,25458.3,5157.0
2026-07-28 15:00:00,25459.3,25531.8,25443.5,25530.3,4692.0
2026-07-28 15:45:00,25529.7,25547.3,25522.7,25535.7,2702.0
2026-07-28 16:30:00,25535.2,25548.8,25519.2,25536.2,2692.0
2026-07-28 17:15:00,25536.7,25565.7,25516.0,25526.6,2876.0
2026-07-28 18:00:00,25527.1,25530.1,25499.2,25513.5,2857.0
2026-07-28 18:45:00,25513.0,25523.0,25491.5,25511.3,2083.0
2026-07-28 19:30:00,25511.1,25513.3,25471.7,25493.8,2973.0
2026-07-28 20:15:00,25494.4,25527.4,25486.2,25511.8,1140.0
2026-07-28 21:00:00,25513.7,25521.5,25511.9,25519.4,197.0
2026-07-28 21:45:00,25518.8,25531.6,25486.6,25498.8,2190.0
2026-07-28 22:30:00,25498.7,25508.5,25464.6,25503.0,4176.0
2026-07-28 23:15:00,25503.3,25577.5,25492.2,25565.6,4403.0
2026-07-29 00:00:00,25563.4,25576.1,25522.8,25537.8,5246.0
2026-07-29 00:45:00,25537.7,25644.7,25481.0,25588.9,5356.0
2026-07-29 01:30:00,25581.9,25733.8,25514.2,25692.6,7427.0
2026-07-29 02:15:00,25692.1,25758.2,25674.2,25708.4,6455.0
2026-07-29 03:00:00,25707.9,25763.3,25632.7,25646.8,5207.0
2026-07-29 03:45:00,25648.3,25694.1,25645.0,25656.4,4341.0
2026-07-29 04:30:00,25656.1,25694.5,25614.0,25639.0,5154.0
2026-07-29 05:15:00,25638.0,25664.0,25600.7,25608.3,5335.0
2026-07-29 06:00:00,25607.6,25735.3,25605.1,25716.3,4119.0
2026-07-29 06:45:00,25716.8,25762.6,25716.0,25749.5,2940.0
2026-07-29 07:30:00,25750.0,25810.0,25734.5,25758.7,2914.0
2026-07-29 08:15:00,25758.2,25781.7,25736.3,25768.8,3136.0
2026-07-29 09:00:00,25763.8,25766.6,25690.1,25707.1,1369.0
2026-07-29 09:45:00,25706.6,25720.0,25677.0,25708.3,1517.0
2026-07-29 10:30:00,25708.8,25712.5,25642.3,25672.0,1556.0
2026-07-29 11:15:00,25671.5,25679.1,25650.4,25679.1,1200.0
2026-07-29 12:00:00,25678.6,25683.5,25610.7,25639.4,2186.0
2026-07-29 12:45:00,25639.9,25655.9,25614.4,25650.7,1691.0
2026-07-29 13:30:00,25651.2,25719.4,25643.4,25655.2,4372.0
2026-07-29 14:15:00,25656.2,25689.7,25622.2,25640.2,3211.0
2026-07-29 15:00:00,25639.7,25685.9,25633.2,25675.9,2536.0
2026-07-29 15:45:00,25676.4,25691.4,25632.3,25691.4,1858.0
2026-07-29 16:30:00,25689.9,25750.6,25660.8,25749.6,1236.0
2026-07-29 17:15:00,25750.1,25762.1,25712.6,25727.5,1124.0
2026-07-29 18:00:00,25732.0,25907.9,25732.0,25903.9,2812.0
2026-07-29 18:45:00,25903.4,25964.3,25824.5,25836.4,5791.0
2026-07-29 19:30:00,25836.7,25856.7,25658.8,25682.9,7903.0
2026-07-29 20:15:00,25682.3,25710.8,25648.9,25682.1,4105.0
2026-07-29 21:00:00,25680.0,25687.0,25652.8,25653.9,438.0
2026-07-29 21:45:00,25654.0,25791.3,25644.6,25762.5,3510.0
2026-07-29 22:30:00,25762.2,25797.2,25751.5,25780.6,2740.0
2026-07-29 23:15:00,25781.9,25803.8,25778.2,25785.4,3558.0
2026-07-30 00:00:00,25786.0,25808.6,25749.4,25756.7,5985.0
2026-07-30 00:45:00,25757.6,25943.0,25753.8,25930.5,5824.0
2026-07-30 01:30:00,25922.0,25980.0,25682.0,25757.0,7818.0
2026-07-30 02:15:00,25761.0,25856.6,25735.3,25775.3,7200.0
2026-07-30 03:00:00,25774.3,25827.1,25672.6,25743.4,6614.0
2026-07-30 03:45:00,25747.9,25773.1,25723.9,25753.0,4306.0
2026-07-30 04:30:00,25752.7,25754.5,25631.0,25729.7,5187.0
2026-07-30 05:15:00,25728.2,25816.4,25671.7,25812.3,6487.0
2026-07-30 06:00:00,25813.3,25874.4,25764.8,25842.3,5927.0
2026-07-30 06:45:00,25840.8,25865.3,25789.0,25799.0,4951.0
2026-07-30 07:30:00,25800.5,25887.5,25779.5,25883.1,4029.0
2026-07-30 08:15:00,25882.6,25886.8,25832.5,25845.4,3400.0
2026-07-30 09:00:00,25845.9,25915.9,25845.6,25895.8,2236.0
2026-07-30 09:45:00,25896.3,25923.3,25868.2,25914.0,2761.0
2026-07-30 10:30:00,25913.5,25942.2,25893.9,25900.9,2981.0
2026-07-30 11:15:00,25901.4,25917.4,25880.3,25908.7,2208.0
2026-07-30 12:00:00,25909.2,25947.1,25894.5,25902.3,3005.0
2026-07-30 12:45:00,25902.8,25916.4,25867.7,25910.8,3435.0
2026-07-30 13:30:00,25910.3,25911.5,25812.1,25902.4,6202.0
2026-07-30 14:15:00,25901.9,25919.4,25863.5,25881.8,4672.0
2026-07-30 15:00:00,25882.8,25960.0,25867.5,25956.5,4743.0
2026-07-30 15:45:00,25957.5,26007.1,25957.5,25985.8,3408.0
2026-07-30 16:30:00,25986.3,26006.8,25965.3,25989.2,2951.0
2026-07-30 17:15:00,25989.7,25994.2,25956.8,25976.7,2375.0
2026-07-30 18:00:00,25977.2,25991.2,25965.9,25987.1,1527.0
2026-07-30 18:45:00,25987.6,26134.3,25981.1,26127.2,1738.0
2026-07-30 19:30:00,26127.4,26185.5,26100.5,26172.1,3935.0
2026-07-30 20:15:00,26171.4,26202.0,26130.7,26139.4,3096.0
2026-07-30 21:00:00,26136.7,26154.2,26130.1,26144.5,486.0
2026-07-30 21:45:00,26143.8,26151.1,26114.8,26132.5,2074.0
2026-07-30 22:30:00,26132.2,26171.8,26090.0,26091.3,1744.0
2026-07-30 23:15:00,26092.0,26115.0,26084.6,26104.6,2162.0
2026-07-31 00:00:00,26104.3,26128.2,26094.8,26118.8,3248.0
2026-07-31 00:45:00,26119.0,26119.9,25815.1,25898.4,3751.0
2026-07-31 01:30:00,25892.4,25892.8,25612.3,25722.5,8208.0
2026-07-31 02:15:00,25723.5,25896.9,25701.5,25896.2,7229.0
2026-07-31 03:00:00,25895.2,25896.5,25724.5,25798.0,6227.0
2026-07-31 03:45:00,25798.5,25831.9,25793.7,25819.6,2814.0
2026-07-31 04:30:00,25820.2,25866.6,25778.5,25785.7,3120.0
2026-07-31 05:15:00,25786.2,25812.4,25759.9,25804.8,5452.0
2026-07-31 06:00:00,25805.8,25828.3,25776.3,25805.7,4793.0
2026-07-31 06:45:00,25806.7,25874.9,25789.7,25858.0,4556.0
2026-07-31 07:30:00,25857.5,25933.0,25837.9,25889.3,3966.0
2026-07-31 08:15:00,25892.3,25915.9,25883.9,25897.8,2655.0
2026-07-31 09:00:00,25912.8,25937.8,25885.4,25893.2,2412.0
2026-07-31 09:45:00,25892.7,25916.8,25884.8,25910.2,2565.0
2026-07-31 10:30:00,25909.7,25922.6,25877.0,25881.7,2389.0
2026-07-31 11:15:00,25882.2,25883.7,25845.7,25861.9,2960.0
2026-07-31 12:00:00,25862.4,25877.4,25825.5,25841.8,2965.0
2026-07-31 12:45:00,25842.3,25896.5,25832.6,25890.1,3341.0
2026-07-31 13:30:00,25891.6,25901.1,25765.0,25804.4,6423.0
2026-07-31 14:15:00,25804.9,25929.0,25782.0,25926.0,5712.0
2026-07-31 15:00:00,25926.5,25939.2,25846.5,25889.4,4992.0
2026-07-31 15:45:00,25889.9,25908.9,25859.2,25897.3,4140.0
2026-07-31 16:30:00,25896.8,25909.6,25862.7,25883.6,3103.0
2026-07-31 17:15:00,25884.1,25921.9,25879.2,25894.7,2876.0
2026-07-31 18:00:00,25894.2,25914.2,25887.0,25889.0,3120.0
2026-07-31 18:45:00,25888.5,25906.8,25880.5,25897.1,2314.0
2026-07-31 19:30:00,25897.2,25964.1,25885.9,25912.9,3864.0
2026-07-31 20:15:00,25912.2,25912.9,25846.8,25860.2,2056.0
2026-08-02 22:00:00,26002.5,26028.5,25992.0,25992.0,3356.0
2026-08-02 22:45:00,25991.9,25998.6,25978.3,25995.0,1871.0
2026-08-02 23:30:00,25995.3,26011.5,25984.5,26003.0,4403.0
2026-08-03 00:15:00,26002.6,26013.0,25954.2,25956.1,3044.0
2026-08-03 01:00:00,25956.4,26072.7,25894.6,26050.2,6019.0
2026-08-03 01:45:00,26050.3,26130.8,25800.7,25836.1,7539.0
2026-08-03 02:30:00,25837.6,25978.9,25822.3,25920.4,6369.0
2026-08-03 03:15:00,25919.4,25943.4,25880.1,25888.2,4288.0
2026-08-03 04:00:00,25874.5,25883.7,25870.6,25883.4,557.0
2026-08-03 04:45:00,25882.8,25958.4,25854.8,25902.0,3814.0
2026-08-03 05:30:00,25901.5,25925.8,25853.6,25923.0,4386.0
2026-08-03 06:15:00,25924.5,25964.4,25909.4,25961.9,3788.0
2026-08-03 07:00:00,25962.4,25994.3,25924.0,25972.2,4003.0
2026-08-03 07:45:00,25971.2,26001.9,25952.2,25978.4,2708.0
2026-08-03 08:30:00,25955.0,25986.8,25947.2,25973.3,1939.0
2026-08-03 09:15:00,25976.3,25978.8,25947.4,25947.6,1868.0
2026-08-03 10:00:00,25947.1,25960.4,25936.0,25952.3,2067.0
2026-08-03 10:45:00,25952.8,25960.4,25937.8,25945.2,1922.0
2026-08-03 11:30:00,25946.2,25970.2,25937.6,25947.1,2246.0
2026-08-03 12:15:00,25947.6,25951.1,25917.7,25945.7,2269.0
2026-08-03 13:00:00,25946.2,25974.1,25919.7,25971.1,4021.0
2026-08-03 13:45:00,25970.6,25993.1,25939.0,25961.4,4532.0
2026-08-03 14:30:00,25960.9,25990.4,25944.0,25945.0,3039.0
2026-08-03 15:15:00,25944.5,26012.9,25933.8,25999.7,2268.0
2026-08-03 16:00:00,25999.2,26005.2,25969.1,25973.7,1804.0
2026-08-03 16:45:00,25973.1,25973.6,25933.7,25942.3,1353.0
2026-08-03 17:30:00,25942.8,25959.2,25919.9,25953.8,1120.0
2026-08-03 18:15:00,25953.3,25977.0,25951.8,25959.4,1408.0
2026-08-03 19:00:00,25945.4,25953.5,25931.0,25940.2,1255.0
2026-08-03 19:45:00,25940.0,25959.0,25927.7,25949.3,2548.0
2026-08-03 20:30:00,25949.9,25959.0,25941.6,25944.4,687.0
2026-08-03 21:00:00,25944.1,25953.0,25943.0,25949.2,145.0
2026-08-03 21:45:00,25948.3,25965.0,25946.6,25960.5,1262.0
2026-08-03 22:30:00,25960.8,25970.8,25959.8,25962.0,1051.0
2026-08-03 23:15:00,25962.3,25971.0,25958.0,25971.0,1466.0
2026-08-04 00:00:00,25969.4,25975.8,25954.3,25968.1,3110.0
2026-08-04 00:45:00,25968.7,26059.3,25909.4,26048.2,3950.0
2026-08-04 01:30:00,26049.2,26183.7,25789.8,25867.8,7999.0
2026-08-04 02:15:00,25869.8,25902.5,25828.5,25843.0,5907.0
2026-08-04 03:00:00,25841.0,25933.9,25838.0,25895.1,5205.0
2026-08-04 03:45:00,25896.1,25901.5,25846.5,25877.0,2138.0
2026-08-04 04:30:00,25877.6,25897.6,25787.8,25827.4,2972.0
2026-08-04 05:15:00,25826.9,25836.0,25762.3,25816.0,4957.0
2026-08-04 06:00:00,25816.5,25835.7,25783.4,25804.1,4422.0
2026-08-04 06:45:00,25804.6,25874.2,25795.1,25845.5,3534.0
2026-08-04 07:30:00,25845.0,25857.5,25790.8,25830.8,3166.0
2026-08-04 08:15:00,25830.3,25830.8,25769.9,25775.4,2001.0
2026-08-04 09:00:00,25775.1,25800.7,25755.7,25782.3,1644.0
2026-08-04 09:45:00,25782.4,25783.9,25737.5,25768.4,2093.0
2026-08-04 10:30:00,25769.4,25811.5,25763.6,25780.4,2998.0
2026-08-04 11:15:00,25780.9,25801.7,25746.0,25761.4,3286.0
2026-08-04 12:00:00,25762.4,25773.0,25725.6,25756.7,2592.0
2026-08-04 12:45:00,25757.2,25776.7,25720.0,25723.4,2579.0
2026-08-04 13:30:00,25721.4,25809.4,25677.3,25804.9,5098.0
2026-08-04 14:15:00,25805.4,25867.7,25773.8,25858.2,3789.0
2026-08-04 15:00:00,25858.7,25873.1,25828.5,25848.4,2819.0
2026-08-04 15:45:00,25847.9,25889.0,25842.3,25886.5,2263.0
2026-08-04 16:30:00,25887.0,25896.5,25876.6,25885.1,1814.0
2026-08-04 17:15:00,25885.6,25917.6,25883.6,25887.5,1836.0
2026-08-04 18:00:00,25887.0,25899.6,25875.1,25883.1,2227.0
2026-08-04 18:45:00,25883.6,25922.2,25883.6,25911.9,1745.0
2026-08-04 19:30:00,25912.1,25945.0,25891.1,25924.3,3571.0
2026-08-04 20:15:00,25924.5,25924.5,25891.0,25919.8,3096.0
2026-08-04 21:00:00,25913.9,25919.9,25911.7,25918.8,298.0
2026-08-04 21:45:00,25919.1,25940.6,25909.2,25937.5,1523.0
2026-08-04 22:30:00,25937.8,25945.9,25929.7,25941.4,1515.0
2026-08-04 23:15:00,25942.0,25943.5,25922.0,25926.2,1799.0
2026-08-05 00:00:00,25926.9,25943.2,25923.1,25931.9,2847.0
2026-08-05 00:45:00,25931.7,25942.3,25792.9,25865.1,3492.0
2026-08-05 01:30:00,25864.6,25967.3,25721.8,25891.9,7592.0
2026-08-05 02:15:00,25891.4,25932.2,25840.3,25854.5,6182.0
2026-08-05 03:00:00,25855.5,25881.6,25809.3,25877.4,4798.0
2026-08-05 03:45:00,25879.4,25908.6,25845.5,25849.1,1401.0
2026-08-05 04:30:00,25849.4,25875.4,25790.5,25837.3,2665.0
2026-08-05 05:15:00,25838.3,25913.9,25835.6,25909.5,5379.0
2026-08-05 06:00:00,25911.5,25954.5,25890.7,25943.0,4250.0
2026-08-05 06:45:00,25942.5,25964.9,25898.6,25909.4,3364.0
2026-08-05 07:30:00,25908.4,25923.0,25877.2,25880.0,2879.0
2026-08-05 08:15:00,25879.5,25887.8,25857.9,25866.7,2011.0
2026-08-05 09:00:00,25867.3,25884.3,25842.9,25871.7,1667.0
2026-08-05 09:45:00,25871.2,25872.1,25844.7,25845.1,1237.0
2026-08-05 10:30:00,25845.6,25850.0,25750.2,25757.8,1786.0
2026-08-05 11:15:00,25758.3,25829.1,25756.3,25814.0,1867.0
2026-08-05 12:00:00,25814.5,25855.7,25813.0,25838.2,1946.0
2026-08-05 12:45:00,25839.2,25870.4,25837.7,25844.1,1776.0
2026-08-05 13:30:00,25846.6,25848.1,25754.4,25792.2,5363.0
2026-08-05 14:15:00,25791.7,25795.1,25720.3,25742.5,4160.0
2026-08-05 15:00:00,25743.0,25760.3,25683.2,25703.3,3696.0
2026-08-05 15:45:00,25702.8,25704.9,25662.6,25689.5,3312.0
2026-08-05 16:30:00,25690.0,25691.1,25627.9,25639.7,2201.0
2026-08-05 17:15:00,25639.2,25689.9,25636.3,25681.9,1983.0
2026-08-05 18:00:00,25681.4,25683.7,25655.7,25659.2,1522.0
2026-08-05 18:45:00,25658.7,25670.2,25640.4,25669.3,1615.0
2026-08-05 19:30:00,25669.1,25669.7,25616.2,25652.6,3262.0
2026-08-05 20:15:00,25654.4,25658.8,25639.7,25648.7,1394.0
2026-08-05 21:00:00,25653.2,25653.6,25642.3,25643.6,226.0
2026-08-05 21:45:00,25643.5,25678.2,25638.5,25676.8,1544.0
2026-08-05 22:30:00,25675.3,25687.0,25662.8,25672.2,1388.0
2026-08-05 23:15:00,25671.8,25675.9,25649.6,25653.4,2071.0
2026-08-06 00:00:00,25652.8,25659.9,25641.8,25649.7,3475.0
2026-08-06 00:45:00,25650.0,25707.4,25610.4,25626.6,3663.0
2026-08-06 01:30:00,25625.1,25629.2,25381.8,25427.4,7337.0
2026-08-06 02:15:00,25427.9,25478.3,25405.7,25475.0,5685.0
2026-08-06 03:00:00,25475.6,25475.6,25393.0,25446.1,4540.0
2026-08-06 03:45:00,25446.6,25465.0,25428.5,25436.5,2318.0
2026-08-06 04:30:00,25436.3,25470.1,25424.7,25429.8,3070.0
2026-08-06 05:15:00,25429.3,25463.1,25405.9,25459.4,4355.0
2026-08-06 06:00:00,25458.4,25479.6,25412.4,25434.9,3681.0
2026-08-06 06:45:00,25434.4,25499.1,25423.1,25490.5,3542.0
2026-08-06 07:30:00,25491.0,25509.8,25454.2,25506.1,2615.0
2026-08-06 08:15:00,25505.1,25530.2,25494.8,25514.7,2027.0
2026-08-06 09:00:00,25558.5,25567.0,25527.7,25544.6,1988.0
2026-08-06 09:45:00,25545.1,25565.2,25544.4,25561.6,1395.0
2026-08-06 10:30:00,25561.4,25564.7,25525.5,25535.1,1664.0
2026-08-06 11:15:00,25534.6,25557.9,25533.1,25557.9,1807.0
2026-08-06 12:00:00,25557.4,25570.3,25536.8,25568.7,2256.0
2026-08-06 12:45:00,25569.2,25572.1,25535.9,25551.7,2340.0
2026-08-06 13:30:00,25551.2,25561.6,25517.6,25542.7,4907.0
2026-08-06 14:15:00,25542.2,25596.7,25519.0,25587.4,3732.0
2026-08-06 15:00:00,25588.4,25598.1,25499.7,25499.7,3375.0
2026-08-06 15:45:00,25499.2,25516.1,25410.0,25460.8,3243.0
2026-08-06 16:30:00,25460.3,25515.0,25456.4,25504.1,2501.0
2026-08-06 17:15:00,25503.1,25514.6,25490.4,25513.2,2447.0
2026-08-06 18:00:00,25514.2,25549.5,25507.6,25527.4,2103.0
2026-08-06 18:45:00,25527.9,25537.9,25512.0,25522.6,1852.0
2026-08-06 19:30:00,25522.7,25545.5,25506.9,25536.1,2945.0
2026-08-06 20:15:00,25536.0,25539.4,25508.8,25517.6,1277.0
2026-08-06 21:00:00,25520.4,25522.5,25510.6,25515.6,206.0
2026-08-06 21:45:00,25515.8,25541.9,25511.8,25530.7,992.0
2026-08-06 22:30:00,25530.1,25536.3,25521.3,25531.3,1083.0
2026-08-06 23:15:00,25531.6,25543.4,25531.6,25540.6,1730.0
2026-08-07 00:00:00,25539.4,25547.0,25509.2,25527.8,3993.0
2026-08-07 00:45:00,25527.5,25568.6,25471.3,25566.1,3934.0
2026-08-07 01:30:00,25550.6,25550.9,25395.2,25446.2,7226.0
2026-08-07 02:15:00,25447.2,25547.1,25387.4,25512.8,5893.0
2026-08-07 03:00:00,25513.8,25558.4,25499.6,25544.1,4348.0
2026-08-07 03:45:00,25543.6,25560.4,25529.3,25550.6,2135.0
2026-08-07 04:30:00,25550.9,25574.2,25513.9,25545.8,2895.0
2026-08-07 05:15:00,25545.3,25582.7,25534.9,25568.2,3251.0
2026-08-07 06:00:00,25570.2,25615.7,25570.1,25604.5,3792.0
2026-08-07 06:45:00,25603.5,25639.6,25595.5,25627.0,2903.0
2026-08-07 07:30:00,25626.5,25664.2,25614.9,25662.2,2576.0
2026-08-07 08:15:00,25661.2,25716.0,25640.4,25681.1,1621.0
2026-08-07 09:00:00,25644.5,25690.8,25644.5,25684.8,1204.0
2026-08-07 09:45:00,25685.3,25709.0,25682.0,25687.3,1213.0
2026-08-07 10:30:00,25687.8,25714.2,25686.3,25695.7,1103.0
2026-08-07 11:15:00,25696.2,25713.7,25686.1,25712.2,1115.0
2026-08-07 12:00:00,25711.7,25808.0,25697.4,25797.2,2637.0
2026-08-07 12:45:00,25797.7,25815.6,25766.3,25781.8,2636.0
2026-08-07 13:30:00,25783.3,25802.6,25731.4,25745.5,4855.0
2026-08-07 14:15:00,25746.5,25832.6,25741.3,25815.7,3864.0
2026-08-07 15:00:00,25815.2,25854.5,25803.2,25840.6,2802.0
2026-08-07 15:45:00,25840.1,25853.5,25815.2,25822.7,2432.0
2026-08-07 16:30:00,25823.2,25847.2,25812.2,25833.4,2391.0
2026-08-07 17:15:00,25832.9,25838.4,25819.7,25825.6,1384.0
2026-08-07 18:00:00,25825.1,25825.1,25795.6,25802.5,833.0
2026-08-07 18:45:00,25803.0,25827.6,25788.1,25822.2,1572.0
2026-08-07 19:30:00,25822.0,25835.7,25808.0,25812.1,2675.0
2026-08-07 20:15:00,25811.5,25816.5,25800.8,25813.8,843.0
2026-08-09 22:00:00,25808.1,25810.8,25776.6,25791.1,2395.0
2026-08-09 22:45:00,25791.7,25809.3,25788.7,25803.5,1079.0
2026-08-09 23:30:00,25803.8,25816.1,25789.4,25812.0,2421.0
2026-08-10 00:15:00,25811.4,25811.4,25788.2,25792.4,2308.0
2026-08-10 01:00:00,25792.7,25876.1,25711.0,25875.6,5074.0
2026-08-10 01:45:00,25875.9,25893.1,25779.7,25790.3,6979.0
2026-08-10 02:30:00,25790.8,25881.3,25789.3,25822.2,5079.0
2026-08-10 03:15:00,25821.7,25825.4,25754.3,25823.8,3454.0
2026-08-10 04:00:00,25814.3,25824.0,25811.8,25819.8,950.0
2026-08-10 04:45:00,25820.1,25831.4,25775.4,25776.9,3329.0
2026-08-10 05:30:00,25777.4,25870.6,25775.9,25855.7,3609.0
2026-08-10 06:15:00,25854.7,25866.3,25832.3,25865.3,2897.0
2026-08-10 07:00:00,25865.8,25947.7,25865.8,25947.2,2924.0
2026-08-10 07:45:00,25945.7,25950.9,25919.0,25933.1,2118.0
2026-08-10 08:30:00,25921.1,25929.4,25910.6,25916.2,1032.0
2026-08-10 09:15:00,25916.7,25937.2,25904.9,25907.4,1099.0
2026-08-10 10:00:00,25907.3,25919.8,25903.9,25919.8,1017.0
2026-08-10 10:45:00,25919.3,25924.5,25895.0,25907.9,1362.0
2026-08-10 11:30:00,25908.4,25921.6,25901.4,25903.6,1352.0
2026-08-10 12:15:00,25904.1,25905.8,25880.1,25884.7,1497.0
2026-08-10 13:00:00,25885.2,25898.9,25852.0,25860.7,2644.0
2026-08-10 13:45:00,25859.2,25929.9,25827.4,25921.9,3632.0
2026-08-10 14:30:00,25922.4,25966.4,25919.4,25951.1,3061.0
2026-08-10 15:15:00,25951.6,25983.2,25942.6,25981.2,2314.0
2026-08-10 16:00:00,25981.7,26005.3,25964.0,25979.6,2433.0
2026-08-10 16:45:00,25979.1,25984.1,25958.6,25971.6,1706.0
2026-08-10 17:30:00,25972.1,25984.5,25954.4,25970.9,1351.0
2026-08-10 18:15:00,25971.4,25975.4,25950.0,25952.6,1209.0
2026-08-10 19:00:00,25941.2,25959.6,25938.5,25959.3,924.0
2026-08-10 19:45:00,25959.1,25977.0,25949.0,25966.1,1714.0
2026-08-10 20:30:00,25965.5,25972.1,25962.7,25968.7,544.0
2026-08-10 21:00:00,25968.2,25973.9,25966.1,25971.7,131.0
2026-08-10 21:45:00,25971.5,25979.5,25958.6,25961.7,650.0
2026-08-10 22:30:00,25961.0,25961.0,25953.5,25957.1,469.0
2026-08-10 23:15:00,25956.5,25956.5,25939.9,25951.5,923.0
2026-08-11 00:00:00,25950.3,25978.7,25943.5,25977.5,2567.0
2026-08-11 00:45:00,25978.1,26019.4,25943.4,25972.3,2645.0
2026-08-11 01:30:00,25973.3,26046.7,25873.6,25890.5,7353.0
2026-08-11 02:15:00,25892.5,25918.9,25782.6,25799.8,5159.0
2026-08-11 03:00:00,25800.3,25805.7,25740.6,25740.8,3579.0
2026-08-11 03:45:00,25741.8,25770.6,25736.2,25739.5,1168.0
2026-08-11 04:30:00,25739.2,25775.9,25738.3,25756.1,1696.0
2026-08-11 05:15:00,25757.1,25758.6,25707.6,25709.6,2830.0
2026-08-11 06:00:00,25709.1,25719.6,25629.0,25649.8,2840.0
2026-08-11 06:45:00,25650.3,25680.6,25641.6,25658.9,2758.0
2026-08-11 07:30:00,25659.4,25677.6,25604.2,25607.5,2436.0
2026-08-11 08:15:00,25607.0,25619.1,25591.5,25601.9,1621.0
2026-08-11 09:00:00,25601.3,25636.5,25601.0,25625.8,1396.0
2026-08-11 09:45:00,25626.3,25653.3,25626.3,25645.3,1456.0
2026-08-11 10:30:00,25645.8,25684.9,25642.7,25664.1,2049.0
2026-08-11 11:15:00,25663.6,25667.6,25619.8,25623.1,1325.0
2026-08-11 12:00:00,25622.6,25640.0,25598.3,25630.4,1681.0
2026-08-11 12:45:00,25629.9,25640.2,25607.7,25619.1,1307.0
2026-08-11 13:30:00,25623.1,25623.1,25544.6,25581.6,4466.0
2026-08-11 14:15:00,25582.1,25607.7,25557.4,25587.5,2655.0
2026-08-11 15:00:00,25588.5,25595.3,25529.8,25534.8,2529.0
2026-08-11 15:45:00,25535.3,25562.2,25522.3,25561.7,1756.0
2026-08-11 16:30:00,25561.2,25566.8,25538.9,25539.6,1204.0
2026-08-11 17:15:00,25539.1,25552.9,25537.2,25539.6,1298.0
2026-08-11 18:00:00,25539.1,25543.4,25506.8,25520.6,1269.0
2026-08-11 18:45:00,25520.1,25539.4,25505.8,25526.0,1197.0
2026-08-11 19:30:00,25526.4,25540.7,25504.2,25538.7,2134.0
2026-08-11 20:15:00,25538.1,25554.0,25536.7,25542.6,912.0
2026-08-11 21:00:00,25546.3,25549.8,25543.3,25544.1,120.0
2026-08-11 21:45:00,25544.3,25550.7,25537.9,25545.1,638.0
2026-08-11 22:30:00,25544.7,25547.4,25534.9,25538.2,760.0
2026-08-11 23:15:00,25537.9,25546.0,25536.3,25545.0,1052.0
2026-08-12 00:00:00,25544.4,25544.4,25527.5,25539.0,2474.0
2026-08-12 00:45:00,25539.6,25543.7,25453.4,25453.5,2581.0
2026-08-12 01:30:00,25454.0,25461.0,25313.3,25343.0,6906.0
2026-08-12 02:15:00,25342.0,25378.4,25328.6,25337.3,5130.0
2026-08-12 03:00:00,25336.3,25354.5,25301.7,25331.4,3662.0
2026-08-12 03:45:00,25330.4,25335.4,25314.3,25319.2,878.0
2026-08-12 04:30:00,25319.8,25335.4,25309.0,25324.2,1808.0
2026-08-12 05:15:00,25322.7,25393.0,25306.1,25386.6,3595.0
2026-08-12 06:00:00,25387.1,25403.3,25356.0,25397.1,3230.0
2026-08-12 06:45:00,25396.6,25411.5,25374.3,25387.6,2612.0
2026-08-12 07:30:00,25386.6,25396.4,25352.0,25389.6,2363.0
2026-08-12 08:15:00,25388.1,25394.8,25369.2,25382.4,1041.0
2026-08-12 09:00:00,25395.9,25432.0,25388.7,25410.3,1572.0
2026-08-12 09:45:00,25409.8,25426.6,25398.5,25415.6,1134.0
2026-08-12 10:30:00,25414.6,25423.0,25379.0,25411.2,1170.0
2026-08-12 11:15:00,25410.7,25425.4,25399.5,25413.9,909.0
2026-08-12 12:00:00,25413.4,25462.7,25393.9,25435.2,2459.0
2026-08-12 12:45:00,25435.7,25438.8,25386.0,25394.8,2582.0
2026-08-12 13:30:00,25393.8,25393.8,25320.5,25355.8,4489.0
2026-08-12 14:15:00,25355.3,25376.2,25320.7,25332.6,3073.0
2026-08-12 15:00:00,25332.1,25332.6,25285.7,25299.2,2441.0
2026-08-12 15:45:00,25299.7,25320.1,25289.8,25308.1,1551.0
2026-08-12 16:30:00,25307.6,25318.6,25290.3,25309.8,1283.0
2026-08-12 17:15:00,25310.3,25327.6,25304.8,25316.5,809.0
2026-08-12 18:00:00,25317.0,25318.2,25301.6,25304.5,951.0
2026-08-12 18:45:00,25305.0,25312.9,25286.8,25300.7,764.0
2026-08-12 19:30:00,25300.8,25302.3,25267.1,25287.6,1977.0
2026-08-12 20:15:00,25288.2,25291.6,25272.4,25273.0,1134.0
2026-08-12 21:00:00,25271.3,25283.8,25271.3,25283.6,77.0
2026-08-12 21:45:00,25283.8,25287.6,25278.6,25281.6,844.0
2026-08-12 22:30:00,25281.3,25291.7,25276.6,25291.7,682.0
2026-08-12 23:15:00,25292.3,25293.4,25282.0,25284.3,971.0
2026-08-13 00:00:00,25284.6,25297.9,25281.7,25287.8,1950.0
2026-08-13 00:45:00,25288.4,25324.9,25261.5,25262.0,2350.0
2026-08-13 01:30:00,25264.0,25425.7,25247.6,25366.1,7023.0
2026-08-13 02:15:00,25366.6,25441.4,25335.7,25417.6,5016.0
2026-08-13 03:00:00,25418.1,25435.2,25394.9,25430.0,3186.0
2026-08-13 03:45:00,25430.5,25440.4,25407.5,25414.7,1073.0
2026-08-13 04:30:00,25415.0,25497.5,25414.0,25484.7,2179.0
2026-08-13 05:15:00,25485.7,25494.7,25395.5,25400.0,3770.0
2026-08-13 06:00:00,25399.7,25424.2,25333.1,25345.3,3619.0
2026-08-13 06:45:00,25344.8,25363.2,25306.8,25344.5,3277.0
2026-08-13 07:30:00,25343.5,25367.8,25333.7,25356.0,2432.0
2026-08-13 08:15:00,25353.5,25357.2,25334.1,25340.1,1198.0
2026-08-13 09:00:00,25340.4,25384.2,25340.1,25375.0,1141.0
2026-08-13 09:45:00,25374.1,25385.9,25350.5,25354.5,986.0
2026-08-13 10:30:00,25354.0,25371.6,25348.3,25362.1,955.0
2026-08-13 11:15:00,25361.6,25367.7,25326.5,25330.1,960.0
2026-08-13 12:00:00,25330.6,25360.4,25304.0,25330.2,1694.0
2026-08-13 12:45:00,25329.7,25342.3,25298.3,25304.2,1713.0
2026-08-13 13:30:00,25304.7,25355.6,25241.3,25253.0,4281.0
2026-08-13 14:15:00,25253.5,25280.6,25223.6,25237.0,2948.0
2026-08-13 15:00:00,25238.0,25241.6,25182.9,25199.5,2828.0
2026-08-13 15:45:00,25199.0,25211.3,25180.1,25196.7,1685.0
2026-08-13 16:30:00,25196.2,25210.5,25189.8,25190.3,1300.0
2026-08-13 17:15:00,25190.8,25202.2,25180.7,25185.9,1064.0
2026-08-13 18:00:00,25186.9,25203.8,25182.0,25202.3,921.0
2026-08-13 18:45:00,25201.8,25209.2,25185.3,25194.2,946.0
2026-08-13 19:30:00,25194.1,25206.6,25185.7,25194.2,1963.0
2026-08-13 20:15:00,25193.6,25203.3,25187.5,25202.6,869.0
2026-08-13 21:00:00,25201.7,25203.7,25200.9,25202.9,157.0
2026-08-13 21:45:00,25203.0,25212.2,25201.6,25205.2,665.0
2026-08-13 22:30:00,25205.6,25215.0,25203.7,25215.0,300.0
2026-08-13 23:15:00,25214.7,25215.0,25208.4,25210.0,972.0
2026-08-14 00:00:00,25211.2,25217.9,25205.6,25205.6,1295.0
2026-08-14 00:45:00,25206.2,25218.0,25145.7,25171.6,2193.0
2026-08-14 01:30:00,25184.1,25266.0,25104.4,25155.6,6804.0
2026-08-14 02:15:00,25154.1,25223.1,25113.3,25160.3,5344.0
2026-08-14 03:00:00,25159.8,25165.3,25114.0,25130.0,3733.0
2026-08-14 03:45:00,25130.5,25137.6,25113.6,25116.1,978.0
2026-08-14 04:30:00,25116.4,25145.9,25075.7,25100.5,1884.0
2026-08-14 05:15:00,25100.0,25159.0,25093.9,25150.6,3732.0
2026-08-14 06:00:00,25151.1,25158.1,25081.2,25106.8,3120.0
2026-08-14 06:45:00,25106.3,25123.9,25059.3,25060.8,2415.0
2026-08-14 07:30:00,25062.3,25090.0,25040.4,25078.3,2347.0
2026-08-14 08:15:00,25082.3,25084.9,25057.6,25062.5,961.0
2026-08-14 09:00:00,25062.2,25119.2,25062.2,25113.4,1240.0
2026-08-14 09:45:00,25113.9,25141.1,25113.9,25130.1,775.0
2026-08-14 10:30:00,25129.6,25143.3,25124.9,25140.5,716.0
2026-08-14 11:15:00,25141.0,25169.9,25140.5,25156.8,1006.0
2026-08-14 12:00:00,25157.3,25193.8,25143.5,25167.4,1458.0
2026-08-14 12:45:00,25166.9,25174.9,25146.5,25171.6,1420.0
2026-08-14 13:30:00,25172.1,25246.4,25153.3,25227.7,4059.0
2026-08-14 14:15:00,25228.2,25269.0,25207.6,25232.9,2903.0
2026-08-14 15:00:00,25233.9,25249.7,25212.6,25226.0,2074.0
2026-08-14 15:45:00,25226.5,25256.9,25226.0,25234.2,1548.0
2026-08-14 16:30:00,25234.7,25241.5,25208.8,25216.5,1278.0
2026-08-14 17:15:00,25216.0,25226.5,25205.0,25216.6,957.0
2026-08-14 18:00:00,25217.1,25244.7,25213.6,25243.2,1112.0
2026-08-14 18:45:00,25242.7,25246.2,25210.6,25210.8,838.0
2026-08-14 19:30:00,25210.4,25224.2,25207.0,25209.0,1569.0
2026-08-14 20:15:00,25210.2,25220.4,25206.4,25218.2,684.0
2026-08-16 22:00:00,25226.6,25242.1,25226.6,25237.5,673.0
2026-08-16 22:45:00,25236.9,25243.9,25236.9,25241.2,279.0
2026-08-16 23:30:00,25241.5,25253.9,25239.5,25250.7,690.0
2026-08-17 00:15:00,25250.1,25250.7,25238.9,25246.0,477.0
2026-08-17 01:00:00,25245.4,25436.6,25240.7,25411.6,4858.0
2026-08-17 01:45:00,25411.9,25481.0,25364.3,25465.2,6012.0
2026-08-17 02:30:00,25464.7,25501.8,25459.5,25498.8,3833.0
2026-08-17 03:15:00,25498.3,25512.5,25451.8,25492.2,2445.0
2026-08-17 04:00:00,25481.3,25482.5,25476.8,25480.3,242.0
2026-08-17 04:45:00,25480.9,25522.7,25453.1,25517.0,2582.0
2026-08-17 05:30:00,25515.5,25550.4,25508.8,25529.1,2827.0
2026-08-17 06:15:00,25529.6,25533.6,25472.6,25515.2,2527.0
2026-08-17 07:00:00,25513.2,25516.2,25459.0,25480.0,2476.0
2026-08-17 07:45:00,25479.5,25479.5,25399.1,25411.7,2269.0
2026-08-17 08:30:00,25397.8,25432.5,25391.3,25426.5,826.0
2026-08-17 09:15:00,25426.0,25431.2,25412.2,25421.1,907.0
2026-08-17 10:00:00,25421.6,25472.7,25416.1,25439.9,1348.0
2026-08-17 10:45:00,25440.4,25449.3,25421.2,25441.6,1129.0
2026-08-17 11:30:00,25442.1,25463.1,25435.2,25436.7,1293.0
2026-08-17 12:15:00,25437.2,25439.2,25388.5,25396.8,1792.0
2026-08-17 13:00:00,25398.3,25451.2,25354.3,25354.3,2645.0
2026-08-17 13:45:00,25354.8,25426.3,25342.9,25410.9,3602.0
2026-08-17 14:30:00,25411.4,25424.5,25351.3,25368.3,2346.0
2026-08-17 15:15:00,25367.8,25369.8,25340.3,25366.3,1613.0
2026-08-17 16:00:00,25365.8,25389.1,25358.8,25380.1,1266.0
2026-08-17 16:45:00,25380.6,25383.1,25337.4,25341.4,1349.0
2026-08-17 17:30:00,25341.9,25353.8,25323.6,25345.6,1355.0
2026-08-17 18:15:00,25346.1,25353.2,25327.6,25327.6,1228.0
2026-08-17 19:00:00,25327.7,25349.7,25326.0,25334.3,872.0
2026-08-17 19:45:00,25334.4,25339.9,25299.4,25302.1,1823.0
2026-08-17 20:30:00,25302.7,25303.1,25295.1,25299.1,648.0
2026-08-17 21:00:00,25300.9,25302.5,25298.6,25302.2,98.0
2026-08-17 21:45:00,25301.8,25308.9,25293.4,25300.2,856.0
2026-08-17 22:30:00,25299.7,25303.3,25295.5,25300.2,508.0
2026-08-17 23:15:00,25299.6,25310.0,25296.2,25309.3,881.0
2026-08-18 00:00:00,25308.7,25315.8,25306.0,25309.0,1158.0
2026-08-18 00:45:00,25308.4,25378.1,25275.6,25292.5,2118.0
2026-08-18 01:30:00,25292.0,25410.1,25196.6,25239.1,6911.0
2026-08-18 02:15:00,25238.6,25296.3,25207.1,25264.7,5399.0
2026-08-18 03:00:00,25264.2,25275.7,25217.3,25249.5,4547.0
2026-08-18 03:45:00,25248.5,25256.1,25219.1,25229.0,1573.0
2026-08-18 04:30:00,25229.3,25253.5,25203.3,25222.0,2190.0
2026-08-18 05:15:00,25223.0,25426.9,25220.6,25402.5,4858.0
2026-08-18 06:00:00,25402.0,25446.2,25348.2,25426.5,4625.0
2026-08-18 06:45:00,25427.5,25470.6,25410.6,25425.7,3556.0
2026-08-18 07:30:00,25426.2,25468.7,25396.4,25420.8,3469.0
2026-08-18 08:15:00,25420.3,25440.1,25415.9,25434.4,2036.0
2026-08-18 09:00:00,25434.1,25448.9,25403.9,25428.4,1824.0
2026-08-18 09:45:00,25426.9,25454.0,25426.2,25454.0,1586.0
2026-08-18 10:30:00,25453.5,25453.5,25430.4,25434.5,1143.0
2026-08-18 11:15:00,25434.0,25449.8,25423.4,25447.8,1537.0
2026-08-18 12:00:00,25447.3,25492.1,25441.3,25462.1,2145.0
2026-08-18 12:45:00,25463.6,25469.7,25418.0,25428.7,2082.0
2026-08-18 13:30:00,25429.7,25517.2,25412.4,25428.9,5192.0
2026-08-18 14:15:00,25428.4,25458.9,25362.4,25372.9,3744.0
2026-08-18 15:00:00,25373.4,25388.8,25328.5,25347.0,3442.0
2026-08-18 15:45:00,25347.5,25380.7,25347.5,25354.7,2550.0
2026-08-18 16:30:00,25355.2,25373.9,25351.6,25371.0,1816.0
2026-08-18 17:15:00,25371.5,25371.5,25342.9,25343.4,1332.0
2026-08-18 18:00:00,25342.9,25374.3,25332.4,25367.0,1454.0
2026-08-18 18:45:00,25366.5,25368.5,25343.9,25366.9,1050.0
2026-08-18 19:30:00,25367.1,25375.7,25350.8,25360.6,1960.0
2026-08-18 20:15:00,25361.8,25364.9,25352.8,25357.8,908.0
2026-08-18 21:00:00,25358.1,25360.1,25353.4,25355.5,122.0
2026-08-18 21:45:00,25356.0,25369.4,25353.2,25353.2,861.0
2026-08-18 22:30:00,25353.5,25359.6,25342.6,25358.0,998.0
2026-08-18 23:15:00,25357.7,25366.8,25353.7,25356.7,1282.0
2026-08-19 00:00:00,25356.1,25371.4,25331.9,25368.3,2226.0
2026-08-19 00:45:00,25368.9,25371.0,25247.7,25276.6,2954.0
2026-08-19 01:30:00,25276.1,25411.5,25247.4,25377.4,7009.0
2026-08-19 02:15:00,25376.4,25511.7,25366.6,25488.6,6013.0
2026-08-19 03:00:00,25487.6,25511.6,25448.5,25498.4,4339.0
2026-08-19 03:45:00,25497.9,25530.1,25490.0,25523.4,1660.0
2026-08-19 04:30:00,25523.7,25530.4,25444.0,25445.6,2603.0
2026-08-19 05:15:00,25446.1,25499.4,25398.1,25464.5,4792.0
2026-08-19 06:00:00,25465.0,25503.7,25423.0,25459.8,4253.0
2026-08-19 06:45:00,25460.8,25510.3,25450.1,25478.1,3231.0
2026-08-19 07:30:00,25480.6,25498.3,25468.7,25476.5,2330.0
2026-08-19 08:15:00,25476.0,25482.7,25450.8,25451.4,1217.0
2026-08-19 09:00:00,25451.1,25478.0,25448.2,25456.7,1312.0
2026-08-19 09:45:00,25456.2,25497.5,25451.2,25483.0,1315.0
2026-08-19 10:30:00,25483.5,25490.5,25470.5,25483.0,1388.0
2026-08-19 11:15:00,25482.5,25490.5,25463.5,25479.0,1457.0
2026-08-19 12:00:00,25478.5,25617.5,25466.0,25608.5,3008.0
2026-08-19 12:45:00,25608.0,25670.0,25595.0,25664.0,3788.0
2026-08-19 13:30:00,25664.5,25733.5,25659.0,25682.0,5251.0
2026-08-19 14:15:00,25681.5,25743.0,25672.5,25710.0,3313.0
2026-08-19 15:00:00,25711.0,25740.5,25707.5,25736.0,3057.0
2026-08-19 15:45:00,25735.5,25769.5,25730.0,25741.5,1829.0
2026-08-19 16:30:00,25742.0,25742.5,25713.0,25716.5,1949.0
2026-08-19 17:15:00,25717.0,25718.0,25687.5,25691.0,2056.0
2026-08-19 18:00:00,25691.5,25718.5,25680.5,25712.0,2888.0
2026-08-19 18:45:00,25713.0,25728.2,25701.3,25714.3,1639.0
2026-08-19 19:30:00,25714.4,25717.0,25685.3,25700.6,2459.0
2026-08-19 20:15:00,25701.2,25709.2,25694.6,25706.6,826.0
2026-08-19 21:00:00,25707.6,25712.7,25705.3,25711.8,233.0
2026-08-19 21:45:00,25712.2,25745.2,25712.2,25733.7,1299.0
2026-08-19 22:30:00,25733.4,25753.5,25731.0,25743.2,1225.0
2026-08-19 23:15:00,25743.5,25745.8,25730.8,25731.6,1006.0
2026-08-20 00:00:00,25729.2,25735.9,25709.2,25709.8,2585.0
2026-08-20 00:45:00,25709.2,25833.8,25707.4,25796.3,2560.0
2026-08-20 01:30:00,25782.3,25816.8,25684.3,25704.8,6416.0
2026-08-20 02:15:00,25704.3,25715.3,25619.3,25669.6,4494.0
2026-08-20 03:00:00,25669.1,25791.5,25652.6,25755.0,3731.0
2026-08-20 03:45:00,25755.5,25787.0,25752.5,25769.4,1338.0
2026-08-20 04:30:00,25768.8,25841.5,25760.5,25803.5,2310.0
2026-08-20 05:15:00,25804.0,25848.5,25786.0,25792.0,3923.0
2026-08-20 06:00:00,25794.5,25846.0,25777.0,25839.5,3435.0
2026-08-20 06:45:00,25840.5,25851.0,25757.0,25763.0,2905.0
2026-08-20 07:30:00,25762.0,25782.5,25707.5,25722.5,3069.0
2026-08-20 08:15:00,25723.0,25745.5,25680.3,25704.4,2644.0
2026-08-20 09:00:00,25709.9,25744.4,25638.4,25661.9,2669.0
2026-08-20 09:45:00,25661.4,25745.4,25639.4,25704.9,2902.0
2026-08-20 10:30:00,25704.4,25727.9,25665.9,25673.4,2653.0
2026-08-20 11:15:00,25673.9,25676.4,25632.9,25643.4,2912.0
2026-08-20 12:00:00,25642.9,25643.9,25560.4,25587.9,3837.0
2026-08-20 12:45:00,25588.4,25637.4,25584.9,25633.9,3057.0
2026-08-20 13:30:00,25632.9,25682.4,25583.4,25591.4,5728.0
2026-08-20 14:15:00,25591.9,25710.9,25581.4,25694.4,4776.0
2026-08-20 15:00:00,25693.4,25740.9,25655.4,25656.9,4692.0
2026-08-20 15:45:00,25656.4,25722.4,25654.4,25714.9,3443.0
2026-08-20 16:30:00,25714.4,25734.4,25696.9,25707.4,2641.0
2026-08-20 17:15:00,25704.9,25712.9,25680.9,25712.4,2022.0
2026-08-20 18:00:00,25711.9,25722.4,25684.9,25713.4,2475.0
2026-08-20 18:45:00,25712.9,25723.9,25699.2,25709.1,1474.0
2026-08-20 19:30:00,25709.3,25720.5,25687.1,25704.3,2611.0
2026-08-20 20:15:00,25705.5,25723.5,25694.9,25723.5,1016.0
2026-08-20 21:00:00,25722.7,25729.2,25721.5,25728.8,127.0
2026-08-20 21:45:00,25729.0,25732.6,25710.4,25719.1,1130.0
2026-08-20 22:30:00,25719.7,25731.2,25715.1,25728.7,691.0
2026-08-20 23:15:00,25729.0,25731.1,25716.6,25721.8,1228.0
2026-08-21 00:00:00,25721.5,25738.8,25718.5,25727.6,2397.0
2026-08-21 00:45:00,25727.3,25846.9,25686.2,25805.9,3361.0
2026-08-21 01:30:00,25804.9,25923.9,25800.9,25842.4,6467.0
2026-08-21 02:15:00,25843.4,25914.9,25822.9,25888.4,5314.0
2026-08-21 03:00:00,25887.9,25921.9,25862.4,25901.4,3948.0
2026-08-21 03:45:00,25899.9,25914.4,25880.9,25881.0,1634.0
2026-08-21 04:30:00,25880.4,25907.4,25849.9,25890.9,2203.0
2026-08-21 05:15:00,25890.4,25919.4,25872.4,25915.9,3338.0
2026-08-21 06:00:00,25915.4,25982.9,25909.4,25972.9,3406.0
2026-08-21 06:45:00,25971.9,25986.4,25954.9,25966.4,2766.0
2026-08-21 07:30:00,25967.9,26026.9,25957.4,26019.9,2527.0
2026-08-21 08:15:00,26020.4,26052.5,26015.4,26046.5,1414.0
2026-08-21 09:00:00,26048.3,26081.8,26030.3,26033.3,1688.0
2026-08-21 09:45:00,26032.3,26046.3,26018.8,26024.3,1463.0
2026-08-21 10:30:00,26024.8,26033.3,26010.8,26014.8,1398.0
2026-08-21 11:15:00,26014.3,26054.8,26003.8,26010.8,2225.0
2026-08-21 12:00:00,26011.8,26031.3,26002.3,26019.3,2101.0
2026-08-21 12:45:00,26019.8,26060.8,26002.8,26052.8,1790.0
2026-08-21 13:30:00,26051.3,26064.8,25928.3,25934.3,3565.0
2026-08-21 14:15:00,25934.8,25938.8,25911.8,25929.8,3229.0
2026-08-21 15:00:00,25930.3,25976.3,25925.3,25972.3,3126.0
2026-08-21 15:45:00,25972.8,25984.3,25937.3,25944.8,2383.0
2026-08-21 16:30:00,25944.3,25947.8,25926.8,25927.8,1654.0
2026-08-21 17:15:00,25928.3,25929.3,25899.3,25908.8,1301.0
2026-08-21 18:00:00,25909.3,25917.3,25901.8,25905.8,1247.0
2026-08-21 18:45:00,25906.3,25914.8,25895.9,25902.7,967.0
2026-08-21 19:30:00,25902.9,25921.8,25867.5,25873.6,1844.0
2026-08-21 20:15:00,25873.0,25884.7,25864.2,25882.7,695.0
2026-08-23 22:00:00,25887.7,25907.7,25884.2,25907.7,1587.0
2026-08-23 22:45:00,25908.0,25935.5,25907.3,25935.5,750.0
2026-08-23 23:30:00,25934.9,25959.4,25934.8,25942.9,2598.0
2026-08-24 00:15:00,25942.6,25942.8,25880.2,25907.3,2956.0
2026-08-24 01:00:00,25907.6,25915.5,25547.6,25549.6,4886.0
2026-08-24 01:45:00,25548.6,25548.6,25422.1,25515.1,5811.0
2026-08-24 02:30:00,25512.1,25515.1,25434.6,25449.1,4332.0
2026-08-24 03:15:00,25449.6,25476.6,25435.6,25455.1,3154.0
2026-08-24 04:00:00,25443.4,25451.7,25440.5,25449.6,2024.0
2026-08-24 04:45:00,25449.3,25497.6,25438.0,25490.1,3537.0
2026-08-24 05:30:00,25489.1,25496.1,25448.6,25490.6,3333.0
2026-08-24 06:15:00,25490.1,25548.6,25477.6,25532.1,2851.0
2026-08-24 07:00:00,25535.1,25551.1,25476.6,25483.6,2249.0
2026-08-24 07:45:00,25484.6,25507.1,25463.1,25478.1,2587.0
2026-08-24 08:30:00,25448.3,25498.0,25445.3,25489.0,1701.0
2026-08-24 09:15:00,25491.0,25529.5,25478.0,25529.5,1760.0
2026-08-24 10:00:00,25529.0,25544.5,25516.0,25520.5,2014.0
2026-08-24 10:45:00,25521.0,25527.5,25504.0,25519.5,1945.0
2026-08-24 11:30:00,25519.0,25562.5,25506.5,25518.5,3086.0
2026-08-24 12:15:00,25518.0,25534.5,25458.3,25508.8,2736.0
2026-08-24 13:00:00,25509.3,25581.3,25501.3,25566.8,3537.0
2026-08-24 13:45:00,25565.3,25591.3,25545.8,25586.8,3449.0
2026-08-24 14:30:00,25586.3,25613.8,25574.8,25583.8,2257.0
2026-08-24 15:15:00,25583.3,25627.3,25569.8,25597.8,2935.0
2026-08-24 16:00:00,25597.3,25626.8,25597.3,25599.8,2256.0
2026-08-24 16:45:00,25600.3,25644.8,25595.8,25608.3,2709.0
2026-08-24 17:30:00,25609.3,25615.8,25562.8,25572.8,1986.0
2026-08-24 18:15:00,25573.3,25599.8,25568.8,25576.4,2082.0
2026-08-24 19:00:00,25576.2,25582.4,25566.5,25572.0,980.0
2026-08-24 19:45:00,25571.8,25603.8,25564.6,25586.1,1711.0
2026-08-24 20:30:00,25585.4,25610.4,25585.4,25607.7,412.0
2026-08-24 21:00:00,25606.9,25610.2,25602.3,25610.2,67.0
2026-08-24 21:45:00,25610.4,25618.0,25605.2,25606.2,785.0
2026-08-24 22:30:00,25606.5,25610.8,25603.9,25610.8,383.0
2026-08-24 23:15:00,25610.2,25611.5,25587.3,25594.3,1076.0
2026-08-25 00:00:00,25591.2,25614.4,25574.6,25612.4,2877.0
2026-08-25 00:45:00,25611.8,25653.7,25562.2,25646.7,3081.0
2026-08-25 01:30:00,25633.7,25668.2,25393.7,25468.7,5871.0
2026-08-25 02:15:00,25469.7,25504.7,25417.7,25430.7,4734.0
2026-08-25 03:00:00,25430.2,25495.8,25419.8,25447.3,3797.0
2026-08-25 03:45:00,25446.3,25466.3,25435.8,25451.5,1532.0
2026-08-25 04:30:00,25451.2,25460.8,25420.3,25451.8,2323.0
2026-08-25 05:15:00,25452.3,25505.8,25451.8,25502.8,3547.0
2026-08-25 06:00:00,25503.3,25531.3,25476.3,25523.8,2745.0
2026-08-25 06:45:00,25523.3,25539.3,25496.3,25511.8,2431.0
2026-08-25 07:30:00,25512.8,25530.3,25472.6,25476.1,2124.0
2026-08-25 08:15:00,25476.6,25553.6,25475.1,25527.8,2370.0
2026-08-25 09:00:00,25551.0,25595.5,25538.0,25581.5,2350.0
2026-08-25 09:45:00,25582.0,25607.0,25574.0,25575.0,1965.0
2026-08-25 10:30:00,25575.5,25628.0,25574.0,25595.5,2041.0
2026-08-25 11:15:00,25596.0,25609.0,25588.0,25604.0,1686.0
2026-08-25 12:00:00,25603.5,25604.0,25552.5,25558.5,2269.0
2026-08-25 12:45:00,25559.0,25566.5,25528.0,25533.5,2124.0
2026-08-25 13:30:00,25532.0,25636.0,25519.0,25636.0,4560.0
2026-08-25 14:15:00,25636.5,25653.5,25595.5,25595.5,3436.0
2026-08-25 15:00:00,25597.0,25650.5,25589.0,25629.5,3055.0
2026-08-25 15:45:00,25628.5,25649.0,25621.5,25624.5,2095.0
2026-08-25 16:30:00,25624.0,25650.0,25619.0,25626.5,1684.0
2026-08-25 17:15:00,25626.0,25661.5,25624.0,25660.5,1426.0
2026-08-25 18:00:00,25660.0,25664.0,25642.5,25663.0,1167.0
2026-08-25 18:45:00,25663.5,25667.0,25631.9,25635.8,882.0
2026-08-25 19:30:00,25636.0,25660.6,25629.0,25652.1,1720.0
2026-08-25 20:15:00,25653.3,25661.9,25646.0,25649.3,830.0
2026-08-25 21:00:00,25648.9,25653.1,25647.2,25651.7,180.0
2026-08-25 21:45:00,25651.4,25657.4,25649.1,25655.1,616.0
2026-08-25 22:30:00,25655.4,25692.0,25655.1,25675.6,262.0
2026-08-25 23:15:00,25675.9,25676.3,25649.2,25666.2,736.0
2026-08-26 00:00:00,25664.4,25670.1,25631.1,25633.0,2537.0
2026-08-26 00:45:00,25632.7,25696.2,25622.4,25658.7,2817.0
2026-08-26 01:30:00,25653.2,25813.1,25626.2,25744.1,6067.0
2026-08-26 02:15:00,25746.1,25787.6,25724.6,25759.1,4695.0
2026-08-26 03:00:00,25758.6,25764.1,25680.6,25692.1,3512.0
2026-08-26 03:45:00,25692.6,25708.1,25684.5,25687.9,1183.0
2026-08-26 04:30:00,25687.3,25697.1,25652.6,25667.6,2136.0
2026-08-26 05:15:00,25667.1,25739.1,25655.6,25738.6,3401.0
2026-08-26 06:00:00,25739.1,25745.6,25713.6,25731.1,3178.0
2026-08-26 06:45:00,25730.6,25736.1,25673.1,25675.1,2917.0
2026-08-26 07:30:00,25674.6,25691.6,25629.1,25653.1,2669.0
2026-08-26 08:15:00,25653.6,25669.1,25643.1,25658.9,1684.0
2026-08-26 09:00:00,25662.5,25679.0,25638.5,25639.5,1517.0
2026-08-26 09:45:00,25639.0,25648.0,25631.0,25639.0,1292.0
2026-08-26 10:30:00,25638.5,25646.5,25626.5,25639.0,1342.0
2026-08-26 11:15:00,25639.5,25663.5,25628.5,25659.5,1636.0
2026-08-26 12:00:00,25660.0,25686.0,25648.0,25655.5,2767.0
2026-08-26 12:45:00,25655.0,25666.5,25618.5,25662.5,3159.0
2026-08-26 13:30:00,25664.0,25702.0,25625.0,25639.5,4484.0
2026-08-26 14:15:00,25641.0,25679.5,25640.5,25641.5,3495.0
2026-08-26 15:00:00,25640.5,25664.5,25635.0,25651.5,2737.0
2026-08-26 15:45:00,25652.5,25658.5,25622.5,25623.0,2555.0
2026-08-26 16:30:00,25623.5,25632.5,25605.0,25631.0,2167.0
2026-08-26 17:15:00,25631.5,25642.5,25614.5,25619.0,1695.0
2026-08-26 18:00:00,25618.5,25620.5,25596.5,25601.0,1508.0
2026-08-26 18:45:00,25601.5,25609.0,25574.1,25584.8,1265.0
2026-08-26 19:30:00,25584.7,25594.9,25551.3,25591.0,2145.0
2026-08-26 20:15:00,25592.8,25610.3,25559.7,25610.3,2761.0
2026-08-26 21:00:00,25620.2,25683.9,25618.4,25679.2,692.0
2026-08-26 21:45:00,25679.0,25701.5,25648.6,25700.9,1977.0
2026-08-26 22:30:00,25700.3,25710.5,25692.3,25694.4,996.0
2026-08-26 23:15:00,25694.7,25700.7,25665.2,25678.0,843.0
2026-08-27 00:00:00,25678.3,25679.9,25536.9,25537.9,1890.0
2026-08-27 00:45:00,25537.3,25776.6,25526.4,25772.1,3599.0
2026-08-27 01:30:00,25772.6,25776.6,25543.1,25592.6,5979.0
2026-08-27 02:15:00,25594.6,25614.6,25507.1,25512.1,3754.0
2026-08-27 03:00:00,25511.1,25556.1,25503.6,25539.6,2664.0
2026-08-27 03:45:00,25540.1,25557.7,25533.6,25546.6,1208.0
2026-08-27 04:30:00,25546.3,25577.6,25508.6,25574.6,1841.0
2026-08-27 05:15:00,25573.6,25613.1,25554.1,25574.6,3099.0
2026-08-27 06:00:00,25573.6,25602.1,25553.6,25602.1,2091.0
2026-08-27 06:45:00,25601.6,25608.6,25540.6,25563.6,2146.0
2026-08-27 07:30:00,25562.6,25584.1,25550.6,25577.1,1856.0
2026-08-27 08:15:00,25574.6,25585.1,25538.8,25539.5,1550.0
2026-08-27 09:00:00,25576.5,25577.5,25488.5,25489.5,1161.0
2026-08-27 09:45:00,25490.0,25505.5,25480.5,25492.5,827.0
2026-08-27 10:30:00,25491.0,25509.0,25481.5,25508.5,529.0
2026-08-27 11:15:00,25509.0,25525.5,25500.5,25514.5,893.0
2026-08-27 12:00:00,25514.0,25528.0,25493.0,25493.5,965.0
2026-08-27 12:45:00,25494.0,25507.0,25489.0,25497.0,1050.0
2026-08-27 13:30:00,25498.5,25527.5,25441.5,25446.0,3412.0
2026-08-27 14:15:00,25445.5,25502.5,25443.5,25473.5,1892.0
2026-08-27 15:00:00,25474.5,25475.0,25436.0,25458.0,1523.0
2026-08-27 15:45:00,25458.5,25473.5,25440.5,25445.5,978.0
2026-08-27 16:30:00,25446.0,25472.5,25442.5,25468.5,775.0
2026-08-27 17:15:00,25469.5,25473.5,25450.5,25464.5,549.0
2026-08-27 18:00:00,25465.0,25466.0,25447.0,25464.0,618.0
2026-08-27 18:45:00,25464.5,25474.0,25450.3,25451.3,1191.0
2026-08-27 19:30:00,25451.5,25472.5,25450.9,25461.3,2125.0
2026-08-27 20:15:00,25461.9,25470.6,25452.7,25466.6,801.0
2026-08-27 21:00:00,25473.9,25478.2,25472.7,25476.0,164.0
2026-08-27 21:45:00,25475.8,25477.1,25456.0,25470.2,930.0
2026-08-27 22:30:00,25469.9,25471.2,25459.5,25461.9,636.0
2026-08-27 23:15:00,25462.2,25462.2,25448.4,25452.3,580.0
2026-08-28 00:00:00,25453.0,25477.7,25450.4,25476.6,1688.0
2026-08-28 00:45:00,25476.0,25484.6,25347.8,25362.3,2389.0
2026-08-28 01:30:00,25372.3,25622.3,25361.3,25582.3,6147.0
2026-08-28 02:15:00,25581.8,25648.8,25566.3,25630.8,4478.0
2026-08-28 03:00:00,25630.3,25702.8,25627.8,25684.3,3316.0
2026-08-28 03:45:00,25684.8,25692.8,25648.6,25652.6,1257.0
2026-08-28 04:30:00,25652.3,25674.6,25633.6,25657.6,1772.0
2026-08-28 05:15:00,25658.6,25676.1,25635.1,25638.1,2787.0
2026-08-28 06:00:00,25640.1,25658.6,25582.6,25600.6,3159.0
2026-08-28 06:45:00,25599.6,25620.6,25574.6,25583.6,3084.0
2026-08-28 07:30:00,25584.6,25587.1,25543.0,25566.0,2442.0
2026-08-28 08:15:00,25566.5,25568.5,25533.7,25554.8,1353.0
2026-08-28 09:00:00,25608.5,25609.5,25579.0,25604.5,1261.0
2026-08-28 09:45:00,25603.5,25609.5,25594.0,25604.5,967.0
2026-08-28 10:30:00,25605.0,25612.0,25583.5,25604.5,1280.0
2026-08-28 11:15:00,25606.5,25608.5,25586.5,25599.5,1173.0
2026-08-28 12:00:00,25600.0,25609.5,25584.5,25587.5,1664.0
2026-08-28 12:45:00,25588.5,25603.0,25572.5,25589.0,1872.0
2026-08-28 13:30:00,25589.5,25685.5,25555.0,25565.0,4562.0
2026-08-28 14:15:00,25566.0,25596.5,25503.0,25590.0,4961.0
2026-08-28 15:00:00,25592.5,25606.5,25540.5,25552.0,3962.0
2026-08-28 15:45:00,25552.5,25562.0,25472.0,25489.0,4164.0
2026-08-28 16:30:00,25489.5,25522.0,25480.0,25500.0,3780.0
2026-08-28 17:15:00,25500.5,25515.0,25491.5,25510.5,2878.0
2026-08-28 18:00:00,25511.0,25524.0,25505.5,25517.0,2487.0
2026-08-28 18:45:00,25517.5,25522.7,25499.3,25522.3,2028.0
2026-08-28 19:30:00,25522.2,25543.9,25515.8,25528.0,2448.0
2026-08-28 20:15:00,25528.6,25540.6,25524.3,25538.5,805.0
2026-08-30 22:00:00,25528.9,25529.9,25486.3,25495.6,2280.0
2026-08-30 22:45:00,25495.3,25503.6,25482.8,25482.8,1502.0
2026-08-30 23:30:00,25483.1,25484.9,25439.9,25481.3,3782.0
