bartime,ma,macd_h
2025-01-01 22:00:00,,0.0
2025-01-02 00:00:00,,-60.80341880341924
2025-01-02 02:00:00,,-64.94104755643235
2025-01-02 04:00:00,,-68.69202110622399
2025-01-02 06:00:00,,-77.30608849184966
2025-01-02 08:00:00,,-61.4730043396346
2025-01-02 10:00:00,,-45.077750550078974
2025-01-02 12:00:00,,-24.893243950957668
2025-01-02 14:00:00,,-2.113517124267986
2025-01-02 16:00:00,,0.8322672408319534
2025-01-02 18:00:00,,-1.2214342026492204
2025-01-02 20:00:00,,4.811693754978421
2025-01-02 22:00:00,,8.372966517895577
2025-01-03 00:00:00,,26.040532846336873
2025-01-03 02:00:00,,57.76547465097627
2025-01-03 04:00:00,,52.51319028063892
2025-01-03 06:00:00,,49.19140836855763
2025-01-03 08:00:00,,37.74948117556703
2025-01-03 10:00:00,,32.948548064811604
2025-01-03 12:00:00,19626.405000000002,30.433384447773754
2025-01-03 14:00:00,19613.36,28.79036897381868
2025-01-03 16:00:00,19618.825000000004,27.070464653294664
2025-01-03 18:00:00,19622.260000000002,27.371733359779494
2025-01-03 20:00:00,19627.85,18.51507902290286
2025-01-05 23:00:00,19639.075,12.773533563142458
2025-01-06 01:00:00,19648.87,9.411116012390346
2025-01-06 03:00:00,19655.184999999998,-7.267984256456302
2025-01-06 05:00:00,19657.855000000003,-21.933307445313773
2025-01-06 07:00:00,19660.480000000003,-17.385766518828802
2025-01-06 09:00:00,19665.65,-14.220319196576348
2025-01-06 11:00:00,19692.8,58.056813781361924
2025-01-06 13:00:00,19711.63,53.92875733252086
2025-01-06 15:00:00,19722.239999999998,14.063941138484196
2025-01-06 17:00:00,19721.355,-30.27717021460521
2025-01-06 19:00:00,19712.699999999997,-45.95833374220068
2025-01-06 21:00:00,19708.519999999997,-42.98808180539571
2025-01-06 22:00:00,19703.565,-33.5925158414869
2025-01-07 00:00:00,19697.925,-31.305642460861137
2025-01-07 02:00:00,19676.784999999996,-74.01696095209317
2025-01-07 04:00:00,19655.545,-76.5556626445763
2025-01-07 06:00:00,19638.905,-45.69266179212741
2025-01-07 08:00:00,19623.739999999998,-16.331341542609294
2025-01-07 10:00:00,19606.530000000002,-1.712686007961338
2025-01-07 12:00:00,19593.465,16.20124846348412
2025-01-07 14:00:00,19578.09,16.400954340810642
2025-01-07 16:00:00,19560.870000000003,11.129900160245938
2025-01-07 18:00:00,19545.725,2.986038613276463
2025-01-07 20:00:00,19531.260000000002,-4.956413924307469
2025-01-07 22:00:00,19515.69,-1.6540310814349368
2025-01-08 00:00:00,19498.145,-5.930574554676298
2025-01-08 02:00:00,19450.575,-38.52469622940106
2025-01-08 04:00:00,19417.605,-18.86769815174719
2025-01-08 06:00:00,19392.91,-6.623072048912206
2025-01-08 08:00:00,19377.945,10.345234169379069
2025-01-08 10:00:00,19357.325000000004,-2.1058595639321993
2025-01-08 12:00:00,19334.739999999998,-7.961711798495486
2025-01-08 14:00:00,19314.829999999998,4.507929913307237
2025-01-08 16:00:00,19297.005,11.961604705558528
2025-01-08 18:00:00,19293.57,16.22348045240369
2025-01-08 20:00:00,19289.86,20.07611070926609
2025-01-08 22:00:00,19281.05,22.431180208904664
2025-01-09 00:00:00,19274.504999999997,37.70633280213319
2025-01-09 02:00:00,19266.87,34.27020387062478
2025-01-09 04:00:00,19255.08,24.3383695953344
2025-01-09 06:00:00,19245.190000000002,17.35276571818882
2025-01-09 08:00:00,19239.25,21.416918758175214
2025-01-09 10:00:00,19235.940000000002,23.428771042473322
2025-01-09 12:00:00,19235.695,25.81548917165314
2025-01-09 14:00:00,19233.375,20.181727499008687
2025-01-09 16:00:00,19232.235,11.305309334473172
2025-01-09 18:00:00,19240.63,4.975440638754545
2025-01-09 20:00:00,19241.71,1.7640907609165097
2025-01-09 22:00:00,19242.5,-1.8530902244432497
2025-01-10 00:00:00,19237.760000000002,-13.522704766937984
2025-01-10 02:00:00,19237.795,-20.257367674849625
2025-01-10 04:00:00,19236.58,-27.576438141995723
2025-01-10 06:00:00,19230.29,-32.212183196831205
2025-01-10 08:00:00,19223.83,-28.71271911559998
2025-01-10 10:00:00,19216.755,-23.608880091922032
2025-01-10 12:00:00,19206.13,-26.762702487676847
2025-01-10 14:00:00,19190.83,-37.061739113491285
2025-01-10 16:00:00,19170.04,-37.196886177689066
2025-01-10 18:00:00,19150.82,-30.15800687242728
2025-01-10 20:00:00,19130.254999999997,-29.93237265761752
2025-01-12 23:00:00,19113.269999999997,-11.065192915762879
2025-01-13 01:00:00,19090.975,-8.615813835428156
2025-01-13 03:00:00,19066.925,-6.842315629305688
2025-01-13 05:00:00,19044.205,6.711101928634264
2025-01-13 07:00:00,19021.655,11.497997507719333
2025-01-13 09:00:00,19000.534999999996,15.603967639475059
2025-01-13 11:00:00,18979.655,17.31600716139127
2025-01-13 13:00:00,18959.390000000003,20.127795843083845
2025-01-13 15:00:00,18936.765000000003,10.502488424244888
2025-01-13 17:00:00,18920.65,18.98100258549198
2025-01-13 19:00:00,18906.495000000003,24.36436881954114
2025-01-13 21:00:00,18895.385000000002,27.43620774329642
2025-01-13 22:00:00,18892.98,49.853253672685454
2025-01-14 00:00:00,18890.754999999997,53.46369192513536
2025-01-14 02:00:00,18895.579999999998,70.39414461595891
2025-01-14 04:00:00,18909.655,88.87287809894049
2025-01-14 06:00:00,18926.204999999998,76.93542466494308
2025-01-14 08:00:00,18942.379999999997,55.13493115999239
2025-01-14 10:00:00,18959.2,38.13826274066676
2025-01-14 12:00:00,18978.945,24.05944649653931
2025-01-14 14:00:00,18993.735,7.291205757222087
2025-01-14 16:00:00,19011.61,-2.137919503101031
2025-01-14 18:00:00,19028.555,-14.552424319663672
2025-01-14 20:00:00,19045.394999999997,-11.186580525095422
2025-01-14 22:00:00,19062.420000000002,-12.321386565131121
2025-01-15 00:00:00,19080.455,-8.502501176238894
2025-01-15 02:00:00,19101.765,3.225432402002127
2025-01-15 04:00:00,19120.55,-0.8839501748281009
2025-01-15 06:00:00,19144.535,3.2165157828505926
2025-01-15 08:00:00,19166.19,6.215685096021986
2025-01-15 10:00:00,19188.035,7.76131763692328
2025-01-15 12:00:00,19216.91,31.753045597470233
2025-01-15 14:00:00,19234.105000000003,18.204603978665574
2025-01-15 16:00:00,19252.14,10.811638972957269
2025-01-15 18:00:00,19265.69,10.737747843769398
2025-01-15 20:00:00,19273.120000000003,7.141069940441184
2025-01-15 22:00:00,19282.86,3.774380834179425
2025-01-16 00:00:00,19300.72,22.360672892293906
2025-01-16 02:00:00,19312.55,4.839404762456212
2025-01-16 04:00:00,19324.079999999998,-6.597596150088577
2025-01-16 06:00:00,19341.06,0.11131266465929457
2025-01-16 08:00:00,19356.54,-4.403360534311645
2025-01-16 10:00:00,19373.18,-11.119564773814147
2025-01-16 12:00:00,19386.495000000003,-17.92447374066316
2025-01-16 14:00:00,19399.68,-23.281945961663794
2025-01-16 16:00:00,19413.15,-19.119452904724213
2025-01-16 18:00:00,19423.62,-16.364520494978876
2025-01-16 20:00:00,19434.01,-21.81499185904488
2025-01-16 22:00:00,19443.35,-18.86705618118785
2025-01-17 00:00:00,19452.295000000002,-14.34753342923014
2025-01-17 02:00:00,19465.315,5.051919461213757
2025-01-17 04:00:00,19471.784999999996,14.702603360621282
2025-01-17 06:00:00,19482.579999999998,13.013927078658881
2025-01-17 08:00:00,19491.75,6.209048070274463
2025-01-17 10:00:00,19498.629999999997,-0.2206500474743791
2025-01-17 12:00:00,19506.48,-0.8594575600966721
2025-01-17 14:00:00,19530.82,55.25115316933426
2025-01-17 16:00:00,19543.139999999996,49.95014458294696
2025-01-17 18:00:00,19561.62,39.72955714379262
2025-01-17 20:00:00,19579.014999999996,22.260086323349867
2025-01-19 23:00:00,19591.665,5.583560078310654
2025-01-20 01:00:00,19614.165,23.812834907687176
2025-01-20 03:00:00,19642.055,39.97175028890115
2025-01-20 05:00:00,19666.704999999998,22.83108818907533
2025-01-20 07:00:00,19689.995000000003,1.0936777851308932
2025-01-20 09:00:00,19710.719999999998,-15.551438768518182
2025-01-20 11:00:00,19732.795,-19.043149125633903
2025-01-20 13:00:00,19776.625,45.9246766081082
2025-01-20 15:00:00,19817.48,55.3854939510756
2025-01-20 17:00:00,19856.480000000003,42.44839854584819
2025-01-20 19:00:00,19892.559999999998,32.96756306737001
2025-01-20 21:00:00,19927.704999999998,19.795335422662845
2025-01-20 22:00:00,19964.51,9.913242056226068
2025-01-21 00:00:00,19985.81,-56.54997275866566
2025-01-21 02:00:00,20016.905000000002,-48.051385906156895
2025-01-21 04:00:00,20043.225,-54.734492306223615
2025-01-21 06:00:00,20054.72,-46.29258994574832
2025-01-21 08:00:00,20067.29,-54.18589553122041
2025-01-21 10:00:00,20077.780000000002,-58.02550787670313
2025-01-21 12:00:00,20090.005,-52.481563014756205
2025-01-21 14:00:00,20096.875,-66.26543656034684
2025-01-21 16:00:00,20099.845,-48.23002802667314
2025-01-21 18:00:00,20097.95,-36.18646887113178
2025-01-21 20:00:00,20100.535,-25.853702937155603
2025-01-21 22:00:00,20107.144999999997,-12.289495914081343
2025-01-22 00:00:00,20104.72,-40.08591155084898
2025-01-22 02:00:00,20101.32,-44.40100163459933
2025-01-22 04:00:00,20076.2,-46.606167277291604
2025-01-22 06:00:00,20051.03,-46.90218457491054
2025-01-22 08:00:00,20036.784999999996,-6.227487349469371
2025-01-22 10:00:00,20018.835,6.510046898398585
2025-01-22 12:00:00,19998.870000000003,5.45243625707149
2025-01-22 14:00:00,19975.595,-2.5251744700329226
2025-01-22 16:00:00,19970.925,3.4799887576808075
2025-01-22 18:00:00,19956.219999999998,4.439044175155267
2025-01-22 20:00:00,19944.155,1.3728332579015472
2025-01-22 22:00:00,19929.745,-0.03918989637631398
2025-01-23 00:00:00,19922.704999999998,10.93720230098728
2025-01-23 02:00:00,19913.239999999998,0.9658002011091966
2025-01-23 04:00:00,19896.55,-25.902577033562338
2025-01-23 06:00:00,19886.234999999997,-31.902491160943313
2025-01-23 08:00:00,19871.344999999998,-28.452941523575177
2025-01-23 10:00:00,19857.004999999997,-20.700957199052624
2025-01-23 12:00:00,19843.3,-9.654664424398192
2025-01-23 14:00:00,19826.730000000003,-5.531495642380889
2025-01-23 16:00:00,19824.085,11.780798564435798
2025-01-23 18:00:00,19820.935,18.622906620053968
2025-01-23 20:00:00,19820.71,23.21281229257147
2025-01-23 22:00:00,19821.95,21.346761357276904
2025-01-24 00:00:00,19820.475,42.37378894649092
2025-01-24 02:00:00,19828.425,71.99085509308553
2025-01-24 04:00:00,19839.325,77.64929620693427
2025-01-24 06:00:00,19850.3,60.796140767672156
2025-01-24 08:00:00,19859.575,46.20923205619209
2025-01-24 10:00:00,19867.765000000003,26.498802481225653
2025-01-24 12:00:00,19878.215,16.98195836648611
2025-01-24 14:00:00,19890.135000000002,13.055682573750886
2025-01-24 16:00:00,19902.235,18.975887852461142
2025-01-24 18:00:00,19918.715,17.930381283638383
2025-01-24 20:00:00,19939.915,5.444610284945497
2025-01-26 23:00:00,19958.615,-10.975512815810134
2025-01-27 01:00:00,19983.47,2.803241900784542
2025-01-27 03:00:00,20010.065,12.535022798145576
2025-01-27 05:00:00,20034.595,8.555435820493756
2025-01-27 07:00:00,20058.81,-1.3134512870818753
2025-01-27 09:00:00,20092.815,38.97491054448383
2025-01-27 11:00:00,20125.525,42.491228678596826
2025-01-27 13:00:00,20151.18,13.551762757693268
2025-01-27 15:00:00,20178.37,0.08701071078726841
2025-01-27 17:00:00,20200.195,-3.210219626390341
2025-01-27 19:00:00,20213.165,-11.145875797540867
2025-01-27 21:00:00,20225.754999999997,-13.325911535560891
2025-01-27 22:00:00,20238.43,-22.320850693474938
2025-01-28 00:00:00,20245.105,-43.844683422129606
2025-01-28 02:00:00,20255.254999999997,-42.3910550532365
2025-01-28 04:00:00,20265.480000000003,-33.32548219319027
2025-02-02 23:00:00,20270.695,-39.38312233188404
2025-02-03 01:00:00,20258.670000000002,-85.14632844707083
2025-02-03 03:00:00,20253.815,-66.35181092521864
2025-02-03 05:00:00,20255.355,-34.46656051762725
2025-02-03 07:00:00,20264.07,0.10905298487320181
2025-02-03 09:00:00,20266.655,14.609819872229473
2025-02-03 11:00:00,20266.45,15.651479969121997
2025-02-03 13:00:00,20276.184999999998,43.87778256551294
2025-02-03 15:00:00,20292.609999999997,66.90013570268913
2025-02-03 17:00:00,20291.475,52.092833172541475
2025-02-03 19:00:00,20291.364999999998,35.847990794602495
2025-02-03 21:00:00,20301.59,36.40069044175982
2025-02-03 22:00:00,20311.11,30.41053053986593
2025-02-04 00:00:00,20325.25,42.41494268445223
2025-02-04 02:00:00,20339.82,36.05396601782789
2025-02-04 04:00:00,20349.920000000002,12.432681439894623
2025-02-04 06:00:00,20374.36,39.75698982471596
2025-02-04 08:00:00,20401.025,31.022479661206347
2025-02-04 10:00:00,20424.815,15.678062684009888
2025-02-04 12:00:00,20449.829999999998,11.768701252722678
2025-02-04 14:00:00,20488.73,39.08646041359469
2025-02-04 16:00:00,20540.394999999997,36.36501805545271
2025-02-04 18:00:00,20581.54,15.26765970688723
2025-02-04 20:00:00,20616.345,-7.373771593145875
2025-02-04 22:00:00,20646.97,-18.253129371611863
2025-02-05 00:00:00,20658.755,-88.84375432409124
2025-02-05 02:00:00,20678.915,-82.8639215486744
2025-02-05 04:00:00,20685.775,-86.7423047108179
2025-02-05 06:00:00,20689.06,-71.9926498091622
2025-02-05 08:00:00,20692.315,-70.78663299687923
2025-02-05 10:00:00,20700.345,-45.90378098033944
2025-02-05 12:00:00,20703.465000000004,-32.30825044667412
2025-02-05 14:00:00,20710.19,-8.97431991132989
2025-02-05 16:00:00,20708.775,-5.044315009397842
2025-02-05 18:00:00,20707.385000000002,-5.329303258980225
2025-02-05 20:00:00,20710.46,-2.418954480961652
2025-02-05 22:00:00,20701.335,-0.8733988432881823
2025-02-06 00:00:00,20693.095,-8.019391220434935
2025-02-06 02:00:00,20690.13,4.563735692336813
2025-02-06 04:00:00,20689.84,26.53592955132182
2025-02-06 06:00:00,20684.925,50.05181561769321
2025-02-06 08:00:00,20684.135000000002,61.72390123285129
2025-02-06 10:00:00,20683.69,47.25366395613999
2025-02-06 12:00:00,20684.595,30.2527332686511
2025-02-06 14:00:00,20686.98,23.912399202534118
2025-02-06 16:00:00,20706.93,11.380457595795804
2025-02-06 18:00:00,20716.18,-8.54921573940544
2025-02-06 20:00:00,20730.46,-15.878354549217505
2025-02-06 22:00:00,20744.08,-14.922883345907152
2025-02-07 00:00:00,20767.235,4.616700280643428
2025-02-07 02:00:00,20798.34,52.28660676517768
2025-02-07 04:00:00,20822.795,36.43156008885859
2025-02-07 06:00:00,20846.35,32.2338337688513
2025-02-07 08:00:00,20874.655000000002,32.38379027596886
2025-02-07 10:00:00,20904.035,25.72824015749157
2025-02-07 12:00:00,20934.075,20.446636994805488
2025-02-07 14:00:00,20962.765,7.176060076984584
2025-02-07 16:00:00,20992.219999999998,-8.188935582036322
2025-02-07 18:00:00,21014.3,-27.75169395723401
2025-02-07 20:00:00,21031.565000000002,-34.04243544388726
2025-02-09 23:00:00,21044.25,-31.768716662447872
2025-02-10 01:00:00,21069.879999999997,25.241836223662403
2025-02-10 03:00:00,21096.41,35.969883141708266
2025-02-10 05:00:00,21127.364999999998,44.39103290406646
2025-02-10 07:00:00,21159.21,47.664476321663386
2025-02-10 09:00:00,21192.965,40.148151201061864
2025-02-10 11:00:00,21230.47,28.663625106232757
2025-02-10 13:00:00,21263.545000000002,1.6756774023688195
2025-02-10 15:00:00,21297.48,-7.765644691839668
2025-02-10 17:00:00,21325.954999999998,-14.980418499238226
2025-02-10 19:00:00,21343.195,-16.46437272550679
2025-02-10 21:00:00,21367.614999999998,-19.97592580249136
2025-02-10 22:00:00,21388.47,-24.646901244633455
2025-02-11 00:00:00,21405.07,-32.03239625742893
2025-02-11 02:00:00,21415.844999999998,-52.842772705405025
2025-02-11 04:00:00,21427.67,-48.76233835481804
2025-02-11 06:00:00,21433.095,-69.26178543391998
2025-02-11 08:00:00,21440.395,-68.66791561427902
2025-02-11 10:00:00,21452.82,-53.44967536881751
2025-02-11 12:00:00,21461.159999999996,-53.55870545126486
2025-02-11 14:00:00,21483.055,2.7399844758016343
2025-02-11 16:00:00,21486.555,16.028014977410216
2025-02-11 18:00:00,21491.43,16.953343035196312
2025-02-11 20:00:00,21492.0,11.655648551778
2025-02-11 22:00:00,21490.31,8.868211125524738
2025-02-12 00:00:00,21493.7,24.738983646834896
2025-02-12 02:00:00,21497.289999999997,28.77259344142614
2025-02-12 04:00:00,21507.504999999997,33.784598357111776
2025-02-12 06:00:00,21523.695,55.95877663936841
2025-02-12 08:00:00,21541.935,61.644617435792526
2025-02-12 10:00:00,21556.36,42.802730793796115
2025-02-12 12:00:00,21567.555,13.5350187251004
2025-02-12 14:00:00,21588.54,27.631208074876838
2025-02-12 16:00:00,21617.78,48.8573191431625
2025-02-12 18:00:00,21649.1,34.73757581131338
2025-02-12 20:00:00,21678.165,19.974217518985427
2025-02-12 22:00:00,21715.789999999997,9.280169956121426
2025-02-13 00:00:00,21754.594999999998,4.106169860153386
2025-02-13 02:00:00,21797.075,15.913486945233046
2025-02-13 04:00:00,21853.055,46.85298648585575
2025-02-13 06:00:00,21864.06,-56.94665688643113
2025-02-13 08:00:00,21876.665,-99.17312304166097
2025-02-13 10:00:00,21890.57,-102.83090924732474
2025-02-13 12:00:00,21901.28,-105.49459363825989
2025-02-13 14:00:00,21920.034999999996,-63.64123430790568
2025-02-13 16:00:00,21933.55,-37.18144570991427
2025-02-13 18:00:00,21948.08,-16.153506305163816
2025-02-13 20:00:00,21960.64,-3.8097568564071764
2025-02-13 22:00:00,21963.96,-3.8666493021780184
2025-02-14 00:00:00,21975.739999999998,31.714090815662416
2025-02-14 02:00:00,21998.670000000002,69.26081119191856
2025-02-14 04:00:00,22021.000000000004,58.66062554095731
2025-02-14 06:00:00,22051.754999999997,103.70566246451705
2025-02-14 08:00:00,22076.61,106.79770275057035
2025-02-14 10:00:00,22103.185,82.59823682966874
2025-02-14 12:00:00,22129.265000000003,54.542363950580466
2025-02-14 14:00:00,22148.035,7.574524755260882
2025-02-14 16:00:00,22169.775,-2.8710549666754446
2025-02-14 18:00:00,22183.75,-19.491725586373946
2025-02-14 20:00:00,22188.245000000003,-27.910355496422312
2025-02-16 23:00:00,22224.81,-27.143301491682678
2025-02-17 01:00:00,22273.35,10.09397654144243
2025-02-17 03:00:00,22316.260000000002,2.9333319271985374
2025-02-17 05:00:00,22364.754999999997,0.6760833765543453
2025-02-17 07:00:00,22399.42,-22.802873267787618
2025-02-17 09:00:00,22433.765,-33.313426940131365
2025-02-17 11:00:00,22467.695,-32.606235466948874
2025-02-17 13:00:00,22503.420000000002,-23.103866665498288
2025-02-17 15:00:00,22542.06,-14.424300352954106
2025-02-17 17:00:00,22569.239999999998,-15.681681445774615
2025-02-17 19:00:00,22586.78,-21.69048403803049
2025-02-17 21:00:00,22608.715,-23.513202047948198
2025-02-17 22:00:00,22612.06,-27.374967338474562
2025-02-18 00:00:00,22622.435,-1.038863331494838
2025-02-18 02:00:00,22648.71,55.47521350876153
2025-02-18 04:00:00,22661.635000000002,20.214317496060488
2025-02-18 06:00:00,22687.46,21.056175481456677
2025-02-18 08:00:00,22706.135000000002,5.381490139298876
2025-02-18 10:00:00,22725.725,-9.9658953656417
2025-02-18 12:00:00,22744.395,-20.983521544632822
2025-02-18 14:00:00,22751.895,-59.12839888402476
2025-02-18 16:00:00,22750.47,-62.09820564260656
2025-02-18 18:00:00,22754.91,-52.97409523523379
2025-02-18 20:00:00,22758.565000000002,-40.39381181695157
2025-02-18 22:00:00,22767.305,-31.36544892662269
2025-02-19 00:00:00,22779.125000000004,-13.624341639294727
2025-02-19 02:00:00,22794.07,9.469220766081406
2025-02-19 04:00:00,22802.515,2.433364915116101
2025-02-19 06:00:00,22813.61,12.072415972249956
2025-02-19 08:00:00,22824.705,9.527358034895784
2025-02-19 10:00:00,22830.965000000004,-15.249311909597964
2025-02-19 12:00:00,22837.379999999997,-23.279526088084822
2025-02-19 14:00:00,22841.510000000002,-35.637748438440525
2025-02-19 16:00:00,22837.41,-37.75679868499559
2025-02-19 18:00:00,22819.56,-32.3095163344686
2025-02-19 20:00:00,22813.44,-32.63240765030474
2025-02-19 22:00:00,22801.875000000004,-24.91125431627525
2025-02-20 00:00:00,22785.670000000002,-43.07244465036014
2025-02-20 02:00:00,22772.34,-38.280983836914636
2025-02-20 04:00:00,22764.61,-13.245476826121234
2025-02-20 06:00:00,22759.68,-23.685558916907425
2025-02-20 08:00:00,22753.100000000002,-21.917618122357595
2025-02-20 10:00:00,22761.06,36.840474151776924
2025-02-20 12:00:00,22772.67,72.26351709435397
2025-02-20 14:00:00,22786.825,85.0836744383632
2025-02-20 16:00:00,22795.12,68.51951675657617
2025-02-20 18:00:00,22801.165,58.30257311407087
2025-02-20 20:00:00,22810.36,41.248464879202274
2025-02-20 22:00:00,22816.48,30.266899162969423
2025-02-21 00:00:00,22818.46,1.9511604459455043
2025-02-21 02:00:00,22839.989999999998,34.09162765803052
2025-02-21 04:00:00,22861.345,40.77413174475953
2025-02-21 06:00:00,22896.85,72.10314069271749
2025-02-21 08:00:00,22931.364999999998,66.52903802128259
2025-02-21 10:00:00,22968.379999999997,60.72315201363125
2025-02-21 12:00:00,23006.515,42.06984130493532
2025-02-21 14:00:00,23045.269999999997,28.872599443185152
2025-02-21 16:00:00,23091.19,13.687082511860922
2025-02-21 18:00:00,23128.07,-25.062284829878024
2025-02-21 20:00:00,23162.04,-35.4805691806838
2025-02-23 23:00:00,23205.885000000002,-29.00583313226565
2025-02-24 01:00:00,23248.815,-28.13964153280085
2025-02-24 03:00:00,23270.37,-47.357174285548666
2025-02-24 05:00:00,23295.825,-23.070121891483325
2025-02-24 07:00:00,23310.82,-40.625716350077454
2025-02-24 09:00:00,23325.225,-56.22726146492141
2025-02-24 11:00:00,23336.755,-59.51044848645597
2025-02-24 13:00:00,23330.635000000002,-117.69444049661435
2025-02-24 15:00:00,23317.489999999998,-145.86489690663805
2025-02-24 17:00:00,23310.81,-131.42499122535082
2025-02-24 19:00:00,23289.734999999997,-108.32488062930499
2025-02-24 21:00:00,23269.055,-78.8374808332228
2025-02-24 22:00:00,23236.335,-56.44288816618305
2025-02-25 00:00:00,23213.07,-8.08863677578887
2025-02-25 02:00:00,23198.57,56.26672557067141
2025-02-25 04:00:00,23180.745000000003,62.944698519106424
2025-02-25 06:00:00,23156.27,41.460407110721945
2025-02-25 08:00:00,23135.120000000003,39.39478115280359
2025-02-25 10:00:00,23126.235,50.98570905603408
2025-02-25 12:00:00,23113.785,44.0935865483562
2025-02-25 14:00:00,23098.085,34.773139906992014
2025-02-25 16:00:00,23082.4,24.829743646647557
2025-02-25 18:00:00,23071.35,13.760761156116892
2025-02-25 20:00:00,23053.590000000004,13.481383812028579
2025-02-25 22:00:00,23045.11,15.861571237745956
2025-02-26 00:00:00,23057.35,74.18478730854928
2025-02-26 02:00:00,23073.59,97.95745563963001
2025-02-26 04:00:00,23115.68,117.0248324427211
2025-02-26 06:00:00,23163.02,103.04072008821211
2025-02-26 08:00:00,23206.885000000002,71.7764172240818
2025-02-26 10:00:00,23253.945,52.309273223229866
2025-02-26 12:00:00,23298.41,25.533546318354013
2025-02-26 14:00:00,23350.04,26.69663848758944
2025-02-26 16:00:00,23388.405,0.7195093764220246
2025-02-26 18:00:00,23409.025,-35.63231149496653
2025-02-26 20:00:00,23440.89,-25.95312329098681
2025-02-26 22:00:00,23477.295,-24.488504664436505
2025-02-27 00:00:00,23513.92,-12.961572804579646
2025-02-27 02:00:00,23533.94,-50.66545490724124
2025-02-27 04:00:00,23563.685,-34.603932048776414
2025-02-27 06:00:00,23591.73,-33.05268712545043
2025-02-27 08:00:00,23624.325,-16.713509018001105
2025-02-27 10:00:00,23659.66,-4.829302927396242
2025-02-27 12:00:00,23681.93,-40.73177083184714
2025-02-27 14:00:00,23704.455,-46.82814152736637
2025-02-27 16:00:00,23712.7,-33.76930615980838
2025-02-27 18:00:00,23713.25,-40.341077664569355
2025-02-27 20:00:00,23704.865,-44.14539563621699
2025-02-27 22:00:00,23698.390000000003,-36.15777710578094
2025-02-28 00:00:00,23673.22,-99.50023366775167
2025-02-28 02:00:00,23644.125,-116.59928518027422
2025-02-28 04:00:00,23614.83,-113.04050247683901
2025-02-28 06:00:00,23568.96,-129.27558952653283
2025-02-28 08:00:00,23530.04,-107.9451524632193
2025-02-28 10:00:00,23501.75,-63.80725488870348
2025-02-28 12:00:00,23465.765,-34.12900602649489
2025-02-28 14:00:00,23432.115,-6.027375649944759
2025-02-28 16:00:00,23390.295000000002,-5.082822436326239
2025-02-28 18:00:00,23362.625,9.139386452372264
2025-02-28 20:00:00,23328.534999999996,24.390745211527133
2025-03-02 23:00:00,23295.82,29.759500121661347
2025-03-03 01:00:00,23271.03,73.11634632797598
2025-03-03 03:00:00,23241.614999999998,73.9368305717378
2025-03-03 05:00:00,23210.39,21.90577261961988
2025-03-03 07:00:00,23179.374999999996,6.31700686548308
2025-03-03 09:00:00,23146.785,7.42842945714284
2025-03-03 11:00:00,23121.565,19.867086468311953
2025-03-03 13:00:00,23092.129999999997,4.890213534854553
2025-03-03 15:00:00,23064.385000000002,10.71480375516947
2025-03-03 17:00:00,23050.809999999998,-8.51413257254245
2025-03-03 19:00:00,23032.445,-34.522241756335035
2025-03-03 21:00:00,23017.564999999995,-32.741805634243406
2025-03-03 22:00:00,23010.475,-33.539792022910575
2025-03-04 00:00:00,22994.135000000002,-51.0271691798352
2025-03-04 02:00:00,22986.999999999996,0.2822213894894219
2025-03-04 04:00:00,22985.239999999998,41.315569136523834
2025-03-04 06:00:00,22980.28,50.87769862453521
2025-03-04 08:00:00,22977.215,40.64450865652876
2025-03-04 10:00:00,22973.43,39.00229635442257
2025-03-04 12:00:00,22961.465,13.012069015948697
2025-03-04 14:00:00,22949.699999999997,1.4672867543336992
2025-03-04 16:00:00,22931.56,18.112037615644198
2025-03-04 18:00:00,22925.41,55.338196918342334
2025-03-04 20:00:00,22931.95,62.86969553832715
2025-03-04 22:00:00,22937.075,59.11701565533417
2025-03-05 00:00:00,22953.109999999997,92.45013042373209
2025-03-05 02:00:00,22964.420000000002,86.61234828426991
2025-03-05 04:00:00,22988.855000000003,95.75257380727723
2025-03-05 06:00:00,23016.54,105.04500411746812
2025-03-05 08:00:00,23049.82,87.51939605495741
2025-03-05 10:00:00,23084.065000000002,45.593361489180495
2025-03-05 12:00:00,23116.7,17.051333367616223
2025-03-05 14:00:00,23165.57,45.010121092381496
2025-03-05 16:00:00,23227.515,64.86403401552718
2025-03-05 18:00:00,23280.0,73.57765168921594
2025-03-05 20:00:00,23326.54,56.8003007807161
2025-03-05 22:00:00,23373.359999999997,31.859259040754296
2025-03-06 00:00:00,23434.71,50.578741152315445
2025-03-06 02:00:00,23498.61,58.67339598032612
2025-03-06 04:00:00,23570.66,52.09904022998313
2025-03-06 06:00:00,23647.535,49.41829558874451
2025-03-06 08:00:00,23718.484999999997,32.14821502057259
2025-03-06 10:00:00,23778.845,6.768348385270997
2025-03-06 12:00:00,23837.375,-20.616478479149407
2025-03-06 14:00:00,23886.260000000002,-68.85668616257954
2025-03-06 16:00:00,23921.91,-88.65345848302672
2025-03-06 18:00:00,23958.309999999998,-94.08712409104965
2025-03-06 20:00:00,23991.57,-74.3935370356221
2025-03-06 22:00:00,24017.84,-63.62549968156907
2025-03-07 00:00:00,24044.905,-55.557099259171935
2025-03-07 02:00:00,24097.019999999997,18.432768850057982
2025-03-07 04:00:00,24144.96,26.33690979912228
2025-03-07 06:00:00,24166.975,-21.595036513529465
2025-03-07 08:00:00,24183.739999999998,-41.43889790937885
2025-03-07 10:00:00,24195.135000000002,-51.3082924877433
2025-03-07 12:00:00,24202.8,-68.63185452287007
2025-03-07 14:00:00,24216.510000000002,-52.1491569751297
2025-03-07 16:00:00,24210.644999999997,-67.67805123387555
2025-03-07 18:00:00,24204.23,-53.84700663004456
2025-03-07 20:00:00,24194.64,-47.12710464357549
2025-03-09 22:00:00,24176.085,-54.291357142234475
2025-03-10 00:00:00,24161.175,-38.68941960385709
2025-03-10 02:00:00,24131.19,-84.0427504139477
2025-03-10 04:00:00,24102.78,-92.47987187823294
2025-03-10 06:00:00,24087.745,-67.60170286927303
2025-03-10 08:00:00,24068.935,-61.3234759762732
2025-03-10 10:00:00,24048.075,-58.10681833772503
2025-03-10 12:00:00,24019.454999999998,-57.99726912422943
2025-03-10 14:00:00,23989.625,-53.29802992704222
2025-03-10 16:00:00,23950.78,-71.64395241539032
2025-03-10 18:00:00,23889.3,-75.0039187173146
2025-03-10 20:00:00,23833.165,-57.65064362780282
2025-03-10 21:00:00,23786.155,-48.255654402433436
2025-03-10 23:00:00,23740.195,-26.83892914208485
2025-03-11 01:00:00,23709.41,40.13162457462846
2025-03-11 03:00:00,23684.25,69.64878280542149
2025-03-11 05:00:00,23657.94,89.51462944601255
2025-03-11 07:00:00,23644.675,106.36768139715346
2025-03-11 09:00:00,23630.96,112.14822300932136
2025-03-11 11:00:00,23619.519999999997,103.29715841048697
2025-03-11 13:00:00,23600.094999999998,43.37646852654014
2025-03-11 15:00:00,23577.075,12.805635444433449
2025-03-11 17:00:00,23577.17,21.565500254970217
2025-03-11 19:00:00,23574.485,11.089384696386968
2025-03-11 21:00:00,23570.335,14.79854710431555
2025-03-11 23:00:00,23568.18,6.260179891332156
2025-03-12 01:00:00,23575.885000000002,25.73045063498115
2025-03-12 03:00:00,23577.9,-1.4002224791389164
2025-03-12 05:00:00,23577.665,-26.54990106123937
2025-03-12 07:00:00,23593.555,-8.886056784418571
2025-03-12 09:00:00,23610.355,-7.002983436598413
2025-03-12 11:00:00,23628.91,4.516959414910353
2025-03-12 13:00:00,23637.915,-34.79887766275702
2025-03-12 15:00:00,23652.32,-21.610008147409253
2025-03-12 17:00:00,23653.29,-9.501265616240175
2025-03-12 19:00:00,23651.36,-9.56511669749814
2025-03-12 21:00:00,23647.305,-1.2839584481417177
2025-03-12 23:00:00,23638.345,4.322539254881704
2025-03-13 01:00:00,23631.754999999997,26.37333861234501
2025-03-13 03:00:00,23608.810000000005,-20.566549622294225
2025-03-13 05:00:00,23599.670000000002,-31.173175932231118
2025-03-13 07:00:00,23593.395,-20.502174929460466
2025-03-13 09:00:00,23582.08,-6.545522055811404
2025-03-13 11:00:00,23568.670000000002,-17.05900838724537
2025-03-13 13:00:00,23565.95,28.42085224010674
2025-03-13 15:00:00,23567.585,50.96141518469627
2025-03-13 17:00:00,23565.19,63.55977920607618
2025-03-13 19:00:00,23570.805,55.82517300623051
2025-03-13 21:00:00,23583.280000000002,53.609204086488006
2025-03-13 23:00:00,23587.275,39.1962852265219
2025-03-14 01:00:00,23599.79,48.803620539742326
2025-03-14 03:00:00,23618.675,75.42671550636824
2025-03-14 05:00:00,23649.19,69.4236321261925
2025-03-14 07:00:00,23671.335,49.288687418581276
2025-03-14 09:00:00,23699.985,55.82618740237541
2025-03-14 11:00:00,23732.685,53.4347442926651
2025-03-14 13:00:00,23762.235,35.90339109820735
2025-03-14 15:00:00,23791.795,20.298652682722775
2025-03-14 17:00:00,23815.63,6.364507513142712
2025-03-14 19:00:00,23854.58,-5.9738732447003144
2025-03-16 22:00:00,23892.575,-13.112911798341258
2025-03-17 00:00:00,23925.69,-25.824215368974876
2025-03-17 02:00:00,23964.53,-6.565880860514625
2025-03-17 04:00:00,24005.519999999997,-13.002274369034978
2025-03-17 06:00:00,24030.11,-27.993590790385383
2025-03-17 08:00:00,24054.725,-26.983115159278213
2025-03-17 10:00:00,24078.735,-18.298357067075074
2025-03-17 12:00:00,24118.425,34.22420468010495
2025-03-17 14:00:00,24160.055,63.04682472691468
2025-03-17 16:00:00,24205.815,70.58202112295237
2025-03-17 18:00:00,24243.760000000002,54.11314320195703
2025-03-17 20:00:00,24272.29,33.231121812907986
2025-03-17 21:00:00,24302.435,15.904077819874146
2025-03-17 23:00:00,24334.4,2.09237216078202
2025-03-18 01:00:00,24359.265,-8.8181124378591
2025-03-18 03:00:00,24378.585,-30.00590505772942
2025-03-18 05:00:00,24405.025,-20.143376356432327
2025-03-18 07:00:00,24437.260000000002,2.564415694014599
2025-03-18 09:00:00,24467.204999999998,-1.6339823392358994
2025-03-18 11:00:00,24493.315,-22.588708364903482
2025-03-18 13:00:00,24519.6,-30.76979928659688
2025-03-18 15:00:00,24548.15,-33.968130977978916
2025-03-18 17:00:00,24568.805,-36.914221534436365
2025-03-18 19:00:00,24591.795000000002,-40.107275035588856
2025-03-18 21:00:00,24618.475,-37.02225192810877
2025-03-18 23:00:00,24644.905,-27.86949774101234
2025-03-19 01:00:00,24671.21,-15.866113054925052
2025-03-19 03:00:00,24683.44,-10.19914856248863
2025-03-19 05:00:00,24691.395,-8.124384216238553
2025-03-19 07:00:00,24693.6,-19.63570719209997
2025-03-19 09:00:00,24704.299999999996,0.24780749289325854
2025-03-19 11:00:00,24713.995000000003,1.1457209008235054
2025-03-19 13:00:00,24711.719999999998,-40.75738372658486
2025-03-19 15:00:00,24711.195,-47.201844792488316
2025-03-19 17:00:00,24712.935,-36.528591551853694
2025-03-19 19:00:00,24717.624999999996,-30.85761546356619
2025-03-19 21:00:00,24718.489999999998,-19.029872549212413
2025-03-19 23:00:00,24713.579999999998,-11.53133433010369
2025-03-20 01:00:00,24701.43,-40.66310073293037
2025-03-20 03:00:00,24690.79,-56.66966621500356
2025-03-20 05:00:00,24669.864999999998,-88.39596739274879
2025-03-20 07:00:00,24642.385000000002,-110.16333033099087
2025-03-20 09:00:00,24612.43,-112.3389194591685
2025-03-20 11:00:00,24582.19,-98.80742245468676
2025-03-20 13:00:00,24551.735,-74.14163393100625
2025-03-20 15:00:00,24517.355000000003,-56.91798880946163
2025-03-20 17:00:00,24481.7,-34.25081259013632
2025-03-20 19:00:00,24445.57,-15.513565348970246
2025-03-20 21:00:00,24408.925,-1.3716704898758962
2025-03-20 23:00:00,24375.420000000002,9.457254655933411
2025-03-21 01:00:00,24324.385000000002,-18.265713603149948
2025-03-21 03:00:00,24269.675,-39.22744006246501
2025-03-21 05:00:00,24226.565,-36.68389817768082
2025-03-21 07:00:00,24174.165,-49.390812988171604
2025-03-21 09:00:00,24123.245,-28.03459580384549
2025-03-21 11:00:00,24069.77,-20.148385120189744
2025-03-21 13:00:00,24012.100000000002,-15.599589039390594
2025-03-21 15:00:00,23959.485,13.37719126986184
2025-03-21 17:00:00,23914.845,24.170730437559996
2025-03-21 19:00:00,23873.21,32.31079549343883
2025-03-23 22:00:00,23844.370000000003,47.45890620050852
2025-03-24 00:00:00,23817.275,36.140430608743486
2025-03-24 02:00:00,23796.275,41.57304486404922
2025-03-24 04:00:00,23777.275,45.1263841232427
2025-03-24 06:00:00,23769.275,83.5879426017319
2025-03-24 08:00:00,23758.0,72.20471548868053
2025-03-24 10:00:00,23742.975,50.2980733075905
2025-03-24 12:00:00,23723.7,21.955456088079643
2025-03-24 14:00:00,23702.865,3.706362242927412
2025-03-24 16:00:00,23681.465000000004,-3.764805490315581
2025-03-24 18:00:00,23669.77,-6.123878263497858
2025-03-24 20:00:00,23663.6,-1.888005109407203
2025-03-24 21:00:00,23657.215000000004,2.1806506600565
2025-03-24 23:00:00,23660.325,13.929868538896415
2025-03-25 01:00:00,23646.08,-26.739713507299598
2025-03-25 03:00:00,23634.645,-38.41766981083666
2025-03-25 05:00:00,23625.275,-35.561087972335315
2025-03-25 07:00:00,23607.4,-36.66470247968144
2025-03-25 09:00:00,23600.114999999998,2.4824242480455325
2025-03-25 11:00:00,23594.39,28.14281593871368
2025-03-25 13:00:00,23587.879999999997,45.83967979640113
2025-03-25 15:00:00,23584.355,43.46017013818809
2025-03-25 17:00:00,23574.28,26.49369949953271
2025-03-25 19:00:00,23564.215,20.602119239480942
2025-03-25 21:00:00,23542.735,17.45540635852433
2025-03-25 23:00:00,23526.605,15.1958075529041
2025-03-26 01:00:00,23511.925,9.054147617018586
2025-03-26 03:00:00,23499.34,-0.5318273868977457
2025-03-26 05:00:00,23490.91,5.712678627884827
2025-03-26 07:00:00,23481.975,5.581063343679375
2025-03-26 09:00:00,23475.345,11.984512795683202
2025-03-26 11:00:00,23468.39,15.147278092629335
2025-03-26 13:00:00,23464.7,26.391520931595636
2025-03-26 15:00:00,23454.954999999998,15.587620803236916
2025-03-26 17:00:00,23455.98,0.9526763923774695
2025-03-26 19:00:00,23458.21,-1.4775564541082673
2025-03-26 21:00:00,23459.72,-4.5008006686715305
2025-03-26 23:00:00,23465.690000000002,0.6078474812806576
2025-03-27 01:00:00,23482.49,71.48466629333807
2025-03-27 03:00:00,23493.29,76.60491763259797
2025-03-27 05:00:00,23496.890000000003,50.7853020565212
2025-03-27 07:00:00,23501.93,31.282221102673233
2025-03-27 09:00:00,23510.505,17.774557387966205
2025-03-27 11:00:00,23516.795000000002,3.460361649677992
2025-03-27 13:00:00,23530.975,23.173237952153357
2025-03-27 15:00:00,23545.155000000002,26.262245219264344
2025-03-27 17:00:00,23560.239999999998,20.507482550838063
2025-03-27 19:00:00,23576.870000000003,11.30675856537944
2025-03-27 21:00:00,23591.475,5.573550870258003
2025-03-27 23:00:00,23608.06,3.826084729690109
2025-03-28 01:00:00,23606.725,-54.919702485415684
2025-03-28 03:00:00,23599.670000000002,-91.22379163587237
2025-03-28 05:00:00,23593.66,-79.13818151883163
2025-03-28 07:00:00,23589.895,-67.68173059522036
2025-03-28 09:00:00,23584.83,-65.9114128031551
2025-03-28 11:00:00,23580.075,-50.64638031002744
2025-03-28 13:00:00,23573.025,-46.501970606837006
2025-03-28 15:00:00,23562.87,-41.99638900846611
2025-03-28 17:00:00,23532.835,-31.80928815535583
2025-03-28 19:00:00,23503.034999999996,-33.55943945711812
2025-03-30 22:00:00,23474.379999999997,-39.1187881250917
2025-03-31 00:00:00,23460.05,15.653369547983544
2025-03-31 02:00:00,23428.704999999998,-19.222915049199287
2025-03-31 04:00:00,23399.06,-26.740272088869375
2025-03-31 06:00:00,23368.04,0.08223296140576508
2025-03-31 08:00:00,23329.795,-10.426470864372504
2025-03-31 10:00:00,23293.620000000003,-4.2071711871450646
2025-03-31 12:00:00,23260.305,10.229421180841427
2025-03-31 14:00:00,23227.885000000002,22.775231990876676
2025-03-31 16:00:00,23196.515,34.83547416379156
2025-03-31 18:00:00,23185.019999999997,50.15070021973665
2025-03-31 20:00:00,23177.915,48.02771843991218
2025-03-31 21:00:00,23166.17,40.904984486587196
2025-03-31 23:00:00,23156.46,35.835185476779785
2025-04-01 01:00:00,23156.260000000002,49.25164522747281
2025-04-01 03:00:00,23157.434999999998,57.23228411932159
2025-04-01 05:00:00,23158.545000000002,41.539226032491456
2025-04-01 07:00:00,23158.35,18.947922701792095
2025-04-01 09:00:00,23154.129999999997,-6.822966421948728
2025-04-01 11:00:00,23154.274999999998,-14.471565259711397
2025-04-01 13:00:00,23159.35,-10.971722394662045
2025-04-01 15:00:00,23150.96,-5.449660765311066
2025-04-01 17:00:00,23155.58,-15.648615257730953
2025-04-01 19:00:00,23162.0,-10.100372589600802
2025-04-01 21:00:00,23163.385000000002,-0.3842178621732373
2025-04-01 23:00:00,23170.305,-1.7512309437896008
2025-04-02 01:00:00,23182.79,23.07832348311677
2025-04-02 03:00:00,23189.52,18.371591514029088
2025-04-02 05:00:00,23192.579999999998,6.125552749667428
2025-04-02 07:00:00,23194.405,3.1459274901830128
2025-04-02 09:00:00,23189.895,-7.5576674260904895
2025-04-02 11:00:00,23187.89,-5.707687663075923
2025-04-02 13:00:00,23183.93,-11.918993230851868
2025-04-02 15:00:00,23181.065,-6.586969807128639
2025-04-02 17:00:00,23167.954999999998,-18.793216783441416
2025-04-02 19:00:00,23133.02,-86.4997848180555
2025-04-02 21:00:00,23091.245000000003,-134.96279703550312
2025-04-02 23:00:00,23057.44,-115.81448716785715
2025-04-03 01:00:00,23041.57,-40.12227405660164
2025-04-03 03:00:00,23023.335,-5.6654284080946695
2025-04-03 05:00:00,23003.09,10.608523344441267
2025-04-03 07:00:00,22982.96,22.095769027370693
2025-04-03 09:00:00,22960.434999999998,5.385229778863447
2025-04-03 11:00:00,22934.909999999996,-1.998811514632223
2025-04-03 13:00:00,22910.745,8.86671484439367
2025-04-03 15:00:00,22891.344999999998,25.821117992930624
2025-04-03 17:00:00,22864.35,30.862872546417037
2025-04-03 19:00:00,22837.329999999998,19.42274818948877
2025-04-03 21:00:00,22813.11,16.426462962289804
2025-04-03 23:00:00,22790.695,24.420046659255263
2025-04-04 01:00:00,22768.375,17.774337525896442
2025-04-04 03:00:00,22738.285,-6.849861676810519
2025-04-04 05:00:00,22713.48,-3.572405112052593
2025-04-04 07:00:00,22682.1,-15.994648373368193
2025-04-04 09:00:00,22618.545000000002,-141.9930694794304
2025-04-04 11:00:00,22580.27,-148.8777325364785
2025-04-04 13:00:00,22539.475,-168.22925550071727
2025-04-04 15:00:00,22491.225,-153.79619837651148
2025-04-04 17:00:00,22425.785,-128.96917482914353
2025-04-04 19:00:00,22360.95,-95.32317553104019
2025-04-06 22:00:00,22271.88,-143.36391107483075
2025-04-07 00:00:00,22175.79,-152.7286368501741
2025-04-07 02:00:00,22061.765000000003,-205.2525297715307
2025-04-07 04:00:00,21931.49,-241.8232715268541
2025-04-07 06:00:00,21779.54,-269.6822428775879
2025-04-07 08:00:00,21630.54,-203.16984896968597
2025-04-07 10:00:00,21494.370000000003,-83.8174150194775
2025-04-07 12:00:00,21371.58,31.86961687856683
2025-04-07 14:00:00,21219.61,-2.8235944511600337
2025-04-07 16:00:00,21070.845,23.802480647516177
2025-04-07 18:00:00,20916.685,24.333512936268562
2025-04-07 20:00:00,20773.670000000002,57.634433116289074
2025-04-07 21:00:00,20632.545000000002,99.04821263480585
2025-04-07 23:00:00,20496.795000000002,122.14006722852037
2025-04-08 01:00:00,20410.82,176.03402445717597
2025-04-08 03:00:00,20319.975,192.5969528750004
2025-04-08 05:00:00,20239.525,178.37307685779842
2025-04-08 07:00:00,20158.140000000003,147.9754077000298
2025-04-08 09:00:00,20078.005,118.8806692878577
2025-04-08 11:00:00,20004.980000000003,120.62585018771449
2025-04-08 13:00:00,19951.55,95.1917336644292
2025-04-08 15:00:00,19884.45,11.745497234481036
2025-04-08 17:00:00,19828.434999999998,-60.536134353116836
2025-04-08 19:00:00,19783.034999999996,-94.55088642126918
2025-04-08 21:00:00,19747.309999999998,-115.5433146559767
2025-04-08 23:00:00,19704.53,-99.90765623554489
2025-04-09 01:00:00,19697.695,98.3968023774936
2025-04-09 03:00:00,19670.954999999998,142.32972090887506
2025-04-09 05:00:00,19686.219999999998,195.19406456964077
2025-04-09 07:00:00,19710.57,247.77482275526046
2025-04-09 09:00:00,19730.984999999997,198.78925773816104
2025-04-09 11:00:00,19725.8,83.2462724973231
2025-04-09 13:00:00,19714.04,21.51720440056198
2025-04-09 15:00:00,19718.155,52.61672584362947
2025-04-09 17:00:00,19722.765,106.96807384683817
2025-04-09 19:00:00,19743.565,175.07281232000508
2025-04-09 21:00:00,19767.46,181.24002409397932
2025-04-09 23:00:00,19799.329999999998,172.15010846783883
2025-04-10 01:00:00,19842.769999999997,173.72717012350307
2025-04-10 03:00:00,19869.78,109.33395563606786
2025-04-10 05:00:00,19907.144999999997,79.32345427496932
2025-04-10 07:00:00,19961.284999999996,39.30633153718287
2025-04-10 09:00:00,20029.615,14.764994516701336
2025-04-10 11:00:00,20102.030000000002,-11.868005330602841
2025-04-10 13:00:00,20181.295000000002,-34.362294177501326
2025-04-10 15:00:00,20254.765,-67.5794605235971
2025-04-10 17:00:00,20289.9,-41.97976218211761
2025-04-10 19:00:00,20330.565,-45.30318866645001
2025-04-10 21:00:00,20359.285,-39.50275662718178
2025-04-10 23:00:00,20361.66,-74.29343039053967
2025-04-11 01:00:00,20387.345,-41.978447693716134
2025-04-11 03:00:00,20446.8,18.983502968379668
2025-04-11 05:00:00,20515.635000000002,64.33620404166243
2025-04-11 07:00:00,20560.86,45.325006802545204
2025-04-11 09:00:00,20604.055,66.19755509562958
2025-04-11 11:00:00,20623.85,39.79992312775181
2025-04-11 13:00:00,20633.805,-12.324280055507757
2025-04-11 15:00:00,20651.435,5.154596383730279
2025-04-11 17:00:00,20663.595,20.74161236167828
2025-04-11 19:00:00,20690.425,33.33264384279977
2025-04-13 22:00:00,20723.480000000003,66.73403912845879
2025-04-14 00:00:00,20759.915,65.7280814537122
2025-04-14 02:00:00,20798.875,61.37016016288095
2025-04-14 04:00:00,20838.11,36.173095694347126
2025-04-14 06:00:00,20881.595,20.39396394155034
2025-04-14 08:00:00,20931.605000000003,2.391858224744283
2025-04-14 10:00:00,20971.955,-11.448356990444154
2025-04-14 12:00:00,21027.33,13.228545398861229
2025-04-14 14:00:00,21071.27,-20.333135468253147
2025-04-14 16:00:00,21134.245000000003,-12.395417071258635
2025-04-14 18:00:00,21184.739999999998,-18.154917742643534
2025-04-14 20:00:00,21221.355,-27.87510291083254
2025-04-14 21:00:00,21248.295,-41.53541290873363
2025-04-14 23:00:00,21284.760000000002,-39.65183665836838
2025-04-15 01:00:00,21303.34,-61.120930661691546
2025-04-15 03:00:00,21330.56,-57.879192557821625
2025-04-15 05:00:00,21365.614999999998,-57.05720158269773
2025-04-15 07:00:00,21390.815,-44.85969357487153
2025-04-15 09:00:00,21414.644999999997,-28.23887894301612
2025-04-15 11:00:00,21432.71,-26.780425438042016
2025-04-15 13:00:00,21438.37,-30.07245584962186
2025-04-15 15:00:00,21443.274999999998,-32.27035168981797
2025-04-15 17:00:00,21444.265,-33.04813607360592
2025-04-15 19:00:00,21445.905,-36.8136484872625
2025-04-15 21:00:00,21442.135,-47.04568727625366
2025-04-15 23:00:00,21440.335,-41.01621255521988
2025-04-16 01:00:00,21422.84,-86.75538919505212
2025-04-16 03:00:00,21387.01,-120.67041090538997
2025-04-16 05:00:00,21366.989999999998,-97.38214016617961
2025-04-16 07:00:00,21347.499999999996,-45.07472775878628
2025-04-16 09:00:00,21336.71,10.179415562336146
2025-04-16 11:00:00,21322.78,18.715124967537463
2025-04-16 13:00:00,21308.97,13.863594946924657
2025-04-16 15:00:00,21294.07,14.79005572088515
2025-04-16 17:00:00,21273.795,-26.61849487899346
2025-04-16 19:00:00,21251.889999999996,-35.69812830679754
2025-04-16 21:00:00,21233.034999999996,-26.47143762486634
2025-04-16 23:00:00,21216.44,-1.549693495932317
2025-04-17 01:00:00,21207.415,45.50232934035351
2025-04-17 03:00:00,21203.159999999996,70.03184500053354
2025-04-17 05:00:00,21196.11,56.748420868605635
2025-04-17 07:00:00,21191.31,48.95259228670215
2025-04-17 09:00:00,21186.699999999997,37.45574729460274
2025-04-17 11:00:00,21186.739999999998,37.07293503653585
2025-04-17 13:00:00,21179.465,-6.020061455856535
2025-04-17 15:00:00,21172.844999999998,-16.04885146466912
2025-04-17 17:00:00,21183.01,-13.687725295476163
2025-04-17 19:00:00,21200.425,-13.392714024033758
2025-04-20 22:00:00,21206.46,-31.172882177226604
2025-04-21 00:00:00,21205.18,-31.518630429575985
2025-04-21 02:00:00,21194.254999999997,-34.101570938675806
2025-04-21 04:00:00,21188.204999999998,-27.10650861641514
2025-04-21 06:00:00,21182.68,-24.65901394335547
2025-04-21 08:00:00,21176.54,-17.43572134431563
2025-04-21 10:00:00,21181.1,-14.914325774267255
2025-04-21 12:00:00,21182.085,-19.911224702585443
2025-04-21 14:00:00,21178.94,-25.57495807053627
2025-04-21 16:00:00,21169.079999999998,-30.009201077602654
2025-04-21 18:00:00,21153.57,-10.09808622552626
2025-04-21 20:00:00,21135.1,1.814621028081234
2025-04-21 21:00:00,21120.519999999997,7.708061537536906
2025-04-21 23:00:00,21113.105,40.962003295558915
2025-04-22 01:00:00,21115.56,82.84009075229423
2025-04-22 03:00:00,21114.114999999998,85.66853219211929
2025-04-22 05:00:00,21130.235,97.70949461074011
2025-04-22 07:00:00,21147.225,98.14186857854727
2025-04-22 09:00:00,21161.954999999998,79.44001629276121
2025-04-22 11:00:00,21180.219999999998,67.81550257443803
2025-04-22 13:00:00,21204.28,50.63127502599178
2025-04-22 15:00:00,21236.325,62.71742636174565
2025-04-22 17:00:00,21268.37,47.511237418628525
2025-04-22 19:00:00,21298.19,25.133780451823895
2025-04-22 21:00:00,21342.989999999998,53.97907667174479
2025-04-22 23:00:00,21387.239999999998,52.8785869134806
2025-04-23 01:00:00,21434.585,45.90144768533821
2025-04-23 03:00:00,21487.5,40.24593875325388
2025-04-23 05:00:00,21542.780000000002,26.174497917774318
2025-04-23 07:00:00,21603.595,21.770367038899167
2025-04-23 09:00:00,21659.335,8.452823645656565
2025-04-23 11:00:00,21716.19,-0.6758170693821057
2025-04-23 13:00:00,21778.725,7.861610914539824
2025-04-23 15:00:00,21824.145,-24.84050459804274
2025-04-23 17:00:00,21856.925,-51.61716386720656
2025-04-23 19:00:00,21890.95,-59.95585500707773
2025-04-23 21:00:00,21914.04,-74.27116089403347
2025-04-23 23:00:00,21937.595,-62.15267316465179
2025-04-24 01:00:00,21952.935,-83.56443778270477
2025-04-24 03:00:00,21962.305,-94.34276373740434
2025-04-24 05:00:00,21973.07,-82.7793857535726
2025-04-24 07:00:00,21977.965000000004,-58.373240683603726
2025-04-24 09:00:00,21989.63,-25.540415317662564
2025-04-24 11:00:00,22003.695,-6.520726376481292
2025-04-24 13:00:00,22009.28,18.05584688938515
2025-04-24 15:00:00,22017.93,34.34928216530176
2025-04-24 17:00:00,22024.239999999998,32.8057233781947
2025-04-24 19:00:00,22028.165,26.845575368677004
2025-04-24 21:00:00,22036.34,32.957911616568
2025-04-24 23:00:00,22040.6,26.237868518521395
2025-04-25 01:00:00,22043.365,9.945591707168262
2025-04-25 03:00:00,22045.19,-0.11116462685941997
2025-04-25 05:00:00,22035.48,-27.75440809578464
2025-04-25 07:00:00,22029.67,-52.76912024340683
2025-04-25 09:00:00,22024.704999999998,-65.18392871431311
2025-04-25 11:00:00,22021.62,-54.85488206383717
2025-04-25 13:00:00,22023.605,-40.585953919067904
2025-04-25 15:00:00,22024.629999999997,-20.871483148798433
2025-04-25 17:00:00,22033.69,-14.002213010333264
2025-04-25 19:00:00,22047.19,-5.007686544264178
2025-04-27 22:00:00,22057.935,-5.396809306005331
2025-04-28 00:00:00,22056.95,-35.56715656928196
2025-04-28 02:00:00,22057.745000000003,-20.874561234510146
2025-04-28 04:00:00,22057.114999999998,-13.408276282223014
2025-04-28 06:00:00,22050.735,-10.731576511692982
2025-04-28 08:00:00,22043.355000000003,-0.9153246754517497
2025-04-28 10:00:00,22034.945,-1.4688374322586188
2025-04-28 12:00:00,22027.840000000004,4.756537450522961
2025-04-28 14:00:00,22014.215,-0.6864748782985117
2025-04-28 16:00:00,22002.68,2.7007273083622287
2025-04-28 18:00:00,21993.025,3.4175631040928245
2025-04-28 20:00:00,21982.21,0.39267788789360125
2025-04-28 21:00:00,21977.33,-1.0815426939943578
2025-04-28 23:00:00,21978.21,3.2953067671387686
2025-04-29 01:00:00,21984.96,17.22044353133607
2025-04-29 03:00:00,21987.205,12.635922364114482
2025-04-29 05:00:00,21986.255,1.1354811692961295
2025-04-29 07:00:00,21982.43,-4.891388591183821
2025-04-29 09:00:00,21976.57,-17.276552339975435
2025-04-29 11:00:00,21973.79,-4.562346647478779
2025-04-29 13:00:00,21971.52,-1.1371103305668946
2025-04-29 15:00:00,21977.525,-1.497877749419489
2025-04-29 17:00:00,21977.27,-0.6458011977360449
2025-04-29 19:00:00,21977.395,-0.3887929331894746
2025-04-29 21:00:00,21977.325,-3.23044813314419
2025-04-29 23:00:00,21975.89,-1.5011397413347414
2025-04-30 01:00:00,21973.254999999997,-9.451240328287414
2025-04-30 03:00:00,21975.484999999997,11.538755831138
2025-04-30 05:00:00,21981.3,23.37281996735713
2025-04-30 07:00:00,21987.635000000002,31.87323754462719
2025-04-30 09:00:00,21994.915,33.17369468439341
2025-04-30 11:00:00,21998.895,14.022189712531102
2025-04-30 13:00:00,21996.175,-19.831373264022996
2025-04-30 15:00:00,21991.920000000002,-31.97858444878231
2025-04-30 17:00:00,21988.245000000003,-18.139589987421715
2025-04-30 19:00:00,21992.64,9.855084432553799
2025-04-30 21:00:00,22000.695,24.548118582800058
2025-04-30 23:00:00,22009.84,29.30261912548835
2025-05-01 01:00:00,22020.565,21.19234409968209
2025-05-01 03:00:00,22026.890000000003,14.117736629869228
2025-05-01 05:00:00,22033.885,7.930843972407196
2025-05-01 07:00:00,22043.04,8.546144837995541
2025-05-01 09:00:00,22051.870000000003,5.994770742500464
2025-05-01 11:00:00,22058.995000000003,-3.2285846286427784
2025-05-01 13:00:00,22067.06,-7.599200472378527
2025-05-01 15:00:00,22072.06,-17.569549930372325
2025-05-01 17:00:00,22082.315,-11.110170523138478
2025-05-01 19:00:00,22081.795000000002,-21.88217824298828
2025-05-01 21:00:00,22078.895,-27.150769489499982
2025-05-01 23:00:00,22078.885000000002,-8.804994826607125
2025-05-02 01:00:00,22092.195,47.97168914576101
2025-05-02 03:00:00,22114.78,81.00058106837724
2025-05-02 05:00:00,22146.239999999998,88.4535263060275
2025-05-02 07:00:00,22174.004999999997,63.25006952466572
2025-05-02 09:00:00,22200.94,52.60816316078996
2025-05-02 11:00:00,22228.31,58.712057353022544
2025-05-02 13:00:00,22251.614999999998,39.95544016125473
2025-05-02 15:00:00,22276.88,31.844998231596463
2025-05-02 17:00:00,22304.775,23.452923200686485
2025-05-02 19:00:00,22331.945,9.81036922503472
2025-05-04 22:00:00,22356.0,-12.703209887257799
2025-05-05 00:00:00,22379.204999999998,-22.125978330850558
2025-05-05 02:00:00,22398.685,-40.243858278977655
2025-05-05 04:00:00,22417.975,-52.55932399480503
2025-05-05 06:00:00,22438.29,-49.87959206691829
2025-05-05 08:00:00,22461.7,-42.224700855345986
2025-05-05 10:00:00,22481.985,-37.41682506364313
2025-05-05 12:00:00,22507.125,-30.001887763811652
2025-05-05 14:00:00,22535.195,-18.099028189989994
2025-05-05 16:00:00,22559.75,-7.604966183803981
2025-05-05 18:00:00,22568.975,-8.208479999562016
2025-05-05 20:00:00,22572.755,-10.266826504095178
2025-05-05 21:00:00,22574.445,-11.406995675121209
2025-05-05 23:00:00,22583.295000000002,-0.6081701145972573
2025-05-06 01:00:00,22588.36,0.9436458963479026
2025-05-06 03:00:00,22587.885000000002,2.143487749500977
2025-05-06 05:00:00,22595.1,17.895162433189228
2025-05-06 07:00:00,22593.54,-0.6538949873115314
2025-05-06 09:00:00,22598.14,14.929976909580546
2025-05-06 11:00:00,22608.815000000002,35.68072750799365
2025-05-06 13:00:00,22626.76,50.701278875566175
2025-05-06 15:00:00,22642.195,40.669691651651306
2025-05-06 17:00:00,22661.35,27.145494502636268
2025-05-06 19:00:00,22682.21,13.42574676067673
2025-05-06 21:00:00,22713.61,42.08568736394227
2025-05-06 23:00:00,22743.825,42.30904987277606
2025-05-07 01:00:00,22764.405000000002,-2.5535872855301704
2025-05-07 03:00:00,22776.885000000002,-49.97100705107334
2025-05-07 05:00:00,22788.585,-61.854772304490126
2025-05-07 07:00:00,22792.0,-84.23858714598936
2025-05-07 09:00:00,22796.415,-84.27401686592033
2025-05-07 11:00:00,22800.925,-74.56928583422885
2025-05-07 13:00:00,22801.6,-73.9490285258403
2025-05-07 15:00:00,22799.81,-60.53090869125816
2025-05-07 17:00:00,22797.11,-50.55962413222592
2025-05-07 19:00:00,22792.815,-41.685778091124696
2025-05-07 21:00:00,22784.055,-29.118313703597252
2025-05-07 23:00:00,22783.23,-12.04858350629027
2025-05-08 01:00:00,22790.760000000002,51.43116317838074
2025-05-08 03:00:00,22794.129999999997,75.05701186796946
2025-05-08 05:00:00,22784.91,44.9077875374288
2025-05-08 07:00:00,22780.370000000003,35.651089028395354
2025-05-08 09:00:00,22773.04,16.142715519850796
2025-05-08 11:00:00,22767.094999999998,8.902882474115685
2025-05-08 13:00:00,22744.04,-14.977427310779994
2025-05-08 15:00:00,22731.13,9.793543333168031
2025-05-08 17:00:00,22724.515,4.653073090821252
2025-05-08 19:00:00,22724.260000000002,-2.427689814024795
2025-05-08 21:00:00,22723.5,-3.460020142836356
2025-05-08 23:00:00,22732.97,7.536148668371268
2025-05-09 01:00:00,22737.05,-8.913007817326417
2025-05-09 03:00:00,22741.97,-13.010257860090732
2025-05-09 05:00:00,22753.3,-4.598490656296455
2025-05-09 07:00:00,22765.86,6.035766086188687
2025-05-09 09:00:00,22783.65,22.395333659003583
2025-05-09 11:00:00,22804.375,32.0224818938645
2025-05-09 13:00:00,22821.225,19.009970897024346
2025-05-09 15:00:00,22831.99,-4.55383007479054
2025-05-09 17:00:00,22827.989999999998,-11.718686364579149
2025-05-09 19:00:00,22822.145,-16.074392329342928
2025-05-11 22:00:00,22838.585,30.637941101889794
2025-05-12 00:00:00,22853.09,47.40598634145624
2025-05-12 02:00:00,22868.475,38.8083171484258
2025-05-12 04:00:00,22887.31,43.28584253973827
2025-05-12 06:00:00,22932.545000000002,107.91897105802929
2025-05-12 08:00:00,22963.905,101.10583286030354
2025-05-12 10:00:00,22996.625,71.004632390204
2025-05-12 12:00:00,23028.19,36.14179761692361
2025-05-12 14:00:00,23061.629999999997,20.23595384343355
2025-05-12 16:00:00,23092.254999999997,7.578819115210592
2025-05-12 18:00:00,23129.864999999998,0.8151075103821199
2025-05-12 20:00:00,23168.165,-2.931063071411927
2025-05-12 21:00:00,23203.879999999997,-9.331439362032597
2025-05-12 23:00:00,23235.105,-24.050311701550243
2025-05-13 01:00:00,23249.475,-75.7009504416975
2025-05-13 03:00:00,23257.585,-104.64187104685524
2025-05-13 05:00:00,23269.530000000002,-102.85882591001555
2025-05-13 07:00:00,23282.355000000003,-100.94503364325733
2025-05-13 09:00:00,23295.355,-83.53819498894455
2025-05-13 11:00:00,23313.61,-49.282739544303894
2025-05-13 13:00:00,23325.47,-3.3548601430728127
2025-05-13 15:00:00,23339.11,24.819662508063132
2025-05-13 17:00:00,23353.2,26.618564034562013
2025-05-13 19:00:00,23357.815,5.740288604078138
2025-05-13 21:00:00,23342.585,-1.0979364009484556
2025-05-13 23:00:00,23333.0,0.16016493512302077
2025-05-14 01:00:00,23328.975,10.162503679094847
2025-05-14 03:00:00,23330.48,23.13510851924194
2025-05-14 05:00:00,23337.519999999997,51.414579870626824
2025-05-14 07:00:00,23342.545,48.946734980093154
2025-05-14 09:00:00,23347.489999999998,43.206543495938405
2025-05-14 11:00:00,23353.105,38.776643253163
2025-05-14 13:00:00,23359.32,30.495680108338092
2025-05-14 15:00:00,23366.145,13.372235545177318
2025-05-14 17:00:00,23385.45,-0.287215736368438
2025-05-14 19:00:00,23408.704999999998,-9.99137159022294
2025-05-14 21:00:00,23430.37,-19.20991888309129
2025-05-14 23:00:00,23455.585,-22.246975288874722
2025-05-15 01:00:00,23481.305,-17.672164200921003
2025-05-15 03:00:00,23500.29,-22.932652126599606
2025-05-15 05:00:00,23505.41,-46.327613606048715
2025-05-15 07:00:00,23504.995,-60.78593210963797
2025-05-15 09:00:00,23505.025,-63.29949668577409
2025-05-15 11:00:00,23511.629999999997,-50.416665680731356
2025-05-15 13:00:00,23507.53,-71.37626607319746
2025-05-15 15:00:00,23505.185,-58.63285137451156
2025-05-15 17:00:00,23500.329999999998,-42.387389446148816
2025-05-15 19:00:00,23492.030000000002,-28.97686081959688
2025-05-15 21:00:00,23475.79,-17.62683581969611
2025-05-15 23:00:00,23461.085,-8.706107941661301
2025-05-16 01:00:00,23443.245000000003,-8.567880301526245
2025-05-16 03:00:00,23425.345,0.7212704069843028
2025-05-16 05:00:00,23410.4,18.015613208062845
2025-05-16 07:00:00,23394.6,14.696535322104552
2025-05-16 09:00:00,23380.95,18.268770220434007
2025-05-16 11:00:00,23365.61,11.411827769648951
2025-05-16 13:00:00,23350.125,3.8245919952399987
2025-05-16 15:00:00,23335.06,3.417735166438675
2025-05-16 17:00:00,23319.435,7.080596459965378
2025-05-16 19:00:00,23302.090000000004,-4.5898992429031935
2025-05-18 22:00:00,23292.515000000003,-3.4314446007728066
2025-05-19 00:00:00,23276.705,-32.4479700249351
2025-05-19 02:00:00,23269.775,-12.017231696495855
2025-05-19 04:00:00,23264.719999999998,11.474731762178337
2025-05-19 06:00:00,23270.864999999998,25.873538773777106
2025-05-19 08:00:00,23272.484999999997,24.39948452528013
2025-05-19 10:00:00,23274.480000000003,24.196901193146964
2025-05-19 12:00:00,23275.29,16.731733411776112
2025-05-19 14:00:00,23281.93,32.0150448210722
2025-05-19 16:00:00,23288.1,32.51284907115932
2025-05-19 18:00:00,23298.585,36.389457894199225
2025-05-19 20:00:00,23306.39,29.564278782333957
2025-05-19 21:00:00,23311.94,26.14745817682431
2025-05-19 23:00:00,23320.4,20.829267489450388
2025-05-20 01:00:00,23332.16,31.65051449666214
2025-05-20 03:00:00,23348.754999999997,39.916900783540086
2025-05-20 05:00:00,23367.989999999998,40.738169273523596
2025-05-20 07:00:00,23385.249999999996,28.669990004070712
2025-05-20 09:00:00,23402.745000000003,21.471858299777182
2025-05-20 11:00:00,23426.195,20.27935620061885
2025-05-20 13:00:00,23447.54,11.379703678651367
2025-05-20 15:00:00,23479.78,9.659291916516224
2025-05-20 17:00:00,23502.385000000002,-1.8030748497935463
2025-05-20 19:00:00,23522.965,-3.923138456473964
2025-05-20 21:00:00,23541.535,-8.655212563729549
2025-05-20 23:00:00,23561.68,-11.269987796123786
2025-05-21 01:00:00,23589.519999999997,16.160976396614245
2025-05-21 03:00:00,23613.885000000002,5.999702339210273
2025-05-21 05:00:00,23631.875,-3.287088635891422
2025-05-21 07:00:00,23651.095,-6.461591378825062
2025-05-21 09:00:00,23669.835,-2.6632909324224556
2025-05-21 11:00:00,23692.015,5.65455426980958
2025-05-21 13:00:00,23708.77,-8.678196890591266
2025-05-21 15:00:00,23726.519999999997,-11.77072291243934
2025-05-21 17:00:00,23731.1,-41.80449276390843
2025-05-21 19:00:00,23730.535,-58.06733204770656
2025-05-21 21:00:00,23729.61,-54.31700665526013
2025-05-21 23:00:00,23732.65,-37.01801990005145
2025-05-22 01:00:00,23730.495,-39.024409294638915
2025-05-22 03:00:00,23729.315,-24.086568143816173
2025-05-22 05:00:00,23722.434999999998,-37.153288234367736
2025-05-22 07:00:00,23712.685,-40.672413536992934
2025-05-22 09:00:00,23703.559999999998,-40.321606416518215
2025-05-22 11:00:00,23693.760000000002,-30.875802358634942
2025-05-22 13:00:00,23684.495000000003,-21.456861665109052
2025-05-22 15:00:00,23674.254999999997,-15.969156626398828
2025-05-22 17:00:00,23656.29,-7.131204924978903
2025-05-22 19:00:00,23643.594999999998,0.4904892192669763
2025-05-22 21:00:00,23630.405,1.6639812061129078
2025-05-22 23:00:00,23616.965,5.221002692639189
2025-05-23 01:00:00,23609.890000000003,35.75852886310325
2025-05-23 03:00:00,23598.835,39.442787948676745
2025-05-23 05:00:00,23583.585,7.254978551537334
2025-05-23 07:00:00,23569.72,2.4182673939629744
2025-05-23 09:00:00,23566.23,8.117099294372174
2025-05-23 11:00:00,23555.625,-22.45151474383446
2025-05-23 13:00:00,23548.815000000002,-14.462175377427705
2025-05-23 15:00:00,23538.640000000003,-10.751253365125208
2025-05-23 17:00:00,23532.505,-6.593309590780343
2025-05-23 19:00:00,23522.07,-7.073269149726308
2025-05-25 22:00:00,23525.47,19.682781732814973
2025-05-26 00:00:00,23522.48,3.2319339354842143
2025-05-26 02:00:00,23515.5,-21.28300495598478
2025-05-26 04:00:00,23504.995000000003,-36.55896441504319
2025-05-26 06:00:00,23491.39,-46.70910089995898
2025-05-26 08:00:00,23476.239999999998,-50.301109830154815
2025-05-26 10:00:00,23461.825,-36.83196162983518
2025-05-26 12:00:00,23446.145,-26.210745186018187
2025-05-26 14:00:00,23431.329999999998,-15.632696765031625
2025-05-26 16:00:00,23416.645,-3.774872202911581
2025-05-26 18:00:00,23393.575,4.370312268791366
2025-05-26 20:00:00,23371.9,10.027931162476449
2025-05-26 21:00:00,23357.04,8.30426287582435
2025-05-26 23:00:00,23341.59,15.868597267300743
2025-05-27 01:00:00,23322.29,13.495853424823906
2025-05-27 03:00:00,23312.905000000002,14.643289382925076
2025-05-27 05:00:00,23305.055,37.096870039802525
2025-05-27 07:00:00,23294.254999999997,30.318717400399095
2025-05-27 09:00:00,23283.805,26.205408173366692
2025-05-27 11:00:00,23277.129999999997,30.994947941891894
2025-05-27 13:00:00,23262.57,27.62140760597319
2025-05-27 15:00:00,23254.895,21.323943621263105
2025-05-27 17:00:00,23252.54,16.50839937139405
2025-05-27 19:00:00,23254.555,18.414974780916822
2025-05-27 21:00:00,23260.434999999998,19.721849223841275
2025-05-27 23:00:00,23267.665,14.407147930441816
2025-05-28 01:00:00,23269.780000000002,-1.6587743995953064
2025-05-28 03:00:00,23269.5,-18.69289464201101
2025-05-28 05:00:00,23267.989999999998,-27.062062414604824
2025-05-28 07:00:00,23266.844999999998,-22.27519913506564
2025-05-28 09:00:00,23266.475,-13.741429753937801
2025-05-28 11:00:00,23263.265,-16.89553350827537
2025-05-28 13:00:00,23257.46,-28.857351905088947
2025-05-28 15:00:00,23249.46,-28.943632166760665
2025-05-28 17:00:00,23243.71,-21.21421817969579
2025-05-28 19:00:00,23237.934999999998,-11.630381078624566
2025-05-28 21:00:00,23227.795,2.7373659355473308
2025-05-28 23:00:00,23223.5,17.469545519399148
2025-05-29 01:00:00,23225.685,46.16391454683465
2025-05-29 03:00:00,23228.285,62.7233853287946
2025-05-29 05:00:00,23236.395,77.92636462011204
2025-05-29 07:00:00,23243.665,68.15935584199754
2025-05-29 09:00:00,23247.739999999998,42.88226472246262
2025-05-29 11:00:00,23251.17,28.821791824474957
2025-05-29 13:00:00,23248.985,1.2451131322628868
2025-05-29 15:00:00,23248.144999999997,-10.102672000015673
2025-05-29 17:00:00,23249.725,-18.065825421816804
2025-05-29 19:00:00,23254.489999999998,-19.619562128271866
2025-05-29 21:00:00,23259.715,-21.039238249478373
2025-05-29 23:00:00,23262.579999999998,-23.50499436724631
2025-05-30 01:00:00,23260.975,-34.199716224037246
2025-05-30 03:00:00,23262.269999999997,-33.33016771915116
2025-05-30 05:00:00,23268.415,-25.506492543351353
2025-05-30 07:00:00,23278.269999999997,-6.141773822608624
2025-05-30 09:00:00,23289.25,9.04270255392207
2025-05-30 11:00:00,23291.265,-14.677354689005341
2025-05-30 13:00:00,23288.385000000002,-31.55552548676858
2025-05-30 15:00:00,23278.41,-49.91322638353448
2025-05-30 17:00:00,23263.010000000002,-43.97198115314919
2025-05-30 19:00:00,23244.15,-35.13056304806538
2025-06-01 22:00:00,23218.489999999998,-30.938420556256318
2025-06-02 00:00:00,23182.855,-61.39151935710581
2025-06-02 02:00:00,23150.195,-62.93758724407792
2025-06-02 04:00:00,23123.985,-25.707943804653098
2025-06-02 06:00:00,23114.225,36.51347868607019
2025-06-02 08:00:00,23105.370000000003,64.26761684716703
2025-06-02 10:00:00,23098.629999999997,72.4275873722975
2025-06-02 12:00:00,23089.969999999998,60.65877898439024
2025-06-02 14:00:00,23086.185,62.24748833822592
2025-06-02 16:00:00,23083.935,55.64735413864544
2025-06-02 18:00:00,23088.895,57.21380486804118
2025-06-02 20:00:00,23094.185,50.986688155755104
2025-06-02 21:00:00,23098.24,38.732076219128786
2025-06-02 23:00:00,23097.485,22.838802367421152
2025-06-03 01:00:00,23107.585,54.968529209621664
2025-06-03 03:00:00,23120.24,38.37971030635994
2025-06-03 05:00:00,23141.265,42.99721631990852
2025-06-03 07:00:00,23167.109999999997,36.1310366706914
2025-06-03 09:00:00,23192.215,28.045857923640284
2025-06-03 11:00:00,23218.09,18.976834937959296
2025-06-03 13:00:00,23243.23,0.6597096647941498
2025-06-03 15:00:00,23281.435,-4.009359965808244
2025-06-03 17:00:00,23320.65,-5.409282463686253
2025-06-03 19:00:00,23350.57,-14.295298745336595
2025-06-03 21:00:00,23369.36,-16.83922037816305
2025-06-03 23:00:00,23386.93,-17.75488191458672
2025-06-04 01:00:00,23410.594999999998,6.419008793963002
2025-06-04 03:00:00,23438.02,19.25036409156425
2025-06-04 05:00:00,23460.21,14.989197133815026
2025-06-04 07:00:00,23482.355,9.044351311885777
2025-06-04 09:00:00,23500.85,1.9131930299587907
2025-06-04 11:00:00,23520.614999999998,1.7083039760883594
2025-06-04 13:00:00,23544.065,9.31739554518154
2025-06-04 15:00:00,23570.364999999998,13.476906923528304
2025-06-04 17:00:00,23584.015000000003,9.911901639382904
2025-06-04 19:00:00,23603.31,2.8760962560199914
2025-06-04 21:00:00,23616.9,-4.278220319661472
2025-06-04 23:00:00,23630.955,-8.456356853678017
2025-06-05 01:00:00,23649.95,7.368423876681078
2025-06-05 03:00:00,23661.905,-13.338843834008514
2025-06-05 05:00:00,23681.4,-6.064709239178882
2025-06-05 07:00:00,23699.3,-4.760559842714258
2025-06-05 09:00:00,23717.4,-2.9604212959746974
2025-06-05 11:00:00,23741.445,9.371046697037002
2025-06-05 13:00:00,23768.719999999998,22.869162645971926
2025-06-05 15:00:00,23789.61,0.3302013992353068
2025-06-05 17:00:00,23803.730000000003,-10.900619382514606
2025-06-05 19:00:00,23812.98,-27.339856275453883
2025-06-05 21:00:00,23825.030000000002,-27.48163239814687
2025-06-05 23:00:00,23837.71,-23.262981653696215
2025-06-06 01:00:00,23847.454999999998,-31.13966075009057
2025-06-06 03:00:00,23856.59,-28.22602041889604
2025-06-06 05:00:00,23862.684999999998,-24.418111136308653
2025-06-06 07:00:00,23863.465,-33.835769691336
2025-06-06 09:00:00,23863.59,-36.67984953763195
2025-06-06 11:00:00,23865.19,-29.553322675010037
2025-06-06 13:00:00,23865.55,-28.093535230862265
2025-06-06 15:00:00,23866.175,-21.836537046595534
2025-06-06 17:00:00,23866.394999999997,1.4780139875794767
2025-06-06 19:00:00,23873.855000000003,12.151002245920736
2025-06-08 22:00:00,23875.595,11.52153908650152
2025-06-09 00:00:00,23887.55,44.28234658153821
2025-06-09 02:00:00,23895.620000000003,40.49201661859604
2025-06-09 04:00:00,23901.115,36.953729345983064
2025-06-09 06:00:00,23907.985,45.93933270092843
2025-06-09 08:00:00,23920.35,38.09119383696637
2025-06-09 10:00:00,23931.715,24.767051044311927
2025-06-09 12:00:00,23942.715,1.5189354982665293
2025-06-09 14:00:00,23956.475,4.060121974632409
2025-06-09 16:00:00,23970.75,6.521190545037314
2025-06-09 18:00:00,23985.515,-5.019493155737166
2025-06-09 20:00:00,23999.675,-9.98644175350097
2025-06-09 21:00:00,24014.095,-11.842588190068199
2025-06-09 23:00:00,24034.675,-5.128515982623696
2025-06-10 01:00:00,24056.635000000002,-1.8301721224596577
2025-06-10 03:00:00,24078.16,-0.05487641758850259
2025-06-10 05:00:00,24095.9,-19.58925132826775
2025-06-10 07:00:00,24112.26,-29.544058416187212
2025-06-10 09:00:00,24124.445,-27.613437859632086
2025-06-10 11:00:00,24137.254999999997,-20.68030947971633
2025-06-10 13:00:00,24147.22,-28.850279368667756
2025-06-10 15:00:00,24147.39,-27.50921463732098
2025-06-10 17:00:00,24153.254999999997,-14.37976720529948
2025-06-10 19:00:00,24159.055,-2.848426350258272
2025-06-10 21:00:00,24162.125,9.487243702385037
2025-06-10 23:00:00,24162.829999999998,1.2538040703081137
2025-06-11 01:00:00,24172.0,23.408376445138032
2025-06-11 03:00:00,24186.705,35.19191009786972
2025-06-11 05:00:00,24198.375,37.904316905686684
2025-06-11 07:00:00,24206.305,23.510490199020396
2025-06-11 09:00:00,24216.77,11.88662379251798
2025-06-11 11:00:00,24226.85,3.601878749483376
2025-06-11 13:00:00,24234.635000000002,-9.063066187321823
2025-06-11 15:00:00,24240.05,-14.940681763342496
2025-06-11 17:00:00,24242.1,-26.453750707965753
2025-06-11 19:00:00,24245.375,-22.345672976749455
2025-06-11 21:00:00,24251.475,-27.192096168723452
2025-06-11 23:00:00,24257.955,-27.81830358190119
2025-06-12 01:00:00,24264.484999999997,-21.25618461056675
2025-06-12 03:00:00,24268.21,-22.10654573705652
2025-06-12 05:00:00,24271.14,-35.138414212332535
2025-06-12 07:00:00,24270.019999999997,-47.82867734102491
2025-06-12 09:00:00,24267.760000000002,-40.33124639138707
2025-06-12 11:00:00,24266.465,-22.74933479211475
2025-06-12 13:00:00,24263.44,-9.492962433975528
2025-06-12 15:00:00,24264.425,0.742117178613718
2025-06-12 17:00:00,24257.469999999998,5.030525659762805
2025-06-12 19:00:00,24246.75,1.0678770114359324
2025-06-12 21:00:00,24234.1,-2.2430929377851534
2025-06-12 23:00:00,24216.82,-26.683890582463093
2025-06-13 01:00:00,24188.875,-68.7490837727823
2025-06-13 03:00:00,24163.030000000002,-67.08875233218015
2025-06-13 05:00:00,24137.95,-58.644760206744536
2025-06-13 07:00:00,24113.715,-41.20322443219075
2025-06-13 09:00:00,24091.140000000003,-28.86784924376957
2025-06-13 11:00:00,24067.19,-14.514775227093935
2025-06-13 13:00:00,24046.62,0.0037864878754305664
2025-06-13 15:00:00,24027.504999999997,12.856741996651465
2025-06-13 17:00:00,24001.45,-0.523687823999154
2025-06-13 19:00:00,23979.815,6.52997209007313
2025-06-15 22:00:00,23965.269999999997,20.561359496770308
2025-06-16 00:00:00,23953.355000000003,23.13835352086454
2025-06-16 02:00:00,23941.04,27.879807935599786
2025-06-16 04:00:00,23930.114999999998,41.24869453635472
2025-06-16 06:00:00,23925.775,67.52011941215119
2025-06-16 08:00:00,23919.269999999997,65.3743433896672
2025-06-16 10:00:00,23913.545000000002,58.17795374218512
2025-06-16 12:00:00,23914.984999999997,66.14165996021548
2025-06-16 14:00:00,23916.01,56.158015202844396
2025-06-16 16:00:00,23923.89,42.73925163225358
2025-06-16 18:00:00,23939.725,20.52129170297073
2025-06-16 20:00:00,23953.46,7.626601875206362
2025-06-16 21:00:00,23966.885,-5.002275216919685
2025-06-16 23:00:00,23981.02,-5.217030966365144
2025-06-17 01:00:00,23990.159999999996,-26.38267814182833
2025-06-17 03:00:00,23999.0,-31.133317696134306
2025-06-17 05:00:00,24004.255,-38.124858481763404
2025-06-17 07:00:00,24009.14,-33.32650360299966
2025-06-17 09:00:00,24019.325,-28.291657591290086
2025-06-17 11:00:00,24026.620000000003,-22.40167611142569
2025-06-17 13:00:00,24028.670000000002,-25.201280157846
2025-06-17 15:00:00,24029.260000000002,-30.106059899262775
2025-06-17 17:00:00,24026.954999999998,-32.37460987876946
2025-06-17 19:00:00,24020.004999999997,-30.27154457535093
2025-06-17 21:00:00,24003.75,-30.695342793322098
2025-06-17 23:00:00,23992.165,-13.370333631188188
2025-06-18 01:00:00,23972.85,-26.70525667315809
2025-06-18 03:00:00,23947.57,-27.73486174427424
2025-06-18 05:00:00,23923.54,-21.107258178178057
2025-06-18 07:00:00,23898.230000000003,-17.813124593781936
2025-06-18 09:00:00,23872.595,-21.922356013340732
2025-06-18 11:00:00,23847.71,-14.728871450369752
2025-06-18 13:00:00,23824.969999999998,-4.415985169094995
2025-06-18 15:00:00,23799.239999999998,-1.4122595641809994
2025-06-18 17:00:00,23775.99,-9.250335567683493
2025-06-18 19:00:00,23753.775,-3.5491709692783786
2025-06-18 21:00:00,23733.795000000002,1.0794544982572347
2025-06-18 23:00:00,23711.780000000002,1.3555332501642852
2025-06-19 01:00:00,23682.4,-22.61600436016994
2025-06-19 03:00:00,23647.07,-46.77346882223327
2025-06-19 05:00:00,23613.04,-50.68712238006728
2025-06-19 07:00:00,23581.905,-39.003150670671005
2025-06-19 09:00:00,23550.730000000003,-29.788737555821513
2025-06-19 11:00:00,23517.97,-25.27000903870635
2025-06-19 13:00:00,23487.305,-14.81060732879888
2025-06-19 15:00:00,23452.195,-7.204597999110661
2025-06-19 17:00:00,23427.505,13.469271203601352
2025-06-19 19:00:00,23401.135000000002,17.735723536701812
2025-06-19 21:00:00,23377.894999999997,33.166095331847316
2025-06-19 23:00:00,23355.16,35.9843792494633
2025-06-20 01:00:00,23347.05,75.47552279126245
2025-06-20 03:00:00,23340.425,92.26130136689704
2025-06-20 05:00:00,23328.64,73.1883016901563
2025-06-20 07:00:00,23322.58,71.63522796811395
2025-06-20 09:00:00,23324.625,77.60115827284476
2025-06-20 11:00:00,23325.83,71.30974002912902
2025-06-20 13:00:00,23319.9,32.94389135625475
2025-06-20 15:00:00,23315.765,14.011400593492821
2025-06-20 17:00:00,23317.605,-2.4369694679111475
2025-06-20 19:00:00,23326.085,-7.096475818402662
2025-06-22 22:00:00,23332.625,-19.10492625520961
2025-06-23 00:00:00,23337.04,-26.562100901099836
2025-06-23 02:00:00,23351.95,4.799487767928662
2025-06-23 04:00:00,23376.02,40.32649647092709
2025-06-23 06:00:00,23402.44,57.08132156032429
2025-06-23 08:00:00,23427.215000000004,45.65684612380176
2025-06-23 10:00:00,23446.135,24.83025796123283
2025-06-23 12:00:00,23469.845,20.703843558940264
2025-06-23 14:00:00,23490.4,15.355664556422838
2025-06-23 16:00:00,23515.15,20.613628098136473
2025-06-23 18:00:00,23529.71,22.667282527169007
2025-06-23 20:00:00,23542.010000000002,18.65780665509257
2025-06-23 21:00:00,23560.46,18.01989513102228
2025-06-23 23:00:00,23574.775,13.626938217915637
2025-06-24 01:00:00,23603.364999999998,71.8733928486638
2025-06-24 03:00:00,23631.325,81.97137425320776
2025-06-24 05:00:00,23669.559999999998,80.0799217005843
2025-06-24 07:00:00,23704.56,53.97122078684822
2025-06-24 09:00:00,23741.78,31.789432466389883
2025-06-24 11:00:00,23779.04,15.075958449000325
2025-06-24 13:00:00,23824.94,19.384127050356653
2025-06-24 15:00:00,23876.25,26.140294390402175
2025-06-24 17:00:00,23918.989999999998,20.54183609186714
2025-06-24 19:00:00,23958.42,21.333206206419845
2025-06-24 21:00:00,23994.735,10.1410315831464
2025-06-24 23:00:00,24032.530000000002,-6.274085009385033
2025-06-25 01:00:00,24071.845,-21.36757893047735
2025-06-25 03:00:00,24107.85,-32.31239880184472
2025-06-25 05:00:00,24150.96,-12.577640117640613
2025-06-25 07:00:00,24189.33,-13.050518073148737
2025-06-25 09:00:00,24222.785,-28.847132057625686
2025-06-25 11:00:00,24258.18,-29.209128602760302
2025-06-25 13:00:00,24288.285,-42.218777225173085
2025-06-25 15:00:00,24318.434999999998,-45.003677949322935
2025-06-25 17:00:00,24327.025,-53.009647995038875
2025-06-25 19:00:00,24337.045,-47.71220084983966
2025-06-25 21:00:00,24344.61,-40.66928682818414
2025-06-25 23:00:00,24354.585,-35.84242273362531
2025-06-26 01:00:00,24364.96,-28.66158140295005
2025-06-26 03:00:00,24373.415,-28.339046173852665
2025-06-26 05:00:00,24375.525,-29.284397659260605
2025-06-26 07:00:00,24375.86,-20.122938797531077
2025-06-26 09:00:00,24375.225,-17.375966817757956
2025-06-26 11:00:00,24368.865,-22.947096779628936
2025-06-26 13:00:00,24368.234999999997,-6.07047107541149
2025-06-26 15:00:00,24369.31,2.0083777576578115
2025-06-26 17:00:00,24368.71,-5.2430477488842655
2025-06-26 19:00:00,24369.18,-7.069993656634949
2025-06-26 21:00:00,24363.96,-2.345631061563651
2025-06-26 23:00:00,24357.8,-9.394821670926106
2025-06-27 01:00:00,24358.89,0.6166758241323436
2025-06-27 03:00:00,24351.894999999997,-17.08036603318405
2025-06-27 05:00:00,24347.754999999997,-25.308004568338276
2025-06-27 07:00:00,24341.355000000003,-32.56376943571381
2025-06-27 09:00:00,24337.48,-31.934391497665914
2025-06-27 11:00:00,24332.495000000003,-26.486878335591552
2025-06-27 13:00:00,24325.165,-27.20047931596439
2025-06-27 15:00:00,24320.54,-15.097001517322148
2025-06-27 17:00:00,24310.954999999998,-21.91183431412332
2025-06-27 19:00:00,24305.255,-12.096880074355028
2025-06-29 22:00:00,24302.89,2.6879240436457934
2025-06-30 00:00:00,24291.06,-16.18091970069797
2025-06-30 02:00:00,24281.8,-14.232873137671149
2025-06-30 04:00:00,24275.579999999998,-7.73502472576007
2025-06-30 06:00:00,24258.48,-22.98365417307896
2025-06-30 08:00:00,24240.55,-25.989724496174972
2025-06-30 10:00:00,24228.43,-11.143352443613736
2025-06-30 12:00:00,24213.045,-11.445080719417334
2025-06-30 14:00:00,24200.325,6.453752078684516
2025-06-30 16:00:00,24189.93,14.20637138876019
2025-06-30 18:00:00,24177.254999999997,21.591305681013253
2025-06-30 20:00:00,24170.1,20.986632541598183
2025-06-30 21:00:00,24163.56,18.36308465097524
2025-06-30 23:00:00,24160.945,22.126983268316373
2025-07-01 01:00:00,24157.655,18.202712420860948
2025-07-01 03:00:00,24153.055,10.769704459523222
2025-07-01 05:00:00,24150.425,6.526201194055723
2025-07-01 07:00:00,24145.17,3.4511558749205413
2025-07-01 09:00:00,24143.825,1.067654111121005
2025-07-01 11:00:00,24138.69,-3.806053066958217
2025-07-01 13:00:00,24134.35,6.184592021708603
2025-07-01 15:00:00,24138.51,13.589453779388528
2025-07-01 17:00:00,24141.59,17.732865079397136
2025-07-01 19:00:00,24143.17,14.51969108754816
2025-07-01 21:00:00,24151.454999999998,13.947441649241686
2025-07-01 23:00:00,24160.445,12.661903128646678
2025-07-02 01:00:00,24167.295,13.606743888151161
2025-07-02 03:00:00,24174.755,4.204483524961823
2025-07-02 05:00:00,24180.265,7.40883075800966
2025-07-02 07:00:00,24179.495000000003,-14.504476445695463
2025-07-02 09:00:00,24179.72,-13.499977786625866
2025-07-02 11:00:00,24177.03,-23.072588683152603
2025-07-02 13:00:00,24174.559999999998,-23.32805671424481
2025-07-02 15:00:00,24170.245000000003,-19.592978841204456
2025-07-02 17:00:00,24167.815000000002,-11.416509016044337
2025-07-02 19:00:00,24166.815,-4.833173073878115
2025-07-02 21:00:00,24165.845,-0.9639735789477548
2025-07-02 23:00:00,24165.69,3.220687733918325
2025-07-03 01:00:00,24154.195,-34.861469438620446
2025-07-03 03:00:00,24145.989999999998,-37.546610764385974
2025-07-03 05:00:00,24139.15,-16.434736928207656
2025-07-03 07:00:00,24128.295000000002,-14.059704036587647
2025-07-03 09:00:00,24114.965,-15.340091832659567
2025-07-03 11:00:00,24102.895,-10.298714745341584
2025-07-03 13:00:00,24090.870000000003,-2.145884507049061
2025-07-03 15:00:00,24079.565,6.664189506481733
2025-07-03 17:00:00,24064.215000000004,0.5606930368882388
2025-07-03 19:00:00,24050.989999999998,-0.693680665552975
2025-07-03 21:00:00,24035.215,-0.23202080876392017
2025-07-03 23:00:00,24025.105,-0.8066565580750478
2025-07-04 01:00:00,24008.46,-13.510922433848023
2025-07-04 03:00:00,23997.230000000003,-8.32406697413748
2025-07-04 05:00:00,23985.394999999997,-4.9925846062023
2025-07-04 07:00:00,23973.085,-2.4876024438580515
2025-07-04 09:00:00,23960.355,2.7031138707619817
2025-07-04 11:00:00,23946.625,3.9106673485423755
2025-07-04 13:00:00,23933.43,7.377785846497801
2025-07-04 15:00:00,23920.1,10.897385717588833
2025-07-04 17:00:00,23918.14,11.406631079146507
2025-07-04 19:00:00,23913.254999999997,8.543561751100967
2025-07-06 22:00:00,23905.230000000003,12.469018164295633
2025-07-07 00:00:00,23894.485,-5.634179624298838
2025-07-07 02:00:00,23886.995000000003,-5.4124787774703265
2025-07-07 04:00:00,23883.355,11.879638299115896
2025-07-07 06:00:00,23876.495,10.552390849437899
2025-07-07 08:00:00,23870.575,16.4583170624501
2025-07-07 10:00:00,23867.01,15.324356720979281
2025-07-07 12:00:00,23868.15,29.455681973258244
2025-07-07 14:00:00,23868.52,28.36517386860054
2025-07-07 16:00:00,23866.5,13.732148351779713
2025-07-07 18:00:00,23866.775,-0.2257622107627988
2025-07-07 20:00:00,23863.734999999997,-10.150204742709388
2025-07-07 21:00:00,23861.585,-11.027876392142733
2025-07-07 23:00:00,23862.955,1.3952493669146406
2025-07-08 01:00:00,23871.965,34.911109214314976
2025-07-08 03:00:00,23881.31,42.63013581061215
2025-07-08 05:00:00,23891.89,45.459405278693716
2025-07-08 07:00:00,23902.120000000003,39.75649245284719
2025-07-08 09:00:00,23913.004999999997,32.050573434500166
2025-07-08 11:00:00,23923.345,18.30025913954978
2025-07-08 13:00:00,23931.715,6.868954336889743
2025-07-08 15:00:00,23948.84,10.521202379850152
2025-07-08 17:00:00,23962.18,1.5529471534111252
2025-07-08 19:00:00,23970.79,-4.995451365640491
2025-07-08 21:00:00,23981.97,-7.60819733644847
2025-07-08 23:00:00,23989.530000000002,-14.55482192985285
2025-07-09 01:00:00,23993.07,-32.52177758195608
2025-07-09 03:00:00,23992.010000000002,-35.984595346447385
2025-07-09 05:00:00,23988.17,-45.64355741907217
2025-07-09 07:00:00,23986.59,-46.03387858688764
2025-07-09 09:00:00,23989.519999999997,-30.256985208795463
2025-07-09 11:00:00,23994.645,-16.06918502741431
2025-07-09 13:00:00,23993.625,-27.107024944310993
2025-07-09 15:00:00,23991.37,-20.5045265807421
2025-07-09 17:00:00,23981.0,-13.517427432025826
2025-07-09 19:00:00,23971.03,-7.4431694833854465
2025-07-09 21:00:00,23960.065,-0.15212173344102098
2025-07-09 23:00:00,23947.745,-0.37722594548773714
2025-07-10 01:00:00,23937.955,10.640650213190042
2025-07-10 03:00:00,23928.895,12.35697519993581
2025-07-10 05:00:00,23928.94,41.49202705653509
2025-07-10 07:00:00,23923.135000000002,38.68956593137454
2025-07-10 09:00:00,23921.0,37.22002489229908
2025-07-10 11:00:00,23916.575,22.124349980607196
2025-07-10 13:00:00,23910.305,6.912843424751269
2025-07-10 15:00:00,23908.704999999998,9.68529284414695
2025-07-10 17:00:00,23912.5,11.452724774983686
2025-07-10 19:00:00,23916.12,9.547166047273905
2025-07-10 21:00:00,23924.265,9.441126812842342
2025-07-10 23:00:00,23929.06,-6.897916901507465
2025-07-11 01:00:00,23952.195,58.60472694832663
2025-07-11 03:00:00,23979.375,92.6052454194036
2025-07-11 05:00:00,24002.935,59.095370064771146
2025-07-11 07:00:00,24017.890000000003,11.363901610390172
2025-07-11 09:00:00,24032.5,-13.19291220017331
2025-07-11 11:00:00,24046.120000000003,-26.93739977241931
2025-07-11 13:00:00,24057.95,-34.343551037492105
2025-07-11 15:00:00,24070.625,-35.72843507787492
2025-07-11 17:00:00,24079.09,-37.127914925529936
2025-07-11 19:00:00,24086.925,-37.99561294765728
2025-07-13 22:00:00,24084.260000000002,-40.34816561124748
2025-07-14 00:00:00,24090.36,-15.35825213721203
2025-07-14 02:00:00,24096.405,1.5544655905419056
2025-07-14 04:00:00,24109.440000000002,22.69986654235891
2025-07-14 06:00:00,24123.025,23.768319733767697
2025-07-14 08:00:00,24133.145,18.395529194513884
2025-07-14 10:00:00,24142.3,11.653184902280003
2025-07-14 12:00:00,24153.33,12.032448199126875
2025-07-14 14:00:00,24163.485,8.884850299650608
2025-07-14 16:00:00,24178.145,6.158918866569309
2025-07-14 18:00:00,24171.879999999997,3.077619107698368
2025-07-14 20:00:00,24160.595,-0.41182768403575665
2025-07-14 21:00:00,24158.05,-5.370151693150177
2025-07-14 23:00:00,24162.42,-7.292958151721052
2025-07-15 01:00:00,24168.31,-3.9022132395773212
2025-07-15 03:00:00,24173.97,-7.149844263098643
2025-07-15 05:00:00,24189.5,21.617204429205543
2025-07-15 07:00:00,24210.435,45.94021546476526
2025-07-15 09:00:00,24233.31,49.67566059781785
2025-07-15 11:00:00,24258.325,44.698444267797214
2025-07-15 13:00:00,24279.66,14.436667964396293
2025-07-15 15:00:00,24300.989999999998,17.904418588103596
2025-07-15 17:00:00,24323.57,23.048759923862633
2025-07-15 19:00:00,24339.609999999997,11.321082383949886
2025-07-15 21:00:00,24356.510000000002,1.030947833461994
2025-07-15 23:00:00,24374.934999999998,-2.7557388279905126
2025-07-16 01:00:00,24396.985,4.528471183600914
2025-07-16 03:00:00,24417.73,5.206211100537217
2025-07-16 05:00:00,24436.81,-4.490735770830639
2025-07-16 07:00:00,24451.219999999998,-25.782948738392065
2025-07-16 09:00:00,24464.534999999996,-37.16765917116976
2025-07-16 11:00:00,24477.405,-40.9774306449911
2025-07-16 13:00:00,24487.44,-50.75864984761594
2025-07-16 15:00:00,24501.739999999998,-33.98935720998769
2025-07-16 17:00:00,24517.204999999998,-15.34539832703588
2025-07-16 19:00:00,24532.69,-10.783643913383969
2025-07-16 21:00:00,24538.605,-11.151051855671284
2025-07-16 23:00:00,24540.18,-8.725321389504174
2025-07-17 01:00:00,24538.17,-17.687979409911648
2025-07-17 03:00:00,24537.135,-13.578752657660722
2025-07-17 05:00:00,24542.8,-7.066343281842656
2025-07-17 07:00:00,24536.86,-23.20600100154529
2025-07-17 09:00:00,24528.93,-24.727872724230444
2025-07-17 11:00:00,24521.82,-26.82877504634014
2025-07-17 13:00:00,24523.670000000002,5.948533278981158
2025-07-17 15:00:00,24527.730000000003,29.571921401458454
2025-07-17 17:00:00,24528.61,35.1563549152182
2025-07-17 19:00:00,24529.175,31.971886327544986
2025-07-17 21:00:00,24531.47,24.849441490250214
2025-07-17 23:00:00,24540.06,23.754426232115577
2025-07-18 01:00:00,24550.56,21.447252452239084
2025-07-18 03:00:00,24558.43,4.811797413914491
2025-07-18 05:00:00,24574.395,11.3578247502261
2025-07-18 07:00:00,24589.16,21.73351759521249
2025-07-18 09:00:00,24606.825,39.13231854666472
2025-07-18 11:00:00,24627.96,46.225113125372616
2025-07-18 13:00:00,24652.6,49.20260063694161
2025-07-18 15:00:00,24673.125,28.253980220678756
2025-07-18 17:00:00,24692.82,-0.7337907398581649
2025-07-18 19:00:00,24712.105000000003,-11.075008957285661
2025-07-20 22:00:00,24733.135,-7.280242129218664
2025-07-21 00:00:00,24758.35,-12.585505316228364
2025-07-21 02:00:00,24780.785,-23.190139966729333
2025-07-21 04:00:00,24806.765,-19.614440439644795
2025-07-21 06:00:00,24824.655,-15.769650408256751
2025-07-21 08:00:00,24841.129999999997,-8.06738547019441
2025-07-21 10:00:00,24859.78,1.84246645114888
2025-07-21 12:00:00,24876.68,-2.472859182350561
2025-07-21 14:00:00,24897.719999999998,7.630831186880869
2025-07-21 16:00:00,24915.355,3.1423779720688003
2025-07-21 18:00:00,24930.204999999998,-8.228652724399097
2025-07-21 20:00:00,24948.185,-14.46145730595859
2025-07-21 21:00:00,24962.045,-15.659612411378276
2025-07-21 23:00:00,24972.555,-16.484336541943662
2025-07-22 01:00:00,24975.985,-22.501972351526334
2025-07-22 03:00:00,24979.26,-16.23292422503029
2025-07-22 05:00:00,24982.3,-4.430372380527558
2025-07-22 07:00:00,24990.715,5.760172365580303
2025-07-22 09:00:00,25004.44,12.511607934151783
2025-07-22 11:00:00,25018.71,18.200109715356618
2025-07-22 13:00:00,25034.090000000004,29.290957976989688
2025-07-22 15:00:00,25053.984999999997,37.96708190218385
2025-07-22 17:00:00,25075.455,31.571684829257038
2025-07-22 19:00:00,25094.25,19.737972008473804
2025-07-22 21:00:00,25111.785,6.864908675278855
2025-07-22 23:00:00,25130.265,7.086617507839293
2025-07-23 01:00:00,25143.675,-6.301131810928524
2025-07-23 03:00:00,25164.295000000002,5.034528092240379
2025-07-23 05:00:00,25184.114999999998,17.045255484352424
2025-07-23 07:00:00,25209.645,30.72415055440925
2025-07-23 09:00:00,25234.855000000003,20.700538631267506
2025-07-23 11:00:00,25258.9,5.5827431900791
2025-07-23 13:00:00,25281.2,-9.561556777230976
2025-07-23 15:00:00,25305.195,-12.67387008669533
2025-07-23 17:00:00,25332.595,-10.05012736261898
2025-07-23 19:00:00,25359.11,-6.684699248261381
2025-07-23 21:00:00,25382.575,-9.583601731870601
2025-07-23 23:00:00,25404.195,-12.634836905644363
2025-07-24 01:00:00,25432.93,14.18737976444308
2025-07-24 03:00:00,25457.225,11.178490668287282
2025-07-24 05:00:00,25478.05,6.409597701933535
2025-07-24 07:00:00,25495.140000000003,-2.118428623768068
2025-07-24 09:00:00,25510.17,-17.7006731126109
2025-07-24 11:00:00,25524.620000000003,-28.616282066481716
2025-07-24 13:00:00,25539.445,-32.88077871299325
2025-07-24 15:00:00,25546.205,-50.6612530308131
2025-07-24 17:00:00,25556.715,-49.46598044084696
2025-07-24 19:00:00,25561.7,-43.63838137237292
2025-07-24 21:00:00,25563.8,-35.13624496905908
2025-07-24 23:00:00,25562.86,-23.719769094075332
2025-07-25 01:00:00,25557.775,-38.47826780149239
2025-07-25 03:00:00,25550.96,-49.89510868093673
2025-07-25 05:00:00,25545.855000000003,-46.1804881982105
2025-07-25 07:00:00,25538.1,-41.548413994319944
2025-07-25 09:00:00,25526.89,-39.37069080629702
2025-07-25 11:00:00,25514.025,-33.342193705037815
2025-07-25 13:00:00,25503.525,-18.71801377626545
2025-07-25 15:00:00,25493.109999999997,-8.412639567940886
2025-07-25 17:00:00,25476.579999999998,6.883491934786761
2025-07-25 19:00:00,25462.18,12.065423631107095
2025-07-27 22:00:00,25450.44,24.19060444557398
2025-07-28 00:00:00,25441.57,34.238497049617095
2025-07-28 02:00:00,25434.135000000002,30.00636823982026
2025-07-28 04:00:00,25429.14,28.855425700646474
2025-07-28 06:00:00,25426.1,30.137026225189544
2025-07-28 08:00:00,25427.225,22.38305266354422
2025-07-28 10:00:00,25425.255,8.54127518521117
2025-07-28 12:00:00,25420.535,-8.08208901153904
2025-07-28 14:00:00,25417.135,-8.199785534166232
2025-07-28 16:00:00,25409.185,-18.774980562975067
2025-07-28 18:00:00,25406.84,-23.139975867374524
2025-07-28 20:00:00,25407.32,-22.022625164814187
2025-07-28 21:00:00,25408.05,-15.758434534435185
2025-07-28 23:00:00,25409.77,-10.773598516417138
2025-07-29 01:00:00,25410.885000000002,-14.911648269198793
2025-07-29 03:00:00,25411.385000000002,-17.26029650857886
2025-07-29 05:00:00,25415.23,2.7592483223100928
2025-07-29 07:00:00,25422.38,23.005987656834726
2025-07-29 09:00:00,25428.225,32.63481912666667
2025-07-29 11:00:00,25436.004999999997,37.42617596727639
2025-07-29 13:00:00,25436.559999999998,19.849344564632748
2025-07-29 15:00:00,25431.745000000003,-1.1353180037828068
2025-07-29 17:00:00,25426.165,-16.390931976390757
2025-07-29 19:00:00,25418.19,-23.93089892242466
2025-07-29 21:00:00,25408.999999999996,-21.723332584004954
2025-07-29 23:00:00,25402.53,-11.788618361101243
2025-07-30 01:00:00,25401.35,5.443545221003983
2025-07-30 03:00:00,25401.575,7.6149160093060075
2025-07-30 05:00:00,25387.454999999998,-35.45684374523894
2025-07-30 07:00:00,25377.004999999997,-46.25504372614217
2025-07-30 09:00:00,25368.86,-37.711745309297015
2025-07-30 11:00:00,25355.57,-45.52000590686117
2025-07-30 13:00:00,25338.704999999998,-50.27368869780794
2025-07-30 15:00:00,25321.67,-43.6281746437833
2025-07-30 17:00:00,25301.105,-52.35175559587867
2025-07-30 19:00:00,25284.504999999997,-35.238276107906046
2025-07-30 21:00:00,25263.73,-16.394129731600145
2025-07-30 23:00:00,25240.19,-0.6344649623488863
2025-07-31 01:00:00,25213.075,1.233448069693594
2025-07-31 03:00:00,25180.215,-9.10198977860881
2025-07-31 05:00:00,25147.29,-22.813123430815807
2025-07-31 07:00:00,25114.829999999998,-30.525376767375462
2025-07-31 09:00:00,25082.265,-32.27540840615541
2025-07-31 11:00:00,25050.27,-25.733024764948567
2025-07-31 13:00:00,25021.665,-1.5962100442173437
2025-07-31 15:00:00,24991.86,14.436357254362662
2025-07-31 17:00:00,24954.265000000003,7.631370043600441
2025-07-31 19:00:00,24917.934999999998,7.833654594297286
2025-07-31 21:00:00,24893.27,7.686166090242466
2025-07-31 23:00:00,24868.275,10.61587443961082
2025-08-01 01:00:00,24842.934999999998,18.377074520480846
2025-08-01 03:00:00,24822.77,22.339933808327146
2025-08-01 05:00:00,24802.09,12.764084551159556
2025-08-01 07:00:00,24773.065,-18.82742844395156
2025-08-01 09:00:00,24749.379999999997,-27.3665372515469
2025-08-01 11:00:00,24723.64,-19.82832308494642
2025-08-01 13:00:00,24689.205,-36.00472272164302
2025-08-01 15:00:00,24653.984999999997,-33.40589112767657
2025-08-01 17:00:00,24619.219999999998,-29.299052242240236
2025-08-01 19:00:00,24590.785,-11.056596765519998
2025-08-03 22:00:00,24565.894999999997,0.958888198746422
2025-08-04 00:00:00,24555.265,50.49474310156734
2025-08-04 02:00:00,24550.1,79.84575595824526
2025-08-04 04:00:00,24545.54,84.66954323597719
2025-08-04 06:00:00,24541.805,93.68152919108721
2025-08-04 08:00:00,24537.54,85.84008135206214
2025-08-04 10:00:00,24537.445,70.49863103263374
2025-08-04 12:00:00,24535.885000000002,49.89483802379179
2025-08-04 14:00:00,24535.09,34.19512359643897
2025-08-04 16:00:00,24538.175,36.41075783216252
2025-08-04 18:00:00,24540.155000000002,32.38588092249286
2025-08-04 20:00:00,24544.68,34.091709068909545
2025-08-04 21:00:00,24551.155,24.36149495151679
2025-08-04 23:00:00,24566.72,17.811811743369027
2025-08-05 01:00:00,24579.530000000002,0.20399423127876304
2025-08-05 03:00:00,24593.955,0.7016336156437433
2025-08-05 05:00:00,24620.879999999997,16.377909135732388
2025-08-05 07:00:00,24647.13,16.667004668964196
2025-08-05 09:00:00,24675.875,15.193995346612923
2025-08-05 11:00:00,24702.665,11.731807648751982
2025-08-05 13:00:00,24728.43,1.5657295337139772
2025-08-05 15:00:00,24742.9,-3.168973723223459
2025-08-05 17:00:00,24752.88,-9.64414772990665
2025-08-05 19:00:00,24762.394999999997,-13.348556695085108
2025-08-05 21:00:00,24766.93,-15.024587616715664
2025-08-05 23:00:00,24771.829999999998,-13.684556492409186
2025-08-06 01:00:00,24779.415,-4.244738995585948
2025-08-06 03:00:00,24791.195,8.533177539101736
2025-08-06 05:00:00,24801.730000000003,6.6484530070249335
2025-08-06 07:00:00,24806.344999999998,-3.10306560339194
2025-08-06 09:00:00,24812.025,-3.7155007418460926
2025-08-06 11:00:00,24815.35,-4.167227292694186
2025-08-06 13:00:00,24815.940000000002,-18.99877785326848
2025-08-06 15:00:00,24819.81,-10.181579824814648
2025-08-06 17:00:00,24830.019999999997,4.44270491829397
2025-08-06 19:00:00,24837.79,9.354892368684183
2025-08-06 21:00:00,24842.420000000002,14.924834100481789
2025-08-06 23:00:00,24847.375,12.47732593455504
2025-08-07 01:00:00,24848.620000000003,-2.0702444724360802
2025-08-07 03:00:00,24856.07,13.096509512197088
2025-08-07 05:00:00,24868.79,28.650923698090196
2025-08-07 07:00:00,24878.82,21.36372869425705
2025-08-07 09:00:00,24889.739999999998,13.137399889261602
2025-08-07 11:00:00,24901.030000000002,6.292539181184267
2025-08-07 13:00:00,24906.335,-20.531974847328968
2025-08-07 15:00:00,24910.905000000002,-31.719520038657464
2025-08-07 17:00:00,24912.27,-36.0995242686487
2025-08-07 19:00:00,24913.15,-26.092164718107696
2025-08-07 21:00:00,24916.909999999996,-14.011638382742063
2025-08-07 23:00:00,24923.345,-5.485345411874377
2025-08-08 01:00:00,24926.89,-7.711743352024989
2025-08-08 03:00:00,24926.845,-20.062659714353835
2025-08-08 05:00:00,24928.43,-31.302026045829535
2025-08-08 07:00:00,24926.68,-29.928352589598205
2025-08-08 09:00:00,24922.480000000003,-22.999108076577727
2025-08-08 11:00:00,24918.46,-15.541065597059134
2025-08-08 13:00:00,24913.495000000003,-7.227154349699703
2025-08-08 15:00:00,24911.535,6.445495051512069
2025-08-08 17:00:00,24914.66,18.326169209248103
2025-08-08 19:00:00,24912.035,23.093061815039494
2025-08-10 22:00:00,24904.765,18.342076210512378
2025-08-11 00:00:00,24895.64,-0.7374006335789032
2025-08-11 02:00:00,24889.14,-0.04490373848565987
2025-08-11 04:00:00,24882.71,0.6076546609040356
2025-08-11 06:00:00,24880.895,-4.804899719577547
2025-08-11 08:00:00,24880.989999999998,-1.3653779397652848
2025-08-11 10:00:00,24881.775,-0.4575385242501515
2025-08-11 12:00:00,24878.065,-7.79325880981227
2025-08-11 14:00:00,24871.07,-15.84000783030954
2025-08-11 16:00:00,24861.0,-24.925172561044885
2025-08-11 18:00:00,24853.055,-23.228037985007873
2025-08-11 20:00:00,24848.17,-20.061440871220086
2025-08-11 21:00:00,24844.84,-18.42677972538948
2025-08-11 23:00:00,24841.695,-11.927976581401879
2025-08-12 01:00:00,24840.920000000002,3.518921768101677
2025-08-12 03:00:00,24845.14,28.396524187304678
2025-08-12 05:00:00,24848.375,34.431032846099654
2025-08-12 07:00:00,24849.085,32.45283910706831
2025-08-12 09:00:00,24848.095,28.06923288394398
2025-08-12 11:00:00,24849.79,33.59154352981379
2025-08-12 13:00:00,24856.82,45.43875319450909
2025-08-12 15:00:00,24872.120000000003,56.847961452444366
2025-08-12 17:00:00,24885.4,53.62615629702995
2025-08-12 19:00:00,24898.525,42.7364527442148
2025-08-12 21:00:00,24915.185,36.58460717924979
2025-08-12 23:00:00,24928.145,18.735444954816217
2025-08-13 01:00:00,24950.665,38.178839253510034
2025-08-13 03:00:00,24980.72,55.77032048193908
2025-08-13 05:00:00,25017.8,69.36421770405894
2025-08-13 07:00:00,25059.97,70.08337558615716
2025-08-13 09:00:00,25107.77,76.33846040925249
2025-08-13 11:00:00,25156.215000000004,63.35465284573422
2025-08-13 13:00:00,25210.05,58.19907811278523
2025-08-13 15:00:00,25260.75,32.93410909106933
2025-08-13 17:00:00,25306.594999999998,4.723152363521251
2025-08-13 19:00:00,25349.185,-7.133482123644285
2025-08-13 21:00:00,25392.835,-14.59948638906593
2025-08-13 23:00:00,25435.659999999996,-24.61017604299286
2025-08-14 01:00:00,25473.675,-46.75208790622435
2025-08-14 03:00:00,25504.1,-69.26266708967125
2025-08-14 05:00:00,25525.655,-89.08737890698325
2025-08-14 07:00:00,25545.055,-82.1340641142466
2025-08-14 09:00:00,25563.18,-73.80234769826205
2025-08-14 11:00:00,25575.7,-81.96356763661271
2025-08-14 13:00:00,25582.969999999998,-87.12441696316597
2025-08-14 15:00:00,25588.775,-90.84187616253475
2025-08-14 17:00:00,25587.15,-73.38564810842848
2025-08-14 19:00:00,25580.355,-55.425430658117534
2025-08-14 21:00:00,25568.32,-39.838775387119085
2025-08-14 23:00:00,25553.795,-26.415071815495892
2025-08-15 01:00:00,25525.585,-42.35555260688113
2025-08-15 03:00:00,25498.765,-36.07498317061004
2025-08-15 05:00:00,25469.32,-20.63274096783016
2025-08-15 07:00:00,25440.645,-15.465072129896413
2025-08-15 09:00:00,25416.72,0.39007688216246095
2025-08-15 11:00:00,25390.079999999998,6.305665537562305
2025-08-15 13:00:00,25362.085,7.777069835700587
2025-08-15 15:00:00,25333.530000000002,4.307347706045405
2025-08-15 17:00:00,25310.210000000003,6.337658567533083
2025-08-15 19:00:00,25289.035,0.7025731927986953
2025-08-17 22:00:00,25277.485,17.28248661155878
2025-08-18 00:00:00,25266.905000000002,32.863929323970865
2025-08-18 02:00:00,25261.7,51.25156819587248
2025-08-18 04:00:00,25258.39,39.30464285099905
2025-08-18 06:00:00,25252.190000000002,7.834076528408509
2025-08-18 08:00:00,25248.39,-10.337081383712334
2025-08-18 10:00:00,25244.315000000002,-10.203808786499415
2025-08-18 12:00:00,25241.325,-4.117110214227083
2025-08-18 14:00:00,25237.5,-3.4457306052997154
2025-08-18 16:00:00,25232.620000000003,-5.081214526175046
2025-08-18 18:00:00,25235.745000000003,-3.159818175681586
2025-08-18 20:00:00,25237.145,-1.7065728231075212
2025-08-18 21:00:00,25237.739999999998,3.1529131613392707
2025-08-18 23:00:00,25239.105,2.0956074828163906
2025-08-19 01:00:00,25233.185,-13.270479484338153
2025-08-19 03:00:00,25230.600000000002,-7.870135203018833
2025-08-19 05:00:00,25225.655000000002,-13.59070560249313
2025-08-19 07:00:00,25221.855,-13.781049525766392
2025-08-19 09:00:00,25219.165,-4.616968089387882
2025-08-19 11:00:00,25219.365,3.605574893434877
2025-08-19 13:00:00,25210.88,-4.809340682476815
2025-08-19 15:00:00,25194.195,-24.683530663057297
2025-08-19 17:00:00,25171.485,-32.96370706322155
2025-08-19 19:00:00,25154.27,-23.993974422993503
2025-08-19 21:00:00,25143.175000000003,-15.387454146197513
2025-08-19 23:00:00,25132.175,-11.843819202774085
2025-08-20 01:00:00,25120.785,-2.32938486479469
2025-08-20 03:00:00,25107.385000000002,1.1096851317954304
2025-08-20 05:00:00,25105.25,39.92318791932195
2025-08-20 07:00:00,25101.805,44.25993890050499
2025-08-20 09:00:00,25098.870000000003,43.88840960574729
2025-08-20 11:00:00,25096.62,40.18722334654439
2025-08-20 13:00:00,25088.950000000004,18.237399555430297
2025-08-20 15:00:00,25085.435,17.988216818693804
2025-08-20 17:00:00,25087.44,19.1738944265366
2025-08-20 19:00:00,25087.41,19.073613767540294
2025-08-20 21:00:00,25090.095,15.613548156639782
2025-08-20 23:00:00,25090.84,4.37517390930223
2025-08-21 01:00:00,25090.614999999998,1.7976404632208745
2025-08-21 03:00:00,25087.855000000003,-5.705185405250337
2025-08-21 05:00:00,25085.305,-19.730753248983504
2025-08-21 07:00:00,25089.505,-17.764237402288593
2025-08-21 09:00:00,25096.144999999997,-10.909230229533105
2025-08-21 11:00:00,25101.129999999997,-5.942926544442095
2025-08-21 13:00:00,25110.454999999998,11.731565144839063
2025-08-21 15:00:00,25120.56,15.98550213615465
2025-08-21 17:00:00,25130.82,20.303635225842374
2025-08-21 19:00:00,25140.785,15.14629408451588
2025-08-21 21:00:00,25141.525,14.56763450070627
2025-08-21 23:00:00,25143.215,7.604755200528942
2025-08-22 01:00:00,25146.489999999998,11.584795956046083
2025-08-22 03:00:00,25146.925,3.1717997361271983
2025-08-22 05:00:00,25154.17,6.784302329722593
2025-08-22 07:00:00,25164.635000000002,28.627805749202892
2025-08-22 09:00:00,25175.105000000003,36.19028930339675
2025-08-22 11:00:00,25185.454999999998,34.51993983828902
2025-08-22 13:00:00,25210.644999999997,77.47095803251355
2025-08-22 15:00:00,25238.485,83.38084272514675
2025-08-22 17:00:00,25266.45,74.14693860943754
2025-08-22 19:00:00,25296.19,56.21156072070988
2025-08-24 22:00:00,25328.75,34.76352575747609
2025-08-25 00:00:00,25359.114999999998,14.009897025362335
2025-08-25 02:00:00,25399.120000000003,35.35997163098017
2025-08-25 04:00:00,25437.225,28.13454640997236
2025-08-25 06:00:00,25469.96,12.285819399810919
2025-08-25 08:00:00,25501.8,-5.569539628355415
2025-08-25 10:00:00,25532.24,-17.00787039803498
2025-08-25 12:00:00,25564.565,-21.47631356181637
2025-08-25 14:00:00,25593.3,-33.12429132022257
2025-08-25 16:00:00,25620.77,-46.01566862844166
2025-08-25 18:00:00,25641.545,-63.09947410353132
2025-08-25 20:00:00,25665.635000000002,-60.864582013054644
2025-08-25 21:00:00,25688.41,-50.42311813094153
2025-08-25 23:00:00,25703.295000000002,-46.29931511948058
2025-08-26 01:00:00,25724.015,-16.38964080773566
2025-08-26 03:00:00,25743.18,-7.337684445375032
2025-08-26 05:00:00,25741.965,-23.99270274357268
2025-08-26 07:00:00,25735.55,-45.11615497248769
2025-08-26 09:00:00,25732.3,-34.39576092627627
2025-08-26 11:00:00,25731.155000000002,-18.69542086855664
2025-08-26 13:00:00,25727.82,-19.825618858359498
2025-08-26 15:00:00,25724.11,-22.005618913087904
2025-08-26 17:00:00,25709.175,-22.28241280775523
2025-08-26 19:00:00,25697.175,-15.581926320371316
2025-08-26 21:00:00,25686.195,-11.115772188767954
2025-08-26 23:00:00,25676.07,-9.350958237732172
2025-08-27 01:00:00,25662.92,-17.537556317439822
2025-08-27 03:00:00,25649.440000000002,-16.723795882642982
2025-08-27 05:00:00,25620.645,-74.2954450445361
2025-08-27 07:00:00,25592.715,-91.77723249569937
2025-08-27 09:00:00,25565.595,-95.62413976497845
2025-08-27 11:00:00,25535.504999999997,-87.40698026440026
2025-08-27 13:00:00,25500.23,-82.17451756974054
2025-08-27 15:00:00,25466.375,-64.24156594279879
2025-08-27 17:00:00,25426.44,-40.214555708728994
2025-08-27 19:00:00,25386.385000000002,-23.689509621055663
2025-08-27 21:00:00,25351.655000000002,-9.722844327371945
2025-08-27 23:00:00,25322.6,5.897558198993579
2025-08-28 01:00:00,25293.07,29.072960605885555
2025-08-28 03:00:00,25258.534999999996,29.424304831084726
2025-08-28 05:00:00,25228.965,37.44272641200416
2025-08-28 07:00:00,25197.535,29.309556709048366
2025-08-28 09:00:00,25167.21,27.447138686571492
2025-08-28 11:00:00,25136.99,30.740362103049762
2025-08-28 13:00:00,25114.739999999998,58.03995841600161
2025-08-28 15:00:00,25093.9,67.06752740667997
2025-08-28 17:00:00,25076.5,64.98745954507358
2025-08-28 19:00:00,25057.57,52.849332924431906
2025-08-28 21:00:00,25055.984999999997,40.324129373811274
2025-08-28 23:00:00,25054.85,26.39742700565285
2025-08-29 01:00:00,25061.879999999997,33.93298591964141
2025-08-29 03:00:00,25066.989999999998,19.504023928377755
2025-08-29 05:00:00,25079.445,22.18182541122265
2025-08-29 07:00:00,25084.144999999997,-6.341909891076611
2025-08-29 09:00:00,25093.5,1.8999244163919045
2025-08-29 11:00:00,25107.45,16.951470122370928
2025-08-29 13:00:00,25126.475,36.82385685403054
2025-08-29 15:00:00,25147.730000000003,50.394926815947066
2025-08-29 17:00:00,25164.04,43.64491711020816
2025-08-29 19:00:00,25182.615,31.507671710788642
2025-08-31 22:00:00,25200.2,24.859641583016156
2025-09-01 00:00:00,25228.55,43.593143110184144
2025-09-01 02:00:00,25255.739999999998,40.84160917038794
2025-09-01 04:00:00,25284.57,41.44608177240568
2025-09-01 06:00:00,25307.195,38.79727401545034
2025-09-01 08:00:00,25326.385,20.67902181936813
2025-09-01 10:00:00,25342.864999999998,-0.577709586659779
2025-09-01 12:00:00,25359.34,-16.028499613104998
2025-09-01 14:00:00,25375.21,-26.33931428670627
2025-09-01 16:00:00,25392.42,-28.886522287874016
2025-09-01 18:00:00,25404.755,-28.640207395161312
2025-09-01 21:00:00,25419.73,-30.73114076633165
2025-09-01 23:00:00,25431.925,-27.556355407501968
2025-09-02 01:00:00,25458.16,-2.583796515794333
2025-09-02 03:00:00,25472.44,-15.77924253916899
2025-09-02 05:00:00,25487.25,-6.957273271838261
2025-09-02 07:00:00,25492.984999999997,-18.80351144313157
2025-09-02 09:00:00,25493.09,-30.546197449455114
2025-09-02 11:00:00,25486.56,-59.04835043462269
2025-09-02 13:00:00,25492.36,-22.600669777071545
2025-09-02 15:00:00,25496.725,-5.464253107134198
2025-09-02 17:00:00,25493.245,1.7679285056455
2025-09-02 19:00:00,25495.93,22.964910984525506
2025-09-02 21:00:00,25492.625,17.17896037320957
2025-09-02 23:00:00,25484.85,2.0255004600979802
2025-09-03 01:00:00,25481.07,-0.03443063611766206
2025-09-03 03:00:00,25473.215,-23.260663933340826
2025-09-03 05:00:00,25463.120000000003,-41.32344317638858
2025-09-03 07:00:00,25454.065,-42.70044049714249
2025-09-03 09:00:00,25448.045000000002,-25.914814508324447
2025-09-03 11:00:00,25440.51,-20.459401412173918
2025-09-03 13:00:00,25434.05,-15.107687803803813
2025-09-03 15:00:00,25429.9,-0.5666495710902097
2025-09-03 17:00:00,25418.605,3.1748722648966208
2025-09-03 19:00:00,25415.645,11.33385110499352
2025-09-03 21:00:00,25408.285,12.108226909279281
2025-09-03 23:00:00,25406.555,15.4489825315097
2025-09-04 01:00:00,25389.629999999997,-45.27056609282637
2025-09-04 03:00:00,25377.894999999997,-72.1387618208249
2025-09-04 05:00:00,25355.735,-66.80385474351614
2025-09-04 07:00:00,25329.754999999997,-66.73510690480839
2025-09-04 09:00:00,25307.170000000002,-43.13823299606352
2025-09-04 11:00:00,25279.585,-22.55553491715918
2025-09-04 13:00:00,25251.97,-18.45173232762079
2025-09-04 15:00:00,25229.355000000003,-3.3419459362444854
2025-09-04 17:00:00,25207.04,12.800001136941916
2025-09-04 19:00:00,25192.015000000003,23.970414973767333
2025-09-04 21:00:00,25179.739999999998,26.025435258918833
2025-09-04 23:00:00,25167.04,24.554817333934352
2025-09-05 01:00:00,25157.69,45.29971268504869
2025-09-05 03:00:00,25150.115,49.80855422076942
2025-09-05 05:00:00,25154.239999999998,85.66962273540858
2025-09-05 07:00:00,25155.645,89.03153832272613
2025-09-05 09:00:00,25158.7,80.28966379193659
2025-09-05 11:00:00,25162.82,74.58488565056902
2025-09-05 13:00:00,25157.95,28.026919213860907
2025-09-05 15:00:00,25155.41,15.74677732444897
2025-09-05 17:00:00,25170.450000000004,6.820064606537372
2025-09-05 19:00:00,25189.13,3.7728275452969626
2025-09-07 22:00:00,25209.05,9.137941202138848
2025-09-08 00:00:00,25236.760000000002,21.216285295729335
2025-09-08 02:00:00,25260.66,19.582551834422915
2025-09-08 04:00:00,25287.14,24.6326747352785
2025-09-08 06:00:00,25319.415,30.027586878300895
2025-09-08 08:00:00,25347.515,18.643086972730003
2025-09-08 10:00:00,25375.205,13.42509675168543
2025-09-08 12:00:00,25400.945,3.175253555115546
2025-09-08 14:00:00,25429.47,3.2633858966744356
2025-09-08 16:00:00,25457.65,-2.413770735039634
2025-09-08 18:00:00,25483.16,6.098744109800748
2025-09-08 20:00:00,25508.165,4.596666940992577
2025-09-08 21:00:00,25521.955,1.643634458277944
2025-09-08 23:00:00,25533.63,-9.797329112636419
2025-09-09 01:00:00,25561.425,41.846092082130724
2025-09-09 03:00:00,25579.640000000003,31.064438203046507
2025-09-09 05:00:00,25606.96,17.563297778633938
2025-09-09 07:00:00,25632.9,13.42472774106642
2025-09-09 09:00:00,25661.059999999998,13.562519596366684
2025-09-09 11:00:00,25686.019999999997,0.05381905612316018
2025-09-09 13:00:00,25712.780000000002,5.59266086752379
2025-09-09 15:00:00,25732.59,-7.701582267939756
2025-09-09 17:00:00,25755.035,-8.485435333986516
2025-09-09 19:00:00,25775.870000000003,-6.223906683890476
2025-09-09 21:00:00,25793.98,-8.253350324328721
2025-09-09 23:00:00,25813.765,-12.515381808647533
2025-09-10 01:00:00,25840.925,14.075626882552143
2025-09-10 03:00:00,25874.99,39.52837193094609
2025-09-10 05:00:00,25904.004999999997,30.546401657902408
2025-09-10 07:00:00,25930.59,7.47281392806309
2025-09-10 09:00:00,25952.629999999997,-9.61461534405936
2025-09-10 11:00:00,25973.19,-25.74959573634675
2025-09-10 13:00:00,25989.45,-46.09174015737554
2025-09-10 15:00:00,26006.055,-57.23760832254658
2025-09-10 17:00:00,26005.315000000002,-58.160069415828644
2025-09-10 19:00:00,26008.905,-60.5990651462628
2025-09-10 21:00:00,26014.135000000002,-50.39474181703753
2025-09-10 23:00:00,26019.765,-31.628020538377427
2025-09-11 01:00:00,26022.495000000003,-23.138317547122597
2025-09-11 03:00:00,26033.025,1.4156289390116399
2025-09-11 05:00:00,26045.135,30.39907088284204
2025-09-11 07:00:00,26053.095,11.344035886856034
2025-09-11 09:00:00,26061.045,7.645792907398828
2025-09-11 11:00:00,26070.4,13.283877744497218
2025-09-11 13:00:00,26086.205,33.80241057492185
2025-09-11 15:00:00,26110.095,61.90764455908658
2025-09-11 17:00:00,26124.515,59.53822070640993
2025-09-11 19:00:00,26134.725,52.67271487613684
2025-09-11 21:00:00,26147.364999999998,37.27925134768299
2025-09-11 23:00:00,26162.165,18.37354558952063
2025-09-12 01:00:00,26176.08,-1.3147599526307658
2025-09-12 03:00:00,26195.420000000002,-0.9479273363417633
2025-09-12 05:00:00,26212.85,-24.63786049386215
2025-09-12 07:00:00,26231.660000000003,-35.72401615540511
2025-09-12 09:00:00,26252.754999999997,-32.28735145619285
2025-09-12 11:00:00,26276.345,-28.739922407528525
2025-09-12 13:00:00,26296.189999999995,-34.357020560968294
2025-09-12 15:00:00,26312.655,-36.94890176168445
2025-09-12 17:00:00,26331.18,-30.342310347837582
2025-09-12 19:00:00,26341.875,-33.15830917491226
2025-09-14 22:00:00,26346.605,-31.352547680015462
2025-09-15 00:00:00,26366.645,-0.2946571447649262
2025-09-15 02:00:00,26385.560000000005,14.459068535637726
2025-09-15 04:00:00,26400.46,12.940381240523962
2025-09-15 06:00:00,26408.98,8.75333052619348
2025-09-15 08:00:00,26408.97,1.4068361152411768
2025-09-15 10:00:00,26410.975,0.896497870380017
2025-09-15 12:00:00,26413.27,5.530730123509926
2025-09-15 14:00:00,26416.310000000005,5.8797205431074815
2025-09-15 16:00:00,26420.995000000003,5.515000144878343
2025-09-15 18:00:00,26425.155,-4.487095233099012
2025-09-15 20:00:00,26425.305,-11.361594733890428
2025-09-15 21:00:00,26431.095,-15.104874676119593
2025-09-15 23:00:00,26437.68,-14.634144596935428
2025-09-16 01:00:00,26436.975,-32.58303661793242
2025-09-16 03:00:00,26439.9,-23.492848808450255
2025-09-16 05:00:00,26447.68,-9.18184486298476
2025-09-16 07:00:00,26453.57,-12.11448235070268
2025-09-16 09:00:00,26456.389999999996,-18.36101273714832
2025-09-16 11:00:00,26460.525,-22.406815173440204
2025-09-16 13:00:00,26467.43,-12.00116121487931
2025-09-16 15:00:00,26470.954999999998,9.248723093016359
2025-09-16 17:00:00,26476.265000000003,25.644131336302898
2025-09-16 19:00:00,26480.984999999997,22.010642805461686
2025-09-16 21:00:00,26485.754999999997,16.585458693939337
2025-09-16 23:00:00,26491.225,10.695670166429323
2025-09-17 01:00:00,26504.885,38.06340063749782
2025-09-17 03:00:00,26519.325,51.71357635033034
2025-09-17 05:00:00,26539.055,67.05427179081875
2025-09-17 07:00:00,26556.3,54.85051298044067
2025-09-17 09:00:00,26575.734999999997,39.28333180044194
2025-09-17 11:00:00,26596.045000000002,25.35644527443742
2025-09-17 13:00:00,26615.165,7.601650791680328
2025-09-17 15:00:00,26632.795000000002,-7.978013148416636
2025-09-17 17:00:00,26653.059999999998,-26.435979941700964
2025-09-17 19:00:00,26672.414999999997,-23.577169995879444
2025-09-17 21:00:00,26691.865,-13.503123431314265
2025-09-17 23:00:00,26711.47,-18.99680601603214
2025-09-18 01:00:00,26736.409999999996,-8.976485089719318
2025-09-18 03:00:00,26760.345,-13.150153925184156
2025-09-18 05:00:00,26762.935000000005,-79.19740382421648
2025-09-18 07:00:00,26763.690000000002,-87.32953610737937
2025-09-18 09:00:00,26765.735000000004,-65.22661342915166
2025-09-18 11:00:00,26764.889999999996,-63.10010471634356
2025-09-18 13:00:00,26762.829999999998,-57.12674483893289
2025-09-18 15:00:00,26762.204999999998,-41.27109023652841
2025-09-18 17:00:00,26755.090000000004,-17.722485986305117
2025-09-18 19:00:00,26743.890000000003,-9.125524498233474
2025-09-18 21:00:00,26727.72,-1.1157567997545783
2025-09-18 23:00:00,26710.9,-5.167831801916265
2025-09-19 01:00:00,26694.475,-3.330294349309355
2025-09-19 03:00:00,26678.03,0.3601794749542435
2025-09-19 05:00:00,26657.345,-16.46351156102267
2025-09-19 07:00:00,26642.405,-3.7505671621141516
2025-09-19 09:00:00,26629.68,1.0939072646146428
2025-09-19 11:00:00,26614.684999999998,6.253454074387534
2025-09-19 13:00:00,26597.155,8.516913059766807
2025-09-19 15:00:00,26581.364999999998,6.626458101711179
2025-09-19 17:00:00,26562.010000000002,6.053297219721529
2025-09-19 19:00:00,26542.565000000002,-1.247038419314805
2025-09-21 22:00:00,26541.615,-3.466618879339279
2025-09-22 00:00:00,26527.97,-36.856492200105606
2025-09-22 02:00:00,26510.225,-43.93602123594583
2025-09-22 04:00:00,26495.954999999998,-42.646451634839764
2025-09-22 06:00:00,26486.420000000002,-21.62662132442898
2025-09-22 08:00:00,26478.704999999998,3.3363031748218646
2025-09-22 10:00:00,26468.870000000003,18.38095845528892
2025-09-22 12:00:00,26461.95,29.389570823580627
2025-09-22 14:00:00,26448.840000000004,12.481379423756877
2025-09-22 16:00:00,26440.79,14.265079421404039
2025-09-22 18:00:00,26431.890000000003,13.336153843812326
2025-09-22 20:00:00,26422.365,11.759788551378278
2025-09-22 21:00:00,26418.510000000002,10.83266526841878
2025-09-22 23:00:00,26410.034999999996,10.40205520764701
2025-09-23 01:00:00,26393.204999999998,-20.7913672420959
2025-09-23 03:00:00,26371.305,-44.40816957032163
2025-09-23 05:00:00,26350.9,-40.8833345055324
2025-09-23 07:00:00,26333.35,-24.30072394271741
2025-09-23 09:00:00,26316.725,-8.35768971939035
2025-09-23 11:00:00,26304.845,10.83856197083901
2025-09-23 13:00:00,26294.945,25.80387005172105
2025-09-23 15:00:00,26292.21,20.758072143922746
2025-09-23 17:00:00,26285.704999999998,4.605328978281946
2025-09-23 19:00:00,26279.875,-2.428970320167977
2025-09-23 21:00:00,26270.559999999998,-2.7820955671774215
2025-09-23 23:00:00,26259.204999999998,3.338980717739929
2025-09-24 01:00:00,26255.764999999996,37.352060387029226
2025-09-24 03:00:00,26253.47,56.77746268610278
2025-09-24 05:00:00,26262.845,78.48305459593877
2025-09-24 07:00:00,26267.315000000002,68.4277147472587
2025-09-24 09:00:00,26270.54,48.7312495846601
2025-09-24 11:00:00,26272.035000000003,26.311148893097894
2025-09-24 13:00:00,26275.629999999997,19.68674100045292
2025-09-24 15:00:00,26276.635000000002,4.4907215481704625
2025-09-24 17:00:00,26286.075,-5.300133337631962
2025-09-24 19:00:00,26300.059999999998,-9.217547491921366
2025-09-24 21:00:00,26312.71,-9.957707430585927
2025-09-24 23:00:00,26323.95,-7.372665414228145
2025-09-25 01:00:00,26340.690000000002,16.093031687403823
2025-09-25 03:00:00,26359.525,38.69771649568436
2025-09-25 05:00:00,26370.504999999997,20.633119694415697
2025-09-25 07:00:00,26384.004999999997,7.921852027068496
2025-09-25 09:00:00,26401.57,1.015109972940195
2025-09-25 11:00:00,26412.434999999998,-27.951318112120063
2025-09-25 13:00:00,26425.125,-30.477441358943864
2025-09-25 15:00:00,26436.714999999997,-27.870605898157592
2025-09-25 17:00:00,26437.8,-29.298501881558966
2025-09-25 19:00:00,26436.484999999997,-24.983614751469517
2025-09-25 21:00:00,26429.165,-19.47826503174337
2025-09-25 23:00:00,26425.355,-10.459842456471048
2025-09-26 01:00:00,26419.725,-16.93052966117284
2025-09-26 03:00:00,26414.895,-20.92724299662101
2025-09-26 05:00:00,26408.055,-18.875904063496918
2025-09-26 07:00:00,26393.055,-51.35183306975712
2025-09-26 09:00:00,26379.704999999998,-52.54456750263614
2025-09-26 11:00:00,26369.325,-33.57991396641917
2025-09-26 13:00:00,26359.859999999997,-15.720085845869448
2025-09-26 15:00:00,26353.004999999997,6.8497541365999695
2025-09-26 17:00:00,26340.940000000002,21.10800040568479
2025-09-26 19:00:00,26322.689999999995,20.490565604485994
2025-09-28 22:00:00,26312.115,24.368627680574306
2025-09-29 00:00:00,26307.745000000003,43.88334075782256
2025-09-29 02:00:00,26306.605,58.26066738194542
2025-09-29 04:00:00,26322.445,89.51603016212351
2025-09-29 06:00:00,26334.325,81.84223514798575
2025-09-29 08:00:00,26344.6,60.32239488568786
2025-09-29 10:00:00,26359.585,51.323107765796706
2025-09-29 12:00:00,26375.189999999995,41.286652475890264
2025-09-29 14:00:00,26390.329999999998,27.468564838049815
2025-09-29 16:00:00,26404.610000000004,16.179712860931573
2025-09-29 18:00:00,26423.345,9.892006887782145
2025-09-29 20:00:00,26443.114999999998,2.5363864090496975
2025-09-29 21:00:00,26463.764999999996,-0.4666762452306159
2025-09-29 23:00:00,26494.28,-7.3975891820603294
2025-09-30 01:00:00,26518.234999999997,-30.732892755247605
2025-09-30 03:00:00,26538.18,-41.726125363015285
2025-09-30 05:00:00,26568.47,-3.531063218342979
2025-09-30 07:00:00,26598.105,19.341376318428786
2025-09-30 09:00:00,26628.5,30.370578815689925
2025-09-30 11:00:00,26661.565000000002,31.99514542265058
2025-09-30 13:00:00,26687.129999999997,5.166418863150199
2025-09-30 15:00:00,26706.54,-10.319026836022573
2025-09-30 17:00:00,26721.890000000003,-19.992087193165332
2025-09-30 19:00:00,26728.0,-21.840971399176823
2025-09-30 21:00:00,26736.6,-20.46906536454358
2025-09-30 23:00:00,26747.325,-17.338658523696523
2025-10-01 01:00:00,26755.72,-13.43449287150348
2025-10-01 03:00:00,26762.43,-14.502941751546956
2025-10-01 05:00:00,26766.995000000003,-23.36642417718147
2025-10-01 07:00:00,26773.385000000002,-18.059957754748083
2025-10-01 09:00:00,26779.68,-11.659409509399893
2025-10-01 11:00:00,26787.579999999998,-3.7771004363792997
2025-10-01 13:00:00,26795.140000000003,0.6941177471060342
2025-10-01 15:00:00,26806.6,11.452197558242162
2025-10-01 17:00:00,26825.98,21.008822700828006
2025-10-01 19:00:00,26844.74,14.726633533886798
2025-10-01 21:00:00,26853.18,11.741944328028382
2025-10-01 23:00:00,26856.754999999997,-0.8899434222441727
2025-10-02 01:00:00,26875.47,50.68813895606809
2025-10-02 03:00:00,26892.204999999998,59.467614725708984
2025-10-02 05:00:00,26919.95,69.22955357205035
2025-10-02 07:00:00,26947.225,57.29897715105645
2025-10-02 09:00:00,26975.870000000003,42.82378610761097
2025-10-02 11:00:00,27000.875,15.77691095949956
2025-10-02 13:00:00,27021.675,-15.008604107123688
2025-10-02 15:00:00,27043.045000000002,-25.940207685276704
2025-10-02 17:00:00,27062.795000000002,-34.04475810137359
2025-10-02 19:00:00,27083.23,-36.47819170590171
2025-10-02 21:00:00,27106.670000000002,-34.02222214856312
2025-10-02 23:00:00,27129.405,-26.429824459230275
2025-10-03 01:00:00,27141.840000000004,-54.51343006838957
2025-10-03 03:00:00,27151.555,-64.90911630065735
2025-10-03 05:00:00,27160.645,-61.726546871893916
2025-10-03 07:00:00,27170.379999999997,-40.22449762850232
2025-10-03 09:00:00,27179.945,-18.893177516791454
2025-10-03 11:00:00,27189.25,-14.655312641856234
2025-10-03 13:00:00,27196.585,-14.758253250657646
2025-10-03 15:00:00,27209.8,-0.9966675314238813
2025-10-03 17:00:00,27202.109999999997,-8.78596237586035
2025-10-03 19:00:00,27193.685000000005,-16.466182795722432
2025-10-05 22:00:00,27182.695,-8.776612597526121
2025-10-06 00:00:00,27168.95,-16.55880420364295
2025-10-06 02:00:00,27149.504999999997,-34.373376195226555
2025-10-06 04:00:00,27134.704999999998,-31.31900082313851
2025-10-06 06:00:00,27121.085,-34.10134260529043
2025-10-06 08:00:00,27107.204999999998,-26.719250801983392
2025-10-06 10:00:00,27094.135,-19.481462398274715
2025-10-06 12:00:00,27085.089999999997,0.8461764016319862
2025-10-06 14:00:00,27080.195,25.907975740146277
2025-10-06 16:00:00,27073.2,30.878160902239177
2025-10-06 18:00:00,27073.565000000002,22.05545043077427
2025-10-06 20:00:00,27075.484999999997,16.59916420865526
2025-10-06 21:00:00,27076.204999999998,8.012502478294765
2025-10-06 23:00:00,27073.98,6.038684530346844
2025-10-07 01:00:00,27070.739999999998,8.70531719898488
2025-10-07 03:00:00,27069.99,10.71129650891227
2025-10-07 05:00:00,27069.76,8.490572348786078
2025-10-07 07:00:00,27066.214999999997,7.179078716956717
2025-10-07 09:00:00,27066.7,6.233049857624863
2025-10-07 11:00:00,27069.454999999998,7.247634244715346
2025-10-07 13:00:00,27064.47,-11.296637205778069
2025-10-07 15:00:00,27057.364999999998,-36.5954029155861
2025-10-07 17:00:00,27056.3,-37.73640199688977
2025-10-07 19:00:00,27051.96,-38.221792663254604
2025-10-07 21:00:00,27051.905,-26.41707531331234
2025-10-07 23:00:00,27052.325,-12.222083902280687
2025-10-08 01:00:00,27039.545000000002,-49.226747321619456
2025-10-08 03:00:00,27019.775,-66.17395267606216
2025-10-08 05:00:00,26996.05,-59.16359879275666
2025-10-08 07:00:00,26980.445,-19.726318189890094
2025-10-08 09:00:00,26968.689999999995,8.29032164784843
2025-10-08 11:00:00,26955.98,18.984192634169005
2025-10-08 13:00:00,26941.620000000003,13.316756746392343
2025-10-08 15:00:00,26928.845,19.424422767924554
2025-10-08 17:00:00,26914.76,21.10431226392511
2025-10-08 19:00:00,26902.340000000004,28.611588880255596
2025-10-08 21:00:00,26890.689999999995,30.541765414687404
2025-10-08 23:00:00,26877.359999999997,23.65950117620359
2025-10-09 01:00:00,26859.395,3.720329534116786
2025-10-09 03:00:00,26844.189999999995,8.29837184936082
2025-10-09 05:00:00,26829.579999999998,-5.356909093991959
2025-10-09 07:00:00,26819.55,-12.360077484202307
2025-10-09 09:00:00,26810.145,-6.092174569552753
2025-10-09 11:00:00,26803.7,3.0009355900034933
2025-10-09 13:00:00,26782.225,-37.97410690468939
2025-10-09 15:00:00,26752.575,-70.93822203262417
2025-10-09 17:00:00,26733.170000000002,-82.4676987604555
2025-10-09 19:00:00,26718.739999999998,-65.57553919480006
2025-10-09 21:00:00,26703.145,-47.20776109353238
2025-10-09 23:00:00,26681.095,-25.474297324907496
2025-10-10 01:00:00,26661.914999999997,7.417784608605359
2025-10-10 03:00:00,26641.329999999998,16.934058802257795
2025-10-10 05:00:00,26618.364999999998,4.46102110182801
2025-10-10 07:00:00,26589.245000000003,-10.387284556814848
2025-10-10 09:00:00,26560.439999999995,-10.049302875626978
2025-10-10 11:00:00,26530.73,0.45316946031948646
2025-10-10 13:00:00,26494.684999999998,-11.600765449401024
2025-10-10 15:00:00,26412.239999999998,-174.0152976999516
2025-10-10 17:00:00,26320.43,-256.65415752657464
2025-10-10 19:00:00,26219.034999999996,-266.1071451230466
2025-10-12 22:00:00,26155.52,-107.16927971686846
2025-10-13 00:00:00,26107.795,35.25564989391842
2025-10-13 02:00:00,26038.025,29.978866928157004
2025-10-13 04:00:00,25982.059999999998,85.42041079842727
2025-10-13 06:00:00,25947.915,134.50770707499117
2025-10-13 08:00:00,25918.21,135.5608526825411
2025-10-13 10:00:00,25887.614999999998,110.12593367364957
2025-10-13 12:00:00,25860.879999999997,110.06572054415199
2025-10-13 14:00:00,25836.510000000002,106.08195002035728
2025-10-13 16:00:00,25809.519999999997,88.1435760261225
2025-10-13 18:00:00,25774.454999999998,60.40167908568617
2025-10-13 20:00:00,25741.41,43.55415366220791
2025-10-13 21:00:00,25714.905,37.832983891302774
2025-10-13 23:00:00,25691.04,28.722856629264868
2025-10-14 01:00:00,25667.905,26.68520242065503
2025-10-14 03:00:00,25638.620000000003,7.993134756404274
2025-10-14 05:00:00,25601.93,-44.37106820985173
2025-10-14 07:00:00,25616.285,-45.68997182448339
2025-10-14 09:00:00,25638.1,-58.11754465150037
2025-10-14 11:00:00,25665.495,-52.971013542477834
2025-10-14 13:00:00,25671.665,2.1672865718317667
2025-10-14 15:00:00,25671.2,56.246497145448814
2025-10-14 17:00:00,25690.31,71.22802075453279
2025-10-14 19:00:00,25688.055,48.221485419974414
2025-10-14 21:00:00,25679.4,41.244546546717615
2025-10-14 23:00:00,25675.49,42.4623430960349
2025-10-15 01:00:00,25673.894999999997,32.724433797911445
2025-10-15 03:00:00,25670.75,39.900594103141316
2025-10-15 05:00:00,25673.855,65.89709647392397
2025-10-15 07:00:00,25676.010000000002,58.641793565807816
2025-10-15 09:00:00,25683.57,54.09257358491445
2025-10-15 11:00:00,25688.665,35.347936053570166
2025-10-15 13:00:00,25694.745000000003,29.57706655263057
2025-10-15 15:00:00,25699.605,13.71447551684463
2025-10-15 17:00:00,25701.745000000003,-1.8442955324547938
2025-10-15 19:00:00,25707.719999999998,-12.215658353365981
2025-10-15 21:00:00,25729.685,-6.779120137765204
2025-10-15 23:00:00,25745.545,-14.25593901425799
2025-10-16 01:00:00,25772.405,0.023829455352711193
2025-10-16 03:00:00,25793.195,-17.375579005170422
2025-10-16 05:00:00,25804.010000000002,-15.368448746141702
2025-10-16 07:00:00,25809.81,-2.141138206077386
2025-10-16 09:00:00,25817.954999999998,8.623313466592947
2025-10-16 11:00:00,25832.04,9.867797468003303
2025-10-16 13:00:00,25847.18,18.92439707871393
2025-10-16 15:00:00,25856.69,7.810868132034933
2025-10-16 17:00:00,25864.355000000003,-10.867165488095509
2025-10-16 19:00:00,25866.93,-20.662314384248667
2025-10-16 21:00:00,25857.989999999998,-33.91422984134546
2025-10-16 23:00:00,25852.6,-31.497153865223876
2025-10-17 01:00:00,25835.44,-59.31496292272607
2025-10-17 03:00:00,25813.14,-87.82556484103141
2025-10-17 05:00:00,25782.54,-106.15452795477485
2025-10-17 07:00:00,25750.25,-110.1376315513622
2025-10-17 09:00:00,25721.485,-86.62969540848741
2025-10-17 11:00:00,25704.215,-24.484454235923636
2025-10-17 13:00:00,25695.265,45.905282626620135
2025-10-17 15:00:00,25691.185,78.59591678684743
2025-10-17 17:00:00,25688.18,103.27036609902625
2025-10-17 19:00:00,25691.915,101.02590193160954
2025-10-19 22:00:00,25691.91,81.09786632738697
2025-10-20 00:00:00,25686.345,53.313995765712335
2025-10-20 02:00:00,25684.230000000003,51.52954166407844
2025-10-20 04:00:00,25680.22,35.085071905573145
2025-10-20 06:00:00,25675.775,31.690090715091316
2025-10-20 08:00:00,25672.35,16.94810132621882
2025-10-20 10:00:00,25671.655,4.556618986597599
2025-10-20 12:00:00,25673.829999999998,4.549093220909796
2025-10-20 14:00:00,25691.765,44.951898740223314
2025-10-20 16:00:00,25712.760000000002,67.13159579040371
2025-10-20 18:00:00,25742.635000000002,61.354919745183736
2025-10-20 20:00:00,25782.120000000003,54.082027156750456
2025-10-20 21:00:00,25826.3,35.55903843816759
2025-10-20 23:00:00,25875.120000000003,21.2183331001888
2025-10-21 01:00:00,25927.78,27.846202633274487
2025-10-21 03:00:00,25968.47,17.858444893841778
2025-10-21 05:00:00,25994.18,-6.724327139648608
2025-10-21 07:00:00,26007.35,-55.785126817631806
2025-10-21 09:00:00,26016.635,-64.82136756905004
2025-10-21 11:00:00,26024.27,-67.09165713399165
2025-10-21 13:00:00,26029.715,-73.63158570158973
2025-10-21 15:00:00,26035.489999999998,-74.53161940403211
2025-10-21 17:00:00,26037.295,-61.40988262892441
2025-10-21 19:00:00,26039.18,-55.21647627797076
2025-10-21 21:00:00,26039.22,-41.900260457334014
2025-10-21 23:00:00,26040.079999999998,-35.05054509780268
2025-10-22 01:00:00,26044.739999999998,-16.35285228653879
2025-10-22 03:00:00,26037.28,-40.14067236264039
2025-10-22 05:00:00,26021.760000000002,-28.31115060059396
2025-10-22 07:00:00,25999.57,-27.14110158319002
2025-10-22 09:00:00,25977.775,-22.812116014127866
2025-10-22 11:00:00,25953.435,-18.014341420962523
2025-10-22 13:00:00,25933.260000000002,-1.8579852338341425
2025-10-22 15:00:00,25907.925,-8.843408135908703
2025-10-22 17:00:00,25874.385000000002,-17.29216265174938
2025-10-22 19:00:00,25843.145,-13.068429373061804
2025-10-22 21:00:00,25816.175,-6.489615942462393
2025-10-22 23:00:00,25799.625,-0.9390620425194811
2025-10-23 01:00:00,25784.21,14.109125945224008
2025-10-23 03:00:00,25771.025,22.96892174901214
2025-10-23 05:00:00,25776.42,75.7549716105495
2025-10-23 07:00:00,25779.329999999998,72.0396742542701
2025-10-23 09:00:00,25780.43,58.316306080444406
2025-10-23 11:00:00,25785.405,50.11937853595789
2025-10-23 13:00:00,25794.594999999998,56.507900050683986
2025-10-23 15:00:00,25805.730000000003,51.89632574525547
2025-10-23 17:00:00,25816.730000000003,51.083861166998986
2025-10-23 19:00:00,25837.465000000004,40.485800892741736
2025-10-23 21:00:00,25854.730000000003,31.169557972001996
2025-10-23 23:00:00,25875.55,23.688646714932048
2025-10-24 01:00:00,25894.34,6.2212633596727756
2025-10-24 03:00:00,25913.945,-3.524978175365817
2025-10-24 05:00:00,25932.495,-3.34108388440373
2025-10-24 07:00:00,25956.225,-3.2352972807402125
2025-10-24 09:00:00,25981.65,-8.123632420425537
2025-10-24 11:00:00,26010.805,4.573566509240976
2025-10-24 13:00:00,26039.03,4.327856780918296
2025-10-24 15:00:00,26068.435,4.890605112572217
2025-10-24 17:00:00,26094.035,-0.6633246743356267
2025-10-24 19:00:00,26118.0,-8.272984535085783
2025-10-26 22:00:00,26139.33,28.9802800368453
2025-10-27 00:00:00,26163.955,33.04666080543399
2025-10-27 02:00:00,26189.855,28.966498356656928
2025-10-27 04:00:00,26212.38,14.128747778298731
2025-10-27 06:00:00,26230.305,4.28030302758134
2025-10-27 08:00:00,26250.835,6.93296885345535
2025-10-27 10:00:00,26268.78,4.611489549268896
2025-10-27 12:00:00,26288.425,4.171161462000242
2025-10-27 14:00:00,26309.275,6.941172472453729
2025-10-27 16:00:00,26328.090000000004,-0.2882616705940677
2025-10-27 18:00:00,26349.73,-5.575684918476526
2025-10-27 20:00:00,26372.195,-6.754745746698518
2025-10-27 21:00:00,26393.035000000003,-9.079104216200335
2025-10-27 23:00:00,26413.03,-12.945181391542917
2025-10-28 01:00:00,26425.295000000002,-45.28419877635736
2025-10-28 03:00:00,26434.525,-49.312563475158726
2025-10-28 05:00:00,26439.375,-63.591303453588566
2025-10-28 07:00:00,26444.27,-58.209258221211556
2025-10-28 09:00:00,26452.65,-39.609843934217885
2025-10-28 11:00:00,26462.25,-26.05441669272431
2025-10-28 13:00:00,26461.3,-12.024623849491945
2025-10-28 15:00:00,26464.74,5.409337321931162
2025-10-28 17:00:00,26471.625,24.771618172981107
2025-10-28 19:00:00,26479.215000000004,24.771753314472633
2025-10-28 21:00:00,26486.135,19.283366705718635
2025-10-28 23:00:00,26490.915,16.210109683557803
2025-10-29 01:00:00,26492.96,2.7433610361817244
2025-10-29 03:00:00,26494.98,-0.1652357482978175
2025-10-29 05:00:00,26496.329999999998,1.8868740527191363
2025-10-29 07:00:00,26496.889999999996,-5.60510866392147
2025-10-29 09:00:00,26498.064999999995,-6.081259124159061
2025-10-29 11:00:00,26499.1,-3.643428684779664
2025-10-29 13:00:00,26499.625,-4.657979489864289
2025-10-29 15:00:00,26501.340000000004,-2.576880351002373
2025-10-29 17:00:00,26508.855,-12.258265038638527
2025-10-29 19:00:00,26514.98,-14.92902937536266
2025-10-29 21:00:00,26529.329999999998,-4.2079834561619975
2025-10-29 23:00:00,26540.145,-8.471919630001238
2025-10-30 01:00:00,26545.370000000003,-19.781328503679177
2025-10-30 03:00:00,26544.579999999998,-41.72442464432976
2025-10-30 05:00:00,26531.6,-81.3056398429205
2025-10-30 07:00:00,26520.49,-68.46329449931044
2025-10-30 09:00:00,26503.140000000003,-60.010057449001565
2025-10-30 11:00:00,26479.370000000003,-71.81641159941681
2025-10-30 13:00:00,26461.110000000004,-46.15213280520277
2025-10-30 15:00:00,26444.825,-16.501103800337432
2025-10-30 17:00:00,26429.445,-4.732146412321981
2025-10-30 19:00:00,26413.415,5.603652285155789
2025-10-30 21:00:00,26395.21,8.793264253680036
2025-10-30 23:00:00,26380.934999999998,18.11934091699868
2025-10-31 01:00:00,26359.175,-0.7777648029553461
2025-10-31 03:00:00,26331.484999999997,-23.27046191055723
2025-10-31 05:00:00,26302.954999999998,-30.69428785463495
2025-10-31 07:00:00,26268.014999999996,-45.31294162133344
2025-10-31 09:00:00,26234.989999999998,-44.6625499164991
2025-10-31 11:00:00,26201.7,-34.588909719629726
2025-10-31 13:00:00,26165.75,-20.005415215154045
2025-10-31 15:00:00,26133.395,-3.0923564764505613
2025-10-31 17:00:00,26105.249999999996,12.858218853375377
2025-10-31 19:00:00,26082.86,21.71292065254653
2025-11-02 23:00:00,26071.859999999997,28.628778172147918
2025-11-03 01:00:00,26060.59,46.850081149658706
2025-11-03 03:00:00,26050.704999999998,47.70428284692932
2025-11-03 05:00:00,26054.41,64.88458220956937
2025-11-03 07:00:00,26051.91,61.48969367958327
2025-11-03 09:00:00,26047.76,57.14279141014791
2025-11-03 11:00:00,26044.64,46.36048647128589
2025-11-03 13:00:00,26035.510000000002,17.612706056838928
2025-11-03 15:00:00,26029.71,12.444043062568618
2025-11-03 17:00:00,26021.765000000003,8.48239599999425
2025-11-03 19:00:00,26020.019999999997,4.818205080886589
2025-11-03 21:00:00,26023.29,2.94675719964059
2025-11-03 22:00:00,26026.64,-1.7373443346068758
2025-11-04 00:00:00,26042.21,19.90641477279677
2025-11-04 02:00:00,26058.05,23.891088334905355
2025-11-04 04:00:00,26065.895,-5.5367735308900645
2025-11-04 06:00:00,26069.315,-30.332082194038477
2025-11-04 08:00:00,26061.309999999998,-70.86914399227601
2025-11-04 10:00:00,26056.405000000002,-61.19770114026997
2025-11-04 12:00:00,26051.555,-46.493853195380865
2025-11-04 14:00:00,26051.635000000002,-12.353390869371395
2025-11-04 16:00:00,26044.989999999998,-1.589654854292462
2025-11-04 18:00:00,26036.55,-4.069309611240357
2025-11-04 20:00:00,26022.705,0.05394745593403627
2025-11-04 22:00:00,26007.579999999998,-3.833133511424478
2025-11-05 00:00:00,25981.66,-35.41750264716457
2025-11-05 02:00:00,25967.019999999997,-4.190914980580089
2025-11-05 04:00:00,25956.765,8.23451756771803
2025-11-05 06:00:00,25944.920000000002,17.566596982968946
2025-11-05 08:00:00,25935.575,28.995318300540134
2025-11-05 10:00:00,25924.364999999998,23.751862101973614
2025-11-05 12:00:00,25916.3,30.535092847846258
2025-11-05 14:00:00,25914.859999999997,49.10833178008927
2025-11-05 16:00:00,25909.065000000002,58.64795532188257
2025-11-05 18:00:00,25904.985,58.200954126294306
2025-11-05 20:00:00,25906.35,40.59190232219538
2025-11-05 22:00:00,25912.93,31.384419314156688
2025-11-06 00:00:00,25931.56,28.556578135462857
2025-11-06 02:00:00,25957.82,63.572664561132896
2025-11-06 04:00:00,25983.120000000003,64.43201928776207
2025-11-06 06:00:00,26007.975,71.47458622640619
2025-11-06 08:00:00,26037.230000000003,69.48805882311228
2025-11-06 10:00:00,26069.705,57.35526115161011
2025-11-06 12:00:00,26101.114999999998,39.324013278312975
2025-11-06 14:00:00,26124.9,-11.390297920780881
2025-11-06 16:00:00,26158.965,-31.841818105627937
2025-11-06 18:00:00,26186.09,-26.223837179943274
2025-11-06 20:00:00,26212.83,-28.16094843589491
2025-11-06 22:00:00,26239.445,-25.290816828011174
2025-11-07 00:00:00,26259.734999999997,-36.97413618629753
2025-11-07 02:00:00,26275.3,-62.768353673636454
2025-11-07 04:00:00,26288.27,-64.47755457325044
2025-11-07 06:00:00,26296.945,-53.21568909613323
2025-11-07 08:00:00,26298.6,-57.88224103723708
2025-11-07 10:00:00,26297.21,-58.71418111542355
2025-11-07 12:00:00,26295.625,-60.239125194766665
2025-11-07 14:00:00,26290.3,-60.20083010754519
2025-11-07 16:00:00,26286.170000000002,-40.27719063040752
2025-11-07 18:00:00,26274.595,-9.224731920492928
2025-11-07 20:00:00,26263.77,5.926156336648759
2025-11-09 23:00:00,26249.76,19.720064778048098
2025-11-10 01:00:00,26241.984999999997,53.057977155884046
2025-11-10 03:00:00,26234.405,62.330160485597474
2025-11-10 05:00:00,26239.15,98.31078594008832
2025-11-10 07:00:00,26256.8,108.61640116657291
2025-11-10 09:00:00,26271.015000000003,86.30481681219533
2025-11-10 11:00:00,26282.310000000005,65.28696354611407
2025-11-10 13:00:00,26290.789999999997,29.996594333155514
2025-11-10 15:00:00,26298.605,8.457156033332865
2025-11-10 17:00:00,26312.855,3.5652218266267823
2025-11-10 19:00:00,26336.610000000004,6.525235108439972
2025-11-10 21:00:00,26359.575,2.613863933410613
2025-11-10 22:00:00,26382.335,0.7200396995281153
2025-11-11 00:00:00,26411.434999999998,2.230636195997249
2025-11-11 02:00:00,26436.890000000003,-20.04080646632974
2025-11-11 04:00:00,26462.395,-38.91808287136155
2025-11-11 06:00:00,26496.96,-21.412865583166422
2025-11-11 08:00:00,26530.295000000002,-7.786418645751837
2025-11-11 10:00:00,26560.32,0.7456337948436271
2025-11-11 12:00:00,26592.105,7.240750670203425
2025-11-11 14:00:00,26620.340000000004,1.1595372491328817
2025-11-11 16:00:00,26642.105,3.0830865347312795
2025-11-11 18:00:00,26663.27,1.2668510812707154
2025-11-11 20:00:00,26671.77,-4.616910148660736
2025-11-11 22:00:00,26677.635000000002,-7.548537927421137
2025-11-12 00:00:00,26692.265000000003,10.537685711104302
2025-11-12 02:00:00,26703.74,5.94744251598371
2025-11-12 04:00:00,26718.879999999997,-1.3127469715610118
2025-11-12 06:00:00,26734.855,-3.5423505939489246
2025-11-12 08:00:00,26749.02,-4.447905210335534
2025-11-12 10:00:00,26761.760000000002,-2.9825479807631723
2025-11-12 12:00:00,26774.7,-4.783214309449818
2025-11-12 14:00:00,26781.99,-23.33067199624969
2025-11-12 16:00:00,26789.4,-23.820082952428777
2025-11-12 18:00:00,26801.420000000002,-26.21610662418749
2025-11-12 20:00:00,26816.675,-23.779385862644986
2025-11-12 22:00:00,26823.914999999997,-26.057820094995748
2025-11-13 00:00:00,26832.72,-13.409213623596429
2025-11-13 02:00:00,26834.164999999997,-28.46248016596209
2025-11-13 04:00:00,26838.089999999997,-17.50995092435133
2025-11-13 06:00:00,26853.560000000005,22.92629756040489
2025-11-13 08:00:00,26868.22,39.43840930900582
2025-11-13 10:00:00,26881.425,34.476137533066705
2025-11-13 12:00:00,26894.784999999996,23.848156983456903
2025-11-13 14:00:00,26898.27,-18.32791338475468
2025-11-13 16:00:00,26889.064999999995,-57.46968633116023
2025-11-13 18:00:00,26880.514999999996,-72.14542421203691
2025-11-13 20:00:00,26873.15,-66.20575481656778
2025-11-13 22:00:00,26863.614999999998,-58.515906580432286
2025-11-14 00:00:00,26857.609999999997,-32.33206628516652
2025-11-14 02:00:00,26847.609999999997,-26.157470433456773
2025-11-14 04:00:00,26836.275,-23.822655712829544
2025-11-14 06:00:00,26824.079999999998,-37.28424004202705
2025-11-14 08:00:00,26808.71,-40.83211480501163
2025-11-14 10:00:00,26788.254999999997,-55.567989183775865
2025-11-14 12:00:00,26767.339999999997,-51.42306123719544
2025-11-14 14:00:00,26757.659999999996,-6.259006814015976
2025-11-14 16:00:00,26746.625,22.48956173306715
2025-11-14 18:00:00,26732.170000000002,0.9718178947960041
2025-11-14 20:00:00,26713.46,-5.964329081431657
2025-11-16 23:00:00,26685.395,-3.038976253769846
2025-11-17 01:00:00,26652.345,-11.47550403490402
2025-11-17 03:00:00,26617.425,-21.522918934916476
2025-11-17 05:00:00,26580.055,-29.852330497068806
2025-11-17 07:00:00,26555.075,-15.840575501356227
2025-11-17 09:00:00,26530.96,-24.273121912888996
2025-11-17 11:00:00,26508.195,-21.780027782875464
2025-11-17 13:00:00,26487.685000000005,-4.0576330240849074
2025-11-17 15:00:00,26468.565000000002,8.004790386894939
2025-11-17 17:00:00,26437.57,-11.033167510404638
2025-11-17 19:00:00,26407.409999999996,-20.58514122849391
2025-11-17 21:00:00,26379.284999999996,-15.536294988999316
2025-11-17 22:00:00,26357.954999999998,-2.9101387761515696
2025-11-18 00:00:00,26330.420000000002,-19.309825624174607
2025-11-18 02:00:00,26307.965000000004,-22.60811046263487
2025-11-18 04:00:00,26282.605,-26.303435906432696
2025-11-18 06:00:00,26245.475,-26.271701355401376
2025-11-18 08:00:00,26211.205,-1.2089318151424777
2025-11-18 10:00:00,26183.385,3.602825153438687
2025-11-18 12:00:00,26154.204999999998,4.761152232619793
2025-11-18 14:00:00,26124.260000000002,9.066339591545443
2025-11-18 16:00:00,26104.54,36.52361899093265
2025-11-18 18:00:00,26088.685,49.16041163102079
2025-11-18 20:00:00,26072.3,39.17011665607538
2025-11-18 22:00:00,26054.685,38.791485718706866
2025-11-19 00:00:00,26039.125,23.60093267894314
2025-11-19 02:00:00,26017.535,-4.601020291738337
2025-11-19 04:00:00,25993.94,-9.320178184563474
2025-11-19 06:00:00,25970.21,-6.614378589360513
2025-11-19 08:00:00,25954.53,-0.17341878136508626
2025-11-19 10:00:00,25942.85,12.403992242523202
2025-11-19 12:00:00,25928.965000000004,13.497041546020284
2025-11-19 14:00:00,25909.57,0.49326826588918493
2025-11-19 16:00:00,25896.355,-6.767570027214447
2025-11-19 18:00:00,25883.614999999998,-7.602231393931163
2025-11-19 20:00:00,25879.355000000003,15.3088163598228
2025-11-19 22:00:00,25886.385000000002,57.236935990574324
2025-11-20 00:00:00,25883.5,51.17193152202958
2025-11-20 02:00:00,25879.865,30.305757717392396
2025-11-20 04:00:00,25874.1,6.80678962924091
2025-11-20 06:00:00,25870.579999999998,5.395868910840051
2025-11-20 08:00:00,25860.269999999997,4.880811927907814
2025-11-20 10:00:00,25848.69,3.6211106380108475
2025-11-20 12:00:00,25845.965,22.53278442977917
2025-11-20 14:00:00,25836.54,11.377746811556307
2025-11-20 16:00:00,25814.05,-50.82809640480174
2025-11-20 18:00:00,25797.645,-67.9750613102824
2025-11-20 20:00:00,25776.275,-76.65792686853939
2025-11-20 22:00:00,25759.175,-51.353241913753834
2025-11-21 00:00:00,25738.010000000002,-42.81286446060534
2025-11-21 02:00:00,25708.519999999997,-51.05078027516322
2025-11-21 04:00:00,25686.1,-23.974702309610677
2025-11-21 06:00:00,25656.71,-43.2511621360203
2025-11-21 08:00:00,25627.445,-44.47609063618643
2025-11-21 10:00:00,25598.614999999998,-33.72005008678525
2025-11-21 12:00:00,25570.129999999997,1.2920064893299923
2025-11-21 14:00:00,25529.135,9.943309227831946
2025-11-21 16:00:00,25506.644999999997,63.258444103190186
2025-11-21 18:00:00,25488.175,81.53296535106577
2025-11-21 20:00:00,25473.485,81.92586881531955
2025-11-23 23:00:00,25457.985,78.34507243921874
2025-11-24 01:00:00,25444.980000000003,75.95906985472178
2025-11-24 03:00:00,25431.68,63.07693971534175
2025-11-24 05:00:00,25418.885000000002,70.28117837954538
2025-11-24 07:00:00,25412.805,69.90757488051008
2025-11-24 09:00:00,25421.629999999997,53.642580447865384
2025-11-24 11:00:00,25434.579999999998,52.43806088781851
2025-11-24 13:00:00,25454.359999999997,53.29287094758081
2025-11-24 15:00:00,25467.704999999998,37.660699638001375
2025-11-24 17:00:00,25489.55,40.803836934378765
2025-11-24 19:00:00,25517.825,34.741654932577305
2025-11-24 21:00:00,25541.219999999998,27.384260219540124
2025-11-24 22:00:00,25575.915,18.535594051480757
2025-11-25 00:00:00,25614.475,18.68103643867576
2025-11-25 02:00:00,25650.445,4.284287831265317
2025-11-25 04:00:00,25680.739999999998,-3.9548943594470245
2025-11-25 06:00:00,25716.235,-2.471134844149816
2025-11-25 08:00:00,25736.56,-10.013457166696242
2025-11-25 10:00:00,25759.934999999998,-2.8636341180144598
2025-11-25 12:00:00,25790.11,21.966014743568564
2025-11-25 14:00:00,25811.525,1.1765319267655627
2025-11-25 16:00:00,25833.0,-2.1896487071666115
2025-11-25 18:00:00,25854.765000000003,-7.797425714924373
2025-11-25 20:00:00,25870.2,-13.016031706418858
2025-11-25 22:00:00,25884.61,-13.239658703533166
2025-11-26 00:00:00,25908.535,12.526460533413257
2025-11-26 02:00:00,25923.15,0.42042021200967383
2025-11-26 04:00:00,25932.98,-13.843580738015191
2025-11-26 06:00:00,25941.6,-31.33194504945979
2025-11-26 08:00:00,25943.9,-41.214628189991174
2025-11-26 10:00:00,25947.335,-36.80420929819462
2025-11-26 12:00:00,25952.305,-23.59126061418317
2025-11-26 14:00:00,25957.26,-15.579230195015882
2025-11-26 16:00:00,25961.215,-5.620784080499362
2025-11-26 18:00:00,25963.085,-18.0234050299934
2025-11-26 20:00:00,25965.31,-19.233404252148347
2025-11-26 22:00:00,25965.079999999998,-19.152384380791453
2025-11-27 00:00:00,25972.06,1.8324300466024965
2025-11-27 02:00:00,25975.885000000002,10.106200571240791
2025-11-27 04:00:00,25975.34,20.38945479825373
2025-11-27 06:00:00,25976.44,1.315875188145057
2025-11-27 08:00:00,25972.469999999998,-16.870465498873926
2025-11-27 10:00:00,25970.140000000003,-18.86342391677907
2025-11-27 12:00:00,25970.504999999997,-9.727954420674898
2025-11-27 14:00:00,25970.114999999998,-5.100266865946345
2025-11-27 16:00:00,25961.135000000002,-5.942185762079234
2025-11-27 18:00:00,25956.245000000003,-10.188261091070743
2025-11-27 20:00:00,25953.775,-9.212353232827251
2025-11-27 22:00:00,25955.04,-6.191341847829722
2025-11-28 00:00:00,25952.415,-22.666064500552196
2025-11-28 02:00:00,25952.36,-13.081461377324226
2025-11-28 04:00:00,25949.08,-10.633688634197602
2025-11-28 06:00:00,25946.495000000003,-5.07092705554639
2025-11-28 08:00:00,25943.030000000002,0.7313511412544855
2025-11-28 10:00:00,25944.605,4.261208117408724
2025-11-28 12:00:00,25947.69,12.651364279006504
2025-11-28 14:00:00,25955.475000000002,28.973232764322397
2025-11-28 16:00:00,25957.995,32.083795219929655
2025-11-28 18:00:00,25958.260000000002,21.116528219201854
2025-11-28 20:00:00,25955.635000000002,12.128673157691367
2025-11-30 23:00:00,25956.45,-1.7166465536403166
2025-12-01 01:00:00,25964.375,7.18956175601177
2025-12-01 03:00:00,25971.985,11.732336236489317
2025-12-01 05:00:00,25976.095,6.869945535728348
2025-12-01 07:00:00,25979.56,0.7284331911900352
2025-12-01 09:00:00,25983.545,-4.0602634459577445
2025-12-01 11:00:00,25988.769999999997,-6.435257004198256
2025-12-01 13:00:00,25997.309999999998,5.5886203374060415
2025-12-01 15:00:00,26007.115,14.682166636680975
2025-12-01 17:00:00,26025.885000000002,27.502821108983312
2025-12-01 19:00:00,26037.25,15.258922121173697
2025-12-01 21:00:00,26049.245000000003,5.303816249489131
2025-12-01 22:00:00,26060.315,-1.3197079714030053
2025-12-02 00:00:00,26075.625,11.781857884327536
2025-12-02 02:00:00,26082.305,-14.549945095445793
2025-12-02 04:00:00,26085.035,-30.767313103871274
2025-12-02 06:00:00,26085.87,-25.925232839891493
2025-12-02 08:00:00,26084.91,-26.429619367125824
2025-12-02 10:00:00,26086.02,-23.546195771695913
2025-12-02 12:00:00,26086.84,-21.217106530650046
2025-12-02 14:00:00,26086.0,-30.828063952658844
2025-12-02 16:00:00,26078.285,-38.78866154304376
2025-12-02 18:00:00,26073.315,-24.036984838572227
2025-12-02 20:00:00,26068.684999999998,-16.982336792091743
2025-12-02 22:00:00,26065.379999999997,-8.666184947162066
2025-12-03 00:00:00,26057.140000000003,-21.377009291042988
2025-12-03 02:00:00,26047.54,-27.334276659934005
2025-12-03 04:00:00,26029.61,-40.24215465506106
2025-12-03 06:00:00,26009.870000000003,-38.5342482868265
2025-12-03 08:00:00,25984.425,-37.68909841886557
2025-12-03 10:00:00,25962.71,-29.23788668209741
2025-12-03 12:00:00,25943.28,-12.661390698664718
2025-12-03 14:00:00,25925.675,4.3670249669905274
2025-12-03 16:00:00,25901.96,9.32571459387583
2025-12-03 18:00:00,25888.114999999998,17.643632527495868
2025-12-03 20:00:00,25876.715,22.937573720296356
2025-12-03 22:00:00,25863.07,24.282066557907484
2025-12-04 00:00:00,25844.59,1.244405841276631
2025-12-04 02:00:00,25833.195,17.574714831809032
2025-12-04 04:00:00,25819.975,15.34496038877441
2025-12-04 06:00:00,25817.535,37.23211039301508
2025-12-04 08:00:00,25816.989999999998,40.02778820071625
2025-12-04 10:00:00,25813.67,38.82393629588629
2025-12-04 12:00:00,25809.905,28.711230714859795
2025-12-04 14:00:00,25806.565000000002,24.441087421910066
2025-12-04 16:00:00,25806.25,11.4580752262772
2025-12-04 18:00:00,25807.305,4.381348712444927
2025-12-04 20:00:00,25812.56,-0.42679049584051576
2025-12-04 22:00:00,25817.68,-3.1746104929849217
2025-12-05 00:00:00,25823.480000000003,-8.80462816039691
2025-12-05 02:00:00,25831.825,-0.587043773676617
2025-12-05 04:00:00,25845.61,28.002959483109745
2025-12-05 06:00:00,25860.3,44.47196351694788
2025-12-05 08:00:00,25876.875,46.80205306537042
2025-12-05 10:00:00,25891.37,38.148540300212915
2025-12-05 12:00:00,25905.04,27.168089634676676
2025-12-05 14:00:00,25920.51,23.82701121240075
2025-12-05 16:00:00,25940.635000000002,11.303549795619944
2025-12-05 18:00:00,25953.55,2.2060790673283606
2025-12-05 20:00:00,25967.510000000002,-8.1486696407854
2025-12-07 23:00:00,25976.68,-5.855298223704466
2025-12-08 01:00:00,25976.23,-40.65613407036486
2025-12-08 03:00:00,25971.565000000002,-62.21125714091987
2025-12-08 05:00:00,25968.379999999997,-62.30960617221967
2025-12-08 07:00:00,25959.525,-69.22926551472406
2025-12-08 09:00:00,25955.184999999998,-54.05114212732052
2025-12-08 11:00:00,25951.415,-37.34552629908655
2025-12-08 13:00:00,25946.975,-27.505981459066533
2025-12-08 15:00:00,25939.14,-30.566758740889
2025-12-08 17:00:00,25932.8,-25.649890632254113
2025-12-08 19:00:00,25925.769999999997,-11.288662596034612
2025-12-08 21:00:00,25912.34,1.3159591368020926
2025-12-08 22:00:00,25896.620000000003,9.323045560600193
2025-12-09 00:00:00,25875.61,-2.448715960889885
2025-12-09 02:00:00,25848.97,-26.21035816227419
2025-12-09 04:00:00,25816.485,-50.70153879997696
2025-12-09 06:00:00,25780.230000000003,-57.175336833428844
2025-12-09 08:00:00,25745.68,-48.708414624088874
2025-12-09 10:00:00,25710.13,-38.703669263302345
2025-12-09 12:00:00,25674.760000000002,-29.122526386283113
2025-12-09 14:00:00,25637.55,-16.174629848952236
2025-12-09 16:00:00,25610.170000000002,-5.691138744024244
2025-12-09 18:00:00,25586.795000000002,5.452013294279766
2025-12-09 20:00:00,25562.95,12.259935647599661
2025-12-09 22:00:00,25543.635,17.118408081828306
2025-12-10 00:00:00,25521.585,18.7864015794772
2025-12-10 02:00:00,25497.81,16.40067473528603
2025-12-10 04:00:00,25476.575,21.754931696287485
2025-12-10 06:00:00,25466.015,48.24373500443275
2025-12-10 08:00:00,25454.725,52.71463090591584
2025-12-10 10:00:00,25443.370000000003,55.9925403394364
2025-12-10 12:00:00,25432.035,54.475745916792874
2025-12-10 14:00:00,25422.445,54.609925632375194
2025-12-10 16:00:00,25418.46,51.48218891921665
2025-12-10 18:00:00,25424.9,57.90246371567109
2025-12-10 20:00:00,25436.4,48.98305831730874
2025-12-10 22:00:00,25447.785,31.28025278308079
2025-12-11 00:00:00,25462.985,31.83440652045217
2025-12-11 02:00:00,25472.465,3.1499194456926887
2025-12-11 04:00:00,25479.96,-20.55139154493564
2025-12-11 06:00:00,25488.730000000003,-22.759829625961544
2025-12-11 08:00:00,25501.565000000002,-8.199368761135347
2025-12-11 10:00:00,25513.325,-3.2322524821208773
2025-12-11 12:00:00,25526.82,3.771707691080188
2025-12-11 14:00:00,25543.590000000004,16.749424071848402
2025-12-11 16:00:00,25563.945,29.670471182687564
2025-12-11 18:00:00,25585.755,30.813326865974098
2025-12-11 20:00:00,25607.81,31.754515352645058
2025-12-11 22:00:00,25620.72,19.02532140287363
2025-12-12 00:00:00,25637.760000000002,21.331961801767434
2025-12-12 02:00:00,25656.55,30.093091090857797
2025-12-12 04:00:00,25678.405,41.11732446306297
2025-12-12 06:00:00,25697.575,35.321897187389254
2025-12-12 08:00:00,25714.170000000002,20.0893473083093
2025-12-12 10:00:00,25727.635000000002,12.001089016174802
2025-12-12 12:00:00,25741.07,0.6856965199640399
2025-12-12 14:00:00,25744.739999999998,-46.96496491539074
2025-12-12 16:00:00,25744.05,-64.16320498119362
2025-12-12 18:00:00,25750.32,-63.49606460393343
2025-12-12 20:00:00,25759.69,-55.412745256947595
2025-12-14 23:00:00,25769.295,-38.95358909881378
2025-12-15 01:00:00,25778.469999999998,-15.954363698405476
2025-12-15 03:00:00,25785.345,-14.297951498677705
2025-12-15 05:00:00,25786.620000000003,-26.131420406035993
2025-12-15 07:00:00,25784.215,-28.804324367318635
2025-12-15 09:00:00,25780.675,-18.862264148084805
2025-12-15 11:00:00,25777.39,-9.899985799908855
2025-12-15 13:00:00,25769.415,-14.403419211817933
2025-12-15 15:00:00,25761.93,-19.123881489277395
2025-12-15 17:00:00,25748.425,-26.3831954363163
2025-12-15 19:00:00,25730.035,-28.720059362875844
2025-12-15 21:00:00,25707.95,-23.23876647663502
2025-12-15 22:00:00,25686.495,-16.15637688590948
2025-12-16 00:00:00,25654.59,-50.265368528865935
2025-12-16 02:00:00,25614.075,-80.62280523812774
2025-12-16 04:00:00,25573.39,-82.71721745070028
2025-12-16 06:00:00,25549.704999999998,-50.15395957006015
2025-12-16 08:00:00,25526.184999999998,-27.19628510759776
2025-12-16 10:00:00,25504.32,-3.8638429940807555
2025-12-16 12:00:00,25483.155,12.641258728964146
2025-12-16 14:00:00,25458.895,16.899007231805285
2025-12-16 16:00:00,25429.010000000002,11.881937902603056
2025-12-16 18:00:00,25404.285,19.738518015753442
2025-12-16 20:00:00,25384.815,27.275737387823625
2025-12-16 22:00:00,25365.260000000002,27.849385971135945
2025-12-17 00:00:00,25343.48,26.150788317287635
2025-12-17 02:00:00,25323.535,32.5518278635588
2025-12-17 04:00:00,25312.71,54.1273382256948
2025-12-17 06:00:00,25304.805,61.664075808167766
2025-12-17 08:00:00,25301.89,65.59696973137108
2025-12-17 10:00:00,25300.120000000003,58.45772124371726
2025-12-17 12:00:00,25301.15,58.185538288755936
2025-12-17 14:00:00,25295.39,26.47797685101542
2025-12-17 16:00:00,25298.245000000003,-2.0359743267501393
2025-12-17 18:00:00,25305.98,-22.583545702569726
2025-12-17 20:00:00,25314.805,-28.017625714413427
2025-12-17 22:00:00,25318.0,-27.145341868253688
2025-12-18 00:00:00,25327.21,-3.2899641616869104
2025-12-18 02:00:00,25332.52,0.07769601026116035
2025-12-18 04:00:00,25336.64,0.19118216002846822
2025-12-18 06:00:00,25348.885000000002,23.857481986969795
2025-12-18 08:00:00,25365.489999999998,37.184897005871946
2025-12-18 10:00:00,25379.035,34.70019729731162
2025-12-18 12:00:00,25395.415,41.65616588644446
2025-12-18 14:00:00,25416.43,51.76806991478445
2025-12-18 16:00:00,25436.21,42.100610376337144
2025-12-18 18:00:00,25451.409999999996,22.936029047897804
2025-12-18 20:00:00,25458.96,5.027858040962343
2025-12-18 22:00:00,25467.875,4.348052371713578
2025-12-19 00:00:00,25472.655,-4.2277346632217245
2025-12-19 02:00:00,25482.545,8.384589487344812
2025-12-19 04:00:00,25489.105000000003,9.802343012760218
2025-12-19 06:00:00,25504.440000000002,13.927416683886904
2025-12-19 08:00:00,25523.405,12.564436490920997
2025-12-19 10:00:00,25543.8,4.014957505754083
2025-12-19 12:00:00,25564.57,-1.2150835032012566
2025-12-19 14:00:00,25591.87,15.806660133260834
2025-12-19 16:00:00,25616.36,27.70797095798457
2025-12-19 18:00:00,25639.43,13.816025116538924
2025-12-19 20:00:00,25662.640000000003,2.2169915333165875
2025-12-21 23:00:00,25680.375,-1.0655773680588538
2025-12-22 01:00:00,25693.065,-15.339090257295936
2025-12-22 03:00:00,25705.575,-24.60043649732836
2025-12-22 05:00:00,25712.855000000003,-31.651292807961994
2025-12-22 07:00:00,25718.105000000003,-24.910530599795266
2025-12-22 09:00:00,25726.370000000003,-15.192714870573141
2025-12-22 11:00:00,25738.505,-5.039955410711343
2025-12-22 13:00:00,25752.25,-1.3032613896222074
2025-12-22 15:00:00,25765.87,7.491623417534271
2025-12-22 17:00:00,25780.96,7.447093631457335
2025-12-22 19:00:00,25789.530000000002,-0.45198305840318653
2025-12-22 21:00:00,25798.94,-3.2423585909613166
2025-12-22 22:00:00,25806.515,-5.059260634677159
2025-12-23 00:00:00,25813.204999999998,-8.802031713928926
2025-12-23 02:00:00,25821.780000000002,-8.271405986722414
2025-12-23 04:00:00,25825.495000000003,-23.993995513066892
2025-12-23 06:00:00,25822.985,-28.44202362667555
2025-12-23 08:00:00,25818.05,-26.02477439524803
2025-12-23 10:00:00,25816.775,-21.842868326019826
2025-12-23 12:00:00,25811.844999999998,-31.39212470667001
2025-12-23 14:00:00,25807.995,-23.02143505669782
2025-12-23 16:00:00,25807.455,-15.583419590679897
2025-12-23 18:00:00,25810.12,-2.5183203995431924
2025-12-23 20:00:00,25814.309999999998,3.8332031758259335
2025-12-23 22:00:00,25815.98,4.235489712620925
2025-12-24 00:00:00,25818.034999999996,10.119504978557924
2025-12-24 02:00:00,25817.25,6.781086180389174
2025-12-24 04:00:00,25816.105,3.402455401976134
2025-12-24 06:00:00,25811.989999999998,-0.23169595097350282
2025-12-24 08:00:00,25808.405,-1.047494471669772
2025-12-24 10:00:00,25806.359999999997,-1.2975066225238407
2025-12-24 12:00:00,25804.025,-0.3449080132130682
2025-12-24 14:00:00,25802.89,4.5040670759524275
2025-12-24 16:00:00,25801.595,2.9264560748735313
2025-12-24 18:00:00,25799.465,1.053262155941507
2025-12-25 22:00:00,25801.925,-0.1310167680360479
2025-12-26 00:00:00,25805.44,2.5080519851900647
2025-12-26 02:00:00,25809.8,6.943261488124428
2025-12-26 04:00:00,25813.805,6.385931956432675
2025-12-26 06:00:00,25821.425,3.345241710378751
2025-12-26 08:00:00,25826.955,2.092117089821059
2025-12-26 10:00:00,25832.010000000002,-0.007040424037683124
2025-12-26 12:00:00,25835.495000000003,1.0654528251871511
2025-12-26 14:00:00,25842.420000000002,13.257103327118514
2025-12-26 16:00:00,25848.05,9.698363968104907
2025-12-26 18:00:00,25852.105,7.1719450519080254
2025-12-26 20:00:00,25858.39,7.853462526986682
2025-12-28 23:00:00,25862.620000000003,-1.6484243810306936
2025-12-29 01:00:00,25870.74,5.6905185522187125
2025-12-29 03:00:00,25875.640000000003,-3.0909890789434797
2025-12-29 05:00:00,25869.890000000003,-43.3033087467138
2025-12-29 07:00:00,25858.329999999998,-72.72730563378354
2025-12-29 09:00:00,25846.77,-69.42673204062157
2025-12-29 11:00:00,25834.55,-62.125334823460435
2025-12-29 13:00:00,25823.239999999998,-46.208201571394355
2025-12-29 15:00:00,25812.305,-29.956262627345694
2025-12-29 17:00:00,25799.14,-21.21078544574884
2025-12-29 19:00:00,25786.57,-6.343705625168269
2025-12-29 21:00:00,25774.489999999998,3.5442312496594752
2025-12-29 22:00:00,25762.004999999997,6.401073940571024
2025-12-30 00:00:00,25753.469999999998,23.185609618543694
2025-12-30 02:00:00,25746.6,33.491568777154725
2025-12-30 04:00:00,25746.855,61.236292487876966
2025-12-30 06:00:00,25740.165,53.46105126639113
2025-12-30 08:00:00,25739.395,57.34187613680473
2025-12-30 10:00:00,25737.315,47.29257513950623
2025-12-30 12:00:00,25734.195,35.986004912840926
2025-12-30 14:00:00,25731.239999999998,18.285219010376053
2025-12-30 16:00:00,25725.295,9.214397115540265
2025-12-30 18:00:00,25721.204999999998,-0.42712693772885757
2025-12-30 20:00:00,25727.864999999998,-4.607631057339098
2025-12-30 22:00:00,25739.715000000004,-7.43937314355945
2025-12-31 00:00:00,25740.055,-42.93505056130387
2025-12-31 02:00:00,25739.71,-58.836773528191216
2025-12-31 04:00:00,25738.345,-57.527591558273585
2025-12-31 06:00:00,25737.78,-43.91588877608244
2025-12-31 08:00:00,25737.885000000002,-32.84232325484491
2025-12-31 10:00:00,25736.955,-19.676782341574594
2025-12-31 12:00:00,25737.425,-4.457588388700202
2025-12-31 14:00:00,25732.980000000003,-15.680218050435329
2025-12-31 16:00:00,25726.920000000002,-7.42201532927281
2025-12-31 18:00:00,25719.405,-1.3166970230832789
2025-12-31 20:00:00,25703.56,1.405611316432072
2026-01-01 22:00:00,25692.35,8.537583489380026
2026-01-02 00:00:00,25697.795000000002,83.01898090656428
2026-01-02 02:00:00,25714.575,137.75311058634855
2026-01-02 04:00:00,25736.695,158.1615807230746
2026-01-02 06:00:00,25760.754999999997,141.33298050839522
2026-01-02 08:00:00,25787.145,120.63578068922124
2026-01-02 10:00:00,25813.46,86.75502390612269
2026-01-02 12:00:00,25840.07,57.202532996003185
2026-01-02 14:00:00,25869.82,41.41881622586868
2026-01-02 16:00:00,25911.835,30.727454392367918
2026-01-02 18:00:00,25955.565,14.817791137801407
2026-01-02 20:00:00,26000.39,3.191615199297189
2026-01-04 23:00:00,26044.48,-6.33147726121274
2026-01-05 01:00:00,26082.58,-37.50267180690014
2026-01-05 03:00:00,26118.260000000002,-56.03878875433895
2026-01-05 05:00:00,26156.215,-47.22758517548368
2026-01-05 07:00:00,26196.035,-54.5863943351128
2026-01-05 09:00:00,26231.65,-59.23131000242242
2026-01-05 11:00:00,26266.525,-58.74407384086004
2026-01-05 13:00:00,26300.640000000003,-57.41235608203084
2026-01-05 15:00:00,26344.76,-12.428430880032522
2026-01-05 17:00:00,26370.370000000003,13.196585430667824
2026-01-05 19:00:00,26386.559999999998,22.274170207222653
2026-01-05 21:00:00,26396.984999999997,18.45543169277701
2026-01-05 22:00:00,26406.390000000003,7.127629973924456
2026-01-06 00:00:00,26420.964999999997,25.637520267333855
2026-01-06 02:00:00,26445.889999999996,57.61667176872311
2026-01-06 04:00:00,26467.305,48.15362062644286
2026-01-06 06:00:00,26480.23,13.814437192678042
2026-01-06 08:00:00,26488.885,-13.92733315399363
2026-01-06 10:00:00,26498.585,-25.239930361964213
2026-01-06 12:00:00,26510.340000000004,-20.260609676299993
2026-01-06 14:00:00,26523.645,-12.190483717865561
2026-01-06 16:00:00,26541.055,-19.1344005327866
2026-01-06 18:00:00,26558.014999999996,-29.97142048219041
2026-01-06 20:00:00,26571.234999999997,-32.83124548144656
2026-01-06 22:00:00,26588.014999999996,-33.27779160826731
2026-01-07 00:00:00,26600.034999999996,-53.01744490054051
2026-01-07 02:00:00,26609.145,-68.18853061224078
2026-01-07 04:00:00,26614.3,-83.96313571215583
2026-01-07 06:00:00,26613.225,-61.74489900201641
2026-01-07 08:00:00,26608.45,-48.82844620801418
2026-01-07 10:00:00,26600.870000000003,-42.89692400601448
2026-01-07 12:00:00,26592.765000000003,-37.129637888152715
2026-01-07 14:00:00,26583.23,-37.659766797250526
2026-01-07 16:00:00,26564.875,-34.306168894742754
2026-01-07 18:00:00,26536.29,-30.237067646003183
2026-01-07 20:00:00,26509.590000000004,-26.617483431137458
2026-01-07 22:00:00,26488.71,-18.86535447992516
2026-01-08 00:00:00,26467.234999999997,-20.382957924835097
2026-01-08 02:00:00,26441.48,-28.334449733212836
2026-01-08 04:00:00,26409.605,-36.12625633620948
2026-01-08 06:00:00,26378.735000000004,-21.09539748240951
2026-01-08 08:00:00,26349.355,-12.260617783359692
2026-01-08 10:00:00,26323.125,-0.37748284096181806
2026-01-08 12:00:00,26295.29,2.5200558663955803
2026-01-08 14:00:00,26277.335,38.99804899107832
2026-01-08 16:00:00,26267.345,56.43961373901446
2026-01-08 18:00:00,26258.660000000003,49.4478897985952
2026-01-08 20:00:00,26257.855,50.23918773977839
2026-01-08 22:00:00,26250.375,39.149236087602304
2026-01-09 00:00:00,26242.434999999998,23.521506328741175
2026-01-09 02:00:00,26230.295000000002,-6.393945221133315
2026-01-09 04:00:00,26221.125,-10.060285868442627
2026-01-09 06:00:00,26214.96,-7.9288025824494
2026-01-09 08:00:00,26210.585,-1.7461301039896426
2026-01-09 10:00:00,26209.1,8.292078948900887
2026-01-09 12:00:00,26211.379999999997,20.963827512259215
2026-01-09 14:00:00,26213.07,22.42212601932468
2026-01-09 16:00:00,26220.535000000003,30.63718689098598
2026-01-09 18:00:00,26231.4,29.02345606855762
2026-01-09 20:00:00,26244.635,21.24415231105681
2026-01-11 23:00:00,26253.865,11.405502491016613
2026-01-12 01:00:00,26266.43,13.592518768824384
2026-01-12 03:00:00,26282.034999999996,26.03987844154588
2026-01-12 05:00:00,26304.72,45.964601277326004
2026-01-12 07:00:00,26317.484999999997,45.25879883397255
2026-01-12 09:00:00,26330.170000000002,42.26645476074414
2026-01-12 11:00:00,26346.879999999997,38.83692604007861
2026-01-12 13:00:00,26366.129999999997,47.53115970518104
2026-01-12 15:00:00,26395.555,71.10238022929639
2026-01-12 17:00:00,26430.53,79.99225237814349
2026-01-12 19:00:00,26472.905,72.71268178406967
2026-01-12 21:00:00,26511.370000000003,48.2784681699539
2026-01-12 22:00:00,26549.15,25.379983601205083
2026-01-13 00:00:00,26590.115,21.36704816275909
2026-01-13 02:00:00,26622.24,-12.531705971880342
2026-01-13 04:00:00,26651.535000000003,-30.530535073674628
2026-01-13 06:00:00,26677.29,-51.831013479900776
2026-01-13 08:00:00,26700.159999999996,-56.948073255590344
2026-01-13 10:00:00,26723.98,-52.22972975172709
2026-01-13 12:00:00,26752.760000000002,-32.125768746966116
2026-01-13 14:00:00,26783.355,-19.587037898539506
2026-01-13 16:00:00,26809.034999999996,-23.2765329819797
2026-01-13 18:00:00,26830.79,-23.743437427209017
2026-01-13 20:00:00,26846.664999999997,-24.00209261064458
2026-01-13 22:00:00,26863.189999999995,-22.01805381719663
2026-01-14 00:00:00,26879.355,-16.205479081704013
2026-01-14 02:00:00,26903.855,20.62556944692048
2026-01-14 04:00:00,26909.51,-16.131985890808537
2026-01-14 06:00:00,26912.954999999998,-9.156571646937891
2026-01-14 08:00:00,26913.629999999997,-3.841353390945656
2026-01-14 10:00:00,26906.03,-26.938158762125582
2026-01-14 12:00:00,26898.254999999997,-41.3699494669157
2026-01-14 14:00:00,26893.670000000002,-32.85617525345839
2026-01-14 16:00:00,26882.620000000003,-33.74830591435091
2026-01-14 18:00:00,26882.045000000002,-18.200854582250265
2026-01-14 20:00:00,26882.870000000003,-5.909863783476041
2026-01-14 22:00:00,26886.1,-5.955172859876967
2026-01-15 00:00:00,26904.98,48.278005526540085
2026-01-15 02:00:00,26906.989999999998,7.272939127659384
2026-01-15 04:00:00,26905.73,-8.822918382683973
2026-01-15 06:00:00,26906.22,-6.353865442528118
2026-01-15 08:00:00,26913.875,10.469851318853657
2026-01-15 10:00:00,26921.265000000003,14.392293098672155
2026-01-15 12:00:00,26925.365,0.6024699001077636
2026-01-15 14:00:00,26934.175,10.809533928150827
2026-01-15 16:00:00,26944.76,22.26036688330896
2026-01-15 18:00:00,26943.925,17.410143269067092
2026-01-15 20:00:00,26955.845,8.291483268855586
2026-01-15 22:00:00,26961.68,2.7099240396594126
2026-01-16 00:00:00,26962.945,-14.119862370176492
2026-01-16 02:00:00,26963.725,-46.023910945253405
2026-01-16 04:00:00,26964.704999999998,-60.0063513768238
2026-01-16 06:00:00,26961.454999999998,-62.29695394855551
2026-01-16 08:00:00,26959.72,-57.14785211908189
2026-01-16 10:00:00,26956.225,-40.522520099219555
2026-01-16 12:00:00,26949.74,-33.360855387903676
2026-01-16 14:00:00,26934.085000000003,-61.23033149295085
2026-01-16 16:00:00,26903.559999999998,-59.10393865703037
2026-01-16 18:00:00,26891.105,-41.073640097919935
2026-01-16 20:00:00,26877.15,-27.607905305428176
2026-01-18 23:00:00,26857.614999999998,-25.75250082887274
2026-01-19 01:00:00,26839.714999999997,2.999611079845238
2026-01-19 03:00:00,26815.795000000002,-3.844375787378283
2026-01-19 05:00:00,26796.120000000003,-0.8970856350660483
2026-01-19 07:00:00,26771.26,2.6722083632570275
2026-01-19 09:00:00,26743.155,5.562066278450345
2026-01-19 11:00:00,26719.03,17.449338015635135
2026-01-19 13:00:00,26696.22,23.90364313664554
2026-01-19 15:00:00,26675.260000000002,32.850177080138735
2026-01-19 17:00:00,26656.085,27.52906768481941
2026-01-19 19:00:00,26644.165,22.567641296105933
2026-01-19 22:00:00,26635.870000000003,24.948449023881835
2026-01-20 00:00:00,26623.234999999997,4.346393992641055
2026-01-20 02:00:00,26612.26,-0.4376172000868479
2026-01-20 04:00:00,26600.8,3.3171058954308137
2026-01-20 06:00:00,26586.565000000002,-9.93063385249691
2026-01-20 08:00:00,26573.77,-44.126886480069714
2026-01-20 10:00:00,26565.409999999996,-31.53737361254764
2026-01-20 12:00:00,26552.595,-28.304848790927963
2026-01-20 14:00:00,26545.555,-2.9850034511926538
2026-01-20 16:00:00,26539.434999999998,3.1274830641476115
2026-01-20 18:00:00,26520.964999999997,-13.212961851251237
2026-01-20 20:00:00,26510.73,-8.32896388854681
2026-01-20 22:00:00,26498.864999999998,-5.734929544036049
2026-01-21 00:00:00,26493.170000000002,19.28404575785939
2026-01-21 02:00:00,26487.885,29.617470120134897
2026-01-21 04:00:00,26482.495000000003,40.15438055608233
2026-01-21 06:00:00,26480.385,53.22535486868526
2026-01-21 08:00:00,26473.635,43.76815095818127
2026-01-21 10:00:00,26466.589999999997,27.213953550339646
2026-01-21 12:00:00,26462.715000000004,27.442249428914028
2026-01-21 14:00:00,26465.45,52.715300849226736
2026-01-21 16:00:00,26465.43,26.687421423462396
2026-01-21 18:00:00,26471.484999999997,35.645369760114434
2026-01-21 20:00:00,26474.670000000002,28.119465456706052
2026-01-21 22:00:00,26483.120000000003,22.564466973619872
2026-01-22 00:00:00,26499.164999999997,10.415229059895601
2026-01-22 02:00:00,26505.95,-10.352826607657512
2026-01-22 04:00:00,26516.68,-13.396894918180024
2026-01-22 06:00:00,26522.875,-11.450386738664228
2026-01-22 08:00:00,26540.329999999998,21.74319339989995
2026-01-22 10:00:00,26560.76,20.764341045120318
2026-01-22 12:00:00,26582.72,28.739329624579256
2026-01-22 14:00:00,26610.934999999998,44.778166318290545
2026-01-22 16:00:00,26634.1,46.45483480151603
2026-01-22 18:00:00,26654.260000000002,28.504646249530225
2026-01-22 20:00:00,26671.629999999997,13.58488010304913
2026-01-22 22:00:00,26685.504999999997,3.874613271537072
2026-01-23 00:00:00,26701.65,-3.824919457558167
2026-01-23 02:00:00,26713.690000000002,-30.197681137355715
2026-01-23 04:00:00,26722.645,-39.132668115779836
2026-01-23 06:00:00,26723.605,-37.63995738125904
2026-01-23 08:00:00,26732.15,-35.95243156027536
2026-01-23 10:00:00,26733.9,-30.806652604648114
2026-01-23 12:00:00,26734.655,-34.128185094988055
2026-01-23 14:00:00,26738.234999999997,-19.209005721868344
2026-01-23 16:00:00,26741.875,-16.28010732460702
2026-01-23 18:00:00,26752.925,-1.0182572373418495
2026-01-23 20:00:00,26760.345,-2.495308971670621
2026-01-25 23:00:00,26765.96,-7.201951295579798
2026-01-26 01:00:00,26761.684999999998,-10.744537871611355
2026-01-26 03:00:00,26763.190000000002,-1.6132510667668498
2026-01-26 05:00:00,26759.53,-3.005662572463546
2026-01-26 07:00:00,26751.48,-0.043038699843111594
2026-01-26 09:00:00,26742.655,1.6778768909390163
2026-01-26 11:00:00,26736.25,0.45404513588200146
2026-01-26 13:00:00,26733.72,11.888360578264471
2026-01-26 15:00:00,26734.405,26.410875528148367
2026-01-26 17:00:00,26735.845,29.949971218927956
2026-01-26 19:00:00,26740.465000000004,15.853864154155005
2026-01-26 21:00:00,26744.920000000002,6.00810088151929
2026-01-26 22:00:00,26749.495000000003,1.9006827095349408
2026-01-27 00:00:00,26758.085,9.856221725978955
2026-01-27 02:00:00,26774.609999999997,38.2384407427479
2026-01-27 04:00:00,26796.809999999998,53.421894597022316
2026-01-27 06:00:00,26814.46,46.51063616138822
2026-01-27 08:00:00,26837.004999999997,45.96206633540305
2026-01-27 10:00:00,26857.32,40.89018603052409
2026-01-27 12:00:00,26881.52,35.66627902620104
2026-01-27 14:00:00,26907.695,27.705986196873283
2026-01-27 16:00:00,26931.97,8.038620481233323
2026-01-27 18:00:00,26955.07,0.42567440782679
2026-01-27 20:00:00,26980.35,-4.0795233607300645
2026-01-27 22:00:00,27005.27,-6.859594598865158
2026-01-28 00:00:00,27040.695,26.07765791605337
2026-01-28 02:00:00,27090.435000000005,79.51423170854923
2026-01-28 04:00:00,27137.865,89.77158699799531
2026-01-28 06:00:00,27183.18,80.38151395355123
2026-01-28 08:00:00,27225.54,50.8219808046199
2026-01-28 10:00:00,27270.32,22.865490371177202
2026-01-28 12:00:00,27313.379999999997,-5.147915469612599
2026-01-28 14:00:00,27349.829999999998,-43.17291212056625
2026-01-28 16:00:00,27383.53,-57.086442991187766
2026-01-28 18:00:00,27411.965000000004,-50.47888988533589
2026-01-28 20:00:00,27437.045000000002,-46.579349446519814
2026-01-28 22:00:00,27463.0,-43.51482991394863
2026-01-29 00:00:00,27492.53,-16.81495145522632
2026-01-29 02:00:00,27532.109999999997,31.161971842065896
2026-01-29 04:00:00,27569.24,39.21178816803615
2026-01-29 06:00:00,27605.9,33.01750363646056
2026-01-29 08:00:00,27641.610000000004,8.452009636831576
2026-01-29 10:00:00,27674.835,-11.332772107322512
2026-01-29 12:00:00,27713.625,-1.603466244463334
2026-01-29 14:00:00,27728.234999999997,-83.09739566611205
2026-01-29 16:00:00,27742.1,-74.79834301786786
2026-01-29 18:00:00,27742.6,-62.51828534951562
2026-01-29 20:00:00,27743.935000000005,-44.45322301489941
2026-01-29 22:00:00,27745.32,-28.61869583150451
2026-01-30 00:00:00,27741.24,-47.39642466131272
2026-01-30 02:00:00,27728.965000000004,-80.55680711390264
2026-01-30 04:00:00,27718.68,-83.87175422534611
2026-01-30 06:00:00,27710.295000000002,-88.15416499922559
2026-01-30 08:00:00,27697.719999999994,-89.95352541106975
2026-01-30 10:00:00,27694.010000000002,-36.95178266231662
2026-01-30 12:00:00,27683.695,-32.33999625849823
2026-01-30 14:00:00,27670.855000000003,-33.58101564240201
2026-01-30 16:00:00,27643.670000000002,-53.11482419418749
2026-01-30 18:00:00,27604.465000000004,-53.59619095523226
2026-01-30 20:00:00,27567.32,-39.01519334150407
2026-02-01 23:00:00,27531.97,-17.304864754296716
2026-02-02 01:00:00,27479.004999999997,-75.18054329957783
2026-02-02 03:00:00,27422.3,-100.39862580887399
2026-02-02 05:00:00,27351.090000000004,-119.91866867548651
2026-02-02 07:00:00,27311.920000000002,-76.04328162537604
2026-02-02 09:00:00,27268.075,-22.73932758572846
2026-02-02 11:00:00,27225.310000000005,14.266706149734091
2026-02-02 13:00:00,27184.02,45.83966762661538
2026-02-02 15:00:00,27143.284999999996,64.7000865296036
2026-02-02 17:00:00,27106.305,54.35085371099103
2026-02-02 19:00:00,27078.3,47.58728603399203
2026-02-02 21:00:00,27051.28,45.79384905162729
2026-02-02 22:00:00,27030.710000000003,50.18212876149431
2026-02-03 00:00:00,27018.129999999997,62.80920776535851
2026-02-03 02:00:00,26981.795000000002,20.66699459213993
2026-02-03 04:00:00,26953.175,6.10447889629333
2026-02-03 06:00:00,26925.1,-5.199201185479524
2026-02-03 08:00:00,26900.954999999998,-18.26539518134419
2026-02-03 10:00:00,26875.72,-23.897486397426377
2026-02-03 12:00:00,26850.99,-13.286159062225153
2026-02-03 14:00:00,26828.620000000003,11.637798057814507
2026-02-03 16:00:00,26818.78,-6.0223374668178735
2026-02-03 18:00:00,26812.934999999998,-11.458471329558535
2026-02-03 20:00:00,26817.97,0.32441042109502405
2026-02-03 22:00:00,26815.060000000005,10.294295156884914
2026-02-04 00:00:00,26812.215000000004,34.51369961593031
2026-02-04 02:00:00,26804.329999999998,30.696637162974753
2026-02-04 04:00:00,26798.359999999997,46.19960046012156
2026-02-04 06:00:00,26790.855,49.6821471717419
2026-02-04 08:00:00,26785.03,37.59319441862121
2026-02-04 10:00:00,26781.5,37.18361797384924
2026-02-04 12:00:00,26777.984999999997,36.43548806230678
2026-02-04 14:00:00,26763.72,2.8158380997337815
2026-02-04 16:00:00,26736.145,-41.411630249043824
2026-02-04 18:00:00,26725.23,-36.52710449833103
2026-02-04 20:00:00,26713.829999999998,-26.40440880306899
2026-02-04 22:00:00,26703.77,-19.258202515315332
2026-02-05 00:00:00,26692.725,-26.941900466337273
2026-02-05 02:00:00,26682.575,-26.8330397663118
2026-02-05 04:00:00,26678.159999999996,5.404241644108197
2026-02-05 06:00:00,26679.98,56.87849885348034
2026-02-05 08:00:00,26688.0,63.42484125034967
2026-02-05 10:00:00,26699.01,66.14851208313871
2026-02-05 12:00:00,26700.335000000003,34.325694443139135
2026-02-05 14:00:00,26693.52,-9.21993722469687
2026-02-05 16:00:00,26683.46,-17.904025283631796
2026-02-05 18:00:00,26672.7,-32.23864654331109
2026-02-05 20:00:00,26651.984999999997,-47.64419417630603
2026-02-05 22:00:00,26629.93,-48.68962182623973
2026-02-06 00:00:00,26609.98,-41.207291774788075
2026-02-06 02:00:00,26595.625,-2.3972689834540972
2026-02-06 04:00:00,26585.21,33.11665238091851
2026-02-06 06:00:00,26577.390000000003,24.706931146407243
2026-02-06 08:00:00,26585.385,42.50168414346736
2026-02-06 10:00:00,26592.385,57.31184122618604
2026-02-06 12:00:00,26601.309999999998,63.72588621043511
2026-02-06 14:00:00,26617.815000000002,80.67174288981408
2026-02-06 16:00:00,26643.754999999997,92.39345986772148
2026-02-06 18:00:00,26669.714999999997,79.82097723739508
2026-02-06 20:00:00,26689.714999999997,66.69968816504803
2026-02-08 23:00:00,26701.160000000003,56.604206929004874
2026-02-09 01:00:00,26709.625,22.938279113698115
2026-02-09 03:00:00,26714.860000000004,-0.4541353858667776
2026-02-09 05:00:00,26734.085,10.625704995203051
2026-02-09 07:00:00,26757.5,-1.2373157964034363
2026-02-09 09:00:00,26775.585,-20.060581605399136
2026-02-09 11:00:00,26801.68,-14.59355391419237
2026-02-09 13:00:00,26838.945,9.861406863968739
2026-02-09 15:00:00,26879.559999999998,23.887521899227465
2026-02-09 17:00:00,26919.25,18.84597818954984
2026-02-09 19:00:00,26952.27,15.47633742959863
2026-02-09 21:00:00,26981.295000000002,11.765319721579601
2026-02-09 22:00:00,27015.75,3.4469164392715754
2026-02-10 00:00:00,27051.225,22.554251890241062
2026-02-10 02:00:00,27073.425,-9.71399808920927
2026-02-10 04:00:00,27093.98,-23.05706732439012
2026-02-10 06:00:00,27105.97,-34.70528254206937
2026-02-10 08:00:00,27112.954999999998,-37.891293194940886
2026-02-10 10:00:00,27123.595,-26.870130399908476
2026-02-10 12:00:00,27131.370000000003,-25.409183943477274
2026-02-10 14:00:00,27139.810000000005,-13.882573299600153
2026-02-10 16:00:00,27157.379999999997,3.3626875438597494
2026-02-10 18:00:00,27173.165,-1.6487773588576715
2026-02-10 20:00:00,27181.840000000004,-6.399380339448925
2026-02-10 22:00:00,27194.21,-8.742453377551541
2026-02-11 00:00:00,27206.115,-23.186926994588845
2026-02-11 02:00:00,27219.895,-8.059812998840357
2026-02-11 04:00:00,27226.8,-3.1520572895491767
2026-02-11 06:00:00,27228.535000000003,-11.875147627421285
2026-02-11 08:00:00,27227.120000000003,-30.462451015661102
2026-02-11 10:00:00,27223.704999999998,-37.280828060325334
2026-02-11 12:00:00,27218.915,-37.209446965577015
2026-02-11 14:00:00,27211.0,-44.89272946872026
2026-02-11 16:00:00,27201.284999999996,-21.59067283235116
2026-02-11 18:00:00,27203.390000000003,-1.8719325317855002
2026-02-11 20:00:00,27204.495000000003,4.929321985054942
2026-02-11 22:00:00,27205.940000000002,1.7768161053898925
2026-02-12 00:00:00,27203.745000000003,-12.845473664727947
2026-02-12 02:00:00,27193.930000000004,-33.59703887916037
2026-02-12 04:00:00,27187.620000000003,-29.543745750027288
2026-02-12 06:00:00,27175.579999999998,-33.24027344955829
2026-02-12 08:00:00,27161.640000000003,-23.055691366478754
2026-02-12 10:00:00,27151.245000000003,-11.912040347338987
2026-02-12 12:00:00,27142.0,-1.4307373456904742
2026-02-12 14:00:00,27121.075,-35.03955501517099
2026-02-12 16:00:00,27092.155,-82.45979436685919
2026-02-12 18:00:00,27062.389999999996,-71.26759249974299
2026-02-12 20:00:00,27031.595,-57.90105439962224
2026-02-12 22:00:00,27004.1,-39.038464625302595
2026-02-13 00:00:00,26978.704999999998,-30.071730245655544
2026-02-13 02:00:00,26948.345,-37.5098147818386
2026-02-13 04:00:00,26914.714999999997,-43.72972885702109
2026-02-13 06:00:00,26888.78,-21.57408352824757
2026-02-13 08:00:00,26854.72,-12.230788931703387
2026-02-13 10:00:00,26815.9,-10.986623004873081
2026-02-13 12:00:00,26774.02,-15.938374803664203
2026-02-13 14:00:00,26738.905,7.389481128770171
2026-02-13 16:00:00,26710.78,31.80672286563771
2026-02-13 18:00:00,26682.620000000003,25.17602174969062
2026-02-13 20:00:00,26653.5,27.410659439606093
2026-02-15 23:00:00,26628.795000000002,33.50971390313916
2026-02-16 01:00:00,26606.879999999997,50.70533559188857
2026-02-16 03:00:00,26591.075,77.41894294311945
2026-02-16 05:00:00,26574.75,81.28907203695087
2026-02-16 07:00:00,26570.305,74.61588298559484
2026-02-16 09:00:00,26577.875,63.50465171132414
2026-02-16 11:00:00,26580.85,51.54179866996489
2026-02-16 13:00:00,26583.07,32.80073074154157
2026-02-16 15:00:00,26583.98,17.875415885444244
2026-02-16 17:00:00,26587.295000000002,9.488657304048058
2026-02-16 19:00:00,26596.090000000004,4.13554778047456
2026-02-19 22:00:00,26609.55,4.53015166626756
2026-02-20 00:00:00,26604.454999999998,-45.59958781610354
2026-02-20 02:00:00,26606.25,-43.21106509894808
2026-02-20 04:00:00,26611.425,-32.8440572152583
2026-02-20 06:00:00,26614.120000000003,-43.249936415448076
2026-02-20 08:00:00,26612.065000000002,-38.091274566127325
2026-02-20 10:00:00,26605.775,-32.27028798600634
2026-02-20 12:00:00,26603.78,-25.260368899877676
2026-02-20 14:00:00,26619.115,46.85348612406068
2026-02-20 16:00:00,26631.234999999997,65.3451181008557
2026-02-20 18:00:00,26640.579999999998,70.7805999240632
2026-02-20 20:00:00,26645.034999999996,70.13164586444603
2026-02-22 23:00:00,26643.254999999997,39.67797087126809
2026-02-23 01:00:00,26661.359999999997,90.46709843537046
2026-02-23 03:00:00,26673.74,78.43376664669012
2026-02-23 05:00:00,26689.46,72.59406583943999
2026-02-23 07:00:00,26707.95,59.848169604775194
2026-02-23 09:00:00,26726.034999999996,38.908552736505044
2026-02-23 11:00:00,26741.245000000003,11.830186668331692
2026-02-23 13:00:00,26760.555,9.126539189009122
2026-02-23 15:00:00,26769.809999999998,-27.89486931403806
2026-02-23 17:00:00,26790.225,-53.63417281941949
2026-02-23 19:00:00,26807.47,-53.96541331369809
2026-02-23 21:00:00,26823.79,-49.27799119046105
2026-02-23 22:00:00,26846.085,-42.022298804525064
2026-02-24 00:00:00,26852.345,-87.45077307796166
2026-02-24 02:00:00,26857.879999999997,-100.10236841057196
2026-02-24 04:00:00,26862.07,-97.24567589510893
2026-02-24 06:00:00,26852.065000000002,-66.12334474853593
2026-02-24 08:00:00,26844.754999999997,-39.07114719555608
2026-02-24 10:00:00,26834.71,-23.66153616990144
2026-02-24 12:00:00,26822.940000000002,-10.945480738932034
2026-02-24 14:00:00,26823.689999999995,20.808881272104685
2026-02-24 16:00:00,26807.01,42.57354824368264
2026-02-24 18:00:00,26794.295000000002,41.85891394470889
2026-02-24 20:00:00,26777.864999999998,36.30054809147161
2026-02-24 22:00:00,26761.559999999998,32.70536648446367
2026-02-25 00:00:00,26741.585,10.483223891593472
2026-02-25 02:00:00,26729.170000000002,16.66449217791899
2026-02-25 04:00:00,26709.045000000002,4.312578149336412
2026-02-25 06:00:00,26698.245000000003,-0.2779922106928474
2026-02-25 08:00:00,26692.545000000002,4.284105672202749
2026-02-25 10:00:00,26687.829999999998,14.414479674575002
2026-02-25 12:00:00,26685.760000000002,24.9948230446365
2026-02-25 14:00:00,26680.129999999997,13.564378972934936
2026-02-25 16:00:00,26697.315000000002,31.77697227765641
2026-02-25 18:00:00,26716.960000000003,36.68593084399788
2026-02-25 20:00:00,26739.57,36.20418262475741
2026-02-25 22:00:00,26755.275,21.01501228067997
2026-02-26 00:00:00,26760.754999999997,-21.24044334906948
2026-02-26 02:00:00,26763.445,-49.23605713828347
2026-02-26 04:00:00,26761.51,-69.04676580013997
2026-02-26 06:00:00,26743.595,-98.95401925546088
2026-02-26 08:00:00,26726.039999999997,-84.95748486540192
2026-02-26 10:00:00,26710.45,-63.62421357950427
2026-02-26 12:00:00,26694.27,-45.93947244130723
2026-02-26 14:00:00,26676.995000000003,-30.202001166336174
2026-02-26 16:00:00,26657.640000000003,-40.33464924130561
2026-02-26 18:00:00,26640.035000000003,-13.263673916971982
2026-02-26 20:00:00,26625.010000000002,-1.0573907587070437
2026-02-26 22:00:00,26609.15,5.217656101240038
2026-02-27 00:00:00,26596.364999999998,26.76968761897166
2026-02-27 02:00:00,26585.875,51.07506136023255
2026-02-27 04:00:00,26574.99,63.1060249456595
2026-02-27 06:00:00,26569.52,67.23268004068265
2026-02-27 08:00:00,26554.360000000004,52.4294836468507
2026-02-27 10:00:00,26539.879999999997,44.468953779372285
2026-02-27 12:00:00,26518.890000000003,16.605073888243673
2026-02-27 14:00:00,26502.07,8.738801545196448
2026-02-27 16:00:00,26493.059999999998,-0.4704366902015735
2026-02-27 18:00:00,26485.155,-12.76886190116607
2026-02-27 20:00:00,26482.655,-11.891551080845026
2026-03-01 23:00:00,26479.984999999997,-41.61755140037795
2026-03-02 01:00:00,26456.915,-105.53158059068234
2026-03-02 03:00:00,26442.704999999998,-82.61616797732572
2026-03-02 05:00:00,26424.175,-75.86428220049663
2026-03-02 07:00:00,26401.23,-74.67450808314476
2026-03-02 09:00:00,26389.254999999997,-45.74569987662261
2026-03-02 11:00:00,26365.125,-42.30894639961582
2026-03-02 13:00:00,26348.605,-8.20325693737027
2026-03-02 15:00:00,26334.615,18.163248451123025
2026-03-02 17:00:00,26317.890000000003,38.03509849264461
2026-03-02 19:00:00,26297.07,47.226606603796824
2026-03-02 21:00:00,26273.960000000003,47.03231422647846
2026-03-02 22:00:00,26248.28,41.075220419598224
2026-03-03 00:00:00,26214.695,0.5162540116813261
2026-03-03 02:00:00,26182.235,-4.571803934073216
2026-03-03 04:00:00,26147.22,-30.397704655933637
2026-03-03 06:00:00,26107.305,-44.47983132929443
2026-03-03 08:00:00,26053.715,-91.93309356586445
2026-03-03 10:00:00,26000.79,-100.2511075583891
2026-03-03 12:00:00,25941.345,-102.46528171206057
2026-03-03 14:00:00,25885.54,-102.22569044189373
2026-03-03 16:00:00,25854.205,-55.23453182819503
2026-03-03 18:00:00,25822.765000000003,11.230644459736766
2026-03-03 20:00:00,25792.815,32.222437901586545
2026-03-03 22:00:00,25767.66,43.9338441380948
2026-03-04 00:00:00,25733.510000000002,32.17100818644013
2026-03-04 02:00:00,25689.635000000002,-23.343677526240526
2026-03-04 04:00:00,25639.91,-34.02926455420112
2026-03-04 06:00:00,25596.7,2.3576354340465286
2026-03-04 08:00:00,25556.0,39.723547743181655
2026-03-04 10:00:00,25520.364999999998,75.65397744038114
2026-03-04 12:00:00,25487.455,93.86325801223472
2026-03-04 14:00:00,25457.325,100.00385323579815
2026-03-04 16:00:00,25438.864999999998,97.08726154692744
2026-03-04 18:00:00,25419.940000000002,92.33947178427508
2026-03-04 20:00:00,25410.754999999997,85.56155763391891
2026-03-04 22:00:00,25404.45,70.99062649478597
2026-03-05 00:00:00,25405.670000000002,29.997903795044692
2026-03-05 02:00:00,25406.5,1.950757054203038
2026-03-05 04:00:00,25408.025,-25.03452316042342
2026-03-05 06:00:00,25416.555,-27.12447106677982
2026-03-05 08:00:00,25419.375,-17.0295511417511
2026-03-05 10:00:00,25413.31,-7.462070803711796
2026-03-05 12:00:00,25403.239999999998,-26.46298529574227
2026-03-05 14:00:00,25390.450000000004,-37.1032538064282
2026-03-05 16:00:00,25378.995000000003,-46.176865688120074
2026-03-05 18:00:00,25380.825,-47.59553922905775
2026-03-05 20:00:00,25384.769999999997,-28.936007387248367
2026-03-05 22:00:00,25382.329999999998,-6.725383028785643
2026-03-06 00:00:00,25389.890000000003,56.76384995988266
2026-03-06 02:00:00,25406.530000000002,128.2641291321629
2026-03-06 04:00:00,25419.885000000002,138.02732575532204
2026-03-06 06:00:00,25431.155000000002,122.61632040662417
2026-03-06 08:00:00,25426.875,49.675478099570626
2026-03-06 10:00:00,25414.415,-9.206503804754945
2026-03-06 12:00:00,25390.19,-67.1224558329341
2026-03-06 14:00:00,25375.92,-48.610518336606546
2026-03-06 16:00:00,25365.84,-45.462287865276785
2026-03-06 18:00:00,25363.285,-19.19880583281069
2026-03-06 20:00:00,25361.730000000003,-17.719497422436106
2026-03-08 22:00:00,25342.665,-69.4288136224443
2026-03-09 00:00:00,25318.685,-90.3566494145478
2026-03-09 02:00:00,25302.329999999998,-56.176443177085446
2026-03-09 04:00:00,25306.965,14.792643013876443
2026-03-09 06:00:00,25315.975,50.70702091003754
2026-03-09 08:00:00,25327.525,56.58825826521149
2026-03-09 10:00:00,25338.335,42.895478190722855
2026-03-09 12:00:00,25344.57,26.008928427787758
2026-03-09 14:00:00,25360.15,55.4109382588397
2026-03-09 16:00:00,25356.28,43.60445027044642
2026-03-09 18:00:00,25346.085,61.89281655725559
2026-03-09 20:00:00,25336.079999999998,58.07655003873846
2026-03-09 21:00:00,25326.655,49.335305794755584
2026-03-09 23:00:00,25332.57,41.49035997410735
2026-03-10 01:00:00,25346.02,35.601790591896716
2026-03-10 03:00:00,25376.78,51.05005845713012
2026-03-10 05:00:00,25403.85,67.81881842245582
2026-03-10 07:00:00,25435.734999999997,66.74566285762518
2026-03-10 09:00:00,25462.85,54.656148628663715
2026-03-10 11:00:00,25489.335,22.875013693597793
2026-03-10 13:00:00,25545.82,49.19820770134902
2026-03-10 15:00:00,25605.775,48.9087118238167
2026-03-10 17:00:00,25649.98,10.282494609537594
2026-03-10 19:00:00,25679.230000000003,-17.16252111867982
2026-03-10 21:00:00,25705.640000000003,-34.1765500107453
2026-03-10 23:00:00,25736.77,-28.300814720667688
2026-03-11 01:00:00,25775.43,-9.953951263647667
2026-03-11 03:00:00,25809.335,-27.857759392029777
2026-03-11 05:00:00,25830.685,-39.093274687294866
2026-03-11 07:00:00,25848.555,-70.05378920737343
2026-03-11 09:00:00,25861.655,-62.76146122097995
2026-03-11 11:00:00,25868.37,-77.08513045028424
2026-03-11 13:00:00,25879.375,-56.95564035484939
2026-03-11 15:00:00,25887.3,-48.257723282315
2026-03-11 17:00:00,25892.495000000003,-43.10102306491047
2026-03-11 19:00:00,25889.975,-36.837838143895254
2026-03-11 21:00:00,25878.21,-40.69879886168388
2026-03-11 23:00:00,25862.345,-45.58218572988339
2026-03-12 01:00:00,25844.525,-45.734604159884256
2026-03-12 03:00:00,25829.045000000002,-45.31084991891679
2026-03-12 05:00:00,25805.445,-18.325016053768337
2026-03-12 07:00:00,25783.030000000002,1.4005243268231737
2026-03-12 09:00:00,25769.595,14.87624592061502
2026-03-12 11:00:00,25755.2,11.104490464991926
2026-03-12 13:00:00,25731.004999999997,-27.80285085465684
2026-03-12 15:00:00,25706.15,-28.13993976562844
2026-03-12 17:00:00,25674.114999999998,-30.962134942679597
2026-03-12 19:00:00,25649.605,-22.641985229300076
2026-03-12 21:00:00,25627.0,-11.27882701298941
2026-03-12 23:00:00,25612.955,-1.8971256729491301
2026-03-13 01:00:00,25601.765,27.06832158872571
2026-03-13 03:00:00,25594.585,26.790511407676036
2026-03-13 05:00:00,25577.695,8.002067931062754
2026-03-13 07:00:00,25560.15,-7.889870648245079
2026-03-13 09:00:00,25549.18,6.500969076440612
2026-03-13 11:00:00,25545.91,37.955296956639756
2026-03-13 13:00:00,25539.25,23.61790313209376
2026-03-13 15:00:00,25531.635000000002,2.9225191371007924
2026-03-13 17:00:00,25525.405,-5.347946220317553
2026-03-13 19:00:00,25518.675,-15.495830792264229
2026-03-15 22:00:00,25509.95,-3.9181277897028792
2026-03-16 00:00:00,25501.844999999998,9.470903249807577
2026-03-16 02:00:00,25503.594999999998,52.75616774958868
2026-03-16 04:00:00,25510.695,73.56633431644026
2026-03-16 06:00:00,25529.275,73.94792082574146
2026-03-16 08:00:00,25538.215,40.149962597893904
2026-03-16 10:00:00,25556.335,42.64086915545573
2026-03-16 12:00:00,25580.035,58.47262382468432
2026-03-16 14:00:00,25598.920000000002,40.926158461079694
2026-03-16 16:00:00,25616.409999999996,21.90284857734042
2026-03-16 18:00:00,25628.5,12.901802646419924
2026-03-16 20:00:00,25643.370000000003,4.3382323387012605
2026-03-16 21:00:00,25662.504999999997,-4.086523500588925
2026-03-16 23:00:00,25684.004999999997,-9.861959106946983
2026-03-17 01:00:00,25712.16,27.757577385806968
2026-03-17 03:00:00,25732.614999999998,35.18625031440928
2026-03-17 05:00:00,25750.379999999997,-1.9204198439948073
2026-03-17 07:00:00,25771.635000000002,-20.214805007861344
2026-03-17 09:00:00,25795.335,-19.481762543257645
2026-03-17 11:00:00,25824.81,-7.720202413600248
2026-03-17 13:00:00,25849.495000000003,-8.307851445202573
2026-03-17 15:00:00,25867.045000000002,-27.275535987559053
2026-03-17 17:00:00,25874.875,-28.45275498554591
2026-03-17 19:00:00,25878.66,-30.515377196513214
2026-03-17 21:00:00,25881.19,-30.397823334318005
2026-03-17 23:00:00,25892.245000000003,-20.818321957691467
2026-03-18 01:00:00,25893.05,-27.01539939091296
2026-03-18 03:00:00,25886.739999999998,-28.656152611458594
2026-03-18 05:00:00,25897.295000000002,17.987303736960214
2026-03-18 07:00:00,25903.805,16.03858912512954
2026-03-18 09:00:00,25910.145,15.599834796922629
2026-03-18 11:00:00,25902.579999999998,-36.11808976721351
2026-03-18 13:00:00,25890.915,-68.77684650201059
2026-03-18 15:00:00,25878.41,-75.80469924704676
2026-03-18 17:00:00,25847.345,-89.84484611668358
2026-03-18 19:00:00,25813.254999999997,-93.13339277333762
2026-03-18 21:00:00,25788.38,-79.66026852264258
2026-03-18 23:00:00,25766.684999999998,-49.54460273507965
2026-03-19 01:00:00,25749.665,-2.9638063653272013
2026-03-19 03:00:00,25726.68,10.415421936262192
2026-03-19 05:00:00,25702.260000000002,8.396893226435793
2026-03-19 07:00:00,25680.83,1.9409778353533227
2026-03-19 09:00:00,25655.840000000004,-5.465236503481435
2026-03-19 11:00:00,25622.614999999998,-36.719685622049326
2026-03-19 13:00:00,25593.455,-28.868749687536905
2026-03-19 15:00:00,25559.785,-26.86002468166501
2026-03-19 17:00:00,25533.2,-6.113816128729013
2026-03-19 19:00:00,25510.36,17.836046107868867
2026-03-19 21:00:00,25475.495000000003,31.48498246998662
2026-03-19 23:00:00,25444.81,32.58724069020889
2026-03-20 01:00:00,25412.105,28.206027275863192
2026-03-20 03:00:00,25392.325,21.23565114620979
2026-03-20 05:00:00,25371.305,-2.1195033362428717
2026-03-20 07:00:00,25350.954999999998,-9.776471762249173
2026-03-20 09:00:00,25333.965,-19.797048173609966
2026-03-20 11:00:00,25322.315000000002,-11.572379594633446
2026-03-20 13:00:00,25296.920000000002,-51.129550560198766
2026-03-20 15:00:00,25266.665,-62.686096236565334
2026-03-20 17:00:00,25221.815000000002,-80.23257877945247
2026-03-20 19:00:00,25183.295000000002,-58.67644754101269
2026-03-22 22:00:00,25144.19,-47.09341307187901
2026-03-23 00:00:00,25101.109999999997,-50.81402661838683
2026-03-23 02:00:00,25050.79,-71.05182518918411
2026-03-23 04:00:00,25006.645,-73.23603812129028
2026-03-23 06:00:00,24961.260000000002,-48.38657781729188
2026-03-23 08:00:00,24915.36,-34.15624513737606
2026-03-23 10:00:00,24887.9,59.94180090683682
2026-03-23 12:00:00,24871.435,145.6470406076994
2026-03-23 14:00:00,24847.31,142.45064936836377
2026-03-23 16:00:00,24829.81,144.7979309202334
2026-03-23 18:00:00,24810.71,119.82379859753482
2026-03-23 20:00:00,24792.9,95.39076529115307
2026-03-23 21:00:00,24783.045000000002,80.54699312751114
2026-03-23 23:00:00,24767.025,41.84067112204021
2026-03-24 01:00:00,24745.945,-7.611254211952527
2026-03-24 03:00:00,24727.415,-10.614418647475674
2026-03-24 05:00:00,24731.644999999997,20.888474499720722
2026-03-24 07:00:00,24736.425,27.279001031260975
2026-03-24 09:00:00,24750.409999999996,32.10276218144338
2026-03-24 11:00:00,24753.525,5.000784527864884
2026-03-24 13:00:00,24766.2,15.157758780292932
2026-03-24 15:00:00,24787.35,25.354078079015892
2026-03-24 17:00:00,24815.989999999998,19.28712435265489
2026-03-24 19:00:00,24852.34,29.29892262451037
2026-03-24 21:00:00,24889.629999999997,39.740469637119816
2026-03-24 23:00:00,24931.1,41.06561639934099
2026-03-25 01:00:00,24952.315000000002,40.56870911562157
2026-03-25 03:00:00,24955.685,20.314708844736813
2026-03-25 05:00:00,24969.94,21.186031927500196
2026-03-25 07:00:00,24985.245,39.56177378496797
2026-03-25 09:00:00,25002.325,36.57223970930744
2026-03-25 11:00:00,25018.6,25.264044050628513
2026-03-25 13:00:00,25033.785,17.62832297453079
2026-03-25 15:00:00,25055.424999999996,8.987966986321766
2026-03-25 17:00:00,25083.394999999997,-5.535503454606101
2026-03-25 19:00:00,25107.825,-10.451751611603953
2026-03-25 21:00:00,25122.125,-18.22975498305283
2026-03-25 23:00:00,25137.56,-21.89586466215775
2026-03-26 01:00:00,25137.1,-71.48000317511473
2026-03-26 03:00:00,25143.105,-85.95008208234265
2026-03-26 05:00:00,25138.72,-94.3396799247793
2026-03-26 07:00:00,25128.190000000002,-97.33760311460169
2026-03-26 09:00:00,25119.575,-83.88165723889321
2026-03-26 11:00:00,25103.99,-73.255486640987
2026-03-26 13:00:00,25091.64,-34.28075729827506
2026-03-26 15:00:00,25073.675,-26.738154637418972
2026-03-26 17:00:00,25053.59,-18.547929509265742
2026-03-26 19:00:00,25034.609999999997,-18.832918220761883
2026-03-26 21:00:00,25012.829999999998,-9.28143289795733
2026-03-26 23:00:00,24983.105000000003,-5.447409660139954
2026-03-27 01:00:00,24962.255,27.496278830139886
2026-03-27 03:00:00,24948.525,61.685479704633735
2026-03-27 05:00:00,24934.41,70.89077203101942
2026-03-27 07:00:00,24911.065000000002,34.19342887117547
2026-03-27 09:00:00,24884.02,-4.039513421086653
2026-03-27 11:00:00,24857.145,-14.218688413914293
2026-03-27 13:00:00,24833.15,-9.62995320448357
2026-03-27 15:00:00,24807.55,-10.900353513403644
2026-03-27 17:00:00,24792.115,-22.382218319040035
2026-03-27 19:00:00,24775.785,-27.869009413803425
2026-03-29 22:00:00,24759.670000000002,-37.22838173807861
2026-03-30 00:00:00,24748.135,-30.70353344496658
2026-03-30 02:00:00,24745.065000000002,7.908696917342809
2026-03-30 04:00:00,24742.43,18.21218989713492
2026-03-30 06:00:00,24737.13,35.078153262269225
2026-03-30 08:00:00,24736.894999999997,40.62103156780459
2026-03-30 10:00:00,24738.69,44.40016589365959
2026-03-30 12:00:00,24740.18,30.834811668594497
2026-03-30 14:00:00,24746.535,42.647583594925734
2026-03-30 16:00:00,24747.98,20.927751665909355
2026-03-30 18:00:00,24740.379999999997,6.257017224677774
2026-03-30 20:00:00,24725.835,-1.9393398858713944
2026-03-30 21:00:00,24710.765,-4.323325008062589
2026-03-30 23:00:00,24707.05,2.966578139203449
2026-03-31 01:00:00,24705.89,-4.688375933262986
2026-03-31 03:00:00,24699.53,-20.741027026090286
2026-03-31 05:00:00,24695.965000000004,-8.737723942614764
2026-03-31 07:00:00,24696.37,5.7900865937301305
2026-03-31 09:00:00,24700.359999999997,9.791516720040946
2026-03-31 11:00:00,24711.835,30.46745891003723
2026-03-31 13:00:00,24729.53,43.027316509579535
2026-03-31 15:00:00,24758.394999999997,82.78275568140147
2026-03-31 17:00:00,24781.91,96.98915804866353
2026-03-31 19:00:00,24811.155,99.90622909190387
2026-03-31 21:00:00,24836.325,83.2217245763369
2026-03-31 23:00:00,24861.280000000002,62.14011942287112
2026-04-01 01:00:00,24887.055,49.359252197330875
2026-04-01 03:00:00,24914.11,27.299332930566607
2026-04-01 05:00:00,24939.765,26.028514489661404
2026-04-01 07:00:00,24966.5,-0.1358745610979213
2026-04-01 09:00:00,24996.695,-6.744373875521092
2026-04-01 11:00:00,25024.61,-22.431748663754433
2026-04-01 13:00:00,25059.45,-5.953900397955778
2026-04-01 15:00:00,25094.204999999998,4.31677852145333
2026-04-01 17:00:00,25124.370000000003,-22.719059215361654
2026-04-01 19:00:00,25160.185,-29.347926856087497
2026-04-01 21:00:00,25191.215,-33.074459100568845
2026-04-01 23:00:00,25221.940000000002,-26.786140009349282
2026-04-02 01:00:00,25236.945,-79.17647408417997
2026-04-02 03:00:00,25243.510000000002,-100.80410045486073
2026-04-02 05:00:00,25248.114999999998,-95.34554119685549
2026-04-02 07:00:00,25244.395,-67.79564053725471
2026-04-02 09:00:00,25235.190000000002,-55.118973069092746
2026-04-02 11:00:00,25219.96,-49.675635234086364
2026-04-02 13:00:00,25220.04,11.681711743204314
2026-04-02 15:00:00,25214.45,17.168253835645125
2026-04-02 17:00:00,25209.505,27.951906151340594
2026-04-02 19:00:00,25208.144999999997,35.03459517812401
2026-04-02 21:00:00,25201.97,32.17637355105661
2026-04-02 23:00:00,25200.895,25.892935537012136
2026-04-03 01:00:00,25193.11,4.485695165079505
2026-04-03 03:00:00,25187.81,-6.7378283010502855
2026-04-03 05:00:00,25175.05,-12.676256564585863
2026-04-03 07:00:00,25160.345,-13.680376223250889
2026-04-03 09:00:00,25153.16,-13.269134997692575
2026-04-03 11:00:00,25144.095,-12.77058303191519
2026-04-03 13:00:00,25135.69,-10.19950016746688
2026-04-05 22:00:00,25123.46,-14.39788247730824
2026-04-06 00:00:00,25130.120000000003,-5.08484552750253
2026-04-06 02:00:00,25138.815,-2.615301382450113
2026-04-06 04:00:00,25147.7,0.8640324744661809
2026-04-06 06:00:00,25155.03,9.236162896575864
2026-04-06 08:00:00,25165.195,12.815916011480066
2026-04-06 10:00:00,25176.925,9.697328701507981
2026-04-06 12:00:00,25179.894999999997,28.149667162250484
2026-04-06 14:00:00,25183.525,14.94016815290199
2026-04-06 16:00:00,25182.06,0.020012019127179315
2026-04-06 18:00:00,25181.565,3.232429392035314
2026-04-06 20:00:00,25180.95,2.568949359728464
2026-04-06 21:00:00,25180.135,0.6291200602361329
2026-04-06 23:00:00,25183.799999999996,0.031882326604176114
2026-04-07 01:00:00,25185.075,-10.098983147995362
2026-04-07 03:00:00,25187.795000000002,-10.052843796529956
2026-04-07 05:00:00,25190.195,-9.991621483757939
2026-04-07 07:00:00,25195.265,-0.4972810144999116
2026-04-07 09:00:00,25196.159999999996,-12.456930591833284
2026-04-07 11:00:00,25197.269999999997,-14.365473748909467
2026-04-07 13:00:00,25193.96,-34.92988172998888
2026-04-07 15:00:00,25189.805,-32.08366316528993
2026-04-07 17:00:00,25185.14,-29.704042705181458
2026-04-07 19:00:00,25190.375,12.135866522986738
2026-04-07 21:00:00,25210.82,87.12688290897339
2026-04-07 23:00:00,25230.77,104.88096751808085
2026-04-08 01:00:00,25262.015,131.8822903223717
2026-04-08 03:00:00,25288.475,126.60124265976987
2026-04-08 05:00:00,25322.43,112.15457777659802
2026-04-08 07:00:00,25360.73,93.80611031778807
2026-04-08 09:00:00,25395.975,67.08867972095453
2026-04-08 11:00:00,25434.71,51.80199621642862
2026-04-08 13:00:00,25465.670000000002,4.709735650292487
2026-04-08 15:00:00,25502.315000000002,-1.0219181208305486
2026-04-08 17:00:00,25534.665,-33.234177375796946
2026-04-08 19:00:00,25568.04,-40.62785952404545
2026-04-08 21:00:00,25601.31,-44.52058306402972
2026-04-08 23:00:00,25630.995,-48.577897232729185
2026-04-09 01:00:00,25663.895,-52.398870479015585
2026-04-09 03:00:00,25695.045000000002,-55.08565757195794
2026-04-09 05:00:00,25733.685,-48.035675660514755
2026-04-09 07:00:00,25765.375,-59.194660455260475
2026-04-09 09:00:00,25796.504999999997,-63.78213242890044
2026-04-09 11:00:00,25819.905,-49.231127723962175
2026-04-09 13:00:00,25823.885,-45.34242277704338
2026-04-09 15:00:00,25838.909999999996,-1.0482131267530121
2026-04-09 17:00:00,25842.53,12.848653573397087
2026-04-09 19:00:00,25845.915,19.308188230107135
2026-04-09 21:00:00,25845.69,14.467618481012607
2026-04-09 23:00:00,25843.53,10.015228695803842
2026-04-10 01:00:00,25841.915,6.1295742603349765
2026-04-10 03:00:00,25836.215,-1.2848848936854012
2026-04-10 05:00:00,25837.695,-8.819446064607504
2026-04-10 07:00:00,25833.315,-12.20749365297722
2026-04-10 09:00:00,25839.425,-1.690951885642292
2026-04-10 11:00:00,25845.66,8.29849612882785
2026-04-10 13:00:00,25851.170000000002,5.540767967982504
2026-04-10 15:00:00,25856.415,-3.0675913522563576
2026-04-10 17:00:00,25862.44,-9.927408756721576
2026-04-10 19:00:00,25870.125,-11.945565335632438
2026-04-12 22:00:00,25866.28,-48.265824933319166
2026-04-13 00:00:00,25860.954999999998,-80.19968031568061
2026-04-13 02:00:00,25856.815,-83.98291497879643
2026-04-13 04:00:00,25849.675,-74.02659666092579
2026-04-13 06:00:00,25848.345,-45.94833194695089
2026-04-13 08:00:00,25835.04,-29.96860348235589
2026-04-13 10:00:00,25819.655,-27.736024764649372
2026-04-13 12:00:00,25811.135,6.512955651456608
2026-04-13 14:00:00,25805.22,27.155454518832485
2026-04-13 16:00:00,25803.760000000002,49.753602534893105
2026-04-13 18:00:00,25805.445,64.81285345975172
2026-04-13 20:00:00,25808.28,62.943154131956646
2026-04-13 21:00:00,25812.390000000003,54.528601148720746
2026-04-13 23:00:00,25815.2,38.407773157835265
2026-04-14 01:00:00,25808.275,3.9086981782352623
2026-04-14 03:00:00,25797.034999999996,-19.33892619438815
2026-04-14 05:00:00,25793.135000000002,-5.58981407415537
2026-04-14 07:00:00,25791.17,1.9344968468214176
2026-04-14 09:00:00,25788.905,1.0260022971343474
2026-04-14 11:00:00,25790.155,12.866599563310402
2026-04-14 13:00:00,25812.41,51.21830498395224
2026-04-14 15:00:00,25839.665,52.487411210406165
2026-04-14 17:00:00,25867.665,44.38876548487917
2026-04-14 19:00:00,25898.46,41.17589854699969
2026-04-14 21:00:00,25925.67,31.569529226245663
2026-04-14 23:00:00,25952.420000000002,15.303763622148438
2026-04-15 01:00:00,25978.415,-9.187957280696509
2026-04-15 03:00:00,25995.265,-24.357444352006496
2026-04-15 05:00:00,26007.335,-40.07645323119627
2026-04-15 07:00:00,26011.68,-52.69355991039711
2026-04-15 09:00:00,26010.954999999998,-57.31001976005605
2026-04-15 11:00:00,26012.27,-44.26989084883703
2026-04-15 13:00:00,26017.309999999998,-19.075027237790984
2026-04-15 15:00:00,26024.109999999997,-4.887090024678464
2026-04-15 17:00:00,26039.010000000002,7.209904370495934
2026-04-15 19:00:00,26055.010000000002,6.510111890886812
2026-04-15 21:00:00,26066.265,9.461093687113348
2026-04-15 23:00:00,26077.715,10.836087286908409
2026-04-16 01:00:00,26095.82,28.588359417364387
2026-04-16 03:00:00,26112.4,38.3554382472816
2026-04-16 05:00:00,26121.69,46.501277275644455
2026-04-16 07:00:00,26131.425,36.8966885156957
2026-04-16 09:00:00,26139.129999999997,19.10714921356498
2026-04-16 11:00:00,26144.420000000002,6.996561987481812
2026-04-16 13:00:00,26144.875,-17.870665234271172
2026-04-16 15:00:00,26148.655,-21.470415462762503
2026-04-16 17:00:00,26154.535,-27.553028383358352
2026-04-16 19:00:00,26162.3,-25.210170886753787
2026-04-16 21:00:00,26174.045000000002,-19.159585411770593
2026-04-16 23:00:00,26189.155000000002,-13.704977925685668
2026-04-17 01:00:00,26196.21,-43.7685780704104
2026-04-17 03:00:00,26200.2,-53.38794048648674
2026-04-17 05:00:00,26201.225,-45.996700231323764
2026-04-17 07:00:00,26206.58,-19.863113445282888
2026-04-17 09:00:00,26211.18,-2.60794741509401
2026-04-17 11:00:00,26228.9,45.83615817595502
2026-04-17 13:00:00,26251.079999999998,78.89294022595429
2026-04-17 15:00:00,26273.105,81.81767300205786
2026-04-17 17:00:00,26285.23,55.256281886337774
2026-04-17 19:00:00,26294.760000000002,33.07910803791597
2026-04-19 22:00:00,26287.090000000004,-30.88973011635781
2026-04-20 00:00:00,26282.25,-49.47087517611965
2026-04-20 02:00:00,26286.590000000004,-26.582279981784964
2026-04-20 04:00:00,26286.97,-28.08664466886802
2026-04-20 06:00:00,26295.120000000003,-15.8234985008974
2026-04-20 08:00:00,26301.045000000002,-10.994621267212892
2026-04-20 10:00:00,26310.78,-1.1054124143107344
2026-04-20 12:00:00,26322.589999999997,11.825546691898367
2026-04-20 14:00:00,26331.090000000004,5.990284949064673
2026-04-20 16:00:00,26340.555,6.466395547472928
2026-04-20 18:00:00,26360.010000000002,5.663750561767557
2026-04-20 20:00:00,26380.805,5.105558107324683
2026-04-20 21:00:00,26401.375,6.103924927402062
2026-04-20 23:00:00,26416.23,1.2188616988340897
2026-04-21 01:00:00,26427.090000000004,-12.440367590833148
2026-04-21 03:00:00,26424.945,-21.095431969537913
2026-04-21 05:00:00,26420.15,-11.610056671884195
2026-04-21 07:00:00,26415.129999999997,-6.012717433404163
2026-04-21 09:00:00,26414.385000000002,-3.3877523868985975
2026-04-21 11:00:00,26410.22,-15.5483481490961
2026-04-21 13:00:00,26412.52,-44.6100417122462
2026-04-21 15:00:00,26411.045000000002,-58.0357853793291
2026-04-21 17:00:00,26400.915,-59.55726389486561
2026-04-21 19:00:00,26396.225,-45.584493470798094
2026-04-21 21:00:00,26390.095,-27.10085684705073
2026-04-21 23:00:00,26387.15,-4.8445654213556395
2026-04-22 01:00:00,26371.29,-30.55771808388215
2026-04-22 03:00:00,26352.609999999997,-35.04738359160629
2026-04-22 05:00:00,26340.565000000002,-15.587484307417924
2026-04-22 07:00:00,26324.805,-11.167343087434915
2026-04-22 09:00:00,26308.640000000003,-5.891504813896745
2026-04-22 11:00:00,26291.51,-2.1945066024574373
2026-04-22 13:00:00,26275.704999999998,9.584211386989324
2026-04-22 15:00:00,26259.48,10.594554437437125
2026-04-22 17:00:00,26246.685000000005,13.052313014658736
2026-04-22 19:00:00,26234.2,11.48136848468451
2026-04-22 21:00:00,26217.875,8.849286684450846
2026-04-22 23:00:00,26201.605,9.353628088888115
2026-04-23 01:00:00,26173.525,-30.188005875385784
2026-04-23 03:00:00,26148.079999999998,-43.98443500573731
2026-04-23 05:00:00,26131.04,-37.84673112540008
2026-04-23 07:00:00,26114.015,-34.81719690598234
2026-04-23 09:00:00,26098.575,-24.795158657059886
2026-04-23 11:00:00,26085.35,-1.1144819308586875
2026-04-23 13:00:00,26071.295,14.123097568800489
2026-04-23 15:00:00,26052.004999999997,12.87836411173285
2026-04-23 17:00:00,26036.415,-10.835334450157205
2026-04-23 19:00:00,26020.245000000003,-17.95537587554628
2026-04-23 21:00:00,26001.885000000002,-8.293437620088781
2026-04-23 23:00:00,25985.879999999997,0.28794945552695594
2026-04-24 01:00:00,25967.25,-2.2762872840177977
2026-04-24 03:00:00,25952.329999999998,11.423393657874726
2026-04-24 05:00:00,25940.7,37.51922912147461
2026-04-24 07:00:00,25928.905,40.48572257685571
2026-04-24 09:00:00,25917.555,41.37422861589475
2026-04-24 11:00:00,25907.79,40.67109168686318
2026-04-24 13:00:00,25899.965,40.74473572910567
2026-04-24 15:00:00,25894.08,44.04307038822052
2026-04-24 17:00:00,25899.445,38.4582459876506
2026-04-24 19:00:00,25906.945,34.72036290295093
2026-04-26 22:00:00,25910.655,18.721598046446783
2026-04-27 00:00:00,25919.945,21.173560364878043
2026-04-27 02:00:00,25927.519999999997,14.127898620223554
2026-04-27 04:00:00,25925.415,-11.10782811579441
2026-04-27 06:00:00,25926.095,-8.044477389907803
2026-04-27 08:00:00,25926.815,-13.815970824522541
2026-04-27 10:00:00,25934.405,-14.6826878530801
2026-04-27 12:00:00,25942.325,-13.371232703608866
2026-04-27 14:00:00,25945.025,-21.430471915611434
2026-04-27 16:00:00,25946.920000000002,-23.51839310052418
2026-04-27 18:00:00,25951.13,-21.43848250300725
2026-04-27 20:00:00,25952.04,-16.519803290947067
2026-04-27 21:00:00,25948.754999999997,-6.257849290986705
2026-04-27 23:00:00,25946.329999999998,-2.0618626319614535
2026-04-28 01:00:00,25937.91,-16.194391724526483
2026-04-28 03:00:00,25928.14,-20.03052226818562
2026-04-28 05:00:00,25913.29,-29.990824847251844
2026-04-28 07:00:00,25895.675,-29.580565793907084
2026-04-28 09:00:00,25878.95,-21.577203148744246
2026-04-28 11:00:00,25860.17,-16.497011353255232
2026-04-28 13:00:00,25849.844999999998,9.45345010074574
2026-04-28 15:00:00,25835.89,20.11469487773512
2026-04-28 17:00:00,25823.204999999998,23.004672504440123
2026-04-28 19:00:00,25815.855000000003,20.79076025616982
2026-04-28 21:00:00,25805.655,20.644019238375435
2026-04-28 23:00:00,25798.04,19.703045717395213
2026-04-29 01:00:00,25798.575,45.00284436723581
2026-04-29 03:00:00,25800.1,52.44330663062371
2026-04-29 05:00:00,25807.96,59.11300554650671
2026-04-29 07:00:00,25816.019999999997,51.47933242993853
2026-04-29 09:00:00,25825.025,42.40746489451918
2026-04-29 11:00:00,25830.865,20.897827710402368
2026-04-29 13:00:00,25830.685,-7.7763132234401695
2026-04-29 15:00:00,25829.765000000003,-23.926176130684773
2026-04-29 17:00:00,25832.455,-32.76288356074201
2026-04-29 19:00:00,25832.395,-43.154989514079716
2026-04-29 21:00:00,25840.225,-27.007252205850822
2026-04-29 23:00:00,25849.54,-12.804744004271928
2026-04-30 01:00:00,25850.9,-30.4826536876717
2026-04-30 03:00:00,25852.725,-34.68409277426205
2026-04-30 05:00:00,25853.629999999997,-14.518188733560635
2026-04-30 07:00:00,25849.585,-20.939205289852566
2026-04-30 09:00:00,25852.995000000003,5.476737966599941
2026-04-30 11:00:00,25858.96,23.4279487246379
2026-04-30 13:00:00,25870.08,48.00389716186042
2026-04-30 15:00:00,25881.89,54.56439592392469
2026-04-30 17:00:00,25888.785,59.750241187806495
2026-04-30 19:00:00,25897.64,62.04811227574206
2026-04-30 21:00:00,25903.485,53.390986088324496
2026-04-30 23:00:00,25910.11,41.48548631014239
2026-05-01 01:00:00,25915.484999999997,26.44311540001678
2026-05-01 03:00:00,25924.254999999997,15.150380179965737
2026-05-01 05:00:00,25936.03,0.5654110426908687
2026-05-01 07:00:00,25948.745,-9.084927015407004
2026-05-01 09:00:00,25963.269999999997,-12.632675622189907
2026-05-01 11:00:00,25981.42,-12.967871275121823
2026-05-01 13:00:00,25998.170000000002,-3.7058982172886488
2026-05-01 15:00:00,26012.94,-4.521562301749782
2026-05-01 17:00:00,26033.774999999998,-10.938412122052199
2026-05-01 19:00:00,26054.095,-17.39656156844427
2026-05-03 22:00:00,26074.38,-3.211952723345405
2026-05-04 00:00:00,26102.64,11.01475868883118
2026-05-04 02:00:00,26120.94,4.413710020019664
2026-05-04 04:00:00,26135.225,-7.537153747408681
2026-05-04 06:00:00,26140.374999999996,-24.480233642524468
2026-05-04 08:00:00,26143.155,-34.42428603567102
2026-05-04 10:00:00,26138.98,-47.99717178938789
2026-05-04 12:00:00,26134.405,-39.326021403825024
2026-05-04 14:00:00,26126.454999999998,-41.52982657779738
2026-05-04 16:00:00,26118.62,-35.14391681435578
2026-05-04 18:00:00,26110.07,-31.878607325855324
2026-05-04 20:00:00,26100.7,-27.377575334580555
2026-05-04 21:00:00,26093.215,-19.883597090178668
2026-05-04 23:00:00,26086.355,-12.217418956160742
2026-05-05 01:00:00,26070.015,-37.43877940863703
2026-05-05 03:00:00,26051.230000000003,-48.03107956241067
2026-05-05 05:00:00,26033.805,-29.54393461777164
2026-05-05 07:00:00,26020.870000000003,-3.560415012590852
2026-05-05 09:00:00,26010.4,13.206579510796871
2026-05-05 11:00:00,26001.465,21.694610868930766
2026-05-05 13:00:00,25984.67,12.820408245107785
2026-05-05 15:00:00,25966.34,13.233844982188089
2026-05-05 17:00:00,25952.915,20.617746845855976
2026-05-05 19:00:00,25940.260000000002,17.748984158653066
2026-05-05 21:00:00,25932.835,21.588700814028968
2026-05-05 23:00:00,25926.45,19.489469815461568
2026-05-06 01:00:00,25930.275,38.20329838758418
2026-05-06 03:00:00,25931.935,41.452925893721186
2026-05-06 05:00:00,25939.575,46.30102994118065
2026-05-06 07:00:00,25954.940000000002,69.04663890518037
2026-05-06 09:00:00,25979.315,93.61582261021283
2026-05-06 11:00:00,25998.675,69.33235368254364
2026-05-06 13:00:00,26025.120000000003,72.21605818836233
2026-05-06 15:00:00,26050.305,56.54237201059283
2026-05-06 17:00:00,26086.045000000002,43.49394686016544
2026-05-06 19:00:00,26126.695,37.884340598710764
2026-05-06 21:00:00,26162.04,22.02295888868008
2026-05-06 23:00:00,26193.445,6.738802038907124
2026-05-07 01:00:00,26227.775,8.777710639558165
2026-05-07 03:00:00,26262.514999999996,7.00523449465453
2026-05-07 05:00:00,26299.725,-1.6374947085265035
2026-05-07 07:00:00,26333.725,-16.017046609439035
2026-05-07 09:00:00,26363.125,-31.942735780144716
2026-05-07 11:00:00,26395.46,-32.01829791895679
2026-05-07 13:00:00,26422.140000000003,-44.02455277734231
2026-05-07 15:00:00,26445.409999999996,-59.078178278203325
2026-05-07 17:00:00,26460.275,-66.65559847176584
2026-05-07 19:00:00,26471.895,-72.81139818231334
2026-05-07 21:00:00,26480.73,-66.52533655571088
2026-05-07 23:00:00,26485.585,-41.22327806512229
2026-05-08 01:00:00,26476.7,-46.43526971815135
2026-05-08 03:00:00,26474.5,-38.41337486754382
2026-05-08 05:00:00,26472.055,-5.218251687175508
2026-05-08 07:00:00,26465.934999999998,-6.867435195274206
2026-05-08 09:00:00,26459.85,-1.3851927735705347
2026-05-08 11:00:00,26452.085,5.212395940739897
2026-05-08 13:00:00,26441.165,-7.5732186102420265
2026-05-08 15:00:00,26429.829999999998,-14.354261287349017
2026-05-08 17:00:00,26415.329999999998,-12.042556641858111
2026-05-08 19:00:00,26400.55,-6.91721567881789
2026-05-10 22:00:00,26384.51,-10.17784939484574
2026-05-11 00:00:00,26370.204999999998,-10.266843470081351
2026-05-11 02:00:00,26359.579999999998,-3.723201258934168
2026-05-11 04:00:00,26348.99,6.0584565540603705
2026-05-11 06:00:00,26344.49,17.678388807338763
2026-05-11 08:00:00,26344.095,21.15319230865987
2026-05-11 10:00:00,26346.315000000002,21.54089297300948
2026-05-11 12:00:00,26358.534999999996,42.35327106948671
2026-05-11 14:00:00,26370.785000000003,44.41539974743834
2026-05-11 16:00:00,26376.4,29.575959541953523
2026-05-11 18:00:00,26387.855,17.364034016356186
2026-05-11 20:00:00,26397.909999999996,7.702188871552067
2026-05-11 21:00:00,26401.535000000003,3.809173101691698
2026-05-11 23:00:00,26407.995000000003,-5.901997326430873
2026-05-12 01:00:00,26417.534999999996,5.4271781514971025
2026-05-12 03:00:00,26420.545000000002,-10.184557120883909
2026-05-12 05:00:00,26422.940000000002,-33.10893905363672
2026-05-12 07:00:00,26424.105,-45.487881736704054
2026-05-12 09:00:00,26426.635,-36.959892869913446
2026-05-12 11:00:00,26431.21,-19.136888648187544
2026-05-12 13:00:00,26429.77,-36.33690533316303
2026-05-12 15:00:00,26426.95,-43.198185390308026
2026-05-12 17:00:00,26428.039999999997,-21.1355397679866
2026-05-12 19:00:00,26427.095,-9.120595027689781
2026-05-12 21:00:00,26423.855,-1.8015742864935618
2026-05-12 23:00:00,26419.829999999998,0.645428247261151
2026-05-13 01:00:00,26410.99,-12.105016614524644
2026-05-13 03:00:00,26403.265000000003,13.070906936329564
2026-05-13 05:00:00,26393.9,16.874215756463144
2026-05-13 07:00:00,26385.440000000002,11.383370963153368
2026-05-13 09:00:00,26372.370000000003,-8.416519838041609
2026-05-13 11:00:00,26355.425,-28.778970852226323
2026-05-13 13:00:00,26369.590000000004,76.82385802991156
2026-05-13 15:00:00,26388.45,119.07849448467483
2026-05-13 17:00:00,26403.140000000003,119.84492110414205
2026-05-13 19:00:00,26423.5,102.21555075156203
2026-05-13 21:00:00,26448.495000000003,76.57323587406324
2026-05-13 23:00:00,26476.9,56.458483217479824
2026-05-14 01:00:00,26486.71,-19.7860532121951
2026-05-14 03:00:00,26491.284999999996,-60.49457638197009
2026-05-14 05:00:00,26499.72,-85.50850034881023
2026-05-14 07:00:00,26506.075,-98.12852714021635
2026-05-14 09:00:00,26507.98,-87.77781848704804
2026-05-14 11:00:00,26509.120000000003,-75.0475280157361
2026-05-14 13:00:00,26510.96,-56.44670320874804
2026-05-14 15:00:00,26513.82,-38.461106353875536
2026-05-14 17:00:00,26519.890000000003,-28.3629025065284
2026-05-14 19:00:00,26517.085,-21.83650572977605
2026-05-14 21:00:00,26516.065000000002,-14.255057490320425
2026-05-14 23:00:00,26515.9,-10.229054484799335
2026-05-15 01:00:00,26509.625,-43.16778966592824
2026-05-15 03:00:00,26506.504999999997,-52.08243207110884
2026-05-15 05:00:00,26462.745000000003,-76.13564023522596
2026-05-15 07:00:00,26412.284999999996,-85.24535247971482
2026-05-15 09:00:00,26366.72,-54.87302827310856
2026-05-15 11:00:00,26315.49,-48.588898370663344
2026-05-15 13:00:00,26260.765000000003,-47.41993630215114
2026-05-15 15:00:00,26202.43,-42.76362786519189
2026-05-15 17:00:00,26162.870000000003,-21.295362076761023
2026-05-15 19:00:00,26119.63,-25.32018349735324
2026-05-17 22:00:00,26080.475,-17.771723194744993
2026-05-18 00:00:00,26042.205,-15.770566988172845
2026-05-18 02:00:00,26003.125,-6.7823995434230255
2026-05-18 04:00:00,25964.4,1.5165379219711212
2026-05-18 06:00:00,25926.975,17.647257320332187
2026-05-18 08:00:00,25891.46,35.778455741689186
2026-05-18 10:00:00,25859.425,51.80721112200524
2026-05-18 12:00:00,25829.370000000003,59.96234839499505
2026-05-18 14:00:00,25795.94,48.164209162111035
2026-05-18 16:00:00,25764.245000000003,43.94424843790114
2026-05-18 18:00:00,25740.405,28.98537875890281
2026-05-18 20:00:00,25717.06,20.41837041284765
2026-05-18 21:00:00,25704.57,24.22768783988397
2026-05-18 23:00:00,25692.954999999998,15.24279631827548
2026-05-19 01:00:00,25681.575,31.295326420722688
2026-05-19 03:00:00,25675.504999999997,36.02826592309799
2026-05-19 05:00:00,25676.935,47.87378161123347
2026-05-19 07:00:00,25677.675,37.85738369771332
2026-05-19 09:00:00,25675.175,26.978161236783848
2026-05-19 11:00:00,25676.62,12.206229735881067
2026-05-19 13:00:00,25674.465,-6.684790894416793
2026-05-19 15:00:00,25678.7,0.33970867527000337
2026-05-19 17:00:00,25680.995000000003,-2.08716980427576
2026-05-19 19:00:00,25683.745000000003,-2.1407324069563742
2026-05-19 21:00:00,25684.695,0.42938412491068334
2026-05-19 23:00:00,25683.45,3.6304000866207247
2026-05-20 01:00:00,25674.685,-11.593921548277962
2026-05-20 03:00:00,25668.235,-2.6815663908311933
2026-05-20 05:00:00,25665.315000000002,3.9891820550497243
2026-05-20 07:00:00,25661.2,7.044639665115966
2026-05-20 09:00:00,25662.825,17.736666684111114
2026-05-20 11:00:00,25665.165,21.54881511867483
2026-05-20 13:00:00,25666.815000000002,25.680711326241635
2026-05-20 15:00:00,25674.715,35.73931647610486
2026-05-20 17:00:00,25678.585,40.428232952522904
2026-05-20 19:00:00,25679.57,26.8104411436651
2026-05-20 21:00:00,25675.620000000003,13.175299094756976
2026-05-20 23:00:00,25675.525,8.803313492123017
2026-05-21 01:00:00,25671.43,-11.088740903899573
2026-05-21 03:00:00,25670.22,-15.713356295188795
2026-05-21 05:00:00,25659.125,-61.49037433455869
2026-05-21 07:00:00,25644.734999999997,-69.64017567396404
2026-05-21 09:00:00,25629.359999999997,-71.7361889788243
2026-05-21 11:00:00,25617.395,-49.524935268131145
2026-05-21 13:00:00,25606.575,-26.26511370330985
2026-05-21 15:00:00,25599.440000000002,2.885130118772736
2026-05-21 17:00:00,25601.195,29.79863029345711
2026-05-21 19:00:00,25602.204999999998,48.07373877294489
2026-05-21 21:00:00,25603.265,51.58480123282476
2026-05-21 23:00:00,25603.98,45.045034017562145
2026-05-22 01:00:00,25601.115,33.51117435986032
2026-05-22 03:00:00,25602.195,38.73669933963015
2026-05-22 05:00:00,25598.344999999998,23.285983623702883
2026-05-22 07:00:00,25585.420000000002,-6.156897646472718
2026-05-22 09:00:00,25558.565,-59.64198462061628
2026-05-22 11:00:00,25533.575,-75.7863657025306
2026-05-22 13:00:00,25516.815,-46.11369783639665
2026-05-22 15:00:00,25502.555,-13.749605238475908
2026-05-22 17:00:00,25493.265000000003,3.6978071731124516
2026-05-22 19:00:00,25481.78,6.612702771763395
2026-05-24 22:00:00,25490.97,33.05130149032415
2026-05-25 00:00:00,25503.254999999997,52.2474238845326
2026-05-25 02:00:00,25517.62,50.604055952623405
2026-05-25 04:00:00,25526.96,36.832804800516136
2026-05-25 06:00:00,25534.655000000002,25.208049975034353
2026-05-25 08:00:00,25538.495000000003,16.997351608838642
2026-05-25 10:00:00,25539.239999999998,13.440150940610806
2026-05-25 12:00:00,25538.005,12.4504729212847
2026-05-25 14:00:00,25535.894999999997,8.175454222938392
2026-05-25 16:00:00,25534.535,5.616704849858046
2026-05-25 18:00:00,25534.065,3.128579084514527
2026-05-25 21:00:00,25527.765000000003,-4.5513458936714635
2026-05-25 23:00:00,25523.6,-12.437222082908999
2026-05-26 01:00:00,25531.754999999997,8.109478301948979
2026-05-26 03:00:00,25554.185,21.317377752720297
2026-05-26 05:00:00,25574.92,13.737977090229464
2026-05-26 07:00:00,25582.35,-13.573719053155955
2026-05-26 09:00:00,25586.954999999998,-21.25530946655976
2026-05-26 11:00:00,25590.43,-25.226750977970212
2026-05-26 13:00:00,25594.57,-26.592821515293707
2026-05-26 15:00:00,25591.685,-22.78903027991887
2026-05-26 17:00:00,25585.504999999997,-17.2392737080652
2026-05-26 19:00:00,25581.975,-5.939946639311991
2026-05-26 21:00:00,25580.045000000002,-0.8471941831888543
2026-05-26 23:00:00,25579.565,5.889616572273653
2026-05-27 01:00:00,25571.275,-18.32656926241112
2026-05-27 03:00:00,25560.04,-32.7285850789311
2026-05-27 05:00:00,25544.135,-46.3729682900526
2026-05-27 07:00:00,25528.31,-45.464412629902995
2026-05-27 09:00:00,25508.640000000003,-49.23483105327878
2026-05-27 11:00:00,25488.37,-43.81942735492757
2026-05-27 13:00:00,25475.644999999997,-12.757211465759951
2026-05-27 15:00:00,25462.895,-0.6886150081362814
2026-05-27 17:00:00,25444.065000000002,8.404158735932242
2026-05-27 19:00:00,25423.41,13.481370064311562
2026-05-27 21:00:00,25404.74,13.40865866961991
2026-05-27 23:00:00,25391.93,12.178948508535882
2026-05-28 01:00:00,25354.765,-69.10896521286219
2026-05-28 03:00:00,25315.69,-99.74551374125264
2026-05-28 05:00:00,25290.185,-51.08434972273852
2026-05-28 07:00:00,25262.535,-26.57588003192035
2026-05-28 09:00:00,25231.105000000003,-20.916961045729835
2026-05-28 11:00:00,25201.65,1.7328716537803643
2026-05-28 13:00:00,25177.364999999998,31.99624136776822
2026-05-28 15:00:00,25154.645,53.31069014320178
2026-05-28 17:00:00,25139.335,56.785784009440135
2026-05-28 19:00:00,25126.625,54.345053812624656
2026-05-28 21:00:00,25117.46,46.95721083381872
2026-05-28 23:00:00,25106.565000000002,32.040946541082945
2026-05-29 01:00:00,25099.14,22.801360225839687
2026-05-29 03:00:00,25102.58,52.457091432418835
2026-05-29 05:00:00,25098.620000000003,53.15872622107254
2026-05-29 07:00:00,25088.86,21.78443668760532
2026-05-29 09:00:00,25079.754999999997,10.255737905587097
2026-05-29 11:00:00,25072.315,10.507556195860829
2026-05-29 13:00:00,25071.68,30.389086899291055
2026-05-29 15:00:00,25069.985,29.346267918737084
2026-05-29 17:00:00,25089.7,16.78219141613058
2026-05-29 19:00:00,25110.27,1.9940700252276926
2026-05-31 22:00:00,25119.98,1.5875711897299745
2026-06-01 00:00:00,25138.299999999996,23.639540659126872
2026-06-01 02:00:00,25163.59,40.28538582934654
2026-06-01 04:00:00,25185.239999999998,41.04440433218225
2026-06-01 06:00:00,25203.15,38.43149634857036
2026-06-01 08:00:00,25214.305,16.777011168574973
2026-06-01 10:00:00,25226.469999999998,6.245205744693521
2026-06-01 12:00:00,25229.4,-30.879043142830298
2026-06-01 14:00:00,25236.4,-30.178044269869545
2026-06-01 16:00:00,25249.565,-12.81146457697254
2026-06-01 18:00:00,25260.35,-13.363453352836984
2026-06-01 20:00:00,25260.409999999996,-14.183339769368978
2026-06-01 21:00:00,25260.23,-19.180471296171753
2026-06-01 23:00:00,25265.4,-25.53124434469686
2026-06-02 01:00:00,25294.795000000002,61.86601331726922
2026-06-02 03:00:00,25324.595,95.11186995814833
2026-06-02 05:00:00,25357.48,124.58372077111494
2026-06-02 07:00:00,25396.465,131.6388411197181
2026-06-02 09:00:00,25435.07,102.35567985006219
2026-06-02 11:00:00,25474.23,65.5615830595325
2026-06-02 13:00:00,25513.739999999998,42.93341069103792
2026-06-02 15:00:00,25545.975,19.48224594502642
2026-06-02 17:00:00,25573.010000000002,-5.185295547850842
2026-06-02 19:00:00,25602.155000000002,-12.637901852036634
2026-06-02 21:00:00,25629.329999999998,-22.178977403398164
2026-06-02 23:00:00,25661.144999999997,-26.11209792986574
2026-06-03 01:00:00,25674.655000000002,-89.46268009672411
2026-06-03 03:00:00,25695.41,-112.50228433029449
2026-06-03 05:00:00,25713.525,-105.41280739208287
2026-06-03 07:00:00,25724.775,-99.5448039949982
2026-06-03 09:00:00,25739.635,-80.70963806568238
2026-06-03 11:00:00,25751.835,-73.14852667642012
2026-06-03 13:00:00,25763.855000000003,-66.51515020052153
2026-06-03 15:00:00,25774.469999999998,-65.3756500129218
2026-06-03 17:00:00,25759.065,-57.088302945105596
2026-06-03 19:00:00,25739.659999999996,-50.68728021025797
2026-06-03 21:00:00,25711.05,-39.26637434946737
2026-06-03 23:00:00,25678.79,-23.639781610376076
2026-06-04 01:00:00,25644.855,-26.59557626269921
2026-06-04 03:00:00,25610.09,-29.61214449994509
2026-06-04 05:00:00,25572.74,-25.500706989694493
2026-06-04 07:00:00,25530.205,-37.288837469232504
2026-06-04 09:00:00,25491.76,-25.97861075123032
2026-06-04 11:00:00,25455.309999999998,0.30961512939376234
2026-06-04 13:00:00,25417.805,8.151127375024373
2026-06-04 15:00:00,25380.665,16.95931406483976
2026-06-04 17:00:00,25361.265,21.628200630972913
2026-06-04 19:00:00,25339.555,9.90661131512445
2026-06-04 21:00:00,25318.795000000002,13.506539646446754
2026-06-04 23:00:00,25298.579999999998,7.916104950293175
2026-06-05 01:00:00,25272.83,-8.016348040171266
2026-06-05 03:00:00,25249.355000000003,-13.654346579772891
2026-06-05 05:00:00,25225.43,-19.278378150190434
2026-06-05 07:00:00,25200.525,-30.44465476874342
2026-06-05 09:00:00,25183.734999999997,-1.8994476695730782
2026-06-05 11:00:00,25162.43,-8.475760694893694
2026-06-05 13:00:00,25134.489999999998,-29.390192385601864
2026-06-05 15:00:00,25098.760000000002,-53.375514373842265
2026-06-05 17:00:00,25063.879999999997,-63.38029573051881
2026-06-05 19:00:00,25021.53,-87.19253410335841
2026-06-07 22:00:00,24985.7,-58.173638718373695
2026-06-08 00:00:00,24959.43,-19.250924209033315
2026-06-08 02:00:00,24934.425,17.474765475682602
2026-06-08 04:00:00,24896.595,6.565680103155614
2026-06-08 06:00:00,24866.78,28.121719247567626
2026-06-08 08:00:00,24838.129999999997,45.949139521127904
2026-06-08 10:00:00,24812.47,62.39203851287425
2026-06-08 12:00:00,24788.655000000002,57.60093457385014
2026-06-08 14:00:00,24762.185,49.34500748707609
2026-06-08 16:00:00,24734.79,31.522364519069612
2026-06-08 18:00:00,24710.135000000002,17.308783120620433
2026-06-08 20:00:00,24685.42,9.074321858846304
2026-06-08 21:00:00,24663.52,9.09549552144955
2026-06-08 23:00:00,24643.480000000003,2.627908744603303
2026-06-09 01:00:00,24618.68,11.88562594526445
2026-06-09 03:00:00,24601.3,20.506999321683537
2026-06-09 05:00:00,24595.095,39.319698764046194
2026-06-09 07:00:00,24593.685,36.95332181223446
2026-06-09 09:00:00,24597.864999999998,39.943179214679006
2026-06-09 11:00:00,24612.905000000002,40.83328015513702
2026-06-09 13:00:00,24612.489999999998,4.708395571511062
2026-06-09 15:00:00,24597.85,-45.23960578823278
2026-06-09 17:00:00,24587.735,-29.881230877465214
2026-06-09 19:00:00,24585.355,-19.980164356617166
2026-06-09 21:00:00,24574.204999999998,-19.534557401704745
2026-06-09 23:00:00,24561.760000000002,-10.985555745903838
2026-06-10 01:00:00,24538.184999999998,-30.756079959852116
2026-06-10 03:00:00,24514.394999999997,-39.436708875945016
2026-06-10 05:00:00,24499.48,-5.849625187364836
2026-06-10 07:00:00,24481.255,-10.333315793603703
2026-06-10 09:00:00,24467.059999999998,0.6117020612481667
2026-06-10 11:00:00,24456.015,15.863566074554853
2026-06-10 13:00:00,24448.055,34.992210953713425
2026-06-10 15:00:00,24440.545,33.829456753057855
2026-06-10 17:00:00,24427.835,22.37567869622123
2026-06-10 19:00:00,24409.1,-0.2886172822115327
2026-06-10 21:00:00,24383.754999999997,-14.376188571077762
2026-06-10 23:00:00,24364.265,-2.4505317780570124
2026-06-11 01:00:00,24333.35,-26.62445349591161
2026-06-11 03:00:00,24304.54,-19.13340637464728
2026-06-11 05:00:00,24287.125,-3.4910420773910573
2026-06-11 07:00:00,24281.0,9.047339941846246
2026-06-11 09:00:00,24267.785,18.90887594729321
2026-06-11 11:00:00,24253.63,16.82986839117973
2026-06-11 13:00:00,24241.065000000002,12.711263989836823
2026-06-11 15:00:00,24227.86,12.502098582187784
2026-06-11 17:00:00,24234.405000000002,53.03401680740191
2026-06-11 19:00:00,24247.97,79.98897253467915
2026-06-11 21:00:00,24256.175,90.56856569956705
2026-06-11 23:00:00,24269.795,78.37517550978166
2026-06-12 01:00:00,24289.82,91.63314648830038
2026-06-12 03:00:00,24308.945,87.22143099635761
2026-06-12 05:00:00,24319.085,52.27666235727108
2026-06-12 07:00:00,24334.785,40.359225798904816
2026-06-12 09:00:00,24353.094999999998,27.343918604366962
2026-06-12 11:00:00,24374.82,9.82620553946009
2026-06-12 13:00:00,24402.390000000003,11.110709865888737
2026-06-12 15:00:00,24424.135000000002,0.2546941185465812
2026-06-12 17:00:00,24455.975,-4.639333508753452
2026-06-12 19:00:00,24484.805,-8.405042905839025
2026-06-14 22:00:00,24521.445,21.98806289114981
2026-06-15 00:00:00,24560.79,40.13289747339948
2026-06-15 02:00:00,24591.97,13.606688434459869
2026-06-15 04:00:00,24626.075,1.1585030827905598
2026-06-15 06:00:00,24660.73,-9.134077269868584
2026-06-15 08:00:00,24695.09,-15.601213321517207
2026-06-15 10:00:00,24719.735,-12.417376273618515
2026-06-15 12:00:00,24741.86,-4.981070377527658
2026-06-15 14:00:00,24759.925,-8.308162986932842
2026-06-15 16:00:00,24776.185,-21.530763211011845
2026-06-15 18:00:00,24783.69,-26.776178806752966
2026-06-15 20:00:00,24789.05,-30.5613114444169
2026-06-15 21:00:00,24799.035,-32.97035734471146
2026-06-15 23:00:00,24805.655,-30.576186996773146
2026-06-16 01:00:00,24797.335,-77.80227587108034
2026-06-16 03:00:00,24790.57,-87.17474642003373
2026-06-16 05:00:00,24775.125,-95.71405094018901
2026-06-16 07:00:00,24764.72,-74.51938796320744
2026-06-16 09:00:00,24755.685,-46.74830996727874
2026-06-16 11:00:00,24745.09,-32.00024133078335
2026-06-16 13:00:00,24723.85,-22.447227179268296
2026-06-16 15:00:00,24700.895,-7.349910708737866
2026-06-16 17:00:00,24685.925,4.386910394461893
2026-06-16 19:00:00,24667.71,3.275725969621675
2026-06-16 21:00:00,24651.465000000004,9.437277817486788
2026-06-16 23:00:00,24635.489999999998,13.162143185513585
2026-06-17 01:00:00,24606.394999999997,-23.5356051684619
2026-06-17 03:00:00,24579.510000000002,-18.223850372609235
2026-06-17 05:00:00,24550.225,-23.5242308756047
2026-06-17 07:00:00,24521.045000000002,-29.677190822344556
2026-06-17 09:00:00,24492.72,-22.53652943047382
2026-06-17 11:00:00,24465.285,-13.470747440125706
2026-06-17 13:00:00,24441.31,3.934848587237269
2026-06-17 15:00:00,24416.475000000002,11.036864210539449
2026-06-17 17:00:00,24400.125,-6.770034603783699
2026-06-17 19:00:00,24377.505,-31.911468277582287
2026-06-17 21:00:00,24362.805,-24.42676376780986
2026-06-17 23:00:00,24347.185,-7.324611224595742
2026-06-18 01:00:00,24315.075,-45.109420018174575
2026-06-18 03:00:00,24284.09,-51.39955338147314
2026-06-18 05:00:00,24251.905000000002,-49.347154768607595
2026-06-18 07:00:00,24219.15,-32.722979119795696
2026-06-18 09:00:00,24184.05,-21.82908303666204
2026-06-18 11:00:00,24154.329999999998,2.0013893752804393
2026-06-18 13:00:00,24124.14,20.069778397516984
2026-06-18 15:00:00,24091.07,20.293617039570563
2026-06-18 17:00:00,24069.15,22.187222414931966
2026-06-18 19:00:00,24043.204999999998,25.48057385356151
2026-06-18 21:00:00,24019.170000000002,21.711705315496772
2026-06-18 23:00:00,23995.65,13.168242768458924
2026-06-19 01:00:00,23970.135000000002,7.709311059888222
2026-06-19 03:00:00,23941.685,-1.6543214330224032
2026-06-19 05:00:00,23913.23,7.52401561393151
2026-06-19 07:00:00,23886.559999999998,17.868667126709568
2026-06-19 09:00:00,23864.61,17.514646430218477
2026-06-19 11:00:00,23850.85,24.77573205308886
2026-06-19 13:00:00,23834.335,28.184774220296447
2026-06-19 15:00:00,23814.21,23.46529863592707
2026-06-19 17:00:00,23808.04,19.537249839781083
2026-06-19 19:00:00,23801.364999999998,15.038500749018624
2026-06-21 22:00:00,23794.41,5.668355245026817
2026-06-22 00:00:00,23777.855,-25.224892049666437
2026-06-22 02:00:00,23771.69,-1.4745392579853274
2026-06-22 04:00:00,23762.93,13.54599597767384
2026-06-22 06:00:00,23755.769999999997,29.438955677663103
2026-06-22 08:00:00,23751.875,36.13753164868642
2026-06-22 10:00:00,23750.645,44.92718674666317
2026-06-22 12:00:00,23751.43,51.87086299575941
2026-06-22 14:00:00,23755.54,54.14342519377613
2026-06-22 16:00:00,23759.445,39.39897493869945
2026-06-22 18:00:00,23763.37,24.1625595695097
2026-06-22 20:00:00,23770.405,15.398299552710146
2026-06-22 21:00:00,23773.75,5.9524803705055005
2026-06-22 23:00:00,23778.075,8.471717648020903
2026-06-23 01:00:00,23768.175,-46.04302833342922
2026-06-23 03:00:00,23749.905,-83.5221972756658
2026-06-23 05:00:00,23725.335,-106.4853340198215
2026-06-23 07:00:00,23703.195,-95.21233226672302
2026-06-23 09:00:00,23688.055,-51.45295486976465
2026-06-23 11:00:00,23672.985,-25.275717899921176
2026-06-23 13:00:00,23666.495,14.03245880420019
2026-06-23 15:00:00,23668.695,32.43476922175239
2026-06-23 17:00:00,23658.754999999997,26.864809313871405
2026-06-23 19:00:00,23649.135,26.92865738462001
2026-06-23 21:00:00,23636.54,24.55155424499739
2026-06-23 23:00:00,23623.55,23.13764376375417
2026-06-24 01:00:00,23598.329999999998,-11.189667725863671
2026-06-24 03:00:00,23571.734999999997,-17.868169688581418
2026-06-24 05:00:00,23548.045,0.09046989011773121
2026-06-24 07:00:00,23523.965,-0.02614308451541092
2026-06-24 09:00:00,23498.785,-5.284666819033873
2026-06-24 11:00:00,23471.125,-11.894747358413184
2026-06-24 13:00:00,23450.545,10.207919024381454
2026-06-24 15:00:00,23426.86,16.893992285236436
2026-06-24 17:00:00,23415.454999999998,7.233452660848656
2026-06-24 19:00:00,23417.329999999998,27.746915621609247
2026-06-24 21:00:00,23424.28,30.737954121960342
2026-06-24 23:00:00,23429.07,25.14213806908849
2026-06-25 01:00:00,23416.52,-16.010791519894198
2026-06-25 03:00:00,23399.695,-45.959711324268966
2026-06-25 05:00:00,23373.19,-61.11475234522976
2026-06-25 07:00:00,23347.870000000003,-50.79238626101062
2026-06-25 09:00:00,23325.785,-36.51935604108627
2026-06-25 11:00:00,23306.55,-8.814618805638048
2026-06-25 13:00:00,23283.685,-6.216240351828077
2026-06-25 15:00:00,23259.434999999998,-4.738044931192718
2026-06-25 17:00:00,23242.245000000003,-8.338140645704414
2026-06-25 19:00:00,23226.245000000003,2.5727191381182593
2026-06-25 21:00:00,23204.925,7.743993695080093
2026-06-25 23:00:00,23187.010000000002,13.999407123384174
2026-06-26 01:00:00,23149.995000000003,-55.0127244874559
2026-06-26 03:00:00,23114.3,-74.6455672094715
2026-06-26 05:00:00,23076.980000000003,-52.39285642595303
2026-06-26 07:00:00,23037.625,-41.04097178455527
2026-06-26 09:00:00,23006.35,-9.784648869150999
2026-06-26 11:00:00,22969.285,13.299368033090559
2026-06-26 13:00:00,22943.065,59.75092045667134
2026-06-26 15:00:00,22919.885000000002,81.14447624236163
2026-06-26 17:00:00,22904.515,72.1310340518285
2026-06-26 19:00:00,22892.745,56.61811818889453
2026-06-28 22:00:00,22893.025,74.55072980634662
2026-06-29 00:00:00,22883.609999999997,45.3036849430797
2026-06-29 02:00:00,22887.120000000003,72.46067911107617
2026-06-29 04:00:00,22883.915,64.61993219816563
2026-06-29 06:00:00,22881.54,42.136289502671005
2026-06-29 08:00:00,22877.760000000002,18.4152676512498
2026-06-29 10:00:00,22878.265,12.48439882836367
2026-06-29 12:00:00,22878.555,15.222484847614957
2026-06-29 14:00:00,22878.965000000004,12.048945954455498
2026-06-29 16:00:00,22879.215,10.107400389786207
2026-06-29 18:00:00,22899.769999999997,4.1490561411638485
2026-06-29 20:00:00,22920.785,-0.7123952933124684
2026-06-29 21:00:00,22937.86,-1.3173687383980948
2026-06-29 23:00:00,22956.989999999998,-4.880351920273405
2026-06-30 01:00:00,22958.02,-52.32823596841841
2026-06-30 03:00:00,22959.19,-59.96016255326586
2026-06-30 05:00:00,22953.135000000002,-44.62739791816597
2026-06-30 07:00:00,22944.225,-34.16407279008243
2026-06-30 09:00:00,22943.864999999998,-4.260111343404958
2026-06-30 11:00:00,22943.480000000003,5.276698907057423
2026-06-30 13:00:00,22937.120000000003,19.026964451677827
2026-06-30 15:00:00,22939.63,25.439318675014505
2026-06-30 17:00:00,22930.63,29.91433030096814
2026-06-30 19:00:00,22920.935,16.090350707979823
2026-06-30 21:00:00,22914.66,9.826761917243623
2026-06-30 23:00:00,22910.69,5.542258648158011
2026-07-01 01:00:00,22902.53,-4.551728364810316
2026-07-01 03:00:00,22892.645,-6.480806934370037
2026-07-01 05:00:00,22881.58,-11.801417573153344
2026-07-01 07:00:00,22871.175,-8.04973539903714
2026-07-01 09:00:00,22862.415,-2.402829349206762
2026-07-01 11:00:00,22852.9,-3.068947465732748
2026-07-01 13:00:00,22855.195,39.84927454988863
2026-07-01 15:00:00,22860.829999999998,60.31099466404265
2026-07-01 17:00:00,22878.894999999997,55.91739573652448
2026-07-01 19:00:00,22892.04,32.64959571525638
2026-07-01 21:00:00,22903.519999999997,20.877020926007305
2026-07-01 23:00:00,22915.56,10.514938116483428
2026-07-02 01:00:00,22924.739999999998,13.121608167408098
2026-07-02 03:00:00,22936.689999999995,15.771569998404772
2026-07-02 05:00:00,22940.29,-6.09763839010148
2026-07-02 07:00:00,22945.54,-7.514248398618847
2026-07-02 09:00:00,22948.629999999997,-11.073411050021377
2026-07-02 11:00:00,22961.19,8.262611335035672
2026-07-02 13:00:00,22973.745,14.91482081298787
2026-07-02 15:00:00,22980.18,-7.58532356785166
2026-07-02 17:00:00,22989.129999999997,-16.38653809552988
2026-07-02 19:00:00,22998.749999999996,-15.413771272630584
2026-07-02 21:00:00,23011.684999999998,-8.474954534249875
2026-07-02 23:00:00,23023.6,-5.255065437540111
2026-07-03 01:00:00,23045.815,33.366605060823154
2026-07-03 03:00:00,23073.059999999998,56.307510633943565
2026-07-03 05:00:00,23086.21,49.66739379860866
2026-07-03 07:00:00,23092.565,22.628349756409563
2026-07-03 09:00:00,23099.57,4.255005654650034
2026-07-03 11:00:00,23112.145,0.05299011029293865
2026-07-03 13:00:00,23122.91,-6.819067785353752
2026-07-03 15:00:00,23133.245,-13.849399021601855
2026-07-03 17:00:00,23140.055,-19.411628465636753
2026-07-03 19:00:00,23145.675,-20.200880003343144
2026-07-05 22:00:00,23159.46,-10.778840125254334
2026-07-06 00:00:00,23178.575,19.14530360032242
2026-07-06 02:00:00,23202.86,41.61855192199934
2026-07-06 04:00:00,23217.870000000003,31.191742527634204
2026-07-06 06:00:00,23237.275,36.05434549913295
2026-07-06 08:00:00,23259.995000000003,19.627830500948505
2026-07-06 10:00:00,23280.81,1.164950220055772
2026-07-06 12:00:00,23301.29,-7.358113984036805
2026-07-06 14:00:00,23324.805,2.9851583686166805
2026-07-06 16:00:00,23347.09,-0.27188238675756793
2026-07-06 18:00:00,23359.45,-1.009038133223811
2026-07-06 20:00:00,23368.254999999997,-3.126577074123503
2026-07-06 21:00:00,23376.98,-12.929019042916877
2026-07-06 23:00:00,23388.945,-21.802442317918548
2026-07-07 01:00:00,23403.559999999998,-17.537031957925137
2026-07-07 03:00:00,23413.284999999996,-26.14607398837083
2026-07-07 05:00:00,23421.625,-35.67369658493247
2026-07-07 07:00:00,23430.89,-36.11113615967665
2026-07-07 09:00:00,23442.440000000002,-27.40433305085199
2026-07-07 11:00:00,23454.785,-17.874347642775874
2026-07-07 13:00:00,23466.109999999997,-7.477889191372995
2026-07-07 15:00:00,23467.325,-11.659817051103097
2026-07-07 17:00:00,23464.579999999998,-11.440120571240023
2026-07-07 19:00:00,23465.445,-9.690652734848499
2026-07-07 21:00:00,23459.515000000003,-15.519144517011362
2026-07-07 23:00:00,23459.004999999997,-8.263350460507446
2026-07-08 01:00:00,23479.18,60.04338865373326
2026-07-08 03:00:00,23506.07,103.30044750451952
2026-07-08 05:00:00,23534.954999999998,126.46301831587303
2026-07-08 07:00:00,23557.84,89.79001521268441
2026-07-08 09:00:00,23577.085,48.82251202097444
2026-07-08 11:00:00,23597.09,24.141239923191506
2026-07-08 13:00:00,23617.64,1.3332966993155537
2026-07-08 15:00:00,23641.675,-4.805231789051334
2026-07-08 17:00:00,23663.284999999996,-12.095109650106565
2026-07-08 19:00:00,23685.605000000003,-25.771669020571835
2026-07-08 21:00:00,23710.93,-29.125899622942768
2026-07-08 23:00:00,23738.225,-23.26970628743959
2026-07-09 01:00:00,23769.079999999998,-3.8082585194377145
2026-07-09 03:00:00,23795.4,-11.13299998884446
2026-07-09 05:00:00,23820.68,-14.578113068734694
2026-07-09 07:00:00,23844.865,-29.481626164667176
2026-07-09 09:00:00,23865.760000000002,-44.49763372191515
2026-07-09 11:00:00,23888.435,-40.00620514196828
2026-07-09 13:00:00,23919.3,-13.942051315286108
2026-07-09 15:00:00,23946.535,-7.892066308218858
2026-07-09 17:00:00,23956.010000000002,-2.5056520887870306
2026-07-09 19:00:00,23959.925,3.898584460149266
2026-07-09 21:00:00,23957.480000000003,4.371922428092091
2026-07-09 23:00:00,23961.045000000002,-2.548772080635331
2026-07-10 01:00:00,23984.635000000002,52.131277170028994
2026-07-10 03:00:00,24009.415,71.81255365162627
2026-07-10 05:00:00,24027.14,37.28583571652351
2026-07-10 07:00:00,24035.8,-9.055543439271645
2026-07-10 09:00:00,24047.85,-19.775082847252577
2026-07-10 11:00:00,24061.95,-25.812096095592977
2026-07-10 13:00:00,24076.945,-22.043959113332676
2026-07-10 15:00:00,24090.190000000002,-19.415712374800933
2026-07-10 17:00:00,24098.02,-19.522330712160823
2026-07-10 19:00:00,24109.94,-17.645518974268498
2026-07-12 22:00:00,24118.234999999997,-27.74354174028744
2026-07-13 00:00:00,24139.96,3.58251987467105
2026-07-13 02:00:00,24152.79,-26.833038314141703
2026-07-13 04:00:00,24167.395,-24.459709520544934
2026-07-13 06:00:00,24174.855,-25.385699571511992
2026-07-13 08:00:00,24184.85,-19.416303076338508
2026-07-13 10:00:00,24192.13,-20.90917053951678
2026-07-13 12:00:00,24201.84,-5.426830759848045
2026-07-13 14:00:00,24206.75,-15.286055064263806
2026-07-13 16:00:00,24210.39,-26.764956358397143
2026-07-13 18:00:00,24194.68,-35.216833867469084
2026-07-13 20:00:00,24175.59,-38.17985758846402
2026-07-13 21:00:00,24164.79,-34.612827953281
2026-07-13 23:00:00,24163.260000000002,-19.51232921338101
2026-07-14 01:00:00,24157.105000000003,-15.553622202871189
2026-07-14 03:00:00,24153.969999999998,-2.129533995665547
2026-07-14 05:00:00,24160.945,44.27112115098465
2026-07-14 07:00:00,24165.125,48.15718616471691
2026-07-14 09:00:00,24170.71,45.932818547868465
2026-07-14 11:00:00,24183.845,65.0638412273538
2026-07-14 13:00:00,24200.085,61.7569793550859
2026-07-14 15:00:00,24203.525,39.45388854255927
2026-07-14 17:00:00,24217.329999999998,17.303615389327632
2026-07-14 19:00:00,24226.915,1.8933958759404277
2026-07-14 21:00:00,24237.579999999998,-7.024491068516852
2026-07-14 23:00:00,24248.96,-5.2734845733787665
2026-07-15 01:00:00,24272.04,28.610968582068182
2026-07-15 03:00:00,24291.885000000002,39.09165051931495
2026-07-15 05:00:00,24318.455,42.062552440095715
2026-07-15 07:00:00,24346.780000000002,31.38356268666331
2026-07-15 09:00:00,24374.605000000003,10.473499965358798
2026-07-15 11:00:00,24406.795000000002,7.665198473446253
2026-07-15 13:00:00,24448.185,32.677071903755234
2026-07-15 15:00:00,24483.95,23.582017778915713
2026-07-15 17:00:00,24520.695,10.349368608744754
2026-07-15 19:00:00,24555.595,2.0739938412096706
2026-07-15 21:00:00,24579.085,-4.658162562791517
2026-07-15 23:00:00,24605.67,-9.072547147302828
2026-07-16 01:00:00,24644.52,31.84101811792459
2026-07-16 03:00:00,24676.66,44.19364291444094
2026-07-16 05:00:00,24703.585,19.904272779732764
2026-07-16 07:00:00,24731.980000000003,-2.947496818127888
2026-07-16 09:00:00,24760.445,-21.60753645230602
2026-07-16 11:00:00,24785.67,-43.361326099392954
2026-07-16 13:00:00,24814.32,-38.56233156288212
2026-07-16 15:00:00,24840.39,-37.11792621223282
2026-07-16 17:00:00,24854.379999999997,-41.45520672201238
2026-07-16 19:00:00,24865.885000000002,-45.795324376334634
2026-07-16 21:00:00,24874.875,-45.268423726717714
2026-07-16 23:00:00,24884.934999999998,-39.955813749985055
2026-07-17 01:00:00,24882.62,-84.99059273182306
2026-07-17 03:00:00,24871.665,-111.29112243663613
2026-07-17 05:00:00,24853.605000000003,-99.83401032336886
2026-07-17 07:00:00,24835.565,-90.94587332407372
2026-07-17 09:00:00,24821.585,-61.07878983874869
2026-07-17 11:00:00,24806.905,-37.87557129429162
2026-07-17 13:00:00,24792.170000000002,-19.924016520124198
2026-07-17 15:00:00,24780.335,4.204185471012863
2026-07-17 17:00:00,24754.2,12.179357095435734
2026-07-17 19:00:00,24726.16,13.700659212910821
2026-07-19 22:00:00,24704.75,18.66342687275018
2026-07-20 00:00:00,24712.34,113.74721905347052
2026-07-20 02:00:00,24717.870000000003,125.08432312202459
2026-07-20 04:00:00,24722.625,96.03120392843533
2026-07-20 06:00:00,24730.59,91.7228805107388
2026-07-20 08:00:00,24740.055,77.68181192066913
2026-07-20 10:00:00,24751.725,58.9214662864712
2026-07-20 12:00:00,24761.915,29.233591689681305
2026-07-20 14:00:00,24778.415,29.605023812990368
2026-07-20 16:00:00,24793.415,17.779253822242197
2026-07-20 18:00:00,24817.935,-11.689309890335807
2026-07-20 20:00:00,24847.06,-28.698037753716704
2026-07-20 21:00:00,24873.754999999997,-36.63053884621951
2026-07-20 23:00:00,24906.379999999997,-28.04045923426918
2026-07-21 01:00:00,24931.06,-38.56924304415702
2026-07-21 03:00:00,24961.95,-18.14201725093716
2026-07-21 05:00:00,24994.375,-3.2808800071568953
2026-07-21 07:00:00,25021.3,-6.116586383120989
2026-07-21 09:00:00,25047.65,-14.055924374242693
2026-07-21 11:00:00,25071.53,-27.858079863687905
2026-07-21 13:00:00,25090.56,-43.53135088078932
2026-07-21 15:00:00,25083.030000000002,-41.955361959049625
2026-07-21 17:00:00,25077.855,-40.25007365821871
2026-07-21 19:00:00,25075.734999999997,-39.318575590373534
2026-07-21 21:00:00,25066.35,-35.87134096480762
2026-07-21 23:00:00,25055.894999999997,-30.1333054238491
2026-07-22 01:00:00,25047.015,-17.09146522335001
2026-07-22 03:00:00,25039.24,-15.622592497436603
2026-07-22 05:00:00,25022.385000000002,-23.323383725574267
2026-07-22 07:00:00,25008.329999999998,-17.07466243397019
2026-07-22 09:00:00,25002.385000000002,-1.9163428395963962
2026-07-22 11:00:00,24996.989999999998,4.18117015878093
2026-07-22 13:00:00,24992.855000000003,9.314942920074621
2026-07-22 15:00:00,24988.090000000004,18.099582251947005
2026-07-22 17:00:00,24987.14,17.25860743419365
2026-07-22 19:00:00,24978.480000000003,9.981807704356008
2026-07-22 21:00:00,24965.760000000002,-1.937691239822323
2026-07-22 23:00:00,24957.82,2.926738115170436
2026-07-23 01:00:00,24962.96,44.01344542922083
2026-07-23 03:00:00,24971.120000000003,54.17863028401719
2026-07-23 05:00:00,24982.925,50.14535487505165
2026-07-23 07:00:00,24993.594999999998,39.47014984571507
2026-07-23 09:00:00,25004.86,26.121403909332486
2026-07-23 11:00:00,25010.725,-8.0266812281549
2026-07-23 13:00:00,25010.760000000002,-44.51514374246209
2026-07-23 15:00:00,25009.82,-58.230265296094096
2026-07-23 17:00:00,25004.629999999997,-64.36839797946882
2026-07-23 19:00:00,25004.07,-48.41753818960519
2026-07-23 21:00:00,25006.665,-34.69296420762806
2026-07-23 23:00:00,25008.575,-20.314428792009878
2026-07-24 01:00:00,25003.815,-24.0959833290365
2026-07-24 03:00:00,25002.08,-11.957041346982365
2026-07-24 05:00:00,24996.515,-14.70887833444037
2026-07-24 07:00:00,24993.57,3.8788805463508567
2026-07-24 09:00:00,24992.21,15.256637890014886
2026-07-24 11:00:00,24990.2,11.790304750649902
2026-07-24 13:00:00,24995.465,26.75662986284574
2026-07-24 15:00:00,24999.594999999998,35.06982197765165
2026-07-24 17:00:00,24989.36,23.983488692423215
2026-07-24 19:00:00,24978.129999999997,12.61772769740585
2026-07-26 22:00:00,24977.515,42.800579344674915
2026-07-27 00:00:00,24971.04,27.978510902046978
2026-07-27 02:00:00,24970.02,34.128754325292434
2026-07-27 04:00:00,24977.065,35.20197276598961
2026-07-27 06:00:00,24991.685,33.22267936548431
2026-07-27 08:00:00,25007.41,25.92633246126678
2026-07-27 10:00:00,25024.945,15.441036811174357
2026-07-27 12:00:00,25040.465,9.500522780212393
2026-07-27 14:00:00,25058.915,13.72785262501219
2026-07-27 16:00:00,25077.260000000002,14.283935000154798
2026-07-27 18:00:00,25099.335,9.729271957167384
2026-07-27 20:00:00,25119.245,6.118063783438316
2026-07-27 21:00:00,25141.254999999997,-1.8131588441843292
2026-07-27 23:00:00,25155.825,-16.041105833111686
2026-07-28 01:00:00,25163.385000000002,-42.40859611006195
2026-07-28 03:00:00,25174.614999999998,-43.152514993902614
2026-07-28 05:00:00,25185.895,-21.16369402399512
2026-07-28 07:00:00,25199.46,2.966368403307513
2026-07-28 09:00:00,25215.065,8.443457841611192
2026-07-28 11:00:00,25234.535,17.91288333321181
2026-07-28 13:00:00,25247.86,33.388625182658444
2026-07-28 15:00:00,25271.41,47.46117855819679
2026-07-28 17:00:00,25287.739999999998,36.388025671434264
2026-07-28 19:00:00,25303.52,26.60428879161526
2026-07-28 21:00:00,25316.114999999998,9.022357095549324
2026-07-28 23:00:00,25331.234999999997,6.171682925618228
2026-07-29 01:00:00,25356.329999999998,33.34998430455491
2026-07-29 03:00:00,25377.695,26.220676440748747
2026-07-29 05:00:00,25401.055,32.922243052091574
2026-07-29 07:00:00,25424.69,31.051442991312967
2026-07-29 09:00:00,25443.155,3.65310923635127
2026-07-29 11:00:00,25460.454999999998,-14.11448137948895
2026-07-29 13:00:00,25478.2,-24.90395923869312
2026-07-29 15:00:00,25501.39,-19.648355942652813
2026-07-29 17:00:00,25542.254999999997,21.645426800922905
2026-07-29 19:00:00,25569.095,-10.426663275669284
2026-07-29 21:00:00,25595.489999999998,-9.6774687436357
2026-07-29 23:00:00,25617.875,-11.848250084133582
2026-07-30 01:00:00,25641.18,-13.945589621293578
2026-07-30 03:00:00,25658.894999999997,-25.332454215607015
2026-07-30 05:00:00,25677.175,-11.719216676792144
2026-07-30 07:00:00,25692.33,-3.676072463557773
2026-07-30 09:00:00,25712.254999999997,5.816457571987513
2026-07-30 11:00:00,25730.21,1.7395948835607555
2026-07-30 13:00:00,25750.75,-1.2754197700932082
2026-07-30 15:00:00,25774.25,13.329218350197522
2026-07-30 17:00:00,25788.23,13.883730545312204
2026-07-30 19:00:00,25812.79,34.79964032785426
2026-07-30 21:00:00,25832.185,33.99740461950469
2026-07-30 23:00:00,25847.065,13.341917790294787
2026-07-31 01:00:00,25858.760000000002,-30.04138694912848
2026-07-31 03:00:00,25868.13,-57.094586493431024
2026-07-31 05:00:00,25877.445,-64.94399092566283
2026-07-31 07:00:00,25887.495000000003,-49.116762608724656
2026-07-31 09:00:00,25885.59,-38.78925862357224
2026-07-31 11:00:00,25893.89,-38.092225382432034
2026-07-31 13:00:00,25901.425,-20.45519158940934
2026-07-31 15:00:00,25906.335,-20.97417793657067
2026-07-31 17:00:00,25911.895,-16.635831128950358
2026-07-31 19:00:00,25918.865,-17.938202895441684
2026-08-02 22:00:00,25927.645,7.095528170275273
2026-08-03 00:00:00,25933.989999999998,10.774250515124137
2026-08-03 02:00:00,25933.63,-4.661154909079691
2026-08-03 04:00:00,25935.295,-8.544552519557513
2026-08-03 06:00:00,25940.379999999997,3.769132664468266
2026-08-03 08:00:00,25938.230000000003,1.214084458264061
2026-08-03 10:00:00,25937.170000000002,2.3387160154400632
2026-08-03 12:00:00,25928.4,1.028878992749803
2026-08-03 14:00:00,25921.665,5.483006573128691
2026-08-03 16:00:00,25914.39,-7.96485622676893
2026-08-03 18:00:00,25916.495000000003,-10.290642226903415
2026-08-03 20:00:00,25921.829999999998,-9.559259931160966
2026-08-03 21:00:00,25928.875,-4.70933200203865
2026-08-03 23:00:00,25932.105,-3.62050879420417
2026-08-04 01:00:00,25929.7,-23.757519025353613
2026-08-04 03:00:00,25931.120000000003,-23.336865257494747
2026-08-04 05:00:00,25926.510000000002,-27.369599325908126
2026-08-04 07:00:00,25921.73,-35.09324397254517
2026-08-04 09:00:00,25916.41,-32.1226023353286
2026-08-04 11:00:00,25910.385,-32.63104244061486
2026-08-04 13:00:00,25903.32,-7.0516312587958865
2026-08-04 15:00:00,25898.79,9.33477567471541
2026-08-04 17:00:00,25898.995,17.283850151280397
2026-08-04 19:00:00,25899.775,23.35762484847436
2026-08-04 21:00:00,25897.52,26.058526177201315
2026-08-04 23:00:00,25897.254999999997,24.247702972147408
2026-08-05 01:00:00,25891.64,4.9665679200278054
2026-08-05 03:00:00,25886.0,-4.2783469670843655
2026-08-05 05:00:00,25883.385000000002,8.982554111349938
2026-08-05 07:00:00,25880.675000000003,-0.7662773409778492
2026-08-05 09:00:00,25873.61,-16.65161092531975
2026-08-05 11:00:00,25869.140000000003,-10.77497716331645
2026-08-05 13:00:00,25857.895,-25.87743198392812
2026-08-05 15:00:00,25842.78,-42.02584482190258
2026-08-05 17:00:00,25832.704999999998,-44.99183989719293
2026-08-05 19:00:00,25821.315,-37.3239049828576
2026-08-05 21:00:00,25812.94,-24.31069100064785
2026-08-05 23:00:00,25806.280000000002,-17.91577232988594
2026-08-06 01:00:00,25791.025,-39.47364015503814
2026-08-06 03:00:00,25775.745000000003,-47.43985292567598
2026-08-06 05:00:00,25755.61,-37.6174766993621
2026-08-06 07:00:00,25737.260000000002,-15.141345321718205
2026-08-06 09:00:00,25720.285,5.782883142814228
2026-08-06 11:00:00,25702.325,17.801247446069027
2026-08-06 13:00:00,25684.775,27.515381660927687
2026-08-06 15:00:00,25662.91,15.970894443671881
2026-08-06 17:00:00,25646.82,16.06633508546679
2026-08-06 19:00:00,25630.14,13.46970488314416
2026-08-06 21:00:00,25609.484999999997,15.466695262347258
2026-08-06 23:00:00,25592.719999999998,15.575465609112626
2026-08-07 01:00:00,25578.51,12.076893023729738
2026-08-07 03:00:00,25563.375,17.435127106593256
2026-08-07 05:00:00,25557.105,29.824144211340553
2026-08-07 07:00:00,25558.155,42.90581217128858
2026-08-07 09:00:00,25560.73,45.0981901616547
2026-08-07 11:00:00,25567.68,56.273008027769144
2026-08-07 13:00:00,25575.15,57.62656266554184
2026-08-07 15:00:00,25584.465,51.663385453161986
2026-08-07 17:00:00,25600.465,35.208819337786466
2026-08-07 19:00:00,25619.45,25.480168925659314
2026-08-09 22:00:00,25636.329999999998,12.954517161710783
2026-08-10 00:00:00,25651.879999999997,10.101732901499261
2026-08-10 02:00:00,25665.43,5.648036160104809
2026-08-10 04:00:00,25680.445,7.803065994326687
2026-08-10 06:00:00,25698.275,20.15279926832207
2026-08-10 08:00:00,25718.395,14.256784680631583
2026-08-10 10:00:00,25737.239999999998,8.24264672498802
2026-08-10 12:00:00,25753.655000000002,-8.281510231862384
2026-08-10 14:00:00,25776.0,7.371352182573531
2026-08-10 16:00:00,25797.475,7.289401918322
2026-08-10 18:00:00,25820.41,5.983799893365173
2026-08-10 20:00:00,25841.230000000003,2.024147868551637
2026-08-10 21:00:00,25858.32,-3.662892732670713
2026-08-10 23:00:00,25873.2,-4.141147596409709
2026-08-11 01:00:00,25878.54,-36.34339224066517
2026-08-11 03:00:00,25876.260000000002,-55.85307242570671
2026-08-11 05:00:00,25868.265,-71.73231902430878
2026-08-11 07:00:00,25856.935,-77.6633577310283
2026-08-11 09:00:00,25849.775,-60.24392639881548
2026-08-11 11:00:00,25840.52,-47.73957065959448
2026-08-11 13:00:00,25830.24,-41.75451496627289
2026-08-11 15:00:00,25816.920000000002,-36.73456896546125
2026-08-11 17:00:00,25801.425000000003,-35.466159531218494
2026-08-11 19:00:00,25785.510000000002,-22.951344593101467
2026-08-11 21:00:00,25765.355000000003,-12.641427476941857
2026-08-11 23:00:00,25746.95,-4.6089655654920705
2026-08-12 01:00:00,25718.335,-32.89497148956053
2026-08-12 03:00:00,25692.219999999998,-39.501741378638314
2026-08-12 05:00:00,25663.405,-19.677569736327115
2026-08-12 07:00:00,25634.480000000003,-9.465775484413683
2026-08-12 09:00:00,25606.65,4.8013278141941385
2026-08-12 11:00:00,25580.015,16.669394791009097
2026-08-12 13:00:00,25548.7,4.404297008484235
2026-08-12 15:00:00,25515.480000000003,-1.4701131086843304
2026-08-12 17:00:00,25489.829999999998,-5.429240379383259
2026-08-12 19:00:00,25466.375,-5.639068670490133
2026-08-12 21:00:00,25447.665,-0.4029781527104319
2026-08-12 23:00:00,25432.09,6.344168281109404
2026-08-13 01:00:00,25420.379999999997,32.91597305949563
2026-08-13 03:00:00,25409.85,41.82065772033155
2026-08-13 05:00:00,25398.219999999998,30.937119623932745
2026-08-13 07:00:00,25387.260000000002,21.525789524687525
2026-08-13 09:00:00,25379.629999999997,20.055765459857724
2026-08-13 11:00:00,25369.29,13.902983559932096
2026-08-13 13:00:00,25354.094999999998,-5.92567925747916
2026-08-13 15:00:00,25337.355,-17.099891962802076
2026-08-13 17:00:00,25330.685,-17.500813101172298
2026-08-13 19:00:00,25324.635000000002,-13.393747336406705
2026-08-13 21:00:00,25314.695,-7.09901489910709
2026-08-13 23:00:00,25305.909999999996,-1.256448583635759
2026-08-14 01:00:00,25293.18,-4.4717553675401405
2026-08-14 03:00:00,25276.795000000002,-11.854976152094196
2026-08-14 05:00:00,25265.329999999998,-11.739822086576623
2026-08-14 07:00:00,25252.739999999998,-14.58446121955572
2026-08-14 09:00:00,25245.05,0.9202436897966493
2026-08-14 11:00:00,25239.525,14.68365190584089
2026-08-14 13:00:00,25237.09,32.59882223421499
2026-08-14 15:00:00,25233.519999999997,34.925341823915744
2026-08-14 17:00:00,25224.14,34.476379274256544
2026-08-14 19:00:00,25214.144999999997,28.761885454347407
2026-08-16 22:00:00,25208.895,28.907554100352712
2026-08-17 00:00:00,25213.965,58.52248665474909
2026-08-17 02:00:00,25220.510000000002,71.33868696574937
2026-08-17 04:00:00,25230.1,72.17579975593836
2026-08-17 06:00:00,25240.34,46.64194743340485
2026-08-17 08:00:00,25251.170000000002,24.728840552227723
2026-08-17 10:00:00,25263.8,16.86350937714758
2026-08-17 12:00:00,25272.8,-2.92369910997067
2026-08-17 14:00:00,25280.81,-14.855726978171091
2026-08-17 16:00:00,25286.864999999998,-25.49930296222297
2026-08-17 18:00:00,25294.295000000002,-30.499410697294884
2026-08-17 20:00:00,25303.835,-30.64150374737283
2026-08-17 21:00:00,25313.725,-26.490931921569615
2026-08-17 23:00:00,25326.045,-19.96447013913482
2026-08-18 01:00:00,25332.629999999997,-22.12982598272203
2026-08-18 03:00:00,25335.935,-25.97267217438537
2026-08-18 05:00:00,25347.295000000002,16.020221127323943
2026-08-18 07:00:00,25358.065000000002,26.613251936946604
2026-08-18 09:00:00,25368.395,27.326896632714092
2026-08-18 11:00:00,25380.695,27.992085004333276
2026-08-18 13:00:00,25386.844999999998,7.976707641924584
2026-08-18 15:00:00,25383.125,-3.067579530006242
2026-08-18 17:00:00,25376.629999999997,-8.629535158386417
2026-08-18 19:00:00,25368.14,-11.009142966838937
2026-08-18 21:00:00,25363.32,-12.993749313182455
2026-08-18 23:00:00,25360.175,-10.109192177623317
2026-08-19 01:00:00,25361.78,14.54281425711632
2026-08-19 03:00:00,25367.165,22.41884327915006
2026-08-19 05:00:00,25373.93,23.717451339952163
2026-08-19 07:00:00,25380.11,11.413409875007872
2026-08-19 09:00:00,25388.34,7.5779848014551305
2026-08-19 11:00:00,25404.11,28.03416509744281
2026-08-19 13:00:00,25424.555,47.466480672135404
2026-08-19 15:00:00,25445.385000000002,49.574340246279235
2026-08-19 17:00:00,25467.75,38.88748323040136
2026-08-19 19:00:00,25491.65,25.556546639460976
2026-08-19 21:00:00,25505.825,20.107264371631857
2026-08-19 23:00:00,25519.79,7.075502972954865
2026-08-20 01:00:00,25531.44,-9.661340113552484
2026-08-20 03:00:00,25546.585,-1.198663955887639
2026-08-20 05:00:00,25569.415,10.38290188550161
2026-08-20 07:00:00,25586.28,-10.578804207896383
2026-08-20 09:00:00,25603.91,-18.575973934406505
2026-08-20 11:00:00,25616.515,-39.67719831992622
2026-08-20 13:00:00,25633.965,-30.356171515353864
2026-08-20 15:00:00,25651.925,-20.16192442904999
2026-08-20 17:00:00,25663.065,-15.875589330055831
2026-08-20 19:00:00,25674.725,-11.406107929724996
2026-08-20 21:00:00,25686.13,-8.42196031924243
2026-08-20 23:00:00,25699.425,-9.58827912731742
2026-08-21 01:00:00,25720.170000000002,19.16158420797278
2026-08-21 03:00:00,25733.895,26.698349098594335
2026-08-21 05:00:00,25746.84,37.764583411582464
2026-08-21 07:00:00,25762.89,47.954954182188004
2026-08-21 09:00:00,25778.38,38.408293266318054
2026-08-21 11:00:00,25794.19,26.216396635521562
2026-08-21 13:00:00,25803.5,-1.581700578426819
2026-08-21 15:00:00,25814.655,-14.635765952856275
2026-08-21 17:00:00,25826.239999999998,-26.8841184587761
2026-08-21 19:00:00,25832.02,-33.90357926599714
2026-08-23 22:00:00,25838.340000000004,-21.77585020547434
2026-08-24 00:00:00,25826.15,-100.54838123188738
2026-08-24 02:00:00,25813.16,-120.58186162147851
2026-08-24 04:00:00,25805.82,-110.26811586738054
2026-08-24 06:00:00,25795.055,-86.69282060093013
2026-08-24 08:00:00,25785.659999999996,-54.4810537305126
2026-08-24 10:00:00,25776.239999999998,-32.66730691202952
2026-08-24 12:00:00,25768.03,-10.693486174701775
2026-08-24 14:00:00,25761.435,8.620694235659357
2026-08-24 16:00:00,25754.71,14.818425954511753
2026-08-24 18:00:00,25739.89,18.74462431980122
2026-08-24 20:00:00,25725.825,22.119338945765918
2026-08-24 21:00:00,25707.780000000002,21.955927870236437
2026-08-24 23:00:00,25686.090000000004,20.929200783951643
2026-08-25 01:00:00,25656.534999999996,-12.395936634237898
2026-08-25 03:00:00,25627.87,-19.698855447196706
2026-08-25 05:00:00,25607.195,-6.891389915554328
2026-08-25 07:00:00,25586.745000000003,2.9114852265033733
2026-08-25 09:00:00,25572.58,23.485465485300978
2026-08-25 11:00:00,25555.995000000003,18.416453570753433
2026-08-25 13:00:00,25537.975,22.466186311384718
2026-08-25 15:00:00,25547.145,30.160261791731507
2026-08-25 17:00:00,25556.6,29.717319379326007
2026-08-25 19:00:00,25565.91,26.584085024872678
2026-08-25 21:00:00,25575.86,26.626465078812753
2026-08-25 23:00:00,25580.565,13.498610650765375
2026-08-26 01:00:00,25592.370000000003,29.23830886793287
2026-08-26 03:00:00,25597.93,15.976548524506946
2026-08-26 05:00:00,25604.469999999998,17.684047723006415
2026-08-26 07:00:00,25608.275,3.28738387804772
2026-08-26 09:00:00,25610.075,-9.019911801100037
2026-08-26 11:00:00,25611.29,-12.638886024643977
2026-08-26 13:00:00,25612.965,-11.119391208068095
2026-08-26 15:00:00,25613.23,-13.258575936348338
2026-08-26 17:00:00,25622.145,-13.995982047845892
2026-08-26 19:00:00,25630.185,-12.1708474794327
2026-08-26 21:00:00,25639.305,5.433308562930521
2026-08-26 23:00:00,25640.984999999997,-11.674594630040389
2026-08-27 01:00:00,25635.69,-25.39506102288376
2026-08-27 03:00:00,25634.835,-23.361339756693738
2026-08-27 05:00:00,25634.114999999998,-10.618310064299603
2026-08-27 07:00:00,25628.89,-10.422001656086856
2026-08-27 09:00:00,25621.655,-15.039008315601812
2026-08-27 11:00:00,25614.015,-14.506536357369228
2026-08-27 13:00:00,25603.785,-15.233641435721296
2026-08-27 15:00:00,25595.43,-15.21600523192673
2026-08-27 17:00:00,25580.05,-12.71406329043377
2026-08-27 19:00:00,25569.855,-6.011884377192416
2026-08-27 21:00:00,25556.75,-1.1072591605697681
2026-08-27 23:00:00,25547.545,3.7926314666596
2026-08-28 01:00:00,25547.685,33.194077372345646
2026-08-28 03:00:00,25548.195,43.373779650650405
2026-08-28 05:00:00,25546.8,36.980213446086765
2026-08-28 07:00:00,25543.64,19.23787394967487
2026-08-28 09:00:00,25542.94,16.176224876171258
2026-08-28 11:00:00,25542.25,12.828635201581882
2026-08-28 13:00:00,25536.815,8.372970658742386
2026-08-28 15:00:00,25533.895,-9.72213206449516
2026-08-28 17:00:00,25533.915,-14.204877132175362
2026-08-28 19:00:00,25534.145,-9.509804159259883
2026-08-30 22:00:00,25527.815,-20.453801019094687
2026-08-31 00:00:00,25517.12,-43.72406800145788
