bartime,ma,macd_h
2025-01-01 22:00:00,,0.0
2025-01-02 02:00:00,,19.50427350427102
2025-01-02 06:00:00,,31.85579662502601
2025-01-02 10:00:00,,43.47942480486354
2025-01-02 14:00:00,,-49.136434716371575
2025-01-02 18:00:00,,-63.46075033225914
2025-01-02 22:00:00,,-55.36653412541672
2025-01-03 02:00:00,,-41.90604111430026
2025-01-03 06:00:00,,-10.422822064472868
2025-01-03 10:00:00,,-1.8430308088573923
2025-01-03 14:00:00,,28.673701005231067
2025-01-03 18:00:00,,43.921330297617985
2025-01-05 23:00:00,,44.604447202740815
2025-01-06 03:00:00,,47.703683516596485
2025-01-06 07:00:00,,41.29508248658151
2025-01-06 11:00:00,,72.58968609346717
2025-01-06 15:00:00,,40.93690401797414
2025-01-06 19:00:00,,13.503659365650549
2025-01-06 22:00:00,,-9.678309252183055
2025-01-07 02:00:00,42604.05,-18.246320387864714
2025-01-07 06:00:00,42610.545,-16.52909674716136
2025-01-07 10:00:00,42617.735,7.077251373216384
2025-01-07 14:00:00,42611.7,-23.570308150810234
2025-01-07 18:00:00,42596.755,-52.79572021219991
2025-01-07 22:00:00,42613.259999999995,-40.637450192721616
2025-01-08 02:00:00,42626.525,-24.33932034637441
2025-01-08 06:00:00,42638.825,-13.049870973115592
2025-01-08 10:00:00,42646.92,-19.549203062088722
2025-01-08 14:00:00,42642.28999999999,-43.94446388278977
2025-01-08 18:00:00,42648.935,-15.522123688869407
2025-01-08 22:00:00,42644.97499999999,-11.667414357386832
2025-01-09 02:00:00,42641.17,-1.15551635645501
2025-01-09 06:00:00,42639.28999999999,10.91192272545132
2025-01-09 10:00:00,42632.715000000004,8.010195865210282
2025-01-09 14:00:00,42626.365,6.499915120658713
2025-01-09 18:00:00,42607.884999999995,4.510696522174413
2025-01-09 22:00:00,42595.604999999996,-8.005727181747393
2025-01-10 02:00:00,42589.280000000006,2.003311380022666
2025-01-10 06:00:00,42584.53,3.4573518377285595
2025-01-10 10:00:00,42566.4,-40.54857307733663
2025-01-10 14:00:00,42532.395000000004,-102.10517355872464
2025-01-10 18:00:00,42489.52,-119.31874024045845
2025-01-12 23:00:00,42451.75,-126.78517020242492
2025-01-13 03:00:00,42420.75,-103.3663263002511
2025-01-13 07:00:00,42379.925,-90.42834457378086
2025-01-13 11:00:00,42355.34,-5.204881900392024
2025-01-13 15:00:00,42334.475,49.98532523372836
2025-01-13 19:00:00,42322.78,88.83523226186992
2025-01-13 22:00:00,42319.82,101.38071145388656
2025-01-14 02:00:00,42309.009999999995,99.98374283519891
2025-01-14 06:00:00,42304.18,97.25794711196949
2025-01-14 10:00:00,42296.125,79.27827856109172
2025-01-14 14:00:00,42279.895000000004,40.394252668989274
2025-01-14 18:00:00,42280.134999999995,68.7343723761802
2025-01-14 22:00:00,42280.55,71.41844577027928
2025-01-15 02:00:00,42278.62,52.74749423704134
2025-01-15 06:00:00,42282.340000000004,44.32968360393866
2025-01-15 10:00:00,42313.659999999996,140.96250425600837
2025-01-15 14:00:00,42342.505,146.30224667172848
2025-01-15 18:00:00,42389.895000000004,142.315958120922
2025-01-15 22:00:00,42452.665,117.40489573122125
2025-01-16 02:00:00,42516.780000000006,80.26899591097668
2025-01-16 06:00:00,42586.990000000005,47.10103715370195
2025-01-16 10:00:00,42648.115000000005,-7.201832434833932
2025-01-16 14:00:00,42719.42,-16.992950779435773
2025-01-16 18:00:00,42767.995,-41.77547064245476
2025-01-16 22:00:00,42817.784999999996,-34.23755430521487
2025-01-17 02:00:00,42862.854999999996,-30.105843829638616
2025-01-17 06:00:00,42908.840000000004,-21.646194171296315
2025-01-17 10:00:00,42960.475,3.2713463481841814
2025-01-17 14:00:00,43019.11,40.95050418522868
2025-01-17 18:00:00,43071.875,19.76693931994953
2025-01-19 23:00:00,43130.375,0.43758790491551736
2025-01-20 03:00:00,43177.305,-3.992929050618386
2025-01-20 07:00:00,43223.935,-11.633225738191868
2025-01-20 11:00:00,43284.840000000004,20.619202722001603
2025-01-20 15:00:00,43338.245,6.6830869133744955
2025-01-20 19:00:00,43362.845,2.928003215248509
2025-01-20 22:00:00,43383.89,-28.950174833665358
2025-01-21 02:00:00,43400.715,-39.60638131995029
2025-01-21 06:00:00,43420.485,-31.63509612595442
2025-01-21 10:00:00,43441.854999999996,-27.764299406472617
2025-01-21 14:00:00,43476.9,19.654679436067454
2025-01-21 18:00:00,43524.41499999999,46.58250804055206
2025-01-21 22:00:00,43566.979999999996,46.46819300621428
2025-01-22 02:00:00,43614.275,33.15261530446389
2025-01-22 06:00:00,43658.705,24.619529889805904
2025-01-22 10:00:00,43707.33500000001,27.368517568652862
2025-01-22 14:00:00,43749.53999999999,3.8562932849245044
2025-01-22 18:00:00,43785.97,-9.097697277989369
2025-01-22 22:00:00,43812.21,-21.196040358457083
2025-01-23 02:00:00,43845.22,-31.294905217687585
2025-01-23 06:00:00,43879.495,-34.56513279107662
2025-01-23 10:00:00,43913.67,-27.596611721224235
2025-01-23 14:00:00,43962.82,24.33423147178746
2025-01-23 18:00:00,44001.560000000005,40.17133873452195
2025-01-23 22:00:00,44046.145000000004,36.43663841731376
2025-01-24 02:00:00,44087.685,21.672933853412133
2025-01-24 06:00:00,44135.43000000001,3.1478433056901167
2025-01-24 10:00:00,44179.575,-19.896630414839763
2025-01-24 14:00:00,44220.535,-31.823819593758003
2025-01-24 18:00:00,44256.4,-54.56967805786229
2025-01-26 23:00:00,44270.925,-87.96550963086366
2025-01-27 03:00:00,44271.855,-124.9468460145971
2025-01-27 07:00:00,44269.58,-135.76129920497073
2025-01-27 11:00:00,44283.405,-68.83543276523534
2025-01-27 15:00:00,44305.755,3.497536627783518
2025-01-27 19:00:00,44331.18,57.16711222122615
2025-01-27 22:00:00,44356.165,52.619655338686925
2025-01-28 02:00:00,44380.65,42.142878394755655
2025-01-28 06:00:00,44411.225,47.48964817480481
2025-01-28 10:00:00,44438.2,24.726550504558645
2025-01-28 14:00:00,44474.025,40.36492695631796
2025-01-28 18:00:00,44505.53,30.781537862960533
2025-01-28 22:00:00,44521.57,15.416023389751786
2025-01-29 02:00:00,44536.695,2.7364551081863056
2025-01-29 06:00:00,44550.1,-11.894039473572889
2025-01-29 10:00:00,44563.205,-23.47352563691925
2025-01-29 14:00:00,44576.759999999995,-30.550676804561476
2025-01-29 18:00:00,44591.525,-37.53403031024811
2025-01-29 22:00:00,44608.67,-29.69043229730272
2025-01-30 02:00:00,44629.659999999996,-29.02595446408455
2025-01-30 06:00:00,44662.265,-14.574023103752381
2025-01-30 10:00:00,44693.645,-45.15893824529718
2025-01-30 14:00:00,44734.925,-30.159803270936266
2025-01-30 18:00:00,44763.01,-13.064865610508349
2025-01-30 22:00:00,44783.55,4.483486189363418
2025-01-31 02:00:00,44796.66499999999,9.698149202106634
2025-01-31 06:00:00,44817.020000000004,16.87550894817514
2025-01-31 10:00:00,44836.075,12.217986801671032
2025-01-31 14:00:00,44842.979999999996,-16.7225647564222
2025-01-31 18:00:00,44836.515,-88.86716307102287
2025-02-02 23:00:00,44788.645000000004,-216.50294864967364
2025-02-03 03:00:00,44741.295,-241.5341674350508
2025-02-03 07:00:00,44698.784999999996,-200.56466747800587
2025-02-03 11:00:00,44654.265,-157.21809343682156
2025-02-03 15:00:00,44639.119999999995,-15.423434859087706
2025-02-03 19:00:00,44629.655000000006,66.90474762284151
2025-02-03 22:00:00,44616.46,81.4989582892673
2025-02-04 02:00:00,44596.229999999996,51.1458938551566
2025-02-04 06:00:00,44570.05499999999,23.505538794545373
2025-02-04 10:00:00,44546.829999999994,18.82749610285009
2025-02-04 14:00:00,44528.299999999996,46.63569463649705
2025-02-04 18:00:00,44520.315,54.61453000011737
2025-02-04 22:00:00,44504.14,48.01162037789997
2025-02-05 02:00:00,44481.659999999996,27.7361815580784
2025-02-05 06:00:00,44454.45,11.91086989119107
2025-02-05 10:00:00,44432.215000000004,23.35671661564487
2025-02-05 14:00:00,44416.08,55.837430791838685
2025-02-05 18:00:00,44411.14,97.71698313808174
2025-02-05 22:00:00,44413.625,103.64332915217298
2025-02-06 02:00:00,44435.58,96.66245195827256
2025-02-06 06:00:00,44488.84,76.02743584432491
2025-02-06 10:00:00,44542.06,49.95113058448203
2025-02-06 14:00:00,44582.130000000005,-1.610950916125546
2025-02-06 18:00:00,44618.815,-43.19996338366306
2025-02-06 22:00:00,44631.65,-41.82384346727423
2025-02-07 02:00:00,44636.88,-46.5096367191141
2025-02-07 06:00:00,44650.04,-30.29631638184921
2025-02-07 10:00:00,44672.2,-18.289600122152308
2025-02-07 14:00:00,44678.075,-78.86187165745154
2025-02-07 18:00:00,44675.475,-114.99996307653939
2025-02-09 23:00:00,44668.685000000005,-97.68345481374715
2025-02-10 03:00:00,44661.525,-75.77614655885462
2025-02-10 07:00:00,44658.78,-42.98242543347138
2025-02-10 11:00:00,44658.085,-26.444798461212883
2025-02-10 15:00:00,44659.89,-9.864328577988644
2025-02-10 19:00:00,44657.045,3.2123190854923394
2025-02-10 22:00:00,44641.895000000004,-1.5375186861725467
2025-02-11 02:00:00,44616.55,0.28198935342177833
2025-02-11 06:00:00,44588.03,-4.3590583940456895
2025-02-11 10:00:00,44555.535,-10.084292531925286
2025-02-11 14:00:00,44530.64,15.689382100592695
2025-02-11 18:00:00,44512.66,45.97678126409684
2025-02-11 22:00:00,44504.729999999996,57.42483179891389
2025-02-12 02:00:00,44499.545,46.93843425623274
2025-02-12 06:00:00,44488.41,31.310812920806846
2025-02-12 10:00:00,44462.925,-36.987064758804294
2025-02-12 14:00:00,44446.14,-15.542389611141957
2025-02-12 18:00:00,44425.39,-14.246214909553892
2025-02-12 22:00:00,44426.14,-3.4877904338465697
2025-02-13 02:00:00,44433.715000000004,4.183305524796381
2025-02-13 06:00:00,44431.784999999996,-9.195031898097895
2025-02-13 10:00:00,44435.83,8.078373976215602
2025-02-13 14:00:00,44435.825,12.612954247337925
2025-02-13 18:00:00,44449.104999999996,54.0948469303371
2025-02-13 22:00:00,44464.65,75.45865391444417
2025-02-14 02:00:00,44477.81999999999,67.75996956357773
2025-02-14 06:00:00,44489.19499999999,36.19904658299586
2025-02-14 10:00:00,44500.645,18.697518387543226
2025-02-14 14:00:00,44511.895,-0.48196356328156753
2025-02-14 18:00:00,44521.15,-22.841006398982216
2025-02-16 23:00:00,44524.81999999999,-24.308375626716938
2025-02-17 03:00:00,44523.03999999999,-20.85220651530956
2025-02-17 07:00:00,44520.409999999996,-15.871018840645974
2025-02-17 11:00:00,44521.505,-7.262551512922208
2025-02-17 15:00:00,44525.534999999996,1.679488723241377
2025-02-17 19:00:00,44548.835,12.72680525742335
2025-02-17 22:00:00,44554.979999999996,-0.4949202941584474
2025-02-18 02:00:00,44563.740000000005,-8.14100281536323
2025-02-18 06:00:00,44568.985,-15.481484728579762
2025-02-18 10:00:00,44576.58,-6.882321287634127
2025-02-18 14:00:00,44582.55,-25.1566662245435
2025-02-18 18:00:00,44585.770000000004,-18.16697587927371
2025-02-18 22:00:00,44592.565,-2.7839869566254283
2025-02-19 02:00:00,44587.375,3.5746558718950974
2025-02-19 06:00:00,44577.995,3.139792747639401
2025-02-19 10:00:00,44563.015,-21.926142217380235
2025-02-19 14:00:00,44551.01,-36.430063607476654
2025-02-19 18:00:00,44547.025,-7.361562956236035
2025-02-19 22:00:00,44544.365000000005,2.7041454716608726
2025-02-20 02:00:00,44544.225,2.291604194717941
2025-02-20 06:00:00,44544.87,10.441162162911883
2025-02-20 10:00:00,44540.54,-2.9306720386033547
2025-02-20 14:00:00,44512.185000000005,-88.46297607500212
2025-02-20 18:00:00,44490.409999999996,-82.19348872149259
2025-02-20 22:00:00,44468.755,-60.52145273185343
2025-02-21 02:00:00,44444.229999999996,-42.10224430253851
2025-02-21 06:00:00,44426.409999999996,-18.01773691502538
2025-02-21 10:00:00,44394.564999999995,-52.21942216579873
2025-02-21 14:00:00,44347.445,-112.35349352946861
2025-02-21 18:00:00,44287.495,-150.45441811285025
2025-02-23 23:00:00,44244.695,-102.42063174338477
2025-02-24 03:00:00,44199.87,-57.290158286743576
2025-02-24 07:00:00,44156.095,-10.016837909513356
2025-02-24 11:00:00,44099.045000000006,-27.878329124724473
2025-02-24 15:00:00,44052.575,9.790544816859892
2025-02-24 19:00:00,44005.79,5.555966841376858
2025-02-24 22:00:00,43964.965000000004,22.98862106011063
2025-02-25 02:00:00,43913.94499999999,28.17070606980991
2025-02-25 06:00:00,43855.8,5.110966521664523
2025-02-25 10:00:00,43808.455,33.85718446941854
2025-02-25 14:00:00,43761.76,57.51060814555649
2025-02-25 18:00:00,43721.725,71.93263920907611
2025-02-25 22:00:00,43704.69499999999,70.43831118973503
2025-02-26 02:00:00,43683.01,75.6874022230489
2025-02-26 06:00:00,43660.645000000004,73.83189637379434
2025-02-26 10:00:00,43636.280000000006,57.24725422282279
2025-02-26 14:00:00,43599.54,10.386484891187365
2025-02-26 18:00:00,43574.46000000001,-17.269220431264785
2025-02-26 22:00:00,43564.23,-29.409889143859175
2025-02-27 02:00:00,43571.58,-0.8623269630263053
2025-02-27 06:00:00,43568.955,16.305652762884364
2025-02-27 10:00:00,43556.93,-3.99971166453588
2025-02-27 14:00:00,43555.0,39.357063972742566
2025-02-27 18:00:00,43544.295,-21.548036686560494
2025-02-27 22:00:00,43522.064999999995,-46.17651610091531
2025-02-28 02:00:00,43508.675,-41.45338452465148
2025-02-28 06:00:00,43496.8,-11.772667689610273
2025-02-28 10:00:00,43490.55,19.576122426764243
2025-02-28 14:00:00,43481.425,-4.395070678233196
2025-02-28 18:00:00,43491.05,86.47601107861632
2025-03-02 23:00:00,43498.634999999995,117.56200559123006
2025-03-03 03:00:00,43508.635,130.6163069412048
2025-03-03 07:00:00,43521.33,124.79829460145129
2025-03-03 11:00:00,43530.225,102.46948617680178
2025-03-03 15:00:00,43516.645000000004,3.427874717692646
2025-03-03 19:00:00,43494.27,-77.4080531992571
2025-03-03 22:00:00,43478.159999999996,-113.03465087850927
2025-03-04 02:00:00,43469.015,-96.6720634053209
2025-03-04 06:00:00,43458.17,-86.68563863573524
2025-03-04 10:00:00,43432.35,-93.10211465435674
2025-03-04 14:00:00,43380.61,-165.87036016753189
2025-03-04 18:00:00,43348.455,-128.46727578196584
2025-03-04 22:00:00,43300.7,-94.44163860694096
2025-03-05 02:00:00,43276.72,-55.06652843597499
2025-03-05 06:00:00,43258.56,-10.114799809145097
2025-03-05 10:00:00,43222.275,-40.68774554954962
2025-03-05 14:00:00,43197.66499999999,17.67301344089543
2025-03-05 18:00:00,43176.075,69.93985713905454
2025-03-05 22:00:00,43165.36,87.08717832406717
2025-03-06 02:00:00,43126.045,85.65049336292935
2025-03-06 06:00:00,43069.72,22.732961016840477
2025-03-06 10:00:00,43007.295,-7.1436788985722615
2025-03-06 14:00:00,42938.295,-29.148443650453203
2025-03-06 18:00:00,42873.325,-16.767913938387665
2025-03-06 22:00:00,42833.72,8.696316996780638
2025-03-07 02:00:00,42801.835,10.745414733776613
2025-03-07 06:00:00,42777.009999999995,25.87565375474935
2025-03-07 10:00:00,42737.284999999996,-3.8248331685483663
2025-03-07 14:00:00,42702.659999999996,-5.347044318013559
2025-03-07 18:00:00,42688.015,42.75281180605725
2025-03-09 22:00:00,42692.905,40.98436761572219
2025-03-10 02:00:00,42684.71,32.54413512220387
2025-03-10 06:00:00,42670.06999999999,0.7765007373627668
2025-03-10 10:00:00,42657.08,2.5948321048460343
2025-03-10 14:00:00,42614.215000000004,-81.23965797417338
2025-03-10 18:00:00,42586.06,-106.27850224221089
2025-03-10 21:00:00,42529.505,-134.90598023908422
2025-03-11 01:00:00,42481.105,-68.66748655047093
2025-03-11 05:00:00,42434.255,-19.555661795638343
2025-03-11 09:00:00,42379.055,-19.225251296005922
2025-03-11 13:00:00,42310.08,-110.6717605523263
2025-03-11 17:00:00,42250.425,-97.26382305972948
2025-03-11 21:00:00,42200.17,-51.767489587359364
2025-03-12 01:00:00,42145.509999999995,-18.761986648437414
2025-03-12 05:00:00,42092.36,25.33846134245755
2025-03-12 09:00:00,42049.284999999996,71.63986048982815
2025-03-12 13:00:00,41982.534999999996,19.196661427927893
2025-03-12 17:00:00,41924.844999999994,-2.164511919619599
2025-03-12 21:00:00,41869.4,11.271252280837587
2025-03-13 01:00:00,41794.775,1.4811511703263136
2025-03-13 05:00:00,41725.009999999995,2.888563160505555
2025-03-13 09:00:00,41659.745,21.310214995472847
2025-03-13 13:00:00,41582.405,-34.351849269053446
2025-03-13 17:00:00,41500.095,-49.18837020886997
2025-03-13 21:00:00,41451.284999999996,-12.323734689098274
2025-03-14 01:00:00,41406.14,19.560391778644203
2025-03-14 05:00:00,41372.445,38.9602876803458
2025-03-14 09:00:00,41326.75,60.94136661470009
2025-03-14 13:00:00,41296.33,126.50601031032602
2025-03-14 17:00:00,41273.515,138.33480918035036
2025-03-16 22:00:00,41275.53,112.22561709653712
2025-03-17 02:00:00,41268.925,87.30110093189899
2025-03-17 06:00:00,41256.67,66.0798336389496
2025-03-17 10:00:00,41264.615000000005,117.78538392020513
2025-03-17 14:00:00,41278.06,161.48843424300497
2025-03-17 18:00:00,41283.185,151.20378979882173
2025-03-17 21:00:00,41308.585,124.4253489182075
2025-03-18 01:00:00,41330.625,77.04097570513785
2025-03-18 05:00:00,41354.19499999999,63.07035135498117
2025-03-18 09:00:00,41377.89,24.042378355389758
2025-03-18 13:00:00,41390.085,-40.227642272702695
2025-03-18 17:00:00,41404.215000000004,-46.58997309924476
2025-03-18 21:00:00,41443.840000000004,-25.530776510179237
2025-03-19 01:00:00,41481.685,-26.473650430132963
2025-03-19 05:00:00,41511.155,-26.250685695073912
2025-03-19 09:00:00,41539.149999999994,-22.70788727933231
2025-03-19 13:00:00,41578.12,18.79929003285082
2025-03-19 17:00:00,41621.775,59.040389419308326
2025-03-19 21:00:00,41654.59,85.57284932351263
2025-03-20 01:00:00,41688.9,83.05710954528439
2025-03-20 05:00:00,41728.38,67.85245422798783
2025-03-20 09:00:00,41753.759999999995,-2.8944340782791755
2025-03-20 13:00:00,41789.615,-1.7647039929743755
2025-03-20 17:00:00,41805.049999999996,-8.031239075713586
2025-03-20 21:00:00,41809.95,-11.959811701907455
2025-03-21 01:00:00,41814.345,-22.939942069450353
2025-03-21 05:00:00,41812.14,-50.40616314868657
2025-03-21 09:00:00,41807.26,-83.4621315156613
2025-03-21 13:00:00,41812.98,-32.26933301132968
2025-03-21 17:00:00,41826.87,-2.2395040090419656
2025-03-23 22:00:00,41864.23,46.644255547701434
2025-03-24 02:00:00,41897.38,59.710241588218764
2025-03-24 06:00:00,41929.134999999995,67.63874785903354
2025-03-24 10:00:00,41973.815,90.27646452806488
2025-03-24 14:00:00,42017.695,77.79387736130042
2025-03-24 18:00:00,42066.225,73.33381600954567
2025-03-24 21:00:00,42103.455,54.57946804318226
2025-03-25 01:00:00,42130.425,25.125279819415482
2025-03-25 05:00:00,42152.259999999995,6.030096618122116
2025-03-25 09:00:00,42180.22,13.56585580043975
2025-03-25 13:00:00,42204.38,-3.542731406019243
2025-03-25 17:00:00,42244.315,-13.288411883800677
2025-03-25 21:00:00,42276.365000000005,-15.013711994215328
2025-03-26 01:00:00,42307.66,-25.428567049030335
2025-03-26 05:00:00,42335.615000000005,-42.12220444872372
2025-03-26 09:00:00,42371.995,-27.06770092798598
2025-03-26 13:00:00,42406.425,-51.79907855891349
2025-03-26 17:00:00,42444.56,-72.73122368552134
2025-03-26 21:00:00,42466.05,-76.98866068354496
2025-03-27 01:00:00,42491.795,-50.23967819590729
2025-03-27 05:00:00,42507.145,-32.432446894437476
2025-03-27 09:00:00,42519.17,-32.484143303797964
2025-03-27 13:00:00,42515.195,-70.94494695980136
2025-03-27 17:00:00,42505.594999999994,-64.95155009210501
2025-03-27 21:00:00,42498.439999999995,-50.54049998954045
2025-03-28 01:00:00,42487.935,-32.86791139535522
2025-03-28 05:00:00,42471.729999999996,-41.785171067051344
2025-03-28 09:00:00,42454.15,-52.265970322308476
2025-03-28 13:00:00,42409.195,-139.6237810506315
2025-03-28 17:00:00,42347.335,-189.1815062001137
2025-03-30 22:00:00,42287.115000000005,-185.37113783227835
2025-03-31 02:00:00,42226.994999999995,-148.94313387119814
2025-03-31 06:00:00,42159.634999999995,-124.77740704679292
2025-03-31 10:00:00,42098.875,-73.12987895339984
2025-03-31 14:00:00,42053.729999999996,9.289002663726023
2025-03-31 18:00:00,42017.314999999995,100.27724307559225
2025-03-31 21:00:00,41985.505,115.74626888976377
2025-04-01 01:00:00,41958.78999999999,114.7568159994982
2025-04-01 05:00:00,41935.62,112.33195204359996
2025-04-01 09:00:00,41899.3,74.52239581468297
2025-04-01 13:00:00,41873.225,88.83057318381995
2025-04-01 17:00:00,41846.98,74.1950037516514
2025-04-01 21:00:00,41832.2,57.58772346591326
2025-04-02 01:00:00,41813.445,43.32312626069109
2025-04-02 05:00:00,41790.72,22.23480097079642
2025-04-02 09:00:00,41756.87,-21.77038089266246
2025-04-02 13:00:00,41758.719999999994,65.8470813211347
2025-04-02 17:00:00,41737.8,1.9649108576192127
2025-04-02 21:00:00,41720.81,-101.72880132802939
2025-04-03 01:00:00,41718.4,-113.95612115622674
2025-04-03 05:00:00,41711.025,-123.68594191269096
2025-04-03 09:00:00,41688.4,-155.39035369294686
2025-04-03 13:00:00,41670.2,-144.53421004743018
2025-04-03 17:00:00,41621.869999999995,-199.73886615823733
2025-04-03 21:00:00,41561.43,-184.3341237071727
2025-04-04 01:00:00,41476.16,-176.11139293979795
2025-04-04 05:00:00,41390.509999999995,-151.89218004355394
2025-04-04 09:00:00,41273.695,-210.81829447215637
2025-04-04 13:00:00,41122.495,-298.3462334463454
2025-04-04 17:00:00,40944.244999999995,-391.4516628665283
2025-04-06 22:00:00,40721.35,-468.34748184566365
2025-04-07 02:00:00,40485.2,-463.5882776994913
2025-04-07 06:00:00,40241.36,-394.62289477358445
2025-04-07 10:00:00,40013.53,-223.70787110869696
2025-04-07 14:00:00,39832.9,63.256171567101774
2025-04-07 18:00:00,39661.020000000004,201.14934258023663
2025-04-07 21:00:00,39468.23,289.17298291293037
2025-04-08 01:00:00,39311.935000000005,345.52728699579256
2025-04-08 05:00:00,39184.350000000006,364.209124442792
2025-04-08 09:00:00,39066.815,389.6766135174537
2025-04-08 13:00:00,38922.005,245.5123705437527
2025-04-08 17:00:00,38751.87,31.800748268235793
2025-04-08 21:00:00,38562.685000000005,-112.56880029848799
2025-04-09 01:00:00,38386.33,-180.7394543014998
2025-04-09 05:00:00,38247.33,-34.37004410441773
2025-04-09 09:00:00,38090.155,-46.29111978461469
2025-04-09 13:00:00,37980.455,122.05281380218412
2025-04-09 17:00:00,38042.765,677.1217111499916
2025-04-09 21:00:00,38137.465000000004,822.2205682795646
2025-04-10 01:00:00,38250.715,714.5889718197504
2025-04-10 05:00:00,38371.54,476.9068317334992
2025-04-10 09:00:00,38511.79,316.6713878494985
2025-04-10 13:00:00,38613.68000000001,38.664769400424746
2025-04-10 17:00:00,38723.990000000005,-5.406538235733819
2025-04-10 21:00:00,38766.51,-110.45636136702097
2025-04-11 01:00:00,38836.11,-54.41785449119158
2025-04-11 05:00:00,38883.545,-75.28530421413086
2025-04-11 09:00:00,38935.43,-28.985693827990815
2025-04-11 13:00:00,39000.45,54.54392683592903
2025-04-11 17:00:00,39061.645000000004,110.82989805720678
2025-04-13 22:00:00,39160.32,122.64247968817142
2025-04-14 02:00:00,39303.265,117.85524022726793
2025-04-14 06:00:00,39473.384999999995,114.59566246036582
2025-04-14 10:00:00,39656.625,89.21766521387917
2025-04-14 14:00:00,39800.530000000006,50.186028249075775
2025-04-14 18:00:00,39970.17,7.923426272935444
2025-04-14 21:00:00,40097.585,-18.856658722207158
2025-04-15 01:00:00,40084.305,-33.60871877095792
2025-04-15 05:00:00,40073.94499999999,-32.192069956238356
2025-04-15 09:00:00,40072.235,-60.91040348722322
2025-04-15 13:00:00,40100.6,-59.948028292391655
2025-04-15 17:00:00,40116.74999999999,-90.67572430423343
2025-04-15 21:00:00,40172.63,-121.69467554184394
2025-04-16 01:00:00,40205.06,-121.09792937992523
2025-04-16 05:00:00,40264.205,-98.47975826241156
2025-04-16 09:00:00,40296.995,-80.81031152837579
2025-04-16 13:00:00,40334.759999999995,-95.25290798542977
2025-04-16 17:00:00,40334.095,-173.30747901870046
2025-04-16 21:00:00,40322.845,-153.28632007823418
2025-04-17 01:00:00,40308.245,-99.807369199065
2025-04-17 05:00:00,40290.990000000005,-61.31440791552217
2025-04-17 09:00:00,40231.090000000004,-166.34617684132866
2025-04-17 13:00:00,40174.490000000005,-147.85060218995423
2025-04-17 17:00:00,40107.685,-148.51111023241685
2025-04-20 22:00:00,40025.93,-179.39172273940346
2025-04-21 02:00:00,39945.455,-164.03475301510377
2025-04-21 06:00:00,39860.58,-139.22162760871214
2025-04-21 10:00:00,39760.93000000001,-146.79060503617268
2025-04-21 14:00:00,39625.205,-229.30725523902834
2025-04-21 18:00:00,39508.955,-175.54525573702426
2025-04-21 21:00:00,39396.89,-87.10832931163998
2025-04-22 01:00:00,39293.3,-26.123735600758096
2025-04-22 05:00:00,39207.04,52.70422282995219
2025-04-22 09:00:00,39123.0,101.47835211876725
2025-04-22 13:00:00,39066.759999999995,225.52408526366582
2025-04-22 17:00:00,39012.344999999994,260.157300770653
2025-04-22 21:00:00,38990.345,327.2287828502153
2025-04-23 01:00:00,38990.735,307.4420838808919
2025-04-23 05:00:00,38991.86,289.58477899919006
2025-04-23 09:00:00,38993.585,266.9975623242843
2025-04-23 13:00:00,38984.7,183.35008372694682
2025-04-23 17:00:00,39004.905,88.65785709671107
2025-04-23 21:00:00,39012.795,26.606332090732252
2025-04-24 01:00:00,39026.840000000004,-18.530464103490402
2025-04-24 05:00:00,39048.21,-69.73766215780142
2025-04-24 09:00:00,39079.915,-52.492888077099764
2025-04-24 13:00:00,39142.85,53.52988934707818
2025-04-24 17:00:00,39221.175,92.11187236892573
2025-04-24 21:00:00,39335.31,102.42749885187652
2025-04-25 01:00:00,39434.445,78.13989231833153
2025-04-25 05:00:00,39525.795,52.260783510943554
2025-04-25 09:00:00,39608.884999999995,-2.154291475328364
2025-04-25 13:00:00,39685.795,-15.496852020106303
2025-04-25 17:00:00,39765.085,-6.123164065108767
2025-04-27 22:00:00,39804.69499999999,-36.978959897983714
2025-04-28 02:00:00,39840.955,-55.67653122454038
2025-04-28 06:00:00,39862.925,-27.21914511451888
2025-04-28 10:00:00,39890.475,-3.0106347463878365
2025-04-28 14:00:00,39901.159999999996,-23.45580025108933
2025-04-28 18:00:00,39912.025,-6.416801893098921
2025-04-28 21:00:00,39935.854999999996,7.169151124861344
2025-04-29 01:00:00,39968.62,6.944193640663457
2025-04-29 05:00:00,40006.8,13.163307776023203
2025-04-29 09:00:00,40046.784999999996,3.4031671221574697
2025-04-29 13:00:00,40099.145000000004,4.886744366675657
2025-04-29 17:00:00,40153.685,38.7770814539258
2025-04-29 21:00:00,40174.985,22.36495410111604
2025-04-30 01:00:00,40192.745,1.0478944215899446
2025-04-30 05:00:00,40210.22,-2.2699740746201087
2025-04-30 09:00:00,40215.32,-59.667886029722126
2025-04-30 13:00:00,40226.310000000005,-58.214598811835856
2025-04-30 17:00:00,40264.975,10.951220683064435
2025-04-30 21:00:00,40305.310000000005,53.701923914720794
2025-05-01 01:00:00,40343.215000000004,68.72280270630625
2025-05-01 05:00:00,40391.45,64.98206341852324
2025-05-01 09:00:00,40436.835,32.33579282016319
2025-05-01 13:00:00,40471.05,2.8278581572358803
2025-05-01 17:00:00,40495.655000000006,-35.48822047139521
2025-05-01 21:00:00,40546.08,10.16211668462995
2025-05-02 01:00:00,40591.175,29.67715562976997
2025-05-02 05:00:00,40622.54,-9.747353560304532
2025-05-02 09:00:00,40669.854999999996,23.57057912399455
2025-05-02 13:00:00,40721.295,53.39844151096759
2025-05-02 17:00:00,40772.80500000001,45.53403486920763
2025-05-04 22:00:00,40806.15,-22.97197891219571
2025-05-05 02:00:00,40829.065,-51.71066730476758
2025-05-05 06:00:00,40857.939999999995,-61.82456946961872
2025-05-05 10:00:00,40894.935000000005,-41.37650030796243
2025-05-05 14:00:00,40940.165,6.308611146279873
2025-05-05 18:00:00,40991.229999999996,-11.985572064637381
2025-05-05 21:00:00,41035.84,-24.416673713834257
2025-05-06 01:00:00,41060.15,-36.478772656073716
2025-05-06 05:00:00,41068.795,-74.53021702902231
2025-05-06 09:00:00,41072.89,-89.30032643876069
2025-05-06 13:00:00,41071.255,-100.259356663549
2025-05-06 17:00:00,41066.665,-118.915013628838
2025-05-06 21:00:00,41083.43000000001,-43.36021676082899
2025-05-07 01:00:00,41101.965,-21.07866387570496
2025-05-07 05:00:00,41102.37,-10.034918224346583
2025-05-07 09:00:00,41098.225,-12.556330735966412
2025-05-07 13:00:00,41114.189999999995,19.010228988396648
2025-05-07 17:00:00,41108.175,7.0261983112592645
2025-05-07 21:00:00,41099.355,16.121432454025523
2025-05-08 01:00:00,41101.265,47.20866914784615
2025-05-08 05:00:00,41121.015,60.7738924186651
2025-05-08 09:00:00,41135.740000000005,40.98493336190222
2025-05-08 13:00:00,41171.205,95.81500523572564
2025-05-08 17:00:00,41180.1,31.65180580679504
2025-05-08 21:00:00,41173.884999999995,-15.781089673818599
2025-05-09 01:00:00,41182.509999999995,-17.101208211157626
2025-05-09 05:00:00,41187.450000000004,-32.327681307274815
2025-05-09 09:00:00,41201.415,-11.368917607484946
2025-05-09 13:00:00,41209.725,-56.906211164843626
2025-05-09 17:00:00,41225.885,-48.672312813683675
2025-05-11 22:00:00,41265.08,24.106143250748573
2025-05-12 02:00:00,41313.28,52.90852131425828
2025-05-12 06:00:00,41363.995,130.4852524338429
2025-05-12 10:00:00,41423.095,154.43702000834116
2025-05-12 14:00:00,41485.575,148.15275921584168
2025-05-12 18:00:00,41556.455,138.83730451428698
2025-05-12 21:00:00,41612.345,87.65884227236756
2025-05-13 01:00:00,41672.465000000004,38.91585570483244
2025-05-13 05:00:00,41729.04,8.605499464763966
2025-05-13 09:00:00,41772.215000000004,-28.701123336543446
2025-05-13 13:00:00,41811.62,-51.912934889824555
2025-05-13 17:00:00,41852.145000000004,-72.48316805677104
2025-05-13 21:00:00,41871.990000000005,-77.11346195501739
2025-05-14 01:00:00,41912.83500000001,-72.19721274963854
2025-05-14 05:00:00,41957.855,-64.48733067903311
2025-05-14 09:00:00,41997.725000000006,-55.85852798441249
2025-05-14 13:00:00,42034.784999999996,-72.79145971604197
2025-05-14 17:00:00,42061.955,-81.93218592037766
2025-05-14 21:00:00,42097.729999999996,-101.01008822125752
2025-05-15 01:00:00,42126.854999999996,-98.7345719349349
2025-05-15 05:00:00,42135.9,-89.83499678320541
2025-05-15 09:00:00,42145.520000000004,-67.80296825760277
2025-05-15 13:00:00,42149.975000000006,8.824070911325009
2025-05-15 17:00:00,42153.58,50.14407396141044
2025-05-15 21:00:00,42151.875,51.86303547716824
2025-05-16 01:00:00,42144.72,45.8902416519569
2025-05-16 05:00:00,42150.07,57.835764040511464
2025-05-16 09:00:00,42155.57,45.586154237736025
2025-05-16 13:00:00,42165.84500000001,51.29629543689279
2025-05-16 17:00:00,42176.255000000005,28.35429434775176
2025-05-18 22:00:00,42185.985,5.261497483652022
2025-05-19 02:00:00,42194.52,-23.30071944874996
2025-05-19 06:00:00,42201.52,-39.67211378268681
2025-05-19 10:00:00,42222.125,5.111579936251985
2025-05-19 14:00:00,42250.295,46.75860573536164
2025-05-19 18:00:00,42280.045,60.54821183812339
2025-05-19 21:00:00,42317.715000000004,56.900829385246425
2025-05-20 01:00:00,42354.325,30.639166775475246
2025-05-20 05:00:00,42396.41,5.83326185851854
2025-05-20 09:00:00,42441.045,-3.0261174944611753
2025-05-20 13:00:00,42482.115000000005,-27.5857635691018
2025-05-20 17:00:00,42519.86,-43.02158960786073
2025-05-20 21:00:00,42539.545,-50.65080031337979
2025-05-21 01:00:00,42551.57,-64.47603735818205
2025-05-21 05:00:00,42559.25,-85.63378890868685
2025-05-21 09:00:00,42560.979999999996,-102.23295183530759
2025-05-21 13:00:00,42556.135,-95.21475599668366
2025-05-21 17:00:00,42526.0,-172.01246915402123
2025-05-21 21:00:00,42494.575,-162.02035358467333
2025-05-22 01:00:00,42464.66499999999,-141.65160410261842
2025-05-22 05:00:00,42436.73,-108.68916837511611
2025-05-22 09:00:00,42408.745,-90.06156426479942
2025-05-22 13:00:00,42386.75,-48.51669197700443
2025-05-22 17:00:00,42353.09,-10.11470229089349
2025-05-22 21:00:00,42310.44499999999,8.991753316124289
2025-05-23 01:00:00,42263.31999999999,12.611139398085243
2025-05-23 05:00:00,42216.659999999996,22.66197812966783
2025-05-23 09:00:00,42145.975,-65.53347809075831
2025-05-23 13:00:00,42090.05,-40.88248921595641
2025-05-23 17:00:00,42031.29,-21.526841854697807
2025-05-25 22:00:00,41994.659999999996,54.82286058402724
2025-05-26 02:00:00,41959.655,84.65074115673423
2025-05-26 06:00:00,41929.475000000006,102.72843232378224
2025-05-26 10:00:00,41903.82,100.5150271349791
2025-05-26 14:00:00,41885.325,91.09769233928436
2025-05-26 18:00:00,41872.305,77.31461718509418
2025-05-26 21:00:00,41856.6,53.6464319730374
2025-05-27 01:00:00,41864.57,25.723780383661996
2025-05-27 05:00:00,41876.73,41.82460666201013
2025-05-27 09:00:00,41888.840000000004,33.63131571178728
2025-05-27 13:00:00,41909.104999999996,54.510990603198664
2025-05-27 17:00:00,41941.08500000001,80.34824580778101
2025-05-27 21:00:00,41965.969999999994,70.20586230079272
2025-05-28 01:00:00,41985.87,46.46682921399909
2025-05-28 05:00:00,42003.515,17.022305130891567
2025-05-28 09:00:00,42027.235,13.13052494913569
2025-05-28 13:00:00,42045.12500000001,-7.106883904362178
2025-05-28 17:00:00,42085.045,-35.031876876065226
2025-05-28 21:00:00,42136.05,40.605119209671784
2025-05-29 01:00:00,42190.545,73.06725565516336
2025-05-29 05:00:00,42222.615000000005,55.671983229189095
2025-05-29 09:00:00,42235.18,-28.48489584479597
2025-05-29 13:00:00,42238.659999999996,-79.54267473931483
2025-05-29 17:00:00,42244.615000000005,-81.36727650083836
2025-05-29 21:00:00,42248.5,-75.91343374243823
2025-05-30 01:00:00,42253.26,-59.54879231903141
2025-05-30 05:00:00,42260.57,-44.28613188672729
2025-05-30 09:00:00,42266.5,-47.93008840343472
2025-05-30 13:00:00,42259.05,-57.485500171137936
2025-05-30 17:00:00,42265.13,-15.244521783493468
2025-06-01 22:00:00,42258.335,-9.897777441580786
2025-06-02 02:00:00,42240.87,-16.311034044671068
2025-06-02 06:00:00,42224.01,-21.503296195314782
2025-06-02 10:00:00,42206.235,-30.162400341910455
2025-06-02 14:00:00,42198.840000000004,-3.291942479713015
2025-06-02 18:00:00,42198.275,45.90255927346503
2025-06-02 21:00:00,42197.45,45.19402698979676
2025-06-03 01:00:00,42198.12,25.746224518642165
2025-06-03 05:00:00,42173.125,10.720485709808061
2025-06-03 09:00:00,42150.435,20.899671087577744
2025-06-03 13:00:00,42146.259999999995,68.37706619565483
2025-06-03 17:00:00,42162.7,82.49395945777101
2025-06-03 21:00:00,42185.490000000005,79.41610713424183
2025-06-04 01:00:00,42202.685,55.77038809494809
2025-06-04 05:00:00,42225.21000000001,50.11568814296794
2025-06-04 09:00:00,42243.354999999996,27.106997825455778
2025-06-04 13:00:00,42262.314999999995,14.141463063717538
2025-06-04 17:00:00,42278.770000000004,-20.906600804309335
2025-06-04 21:00:00,42300.384999999995,-32.6319100615857
2025-06-05 01:00:00,42311.865000000005,-32.75504505602666
2025-06-05 05:00:00,42331.375,-17.854652660915917
2025-06-05 09:00:00,42354.715,-9.093770550909994
2025-06-05 13:00:00,42373.72,-26.98705697940781
2025-06-05 17:00:00,42393.265,-41.22416531887353
2025-06-05 21:00:00,42409.64,-28.788183441563632
2025-06-06 01:00:00,42417.6,-13.277972316968302
2025-06-06 05:00:00,42430.63,-4.065475832808261
2025-06-06 09:00:00,42454.775,23.94328332537711
2025-06-06 13:00:00,42480.07,30.824934956542066
2025-06-06 17:00:00,42507.78,53.399627835711044
2025-06-08 22:00:00,42518.91499999999,42.36830851934988
2025-06-09 02:00:00,42528.05,27.440198899340203
2025-06-09 06:00:00,42539.77,27.770992955104873
2025-06-09 10:00:00,42546.89,-3.7697267965273227
2025-06-09 14:00:00,42560.84,18.776128663967285
2025-06-09 18:00:00,42572.97,5.374120352577705
2025-06-09 21:00:00,42585.79,1.7581168265792826
2025-06-10 01:00:00,42608.625,6.5817899913021165
2025-06-10 05:00:00,42623.365000000005,-20.692654387884517
2025-06-10 09:00:00,42640.19499999999,-22.123948624113297
2025-06-10 13:00:00,42658.685000000005,-4.06013895006339
2025-06-10 17:00:00,42674.695,-5.032736436820983
2025-06-10 21:00:00,42694.719999999994,-14.365852299719108
2025-06-11 01:00:00,42715.305,-25.701327650525116
2025-06-11 05:00:00,42735.270000000004,-17.273630751811766
2025-06-11 09:00:00,42758.325,4.56120333879872
2025-06-11 13:00:00,42784.825,24.47970582540188
2025-06-11 17:00:00,42796.384999999995,0.33771117448560517
2025-06-11 21:00:00,42801.854999999996,-32.683152405573736
2025-06-12 01:00:00,42800.26,-41.97878415087051
2025-06-12 05:00:00,42797.025,-57.592230837276176
2025-06-12 09:00:00,42797.9,-44.72904754647891
2025-06-12 13:00:00,42801.935,-9.994640576126365
2025-06-12 17:00:00,42815.255,11.845137836107966
2025-06-12 21:00:00,42792.635,-66.94810547503454
2025-06-13 01:00:00,42772.235,-99.24521033282421
2025-06-13 05:00:00,42755.445,-79.54136956089681
2025-06-13 09:00:00,42739.15,-47.42196069782102
2025-06-13 13:00:00,42728.25,-32.5218742415786
2025-06-13 17:00:00,42697.025,-79.63295933270302
2025-06-15 22:00:00,42663.86,-73.30827372632746
2025-06-16 02:00:00,42634.270000000004,-50.94336921483705
2025-06-16 06:00:00,42610.54,-17.735127096810913
2025-06-16 10:00:00,42603.19,51.16264678364388
2025-06-16 14:00:00,42587.770000000004,59.38240973969903
2025-06-16 18:00:00,42567.645000000004,58.887105137089065
2025-06-16 21:00:00,42535.884999999995,26.487611049786977
2025-06-17 01:00:00,42510.715000000004,7.617199810086504
2025-06-17 05:00:00,42487.689999999995,-12.530341618076363
2025-06-17 09:00:00,42464.03,-17.380991620171997
2025-06-17 13:00:00,42450.090000000004,2.538382566689009
2025-06-17 17:00:00,42424.25,-15.90298326930349
2025-06-17 21:00:00,42391.825,-17.420497127647565
2025-06-18 01:00:00,42357.61,-12.13832613431859
2025-06-18 05:00:00,42350.91499999999,3.4064627404510475
2025-06-18 09:00:00,42343.95,1.6259335357121358
2025-06-18 13:00:00,42336.485,19.580684631215547
2025-06-18 17:00:00,42318.91499999999,3.283145138312534
2025-06-18 21:00:00,42299.425,-14.795034713575717
2025-06-19 01:00:00,42298.75000000001,-13.021476488850283
2025-06-19 05:00:00,42288.245,-29.831213868008888
2025-06-19 09:00:00,42270.29,-49.02045073154807
2025-06-19 13:00:00,42242.82,-65.96164056806543
2025-06-19 17:00:00,42205.705,-43.485154121799525
2025-06-19 21:00:00,42182.32,7.311275453603827
2025-06-20 01:00:00,42159.719999999994,35.90690752442285
2025-06-20 05:00:00,42143.33,41.582275211061926
2025-06-20 09:00:00,42141.215000000004,86.38382908296404
2025-06-20 13:00:00,42140.485,86.41655126244925
2025-06-20 17:00:00,42139.29,73.80075421501759
2025-06-22 22:00:00,42122.63,23.557084284666104
2025-06-23 02:00:00,42117.630000000005,12.103563124838828
2025-06-23 06:00:00,42118.58,28.449473055424654
2025-06-23 10:00:00,42124.270000000004,48.93250051133717
2025-06-23 14:00:00,42134.575,75.42781577882748
2025-06-23 18:00:00,42153.415,94.04912796622791
2025-06-23 21:00:00,42176.725,118.6314351707482
2025-06-24 01:00:00,42207.51,111.77440137676143
2025-06-24 05:00:00,42246.56,104.69263942203236
2025-06-24 09:00:00,42282.784999999996,77.5673762886027
2025-06-24 13:00:00,42335.96000000001,86.52308785946605
2025-06-24 17:00:00,42395.229999999996,73.67637721871586
2025-06-24 21:00:00,42462.22,58.69463612939876
2025-06-25 01:00:00,42524.990000000005,39.16172838074465
2025-06-25 05:00:00,42578.14,16.846271091045082
2025-06-25 09:00:00,42629.384999999995,-3.5123133365664216
2025-06-25 13:00:00,42673.875,-46.011597371138464
2025-06-25 17:00:00,42707.295,-56.0686092277237
2025-06-25 21:00:00,42744.555,-53.47376744897275
2025-06-26 01:00:00,42784.1,-44.463110014621236
2025-06-26 05:00:00,42836.745,-30.416203989671317
2025-06-26 09:00:00,42886.79,-22.631189127851883
2025-06-26 13:00:00,42941.854999999996,18.023186081380743
2025-06-26 17:00:00,42995.645000000004,39.93039660717034
2025-06-26 21:00:00,43044.865000000005,47.06652268551204
2025-06-27 01:00:00,43089.3,40.12236911005999
2025-06-27 05:00:00,43127.335,35.24723107554962
2025-06-27 09:00:00,43165.41499999999,24.3630576690353
2025-06-27 13:00:00,43216.990000000005,71.00225342821886
2025-06-27 17:00:00,43271.055,76.1478862696149
2025-06-29 22:00:00,43319.225,75.23100060992266
2025-06-30 02:00:00,43370.134999999995,66.27441552760217
2025-06-30 06:00:00,43414.619999999995,28.993744621228416
2025-06-30 10:00:00,43458.490000000005,-0.22520371050609356
2025-06-30 14:00:00,43499.55,-32.81244256418222
2025-06-30 18:00:00,43546.445,-32.21064246039566
2025-06-30 21:00:00,43605.68000000001,-21.497270470672106
2025-07-01 01:00:00,43658.425,-37.42727115471257
2025-07-01 05:00:00,43711.009999999995,-42.61064453582355
2025-07-01 09:00:00,43760.990000000005,-49.481487125856745
2025-07-01 13:00:00,43827.505,13.14585224246548
2025-07-01 17:00:00,43897.86,45.12449171760329
2025-07-01 21:00:00,43957.045,44.55698625540305
2025-07-02 01:00:00,44016.325,42.680725661668475
2025-07-02 05:00:00,44070.65,19.354853598858085
2025-07-02 09:00:00,44120.784999999996,-13.512867857518586
2025-07-02 13:00:00,44166.89,-37.677552034189716
2025-07-02 17:00:00,44212.845,-48.43862106160117
2025-07-02 21:00:00,44242.384999999995,-48.714644604465605
2025-07-03 01:00:00,44271.68,-46.65999098415665
2025-07-03 05:00:00,44293.814999999995,-54.83094947263913
2025-07-03 09:00:00,44315.82,-46.549704007661944
2025-07-03 13:00:00,44355.77,3.7099544561864377
2025-07-03 17:00:00,44396.469999999994,19.583627241455247
2025-07-03 21:00:00,44435.68000000001,0.2952198800211363
2025-07-04 01:00:00,44467.735,-20.430556214549256
2025-07-04 05:00:00,44489.770000000004,-52.04714384217863
2025-07-04 09:00:00,44516.485,-62.25543933369863
2025-07-04 13:00:00,44541.31999999999,-65.05010674639743
2025-07-04 17:00:00,44565.115000000005,-68.18311945357107
2025-07-06 22:00:00,44577.81,-36.04088633732161
2025-07-07 02:00:00,44586.63,-19.036817982733623
2025-07-07 06:00:00,44601.805,9.482940520529212
2025-07-07 10:00:00,44609.165,2.3995733149046714
2025-07-07 14:00:00,44596.875,-79.56355769282365
2025-07-07 18:00:00,44587.015,-108.13602098838493
2025-07-07 21:00:00,44581.325,-96.05361294038134
2025-07-08 01:00:00,44575.835,-75.79952539993765
2025-07-08 05:00:00,44568.825,-57.3597912539394
2025-07-08 09:00:00,44560.530000000006,-43.47736182727778
2025-07-08 13:00:00,44550.67,-45.34941586175671
2025-07-08 17:00:00,44535.88,-45.538058543133275
2025-07-08 21:00:00,44505.115000000005,-46.345942856345715
2025-07-09 01:00:00,44475.095,-34.00548205970587
2025-07-09 05:00:00,44452.485,-13.568113452894835
2025-07-09 09:00:00,44438.159999999996,20.516985256699115
2025-07-09 13:00:00,44424.54,15.671548766409884
2025-07-09 17:00:00,44418.675,40.364874515215774
2025-07-09 21:00:00,44410.280000000006,34.696740223263916
2025-07-10 01:00:00,44401.505,20.10819106621416
2025-07-10 05:00:00,44385.315,14.132609696168679
2025-07-10 09:00:00,44369.85,15.019205483135806
2025-07-10 13:00:00,44363.515,67.23309331860273
2025-07-10 17:00:00,44356.159999999996,61.53963783617691
2025-07-10 21:00:00,44362.479999999996,21.34786291876928
2025-07-11 01:00:00,44374.775,17.856882683391277
2025-07-11 05:00:00,44378.375,-6.701380235276034
2025-07-11 09:00:00,44379.46000000001,-22.721503999624034
2025-07-11 13:00:00,44379.245,-31.434838982770408
2025-07-11 17:00:00,44377.33500000001,-38.59016204118377
2025-07-13 22:00:00,44372.3,-60.8650130789038
2025-07-14 02:00:00,44366.93,-68.5603757600966
2025-07-14 06:00:00,44369.255,-42.84379842031802
2025-07-14 10:00:00,44375.765,-5.901280015143541
2025-07-14 14:00:00,44383.68,25.030329315382033
2025-07-14 18:00:00,44385.925,37.779106820960834
2025-07-14 21:00:00,44391.89,33.59383089054005
2025-07-15 01:00:00,44392.57,36.936087396006386
2025-07-15 05:00:00,44393.095,21.556695259872004
2025-07-15 09:00:00,44396.66499999999,14.495711980642865
2025-07-15 13:00:00,44382.68,-48.35309498321979
2025-07-15 17:00:00,44361.33,-87.12525855813846
2025-07-15 21:00:00,44324.18,-89.70997835526921
2025-07-16 01:00:00,44291.86,-76.57976211616173
2025-07-16 05:00:00,44271.87,-43.657383348928505
2025-07-16 09:00:00,44253.744999999995,2.393206919647014
2025-07-16 13:00:00,44238.62,14.519873347003568
2025-07-16 17:00:00,44228.909999999996,32.65490262060561
2025-07-16 21:00:00,44220.64,38.03310297410211
2025-07-17 01:00:00,44213.3,32.35326659983261
2025-07-17 05:00:00,44214.21,30.582987395050225
2025-07-17 09:00:00,44220.54,37.76288343148224
2025-07-17 13:00:00,44227.95,58.13754267753901
2025-07-17 17:00:00,44235.729999999996,78.92965392532496
2025-07-17 21:00:00,44243.740000000005,90.4195613350399
2025-07-18 01:00:00,44251.840000000004,84.16371001374112
2025-07-18 05:00:00,44260.015,63.46674196902539
2025-07-18 09:00:00,44265.854999999996,45.224544112926196
2025-07-18 13:00:00,44257.445,-31.490117089386942
2025-07-18 17:00:00,44252.55500000001,-46.0769054975879
2025-07-20 22:00:00,44267.56,-36.78172636258982
2025-07-21 02:00:00,44287.675,-31.853229935794275
2025-07-21 06:00:00,44311.805,-12.972015383466825
2025-07-21 10:00:00,44338.505000000005,3.787163596380239
2025-07-21 14:00:00,44364.6,20.951890322102088
2025-07-21 18:00:00,44375.07,-6.321724429596429
2025-07-21 21:00:00,44389.115,-14.766853845460531
2025-07-22 01:00:00,44397.805,-22.852142662736753
2025-07-22 05:00:00,44406.115,-24.718846853610906
2025-07-22 09:00:00,44413.5,-30.13303070118575
2025-07-22 13:00:00,44423.07,-17.42845273176798
2025-07-22 17:00:00,44437.025,15.884255104890272
2025-07-22 21:00:00,44446.17,32.128500935565256
2025-07-23 01:00:00,44453.4,47.094397566714235
2025-07-23 05:00:00,44459.755,56.736572814321974
2025-07-23 09:00:00,44467.020000000004,56.924114058232405
2025-07-23 13:00:00,44481.915,68.3429822475893
2025-07-23 17:00:00,44497.56999999999,64.55364489776133
2025-07-23 21:00:00,44530.5,49.24183937842912
2025-07-24 01:00:00,44559.21,32.22046447716815
2025-07-24 05:00:00,44583.875,13.174162896518538
2025-07-24 09:00:00,44600.555,-30.646356775036566
2025-07-24 13:00:00,44618.03,-31.79651129422109
2025-07-24 17:00:00,44630.66499999999,-39.480625937893535
2025-07-24 21:00:00,44643.094999999994,-28.801659479817744
2025-07-25 01:00:00,44663.795,-24.851862914254212
2025-07-25 05:00:00,44682.375,-26.50287689177256
2025-07-25 09:00:00,44702.425,-26.42969250653539
2025-07-25 13:00:00,44725.15,-16.61337069079545
2025-07-25 17:00:00,44754.175,1.7277929752680592
2025-07-27 22:00:00,44788.15,34.80113470557319
2025-07-28 02:00:00,44816.36,47.05478928172221
2025-07-28 06:00:00,44836.939999999995,21.661333597398
2025-07-28 10:00:00,44845.515,-22.270873193487205
2025-07-28 14:00:00,44848.969999999994,-45.91882070638775
2025-07-28 18:00:00,44852.975,-43.41652570844519
2025-07-28 21:00:00,44851.455,-35.323725144145484
2025-07-29 01:00:00,44851.520000000004,-19.076305923978254
2025-07-29 05:00:00,44851.735,-11.869127091307917
2025-07-29 09:00:00,44850.365,-14.034464939524213
2025-07-29 13:00:00,44841.71000000001,-42.61891041444171
2025-07-29 17:00:00,44836.97,-65.83209676622351
2025-07-29 21:00:00,44830.925,-54.54719164230819
2025-07-30 01:00:00,44828.685,-37.29124211351864
2025-07-30 05:00:00,44820.35,-34.030589750914444
2025-07-30 09:00:00,44813.335,-24.30134563094495
2025-07-30 13:00:00,44806.810000000005,-18.44050663966449
2025-07-30 17:00:00,44793.025,-37.80084031837252
2025-07-30 21:00:00,44779.72,-29.090146435566822
2025-07-31 01:00:00,44765.43,-9.07673739566009
2025-07-31 05:00:00,44745.25,9.88862986012495
2025-07-31 09:00:00,44718.6,1.8402716556861947
2025-07-31 13:00:00,44695.43,-9.042932739109304
2025-07-31 17:00:00,44659.64,-81.07156627651841
2025-07-31 21:00:00,44624.340000000004,-100.89013368087558
2025-08-01 01:00:00,44587.75,-87.6327271199199
2025-08-01 05:00:00,44533.755,-122.22229862804011
2025-08-01 09:00:00,44476.62,-114.86665588872029
2025-08-01 13:00:00,44407.035,-132.4068164554049
2025-08-01 17:00:00,44342.66,-100.82226772805745
2025-08-03 22:00:00,44291.375,-48.87984732998308
2025-08-04 02:00:00,44247.91499999999,-2.0225847031979356
2025-08-04 06:00:00,44207.76,48.86340909474529
2025-08-04 10:00:00,44172.955,93.57379428205121
2025-08-04 14:00:00,44143.765,115.10401232596553
2025-08-04 18:00:00,44123.875,148.00375394291717
2025-08-04 21:00:00,44104.6,144.51407479126615
2025-08-05 01:00:00,44092.075,123.40147490367215
2025-08-05 05:00:00,44074.6,92.35393935676244
2025-08-05 09:00:00,44052.31,62.21732050466616
2025-08-05 13:00:00,44028.034999999996,43.12197687763219
2025-08-05 17:00:00,44006.865000000005,24.620480050471336
2025-08-05 21:00:00,43987.840000000004,12.652398713956714
2025-08-06 01:00:00,43995.085,25.83311163006239
2025-08-06 05:00:00,44005.520000000004,34.42610568225853
2025-08-06 09:00:00,44014.045,30.072796229865272
2025-08-06 13:00:00,44036.634999999995,15.159750847899655
2025-08-06 17:00:00,44059.104999999996,4.960335346504351
2025-08-06 21:00:00,44095.594999999994,4.459073370272762
2025-08-07 01:00:00,44127.45,-0.14839587576400248
2025-08-07 05:00:00,44160.844999999994,19.273001750918702
2025-08-07 09:00:00,44194.435,34.65977415099667
2025-08-07 13:00:00,44194.844999999994,-55.337187772263334
2025-08-07 17:00:00,44194.969999999994,-62.57460873016403
2025-08-07 21:00:00,44196.825,-40.734519163688034
2025-08-08 01:00:00,44186.37,-32.798929582647844
2025-08-08 05:00:00,44174.74,-28.38062284430363
2025-08-08 09:00:00,44164.6,-18.659411560300825
2025-08-08 13:00:00,44163.19499999999,12.035630817068721
2025-08-08 17:00:00,44167.195,36.65283166666282
2025-08-10 22:00:00,44173.585,51.39924927315113
2025-08-11 02:00:00,44179.765,44.28339385183716
2025-08-11 06:00:00,44187.06,37.195718285015985
2025-08-11 10:00:00,44183.705,11.446909379451398
2025-08-11 14:00:00,44169.909999999996,-30.36558805811306
2025-08-11 18:00:00,44155.08500000001,-49.783888957564685
2025-08-11 21:00:00,44144.795,-43.36615192471531
2025-08-12 01:00:00,44138.055,-23.269829907966923
2025-08-12 05:00:00,44128.26,-16.53928195232787
2025-08-12 09:00:00,44128.45,20.33282849710048
2025-08-12 13:00:00,44132.83,69.27020641289297
2025-08-12 17:00:00,44135.31,83.72832969111154
2025-08-12 21:00:00,44163.715000000004,75.15636196057291
2025-08-13 01:00:00,44186.8,63.36322090557451
2025-08-13 05:00:00,44209.575,62.08720683737829
2025-08-13 09:00:00,44237.25,59.584074202415025
2025-08-13 13:00:00,44274.229999999996,74.55160386990326
2025-08-13 17:00:00,44317.975,92.33616073654949
2025-08-13 21:00:00,44355.475,83.4757917748974
2025-08-14 01:00:00,44390.35,66.51451717919304
2025-08-14 05:00:00,44421.795,41.88643643401957
2025-08-14 09:00:00,44447.575,-5.538360199526778
2025-08-14 13:00:00,44470.89,-36.09548554823141
2025-08-14 17:00:00,44513.275,-0.7447917674514315
2025-08-14 21:00:00,44568.009999999995,21.489306421105994
2025-08-15 01:00:00,44631.11,43.953613463895636
2025-08-15 05:00:00,44691.435,38.18888795807834
2025-08-15 09:00:00,44746.9,17.86705034377394
2025-08-15 13:00:00,44795.705,-28.03715643383805
2025-08-15 17:00:00,44831.145,-63.98875678569533
2025-08-17 22:00:00,44861.245,-57.41992063153066
2025-08-18 02:00:00,44888.53999999999,-56.93030962010806
2025-08-18 06:00:00,44910.645000000004,-72.74151813369144
2025-08-18 10:00:00,44931.195,-74.26988283817417
2025-08-18 14:00:00,44948.445,-64.3809092037589
2025-08-18 18:00:00,44963.2,-53.13893900792988
2025-08-18 21:00:00,44969.32,-45.39295786657178
2025-08-19 01:00:00,44966.490000000005,-42.434123700859175
2025-08-19 05:00:00,44965.72,-28.292803312484352
2025-08-19 09:00:00,44968.259999999995,-4.846784672835611
2025-08-19 13:00:00,44967.385,-10.179484119855417
2025-08-19 17:00:00,44975.815,-5.841611715944467
2025-08-19 21:00:00,44983.935,-11.706429656527973
2025-08-20 01:00:00,44974.18,-26.616724536340868
2025-08-20 05:00:00,44959.95,-32.057713053670376
2025-08-20 09:00:00,44944.695,-11.728776585980718
2025-08-20 13:00:00,44927.66,-10.946051606186117
2025-08-20 17:00:00,44914.975,-0.7323729893722586
2025-08-20 21:00:00,44907.715,-6.862407098371399
2025-08-21 01:00:00,44905.72,-5.756759360253103
2025-08-21 05:00:00,44894.245,-19.537663105265658
2025-08-21 09:00:00,44881.55,-32.077040734212005
2025-08-21 13:00:00,44873.314999999995,-36.81436952557033
2025-08-21 17:00:00,44869.69,-18.783772648694743
2025-08-21 21:00:00,44866.015,-5.102542799027205
2025-08-22 01:00:00,44861.375,-0.722577752358184
2025-08-22 05:00:00,44862.47,19.245442520073954
2025-08-22 09:00:00,44865.205,25.927350516312167
2025-08-22 13:00:00,44903.560000000005,155.35068436119116
2025-08-22 17:00:00,44935.92,179.2530018044447
2025-08-24 22:00:00,44969.295,149.5946253535338
2025-08-25 02:00:00,45003.205,119.9677400769171
2025-08-25 06:00:00,45035.185000000005,71.61607604808717
2025-08-25 10:00:00,45069.445,30.577000329825182
2025-08-25 14:00:00,45097.21000000001,-20.97411362957223
2025-08-25 18:00:00,45116.68,-54.501593269612556
2025-08-25 21:00:00,45133.2,-84.28887466623638
2025-08-26 01:00:00,45148.060000000005,-85.61288961762864
2025-08-26 05:00:00,45164.68000000001,-81.37828975565566
2025-08-26 09:00:00,45182.365000000005,-64.16759072152732
2025-08-26 13:00:00,45206.58,-42.64545179503976
2025-08-26 17:00:00,45242.020000000004,-0.886405134553641
2025-08-26 21:00:00,45277.604999999996,10.431224287796738
2025-08-27 01:00:00,45310.25,15.543563522978076
2025-08-27 05:00:00,45340.590000000004,8.174644129911798
2025-08-27 09:00:00,45371.439999999995,0.7373193641693092
2025-08-27 13:00:00,45402.22,12.397547963939076
2025-08-27 17:00:00,45435.695,22.93009389177658
2025-08-27 21:00:00,45430.96,20.81210868356706
2025-08-28 01:00:00,45430.755,24.010090529428652
2025-08-28 05:00:00,45435.33500000001,24.325941064912342
2025-08-28 09:00:00,45435.275,9.957708668206749
2025-08-28 13:00:00,45436.52,-10.124487306872254
2025-08-28 17:00:00,45439.310000000005,-20.144704075787615
2025-08-28 21:00:00,45449.07,-25.075490152014083
2025-08-29 01:00:00,45459.93,-32.389254632547875
2025-08-29 05:00:00,45473.575,-42.571905545606626
2025-08-29 09:00:00,45489.34,-32.481304985956186
2025-08-29 13:00:00,45504.65,-31.108164544589215
2025-08-29 17:00:00,45520.409999999996,-19.535650672755438
2025-08-31 22:00:00,45536.29,-5.481317659777318
2025-09-01 02:00:00,45539.285,-15.634805371462846
2025-09-01 06:00:00,45544.97,-13.54668024822729
2025-09-01 10:00:00,45548.835,-14.02568359311249
2025-09-01 14:00:00,45555.405,-8.958135023585939
2025-09-01 18:00:00,45562.705,-4.975677896511826
2025-09-01 21:00:00,45562.564999999995,-11.854848825000943
2025-09-02 01:00:00,45559.56,-13.610578659965057
2025-09-02 05:00:00,45548.21000000001,-42.089529363792266
2025-09-02 09:00:00,45520.715000000004,-93.32474425887933
2025-09-02 13:00:00,45492.325,-97.9101923480165
2025-09-02 17:00:00,45473.65,-58.82853260340251
2025-09-02 21:00:00,45455.195,-41.161731893279494
2025-09-03 01:00:00,45434.4,-33.846103096271094
2025-09-03 05:00:00,45419.485,-4.114883173465273
2025-09-03 09:00:00,45401.979999999996,-3.831248562422161
2025-09-03 13:00:00,45381.63,-19.739704847022495
2025-09-03 17:00:00,45364.865000000005,1.77887389995675
2025-09-03 21:00:00,45350.509999999995,15.647050671864974
2025-09-04 01:00:00,45334.590000000004,24.34748940448469
2025-09-04 05:00:00,45315.020000000004,22.139326652094724
2025-09-04 09:00:00,45301.46,25.382331154909025
2025-09-04 13:00:00,45297.015,61.353050363257054
2025-09-04 17:00:00,45301.71,97.6833852037378
2025-09-04 21:00:00,45306.265,102.73134801729842
2025-09-05 01:00:00,45309.744999999995,87.4365708894975
2025-09-05 05:00:00,45315.055,65.32233327534959
2025-09-05 09:00:00,45320.63,46.19344269385934
2025-09-05 13:00:00,45323.015,-10.3346414367075
2025-09-05 17:00:00,45339.520000000004,-31.01528299204776
2025-09-07 22:00:00,45357.72,-28.454356743599874
2025-09-08 02:00:00,45366.509999999995,-31.427500024187196
2025-09-08 06:00:00,45380.695,-19.508886053501158
2025-09-08 10:00:00,45389.38,-39.644145616032844
2025-09-08 14:00:00,45392.865000000005,-41.20369895133933
2025-09-08 18:00:00,45410.740000000005,-1.9482949827333087
2025-09-08 21:00:00,45434.46,15.048342986761831
2025-09-09 01:00:00,45452.845,23.68248560219584
2025-09-09 05:00:00,45468.759999999995,17.3605368752445
2025-09-09 09:00:00,45485.985,18.715683935024174
2025-09-09 13:00:00,45506.69499999999,22.983202053027554
2025-09-09 17:00:00,45527.43,25.594846673041218
2025-09-09 21:00:00,45536.895000000004,19.493032035655943
2025-09-10 01:00:00,45540.01,20.040719726854007
2025-09-10 05:00:00,45538.865,4.894601446210089
2025-09-10 09:00:00,45542.815,11.55435259015286
2025-09-10 13:00:00,45536.04,-27.94049788691288
2025-09-10 17:00:00,45528.475,-43.29917675552102
2025-09-10 21:00:00,45535.25,-35.43620643842324
2025-09-11 01:00:00,45539.69499999999,-32.988579096008905
2025-09-11 05:00:00,45542.939999999995,-23.708110287866827
2025-09-11 09:00:00,45553.520000000004,1.4690810066280449
2025-09-11 13:00:00,45582.81,84.84765132961208
2025-09-11 17:00:00,45621.615,111.22949384530284
2025-09-11 21:00:00,45661.03,107.46121882798462
2025-09-12 01:00:00,45689.990000000005,85.73904479256592
2025-09-12 05:00:00,45714.67,46.86944136347151
2025-09-12 09:00:00,45737.965,19.47707901159589
2025-09-12 13:00:00,45756.7,-20.316132462689268
2025-09-12 17:00:00,45768.555,-54.13019889724356
2025-09-14 22:00:00,45779.71000000001,-58.867613278874444
2025-09-15 02:00:00,45790.36,-51.85218188009418
2025-09-15 06:00:00,45803.99,-36.112592826956075
2025-09-15 10:00:00,45815.655,-26.17386577098077
2025-09-15 14:00:00,45827.979999999996,-29.03194102306928
2025-09-15 18:00:00,45834.905,-31.10905294592021
2025-09-15 21:00:00,45853.965000000004,-26.383547813739824
2025-09-16 01:00:00,45875.840000000004,-14.097567645604315
2025-09-16 05:00:00,45894.975,-8.648008789307326
2025-09-16 09:00:00,45911.695,-19.712490229901633
2025-09-16 13:00:00,45924.085,-33.19462346137009
2025-09-16 17:00:00,45931.354999999996,-33.88749513355435
2025-09-16 21:00:00,45917.015,-29.96882092193217
2025-09-17 01:00:00,45898.815,-31.82189404580828
2025-09-17 05:00:00,45880.84,-23.518725588072545
2025-09-17 09:00:00,45866.545,-5.4560318506499295
2025-09-17 13:00:00,45862.159999999996,23.1267255768557
2025-09-17 17:00:00,45862.034999999996,45.623409972565824
2025-09-17 21:00:00,45871.08,57.82779906719446
2025-09-18 01:00:00,45888.21000000001,64.94387544278436
2025-09-18 05:00:00,45912.56,86.67400152485646
2025-09-18 09:00:00,45924.13,40.7578732564279
2025-09-18 13:00:00,45941.33,40.83145523143983
2025-09-18 17:00:00,45955.57,22.64370167549305
2025-09-18 21:00:00,45972.090000000004,8.131196010920576
2025-09-19 01:00:00,45989.46,-2.3557259009024563
2025-09-19 05:00:00,46004.02,-16.24554167140701
2025-09-19 09:00:00,46018.884999999995,-13.494045437182393
2025-09-19 13:00:00,46035.835,-6.387834795415813
2025-09-19 17:00:00,46057.595,-2.1482177823004918
2025-09-21 22:00:00,46080.005,-11.323316714626088
2025-09-22 02:00:00,46103.16,-12.70872647444395
2025-09-22 06:00:00,46122.229999999996,-28.126907408006957
2025-09-22 10:00:00,46145.509999999995,-25.812926230992502
2025-09-22 14:00:00,46176.1,6.241388514659548
2025-09-22 18:00:00,46202.96000000001,14.640756868034401
2025-09-22 21:00:00,46224.925,17.101087223940425
2025-09-23 01:00:00,46241.99,10.5528660657086
2025-09-23 05:00:00,46259.705,16.007691240346418
2025-09-23 09:00:00,46273.63,11.679666028397378
2025-09-23 13:00:00,46276.505,-2.6627186363892577
2025-09-23 17:00:00,46287.305,-23.878658820815474
2025-09-23 21:00:00,46291.22,-27.841445355558847
2025-09-24 01:00:00,46299.354999999996,-22.71568324388201
2025-09-24 05:00:00,46304.915,-28.924724017903372
2025-09-24 09:00:00,46313.955,-17.455064974293848
2025-09-24 13:00:00,46313.825,-50.0961029180457
2025-09-24 17:00:00,46311.3,-56.620215284283084
2025-09-24 21:00:00,46307.955,-47.801228904956986
2025-09-25 01:00:00,46303.5,-38.22713825005148
2025-09-25 05:00:00,46299.229999999996,-36.62131595117068
2025-09-25 09:00:00,46286.759999999995,-55.00826753450557
2025-09-25 13:00:00,46278.25,-54.421430245144876
2025-09-25 17:00:00,46266.090000000004,-50.67914797958976
2025-09-25 21:00:00,46246.340000000004,-36.641808377944784
2025-09-26 01:00:00,46224.845,-31.269684269613407
2025-09-26 05:00:00,46207.375,-5.128216308718777
2025-09-26 09:00:00,46197.92,33.352155634185806
2025-09-26 13:00:00,46190.16499999999,64.26627896575648
2025-09-26 17:00:00,46180.725,61.68479281914274
2025-09-28 22:00:00,46178.345,68.57690681544831
2025-09-29 02:00:00,46180.645000000004,64.75953330839344
2025-09-29 06:00:00,46185.455,65.91720609322617
2025-09-29 10:00:00,46177.775,18.298849635108226
2025-09-29 14:00:00,46172.94499999999,-4.636055485472696
2025-09-29 18:00:00,46168.19,-2.380062257878272
2025-09-29 21:00:00,46176.665,5.031412150070558
2025-09-30 01:00:00,46182.665,-1.2115013088914424
2025-09-30 05:00:00,46184.215,-15.694325772128643
2025-09-30 09:00:00,46188.08,-12.857606530732788
2025-09-30 13:00:00,46191.125,-21.149336201738663
2025-09-30 17:00:00,46206.545,-4.313346276047355
2025-09-30 21:00:00,46220.705,-2.1591336308595146
2025-10-01 01:00:00,46233.485,-11.741568770305854
2025-10-01 05:00:00,46241.560000000005,-26.902774230438105
2025-10-01 09:00:00,46258.939999999995,-5.1848148045969396
2025-10-01 13:00:00,46275.245,17.90219948528133
2025-10-01 17:00:00,46286.51,32.06043763037714
2025-10-01 21:00:00,46294.91,40.908148074213926
2025-10-02 01:00:00,46304.810000000005,35.51462300285044
2025-10-02 05:00:00,46309.91,26.587730397122897
2025-10-02 09:00:00,46312.33,11.520391656795269
2025-10-02 13:00:00,46312.04,5.28965934781445
2025-10-02 17:00:00,46327.415,16.27935352267619
2025-10-02 21:00:00,46344.83,23.94833245590334
2025-10-03 01:00:00,46362.37,34.081283133413365
2025-10-03 05:00:00,46377.89,31.256363717544474
2025-10-03 09:00:00,46393.575,16.079217821929603
2025-10-03 13:00:00,46434.265,79.26981031414147
2025-10-03 17:00:00,46459.165,43.7436640023688
2025-10-05 22:00:00,46490.26,29.737153252190723
2025-10-06 02:00:00,46517.515,20.34018127515722
2025-10-06 06:00:00,46546.115,9.17112556687971
2025-10-06 10:00:00,46561.465,-56.496709608282515
2025-10-06 14:00:00,46590.835,-43.524301252031194
2025-10-06 18:00:00,46611.71000000001,-40.04142239403265
2025-10-06 21:00:00,46625.05500000001,-47.965936135254026
2025-10-07 01:00:00,46636.265,-46.547477013451385
2025-10-07 05:00:00,46643.840000000004,-45.54870704235381
2025-10-07 09:00:00,46660.015,-13.076223068695143
2025-10-07 13:00:00,46663.58,-42.98166843144226
2025-10-07 17:00:00,46674.44,-31.474860533940586
2025-10-07 21:00:00,46683.740000000005,-25.38987073242582
2025-10-08 01:00:00,46689.990000000005,-14.55532729416624
2025-10-08 05:00:00,46695.005,-5.66653886951412
2025-10-08 09:00:00,46699.5,8.770633273057413
2025-10-08 13:00:00,46705.455,17.87549651616773
2025-10-08 17:00:00,46706.4,-5.982110316130402
2025-10-08 21:00:00,46687.405,-9.520376440341437
2025-10-09 01:00:00,46679.31,-19.699674577030294
2025-10-09 05:00:00,46668.77,-19.349244454734958
2025-10-09 09:00:00,46656.96,-16.54737083836843
2025-10-09 13:00:00,46631.3,-60.86870399912707
2025-10-09 17:00:00,46622.815,-66.81040089980023
2025-10-09 21:00:00,46607.255,-47.50387738427433
2025-10-10 01:00:00,46591.340000000004,-37.50327217986765
2025-10-10 05:00:00,46580.075,-22.692334456066504
2025-10-10 09:00:00,46569.455,-9.09676122727194
2025-10-10 13:00:00,46528.575,-108.00003824996105
2025-10-10 17:00:00,46452.6,-222.8912559943255
2025-10-12 22:00:00,46421.205,-124.03357798647744
2025-10-13 02:00:00,46385.520000000004,-55.57419016701243
2025-10-13 06:00:00,46350.955,-11.570813730505051
2025-10-13 10:00:00,46318.565,27.352433372050996
2025-10-13 14:00:00,46288.259999999995,55.550092080206866
2025-10-13 18:00:00,46255.4,66.50212230074914
2025-10-13 21:00:00,46228.095,90.50990633791136
2025-10-14 01:00:00,46197.72,56.825672838566646
2025-10-14 05:00:00,46159.1,16.513998782790225
2025-10-14 09:00:00,46113.865,-30.800518747707372
2025-10-14 13:00:00,46101.315,72.11582551647922
2025-10-14 17:00:00,46083.33,88.78762010663564
2025-10-14 21:00:00,46083.21000000001,98.69064108573613
2025-10-15 01:00:00,46084.5,98.03004556004376
2025-10-15 05:00:00,46084.310000000005,90.48181316381134
2025-10-15 09:00:00,46090.695,90.70479074865708
2025-10-15 13:00:00,46085.81999999999,42.0946287557268
2025-10-15 17:00:00,46077.41,5.333077236226373
2025-10-15 21:00:00,46101.935,-6.690469143789485
2025-10-16 01:00:00,46153.39,-12.419015487055177
2025-10-16 05:00:00,46177.090000000004,0.12563735845020574
2025-10-16 09:00:00,46199.939999999995,5.539767343523664
2025-10-16 13:00:00,46211.055,-32.531958008081936
2025-10-16 17:00:00,46206.545,-84.68547624152092
2025-10-16 21:00:00,46196.990000000005,-100.89566774093234
2025-10-17 01:00:00,46183.85,-102.4242472192727
2025-10-17 05:00:00,46151.21,-128.95173716460337
2025-10-17 09:00:00,46150.034999999996,-45.32562570976489
2025-10-17 13:00:00,46160.22,15.625738721017541
2025-10-17 17:00:00,46186.729999999996,65.25926732958547
2025-10-19 22:00:00,46180.265,79.89890386001551
2025-10-20 02:00:00,46184.020000000004,92.73956992354688
2025-10-20 06:00:00,46181.655,78.11543705191508
2025-10-20 10:00:00,46181.189999999995,75.59544497410681
2025-10-20 14:00:00,46195.994999999995,121.65872792580146
2025-10-20 18:00:00,46208.1,128.758443897255
2025-10-20 21:00:00,46229.80500000001,108.57863140320575
2025-10-21 01:00:00,46252.045,73.39933869250251
2025-10-21 05:00:00,46268.905,30.909563819322017
2025-10-21 09:00:00,46290.455,20.099391213029435
2025-10-21 13:00:00,46320.985,53.10370110164547
2025-10-21 17:00:00,46349.775,49.38081603767955
2025-10-21 21:00:00,46387.345,26.94855381410173
2025-10-22 01:00:00,46441.22,23.544922362542593
2025-10-22 05:00:00,46493.925,1.9164284269662062
2025-10-22 09:00:00,46550.69,-9.464419617622127
2025-10-22 13:00:00,46608.63,-56.889491259284625
2025-10-22 17:00:00,46635.715000000004,-105.77616139232401
2025-10-22 21:00:00,46656.7,-118.7252860034175
2025-10-23 01:00:00,46672.69,-103.28242267053474
2025-10-23 05:00:00,46687.455,-87.24495106994226
2025-10-23 09:00:00,46697.384999999995,-69.52244416413652
2025-10-23 13:00:00,46718.85,-21.19206100690875
2025-10-23 17:00:00,46734.635,-4.08600599154461
2025-10-23 21:00:00,46735.97,11.674026117159457
2025-10-24 01:00:00,46737.865000000005,24.645992657616887
2025-10-24 05:00:00,46738.445,18.806022692769858
2025-10-24 09:00:00,46750.25,42.9959716548812
2025-10-24 13:00:00,46780.83,95.7945616809576
2025-10-24 17:00:00,46805.520000000004,96.28412759545978
2025-10-26 22:00:00,46828.935,119.61608748007228
2025-10-27 02:00:00,46857.365000000005,119.95809441636243
2025-10-27 06:00:00,46886.89,92.63095644792685
2025-10-27 10:00:00,46910.805,57.88340338195593
2025-10-27 14:00:00,46936.39,23.209739837852
2025-10-27 18:00:00,46967.69,21.833420203672517
2025-10-27 21:00:00,47010.0,10.250575110127897
2025-10-28 01:00:00,47059.805,-9.992572808802606
2025-10-28 05:00:00,47111.565,-21.172203190870164
2025-10-28 09:00:00,47172.045,7.052224217275011
2025-10-28 13:00:00,47239.15,30.426457469643424
2025-10-28 17:00:00,47298.165,0.8725048909259385
2025-10-28 21:00:00,47345.56,-26.27980863603176
2025-10-29 01:00:00,47395.53,-36.687269059755124
2025-10-29 05:00:00,47439.255,-54.63860089186562
2025-10-29 09:00:00,47491.27,-22.763390720260702
2025-10-29 13:00:00,47552.26,11.885826579392756
2025-10-29 17:00:00,47585.135,-47.20658157845696
2025-10-29 21:00:00,47607.155000000006,-56.58805385338553
2025-10-30 01:00:00,47624.5,-78.15586796670925
2025-10-30 05:00:00,47628.825,-84.25475644199628
2025-10-30 09:00:00,47625.05,-93.52933473653306
2025-10-30 13:00:00,47641.530000000006,-22.181998036032894
2025-10-30 17:00:00,47646.84,-34.61988190058193
2025-10-30 21:00:00,47654.909999999996,-33.1400450773082
2025-10-31 01:00:00,47654.64,-35.40351242413524
2025-10-31 05:00:00,47655.71000000001,-29.357545094424367
2025-10-31 09:00:00,47659.485,-21.931843021441864
2025-10-31 13:00:00,47653.455,-48.011079619755805
2025-10-31 17:00:00,47641.06,-37.995264546548455
2025-11-02 23:00:00,47630.189999999995,-4.182108545682688
2025-11-03 03:00:00,47624.55,-0.09860364688665868
2025-11-03 07:00:00,47621.91,3.4007625123261533
2025-11-03 11:00:00,47606.575,-35.945415317517885
2025-11-03 15:00:00,47594.090000000004,-49.93907753240423
2025-11-03 19:00:00,47568.05,-57.310927057511215
2025-11-03 22:00:00,47532.375,-60.23423488951555
2025-11-04 02:00:00,47507.685,-79.6407865736335
2025-11-04 06:00:00,47467.56,-113.45454799875296
2025-11-04 10:00:00,47443.715,-73.29615194816819
2025-11-04 14:00:00,47420.03999999999,-46.40897830850702
2025-11-04 18:00:00,47406.465,-5.655921329448006
2025-11-04 22:00:00,47364.229999999996,-17.822382701018995
2025-11-05 02:00:00,47342.45,11.451458023033894
2025-11-05 06:00:00,47318.485,22.161433364678544
2025-11-05 10:00:00,47297.255,30.80904500950362
2025-11-05 14:00:00,47286.715,73.50099938577685
2025-11-05 18:00:00,47273.520000000004,76.3029044229784
2025-11-05 22:00:00,47266.384999999995,58.29576964537745
2025-11-06 02:00:00,47255.22,45.01505888883773
2025-11-06 06:00:00,47237.565,36.92772742275609
2025-11-06 10:00:00,47224.165,33.95013196900193
2025-11-06 14:00:00,47188.43,-45.489546225469695
2025-11-06 18:00:00,47168.615000000005,-55.64901840304432
2025-11-06 22:00:00,47148.87,-52.7160979803277
2025-11-07 02:00:00,47134.505,-32.47299554387986
2025-11-07 06:00:00,47119.21,-29.19374788705204
2025-11-07 10:00:00,47105.365000000005,-44.21209417638525
2025-11-07 14:00:00,47095.015,-68.3309578017986
2025-11-07 18:00:00,47093.595,0.48630513092894034
2025-11-09 23:00:00,47095.075,38.40232276282981
2025-11-10 03:00:00,47090.4,49.66676435247206
2025-11-10 07:00:00,47101.33,69.59412969078984
2025-11-10 11:00:00,47101.12,59.38013605041877
2025-11-10 15:00:00,47109.785,74.99069390457365
2025-11-10 19:00:00,47120.41,81.94491239387179
2025-11-10 22:00:00,47119.985,75.56861023167566
2025-11-11 02:00:00,47121.245,60.51678272976508
2025-11-11 06:00:00,47123.895000000004,39.18238316372209
2025-11-11 10:00:00,47129.0,32.821820780430556
2025-11-11 14:00:00,47155.065,98.2223859570218
2025-11-11 18:00:00,47185.1,126.75544796194757
2025-11-11 22:00:00,47238.325,121.94271804990728
2025-11-12 02:00:00,47287.625,99.12379735530419
2025-11-12 06:00:00,47339.020000000004,74.68522449736872
2025-11-12 10:00:00,47389.525,54.20414916291452
2025-11-12 14:00:00,47458.265,81.84216795368002
2025-11-12 18:00:00,47530.715000000004,63.73683657874756
2025-11-12 22:00:00,47614.64,51.344094852033834
2025-11-13 02:00:00,47681.025,36.041411395546675
2025-11-13 06:00:00,47740.545,-1.0695882632002167
2025-11-13 10:00:00,47795.37,-42.44419984712624
2025-11-13 14:00:00,47823.495,-132.7661684877698
2025-11-13 18:00:00,47840.72,-205.09867989202667
2025-11-13 22:00:00,47852.715000000004,-201.18977829534018
2025-11-14 02:00:00,47858.695,-183.8763786200398
2025-11-14 06:00:00,47858.490000000005,-170.65729952668337
2025-11-14 10:00:00,47847.35,-179.30654892045038
2025-11-14 14:00:00,47845.729999999996,-128.5996955686456
2025-11-14 18:00:00,47835.33,-107.58791811105738
2025-11-16 23:00:00,47802.805,-81.54174699185609
2025-11-17 03:00:00,47765.55,-53.013458490402286
2025-11-17 07:00:00,47723.345,-40.90248461874921
2025-11-17 11:00:00,47680.18,-27.278819921705235
2025-11-17 15:00:00,47618.439999999995,-71.70399556918858
2025-11-17 19:00:00,47547.055,-100.63696912232365
2025-11-17 22:00:00,47462.835,-85.07316301687456
2025-11-18 02:00:00,47369.69499999999,-100.173169878632
2025-11-18 06:00:00,47276.365000000005,-72.56368730361305
2025-11-18 10:00:00,47169.485,-83.11439296369895
2025-11-18 14:00:00,47069.17,-60.837856282748476
2025-11-18 18:00:00,46962.195,-73.742136994318
2025-11-18 22:00:00,46879.42,-46.64269399434329
2025-11-19 02:00:00,46808.71,-24.34555098455303
2025-11-19 06:00:00,46740.520000000004,16.915555446509643
2025-11-19 10:00:00,46674.775,40.53491725746858
2025-11-19 14:00:00,46608.455,34.163955907660466
2025-11-19 18:00:00,46558.8,55.336643064886516
2025-11-19 22:00:00,46512.965000000004,105.88388409902893
2025-11-20 02:00:00,46474.490000000005,124.55754910251358
2025-11-20 06:00:00,46432.55,108.71889356211722
2025-11-20 10:00:00,46402.814999999995,137.17038216291093
2025-11-20 14:00:00,46339.564999999995,8.434530852599096
2025-11-20 18:00:00,46271.14,-59.60830656293297
2025-11-20 22:00:00,46230.385,-36.987885776958876
2025-11-21 02:00:00,46195.2,-23.459113485956436
2025-11-21 06:00:00,46157.89,-8.656231307947166
2025-11-21 10:00:00,46137.865,23.566860347487534
2025-11-21 14:00:00,46134.405,107.8310685535663
2025-11-21 18:00:00,46136.814999999995,111.42562707054043
2025-11-23 23:00:00,46143.63,121.68107185301989
2025-11-24 03:00:00,46159.57,102.34419960634014
2025-11-24 07:00:00,46165.675,59.91289497664968
2025-11-24 11:00:00,46176.899999999994,47.11309914477451
2025-11-24 15:00:00,46195.885,80.91839606753099
2025-11-24 19:00:00,46210.03999999999,65.91545374641652
2025-11-24 22:00:00,46226.77,38.84703349374229
2025-11-25 02:00:00,46238.915,25.164708711894114
2025-11-25 06:00:00,46238.205,12.097489871746552
2025-11-25 10:00:00,46241.28999999999,22.32574381461486
2025-11-25 14:00:00,46273.93,110.84439632791154
2025-11-25 18:00:00,46300.91,154.35687484401453
2025-11-25 22:00:00,46368.375,159.47306821922558
2025-11-26 02:00:00,46442.185000000005,136.55960311273145
2025-11-26 06:00:00,46505.115,100.78755421627761
2025-11-26 10:00:00,46571.36,69.29008014979217
2025-11-26 14:00:00,46652.979999999996,91.53061096209387
2025-11-26 18:00:00,46723.675,60.86348877790897
2025-11-26 22:00:00,46775.81,36.1015823588707
2025-11-27 02:00:00,46833.67,11.222592038046173
2025-11-27 06:00:00,46882.034999999996,-20.98887506798559
2025-11-27 10:00:00,46935.03,-32.85312054854148
2025-11-27 14:00:00,46994.195,-41.98905892020173
2025-11-27 18:00:00,47051.21000000001,-43.31081992036911
2025-11-27 22:00:00,47097.43,-37.42863843544319
2025-11-28 02:00:00,47149.05,-36.083031373797894
2025-11-28 10:00:00,47203.97,-37.32330346593096
2025-11-28 14:00:00,47269.865,1.8491229859528744
2025-11-28 18:00:00,47335.35,6.320943945923659
2025-11-30 23:00:00,47387.405,-27.41211512725124
2025-12-01 03:00:00,47411.655,-50.41833763819591
2025-12-01 07:00:00,47429.41499999999,-55.69454070203744
2025-12-01 11:00:00,47451.965000000004,-26.180735849225982
2025-12-01 15:00:00,47468.07,-35.039867463509495
2025-12-01 19:00:00,47471.29,-83.59349348389432
2025-12-01 22:00:00,47473.315,-95.48327844155764
2025-12-02 02:00:00,47458.81,-94.21516601690024
2025-12-02 06:00:00,47453.55,-69.74845248840337
2025-12-02 10:00:00,47452.075,-33.71466908393717
2025-12-02 14:00:00,47448.31,-24.48123007900294
2025-12-02 18:00:00,47454.025,2.060723761977414
2025-12-02 22:00:00,47461.13,22.667077372801614
2025-12-03 02:00:00,47470.03,31.411175429737114
2025-12-03 06:00:00,47477.645000000004,28.228358025281665
2025-12-03 10:00:00,47482.165,17.621502977260604
2025-12-03 14:00:00,47499.845,53.974829347592845
2025-12-03 18:00:00,47524.57,82.1068508498766
2025-12-03 22:00:00,47535.94,73.30747192433836
2025-12-04 02:00:00,47549.005,55.889073761830446
2025-12-04 06:00:00,47570.72,37.500682194418346
2025-12-04 10:00:00,47592.515,13.03145550748701
2025-12-04 14:00:00,47612.045,-8.950033466336777
2025-12-04 18:00:00,47621.31,-27.717447600418154
2025-12-04 22:00:00,47638.594999999994,-28.270852502127298
2025-12-05 02:00:00,47669.7,-26.73920459199701
2025-12-05 06:00:00,47698.425,-34.551285527267055
2025-12-05 10:00:00,47726.475,-43.36458289973888
2025-12-05 14:00:00,47760.525,-10.937433697457408
2025-12-05 18:00:00,47786.2,-10.346033787082888
2025-12-07 23:00:00,47815.145000000004,-9.599281147658985
2025-12-08 03:00:00,47838.225,-10.610123232398735
2025-12-08 07:00:00,47858.63,-10.360880770874985
2025-12-08 11:00:00,47874.725,-21.371400555975214
2025-12-08 15:00:00,47877.78,-70.58635069094285
2025-12-08 19:00:00,47887.06,-64.60960983282601
2025-12-08 22:00:00,47882.4,-56.631106727581205
2025-12-09 02:00:00,47871.04,-45.498063948834414
2025-12-09 06:00:00,47862.475,-30.607292614197814
2025-12-09 10:00:00,47850.555,-31.222203753008813
2025-12-09 14:00:00,47836.61,-32.78238895687334
2025-12-09 18:00:00,47817.445,-53.180758927409
2025-12-09 22:00:00,47801.020000000004,-49.13707608063033
2025-12-10 02:00:00,47787.5,-35.746273550796104
2025-12-10 06:00:00,47771.719999999994,-23.887399436950844
2025-12-10 10:00:00,47754.634999999995,-16.620371686057794
2025-12-10 14:00:00,47751.015,28.13958148789999
2025-12-10 18:00:00,47765.975,100.42604436153992
2025-12-10 22:00:00,47768.225,105.6695717853615
2025-12-11 02:00:00,47764.22,59.67489032386445
2025-12-11 06:00:00,47765.495,51.48192397370832
2025-12-11 10:00:00,47771.12,54.57340915622645
2025-12-11 14:00:00,47805.71000000001,147.27621926446847
2025-12-11 18:00:00,47848.61,179.56979523023062
2025-12-11 22:00:00,47907.375,171.31462055080544
2025-12-12 02:00:00,47961.85,140.36443149557203
2025-12-12 06:00:00,48016.020000000004,96.69995263183301
2025-12-12 10:00:00,48070.729999999996,59.234706906917495
2025-12-12 14:00:00,48109.955,-21.84389214208744
2025-12-12 18:00:00,48149.18000000001,-71.0529260934988
2025-12-14 23:00:00,48194.295,-74.23336493421255
2025-12-15 03:00:00,48247.58,-68.59608248826038
2025-12-15 07:00:00,48304.37,-46.77065557507012
2025-12-15 11:00:00,48349.65,-72.92155915351759
2025-12-15 15:00:00,48389.515,-97.2209836175316
2025-12-15 19:00:00,48433.880000000005,-84.9462012695925
2025-12-15 22:00:00,48460.265,-95.2881981667096
2025-12-16 02:00:00,48467.780000000006,-96.7456075283171
2025-12-16 06:00:00,48479.81,-80.54505305760904
2025-12-16 10:00:00,48506.955,-44.59477302275144
2025-12-16 14:00:00,48507.15,-96.54682769293304
2025-12-16 18:00:00,48507.975,-86.8713636345406
2025-12-16 22:00:00,48480.925,-64.1317168956827
2025-12-17 02:00:00,48447.395000000004,-48.087467669675306
2025-12-17 06:00:00,48416.509999999995,-15.0521402367294
2025-12-17 10:00:00,48386.04,6.863728459537043
2025-12-17 14:00:00,48345.075,-23.025253405354277
2025-12-17 18:00:00,48299.25,-44.46547357647066
2025-12-17 22:00:00,48266.12,-50.021165732308845
2025-12-18 02:00:00,48234.229999999996,-49.192881160672755
2025-12-18 06:00:00,48203.6,-20.180469013291315
2025-12-18 10:00:00,48179.18,22.1123498532597
2025-12-18 14:00:00,48148.17,32.56217087311353
2025-12-18 18:00:00,48119.535,6.954957492519384
2025-12-18 22:00:00,48096.725,-0.8776403431542406
2025-12-19 02:00:00,48067.354999999996,-11.16140613005905
2025-12-19 06:00:00,48054.1,20.09610468857727
2025-12-19 10:00:00,48039.155,18.657098314568742
2025-12-19 14:00:00,48036.735,65.4264097593334
2025-12-19 18:00:00,48024.265,61.61020454581997
2025-12-21 23:00:00,48034.595,58.21417441338104
2025-12-22 03:00:00,48038.785,45.362475406837234
2025-12-22 07:00:00,48041.865000000005,35.752180688738235
2025-12-22 11:00:00,48049.22,37.673597384006676
2025-12-22 15:00:00,48057.12,52.63077875138626
2025-12-22 19:00:00,48063.29,49.11628355693588
2025-12-22 22:00:00,48081.705,41.89229827513563
2025-12-23 02:00:00,48102.645000000004,25.769679893538267
2025-12-23 06:00:00,48128.265,24.409287527350727
2025-12-23 10:00:00,48149.4,-3.6066242282675347
2025-12-23 14:00:00,48173.975,13.902354557839132
2025-12-23 18:00:00,48189.215000000004,9.510818404470996
2025-12-23 22:00:00,48206.975000000006,6.263902585355538
2025-12-24 02:00:00,48232.3,-0.043906888600417915
2025-12-24 06:00:00,48257.854999999996,-2.8615131786765176
2025-12-24 10:00:00,48287.325,-2.1039863667375016
2025-12-24 14:00:00,48320.86,41.49826197905469
2025-12-24 18:00:00,48358.295,50.398032972425
2025-12-25 22:00:00,48381.825,44.03786334379129
2025-12-26 02:00:00,48409.53,30.768359274858682
2025-12-26 06:00:00,48434.025,12.226762528696554
2025-12-26 10:00:00,48459.97,0.4195241897867277
2025-12-26 14:00:00,48482.08,-19.34025490878423
2025-12-26 18:00:00,48505.075,-14.078371245637243
2025-12-28 23:00:00,48522.225,-13.297973381339318
2025-12-29 03:00:00,48539.405,-15.466978155133717
2025-12-29 07:00:00,48556.25,-15.868728803450665
2025-12-29 11:00:00,48566.94499999999,-43.300165880419286
2025-12-29 15:00:00,48571.05,-62.67852904615006
2025-12-29 19:00:00,48581.805,-62.83759092468351
2025-12-29 22:00:00,48583.545,-55.74820746436865
2025-12-30 02:00:00,48587.28999999999,-46.47802003051895
2025-12-30 06:00:00,48590.225,-37.31412811474088
2025-12-30 10:00:00,48593.034999999996,-30.813263714537218
2025-12-30 14:00:00,48592.005,-34.957927107800046
2025-12-30 18:00:00,48589.56,-32.568984768525596
2025-12-30 22:00:00,48570.729999999996,-37.27773439367431
2025-12-31 02:00:00,48551.805,-33.79300313225529
2025-12-31 06:00:00,48531.54,-30.7198987576421
2025-12-31 10:00:00,48515.185000000005,-11.247486401636081
2025-12-31 14:00:00,48490.68,-33.11367866567362
2025-12-31 18:00:00,48459.865,-55.88084592634925
2026-01-01 22:00:00,48436.235,-41.522578233870036
2026-01-02 02:00:00,48410.78,-19.220268616493286
2026-01-02 06:00:00,48387.81,3.8973830309378172
2026-01-02 10:00:00,48363.62,10.179470203203891
2026-01-02 14:00:00,48335.375,1.3924800511971114
2026-01-02 18:00:00,48325.645000000004,36.901820163869075
2026-01-04 23:00:00,48321.305,55.02366669214639
2026-01-05 03:00:00,48318.634999999995,62.75495980398043
2026-01-05 07:00:00,48313.775,50.17058191842563
2026-01-05 11:00:00,48335.030000000006,127.1811752658719
2026-01-05 15:00:00,48370.795,188.94559217752465
2026-01-05 19:00:00,48395.755,145.7120847422159
2026-01-05 22:00:00,48425.815,109.94316852916637
2026-01-06 02:00:00,48454.875,70.63945561322106
2026-01-06 06:00:00,48480.92,18.394318955552194
2026-01-06 10:00:00,48511.025,2.5644358416673185
2026-01-06 14:00:00,48566.045,71.695883900392
2026-01-06 18:00:00,48621.689999999995,98.7351387572993
2026-01-06 22:00:00,48688.815,95.51090861410154
2026-01-07 02:00:00,48762.175,74.18970175137383
2026-01-07 06:00:00,48829.565,39.8908532850358
2026-01-07 10:00:00,48896.759999999995,19.098524251765582
2026-01-07 14:00:00,48948.6,-44.49137741310665
2026-01-07 18:00:00,48987.57,-121.30148233098913
2026-01-07 22:00:00,49031.25,-138.39788203698333
2026-01-08 02:00:00,49057.175,-154.91911484374964
2026-01-08 06:00:00,49080.369999999995,-146.19771445631116
2026-01-08 10:00:00,49099.905000000006,-130.47135422963132
2026-01-08 14:00:00,49146.63,-21.964128168261624
2026-01-08 18:00:00,49168.08,26.191156399015483
2026-01-08 22:00:00,49171.635,27.87016587433348
2026-01-09 02:00:00,49187.225,24.17076055162974
2026-01-09 06:00:00,49201.845,19.638493858225843
2026-01-09 10:00:00,49224.05,33.64838694376937
2026-01-09 14:00:00,49255.52,42.08740054206072
2026-01-09 18:00:00,49284.53999999999,40.89433852410346
2026-01-11 23:00:00,49278.33500000001,-8.734209936575553
2026-01-12 03:00:00,49268.08,-30.657491862917908
2026-01-12 07:00:00,49248.465,-64.14311500072554
2026-01-12 11:00:00,49238.384999999995,-37.693641299274475
2026-01-12 15:00:00,49240.479999999996,10.832219040282041
2026-01-12 19:00:00,49240.74999999999,27.59649573725295
2026-01-12 22:00:00,49254.08500000001,28.368078293795662
2026-01-13 02:00:00,49282.884999999995,25.147059991398095
2026-01-13 06:00:00,49309.025,11.515489637038513
2026-01-13 10:00:00,49343.04,3.922506529620705
2026-01-13 14:00:00,49362.405000000006,-55.849874918392004
2026-01-13 18:00:00,49379.634999999995,-88.41397227080063
2026-01-13 22:00:00,49368.395000000004,-103.28575112875487
2026-01-14 02:00:00,49354.38,-102.84695494868848
2026-01-14 06:00:00,49347.335,-76.49110730100402
2026-01-14 10:00:00,49335.04,-70.2851727495894
2026-01-14 14:00:00,49316.735,-74.20241378146991
2026-01-14 18:00:00,49300.229999999996,-35.97535495586894
2026-01-14 22:00:00,49282.455,-7.055631616760877
2026-01-15 02:00:00,49263.615000000005,8.844162077043592
2026-01-15 06:00:00,49259.6,27.033722626863266
2026-01-15 10:00:00,49251.62,19.339971699040888
2026-01-15 14:00:00,49269.085,76.15096302032799
2026-01-15 18:00:00,49274.535,81.7165681234612
2026-01-15 22:00:00,49271.86,79.05900747148021
2026-01-16 02:00:00,49271.57,74.994673891004
2026-01-16 06:00:00,49269.2,54.74721122002185
2026-01-16 10:00:00,49263.71,29.702051607510356
2026-01-16 14:00:00,49257.69,5.902842495961806
2026-01-16 18:00:00,49247.84,-16.832355192973836
2026-01-18 23:00:00,49236.2,-84.43590105121892
2026-01-19 03:00:00,49226.69,-107.04786170848274
2026-01-19 07:00:00,49215.534999999996,-118.86454644669841
2026-01-19 11:00:00,49209.634999999995,-94.9212189532029
2026-01-19 15:00:00,49200.825,-68.06878685554342
2026-01-19 19:00:00,49196.1,-47.03503456818734
2026-01-19 22:00:00,49196.770000000004,-28.11953343648935
2026-01-20 02:00:00,49188.275,-17.264887358411244
2026-01-20 06:00:00,49159.130000000005,-71.7622510114646
2026-01-20 10:00:00,49134.634999999995,-63.10302521136407
2026-01-20 14:00:00,49109.104999999996,-38.67104316886062
2026-01-20 18:00:00,49080.240000000005,-42.799576954720806
2026-01-20 22:00:00,49035.600000000006,-26.038539017905464
2026-01-21 02:00:00,48992.465,-12.64672897185551
2026-01-21 06:00:00,48943.86,-12.013354657158857
2026-01-21 10:00:00,48885.615000000005,-28.603560887732556
2026-01-21 14:00:00,48848.62,40.44644827172749
2026-01-21 18:00:00,48830.6,125.84204490759106
2026-01-21 22:00:00,48819.235,162.16944505755356
2026-01-22 02:00:00,48808.08,146.81301034486953
2026-01-22 06:00:00,48821.64,146.25505688315403
2026-01-22 10:00:00,48839.465000000004,133.53947309676016
2026-01-22 14:00:00,48875.165,151.2090106410276
2026-01-22 18:00:00,48894.3,88.33918643297193
2026-01-22 22:00:00,48918.235,64.75618667784903
2026-01-23 02:00:00,48943.03999999999,43.0357713919513
2026-01-23 06:00:00,48960.205,-1.3033161760685061
2026-01-23 10:00:00,48971.72,-46.348629938191095
2026-01-23 14:00:00,48994.03999999999,-89.1014641569248
2026-01-23 18:00:00,49012.605,-92.2821730426739
2026-01-25 23:00:00,49027.145000000004,-88.31915338070206
2026-01-26 03:00:00,49051.145000000004,-66.95573380917264
2026-01-26 07:00:00,49074.869999999995,-42.62652965002294
2026-01-26 11:00:00,49108.15,3.6290652710918643
2026-01-26 15:00:00,49151.05,42.81194718062007
2026-01-26 19:00:00,49193.64,27.085331960251224
2026-01-26 22:00:00,49220.159999999996,27.05624891553036
2026-01-27 02:00:00,49234.42,37.85553943726421
2026-01-27 06:00:00,49242.95,31.238748359715174
2026-01-27 10:00:00,49240.509999999995,-24.632104399956447
2026-01-27 14:00:00,49222.090000000004,-74.48379783848486
2026-01-27 18:00:00,49204.145000000004,-74.78948927951267
2026-01-27 22:00:00,49175.1,-58.9909555952646
2026-01-28 02:00:00,49160.485,-40.240125424041324
2026-01-28 06:00:00,49140.655000000006,-25.87231880932454
2026-01-28 10:00:00,49117.485,-25.88712351387224
2026-01-28 14:00:00,49103.284999999996,-15.664548216989118
2026-01-28 18:00:00,49094.685,-11.995177977905968
2026-01-28 22:00:00,49089.33500000001,-23.838097985488417
2026-01-29 02:00:00,49088.67,-3.5564213582475475
2026-01-29 06:00:00,49092.795,17.00515746699233
2026-01-29 10:00:00,49093.284999999996,20.03582439487215
2026-01-29 14:00:00,49079.975,-21.130439730603655
2026-01-29 18:00:00,49066.130000000005,-5.0359838620416895
2026-01-29 22:00:00,49039.31999999999,-19.557384456633457
2026-01-30 02:00:00,49018.82,-24.413314244963402
2026-01-30 06:00:00,48985.71,-52.902519936308764
2026-01-30 10:00:00,48955.385,-29.247949787104602
2026-01-30 14:00:00,48915.315,-50.19148649603818
2026-01-30 18:00:00,48903.54,1.2882458664510636
2026-02-01 23:00:00,48889.89,-10.25874639157135
2026-02-02 03:00:00,48862.63,-46.820483666748714
2026-02-02 07:00:00,48849.604999999996,2.358482105265466
2026-02-02 11:00:00,48851.844999999994,81.2054209203252
2026-02-02 15:00:00,48869.55,157.54346507973364
2026-02-02 19:00:00,48889.2,163.47367027110968
2026-02-02 22:00:00,48909.9,151.11444444546999
2026-02-03 02:00:00,48932.62,125.67060072046334
2026-02-03 06:00:00,48957.735,86.3704585632758
2026-02-03 10:00:00,48976.685000000005,53.65689446902914
2026-02-03 14:00:00,48974.845,-32.04274276919551
2026-02-03 18:00:00,48985.895000000004,-26.121823897098892
2026-02-03 22:00:00,49009.270000000004,-21.574811893656715
2026-02-04 02:00:00,49026.74,-11.1617479403088
2026-02-04 06:00:00,49052.265,-3.8451783944003637
2026-02-04 10:00:00,49078.135,-5.239448467669888
2026-02-04 14:00:00,49111.105,-15.378831891420731
2026-02-04 18:00:00,49144.63,7.370527499109528
2026-02-04 22:00:00,49194.814999999995,32.50065627381849
2026-02-05 02:00:00,49223.39,11.088597740797582
2026-02-05 06:00:00,49261.08500000001,-6.589346206324024
2026-02-05 10:00:00,49304.045,-34.213000466013284
2026-02-05 14:00:00,49323.57,-69.43989380366554
2026-02-05 18:00:00,49309.280000000006,-135.90318368148104
2026-02-05 22:00:00,49282.02,-135.62773785265134
2026-02-06 02:00:00,49257.32,-110.69926234279488
2026-02-06 06:00:00,49236.205,-61.973687658872734
2026-02-06 10:00:00,49223.16,-0.7874319631037281
2026-02-06 14:00:00,49251.39,159.03757393527786
2026-02-06 18:00:00,49288.005,229.60272800046084
2026-02-08 23:00:00,49346.165,236.34152962888578
2026-02-09 03:00:00,49391.9,198.39173233185886
2026-02-09 07:00:00,49432.8,133.55049976386283
2026-02-09 11:00:00,49463.35,54.0080839555734
2026-02-09 15:00:00,49502.165,39.085806516954335
2026-02-09 19:00:00,49540.759999999995,17.089679092713368
2026-02-09 22:00:00,49583.134999999995,3.4978225044607143
2026-02-10 02:00:00,49617.685,-9.504557676749698
2026-02-10 06:00:00,49647.965000000004,-15.88437471014305
2026-02-10 10:00:00,49682.485,-32.98022340701414
2026-02-10 14:00:00,49730.735,0.5499119252306173
2026-02-10 18:00:00,49778.21,-13.719226068809974
2026-02-10 22:00:00,49836.54,-13.476146521774467
2026-02-11 02:00:00,49911.619999999995,-20.874688887609807
2026-02-11 06:00:00,49982.604999999996,-32.684752131325695
2026-02-11 10:00:00,50061.59,-6.805047638831354
2026-02-11 14:00:00,50118.814999999995,-54.54962585911119
2026-02-11 18:00:00,50166.33,-74.65111104187184
2026-02-11 22:00:00,50179.009999999995,-63.34024729343429
2026-02-12 02:00:00,50187.045,-42.17597916664232
2026-02-12 06:00:00,50193.02,-25.83780649991823
2026-02-12 10:00:00,50199.06999999999,-21.837785208558017
2026-02-12 14:00:00,50168.69,-160.47360872713296
2026-02-12 18:00:00,50145.28,-199.68411551351582
2026-02-12 22:00:00,50112.14,-188.2392553424025
2026-02-13 02:00:00,50075.015,-171.8445298174987
2026-02-13 06:00:00,50036.020000000004,-138.84529375519642
2026-02-13 10:00:00,50002.685000000005,-81.70182874851943
2026-02-13 14:00:00,49977.78999999999,-8.343099528472862
2026-02-13 18:00:00,49944.22,-11.928153342359025
2026-02-15 23:00:00,49904.245,13.560061925375294
2026-02-16 03:00:00,49870.715000000004,27.395774581499154
2026-02-16 07:00:00,49840.0,53.727871724002114
2026-02-16 11:00:00,49806.72,48.83307085111889
2026-02-16 15:00:00,49769.43000000001,23.950983134213857
2026-02-16 19:00:00,49722.565,12.758252165512516
2026-02-16 22:00:00,49684.28,-14.617322408177415
2026-02-17 02:00:00,49643.509999999995,-31.914045724419793
2026-02-17 06:00:00,49608.545,2.564813886333468
2026-02-17 10:00:00,49565.28999999999,3.1336098494412
2026-02-17 14:00:00,49523.259999999995,16.05722464752398
2026-02-17 18:00:00,49486.28,36.90624652135739
2026-02-17 22:00:00,49488.575,37.49099421792684
2026-02-18 02:00:00,49494.89,45.254230242977656
2026-02-18 06:00:00,49510.205,73.93488675603673
2026-02-18 10:00:00,49520.975,44.31238203787033
2026-02-18 14:00:00,49544.925,70.78148808101031
2026-02-18 18:00:00,49553.35,38.61504733549809
2026-02-18 22:00:00,49553.05500000001,23.916198038562047
2026-02-19 02:00:00,49564.625,15.682379763345754
2026-02-19 06:00:00,49564.745,-8.529096460955959
2026-02-19 10:00:00,49560.58,-30.969661482534754
2026-02-19 14:00:00,49540.5,-69.39772219147167
2026-02-19 18:00:00,49527.255,-62.49864647945145
2026-02-19 22:00:00,49523.895000000004,-34.51481087358991
2026-02-20 02:00:00,49523.020000000004,-8.472359195255564
2026-02-20 06:00:00,49527.83,0.6860262620670312
2026-02-20 10:00:00,49528.19,-20.453141764753184
2026-02-20 14:00:00,49524.675,-3.955246278905207
2026-02-20 18:00:00,49535.560000000005,37.97914554563491
2026-02-22 23:00:00,49528.6,0.06813581200952967
2026-02-23 03:00:00,49518.735,-9.143388837277328
2026-02-23 07:00:00,49517.46,13.964014649527172
2026-02-23 11:00:00,49499.625,-23.2318410379536
2026-02-23 15:00:00,49455.47,-93.44474845741547
2026-02-23 19:00:00,49418.185,-114.81794911231782
2026-02-23 22:00:00,49368.6,-101.5204806651324
2026-02-24 02:00:00,49329.525,-74.27723756867732
2026-02-24 06:00:00,49290.64,-42.73878688168833
2026-02-24 10:00:00,49254.905000000006,-6.168241412228895
2026-02-24 14:00:00,49237.869999999995,60.67588968107697
2026-02-24 18:00:00,49221.275,72.01665318187707
2026-02-24 22:00:00,49218.16499999999,82.68244850203902
2026-02-25 02:00:00,49209.030000000006,69.82346226992269
2026-02-25 06:00:00,49199.59,71.09772209906492
2026-02-25 10:00:00,49193.015,81.39450903714446
2026-02-25 14:00:00,49193.81999999999,96.26088071235854
2026-02-25 18:00:00,49200.805,83.88238801314625
2026-02-25 22:00:00,49200.54,62.31413888572841
2026-02-26 02:00:00,49188.58,36.739375123494014
2026-02-26 06:00:00,49194.125,28.888704578044155
2026-02-26 10:00:00,49206.125,47.37418077703799
2026-02-26 14:00:00,49194.115000000005,-11.452242446411205
2026-02-26 18:00:00,49197.985,-27.06045827698047
2026-02-26 22:00:00,49215.22,-44.91761357545288
2026-02-27 02:00:00,49236.94,-39.69322905179164
2026-02-27 06:00:00,49259.705,-26.63301030922657
2026-02-27 10:00:00,49267.025,-67.61783999235237
2026-02-27 14:00:00,49264.82,-102.10525411845718
2026-02-27 18:00:00,49259.31999999999,-99.25705080012449
2026-03-01 23:00:00,49228.275,-123.25545233886925
2026-03-02 03:00:00,49188.975,-152.3086295583206
2026-03-02 07:00:00,49148.880000000005,-128.04912806311097
2026-03-02 11:00:00,49124.46,-49.03196690167084
2026-03-02 15:00:00,49103.08,20.704065124172587
2026-03-02 19:00:00,49078.065,57.51949195282174
2026-03-02 22:00:00,49036.545,34.04798888826406
2026-03-03 02:00:00,48989.509999999995,0.39866469836510987
2026-03-03 06:00:00,48922.92,-79.63438229055453
2026-03-03 10:00:00,48854.36,-109.10522853803792
2026-03-03 14:00:00,48797.659999999996,-49.37013247496759
2026-03-03 18:00:00,48739.354999999996,10.841533932618859
2026-03-03 22:00:00,48694.854999999996,30.06546968786921
2026-03-04 02:00:00,48644.990000000005,30.175871692349972
2026-03-04 06:00:00,48606.54,57.05975809165557
2026-03-04 10:00:00,48574.844999999994,95.6277592266203
2026-03-04 14:00:00,48551.475,136.72186060765472
2026-03-04 18:00:00,48539.025,124.99486137096503
2026-03-04 22:00:00,48527.655,80.72898432232203
2026-03-05 02:00:00,48512.21000000001,40.018020013266934
2026-03-05 06:00:00,48514.955,39.86008292421545
2026-03-05 10:00:00,48515.685000000005,-11.636570796034306
2026-03-05 14:00:00,48483.28,-133.1432989971159
2026-03-05 18:00:00,48443.895000000004,-139.8442656312264
2026-03-05 22:00:00,48404.41,-94.43893095229157
2026-03-06 02:00:00,48364.43,-53.60068426962931
2026-03-06 06:00:00,48320.979999999996,-71.2228626566839
2026-03-06 10:00:00,48260.75,-143.7279513694648
2026-03-06 14:00:00,48222.5,-141.56693098949108
2026-03-06 18:00:00,48193.925,-92.66400615667465
2026-03-08 22:00:00,48097.005000000005,-234.38564800988297
2026-03-09 02:00:00,48009.58500000001,-193.44340645639204
2026-03-09 06:00:00,47941.39,-80.95166316298241
2026-03-09 10:00:00,47865.634999999995,-45.579850547438355
2026-03-09 14:00:00,47794.155,28.75352073089698
2026-03-09 18:00:00,47746.905000000006,181.3410286190674
2026-03-09 21:00:00,47686.315,218.02144158889928
2026-03-10 01:00:00,47626.24,200.60673474542807
2026-03-10 05:00:00,47587.925,222.94311790670685
2026-03-10 09:00:00,47541.5,165.47942148319027
2026-03-10 13:00:00,47509.93,194.24649085152325
2026-03-10 17:00:00,47476.94499999999,129.26817635571825
2026-03-10 21:00:00,47479.71,104.6965690786691
2026-03-11 01:00:00,47479.215,90.74498488821088
2026-03-11 05:00:00,47458.244999999995,26.38479432600996
2026-03-11 09:00:00,47431.229999999996,-20.35039333544762
2026-03-11 13:00:00,47412.255000000005,-55.84755772496517
2026-03-11 17:00:00,47414.04,-71.6804104102112
2026-03-11 21:00:00,47397.035,-126.32757191713551
2026-03-12 01:00:00,47367.985,-149.60513945743597
2026-03-12 05:00:00,47407.880000000005,-81.950533510213
2026-03-12 09:00:00,47425.634999999995,-59.24835012872421
2026-03-12 13:00:00,47419.22,-63.81458598237799
2026-03-12 17:00:00,47415.905,-75.9487152359797
2026-03-12 21:00:00,47410.02,-32.80959637547005
2026-03-13 01:00:00,47367.665,-15.563122940396852
2026-03-13 05:00:00,47319.01,-32.45745211965897
2026-03-13 09:00:00,47286.785,17.732855647053043
2026-03-13 13:00:00,47225.955,-4.836712776610398
2026-03-13 17:00:00,47168.969999999994,-33.952902406764395
2026-03-15 22:00:00,47105.915,16.902619999049307
2026-03-16 02:00:00,47059.245,46.52049861706831
2026-03-16 06:00:00,46997.240000000005,24.809904269813444
2026-03-16 10:00:00,46959.51,111.77027998495356
2026-03-16 14:00:00,46923.43000000001,96.35552660481795
2026-03-16 18:00:00,46894.275,87.57059445787374
2026-03-16 21:00:00,46865.42,56.426727877032874
2026-03-17 01:00:00,46841.384999999995,45.02465746003986
2026-03-17 05:00:00,46831.965,26.685978115643763
2026-03-17 09:00:00,46844.0,69.59613930307279
2026-03-17 13:00:00,46838.56999999999,71.14626173869014
2026-03-17 17:00:00,46836.62,53.37347645438456
2026-03-17 21:00:00,46844.925,46.927736493346785
2026-03-18 01:00:00,46869.45,68.46787703112139
2026-03-18 05:00:00,46887.36,75.67188079770088
2026-03-18 09:00:00,46883.15,-20.288854836117917
2026-03-18 13:00:00,46880.465,-84.76485654351987
2026-03-18 17:00:00,46839.075,-185.41073761811802
2026-03-18 21:00:00,46814.745,-186.87511009219804
2026-03-19 01:00:00,46802.30500000001,-143.531945344257
2026-03-19 05:00:00,46769.280000000006,-119.76604614087648
2026-03-19 09:00:00,46725.6,-119.02547160805904
2026-03-19 13:00:00,46687.42,-109.50523792683515
2026-03-19 17:00:00,46635.53999999999,-35.685133267240474
2026-03-19 21:00:00,46596.975,13.084861657449437
2026-03-20 01:00:00,46555.835,37.26870237143282
2026-03-20 05:00:00,46518.62,44.14887302880709
2026-03-20 09:00:00,46472.035,21.9718818321536
2026-03-20 13:00:00,46423.9,1.3358581527410252
2026-03-20 17:00:00,46359.354999999996,-4.826293858079737
2026-03-22 22:00:00,46287.44499999999,-32.848884175443345
2026-03-23 02:00:00,46210.095,-60.427612263262404
2026-03-23 06:00:00,46121.604999999996,-85.65957644702848
2026-03-23 10:00:00,46087.05500000001,139.7686955654869
2026-03-23 14:00:00,46045.270000000004,202.83493354076973
2026-03-23 18:00:00,46018.415,168.58203807239903
2026-03-23 21:00:00,45993.05500000001,111.70007234415189
2026-03-24 01:00:00,45988.854999999996,60.895867065152686
2026-03-24 05:00:00,45988.54,58.19856883094869
2026-03-24 09:00:00,45975.795,21.661843582225004
2026-03-24 13:00:00,45985.759999999995,63.61375071768593
2026-03-24 17:00:00,46010.05,89.89606966870122
2026-03-24 21:00:00,46045.43000000001,111.4191089215179
2026-03-25 01:00:00,46066.62,101.62799260396761
2026-03-25 05:00:00,46085.575,79.40731660621273
2026-03-25 09:00:00,46107.090000000004,63.91933557175625
2026-03-25 13:00:00,46126.490000000005,33.53003573604781
2026-03-25 17:00:00,46150.69499999999,4.2332552081166455
2026-03-25 21:00:00,46177.41,-17.81350018698896
2026-03-26 01:00:00,46203.14,-34.624276536973014
2026-03-26 05:00:00,46231.865000000005,-61.676638624968945
2026-03-26 09:00:00,46263.24,-84.59249918565166
2026-03-26 13:00:00,46305.155000000006,-77.14328109651969
2026-03-26 17:00:00,46280.9,-74.61688053923712
2026-03-26 21:00:00,46262.705,-58.147122464555004
2026-03-27 01:00:00,46260.064999999995,-25.20349775713433
2026-03-27 05:00:00,46253.255,-43.747843339435065
2026-03-27 09:00:00,46241.42,-75.21886290181504
2026-03-27 13:00:00,46208.604999999996,-122.57239661445445
2026-03-27 17:00:00,46163.345,-192.80437656199274
2026-03-29 22:00:00,46096.79,-203.57838542923707
2026-03-30 02:00:00,46035.475,-137.16676055265896
2026-03-30 06:00:00,45975.33,-55.22454116878532
2026-03-30 10:00:00,45915.265,-7.35347265676063
2026-03-30 14:00:00,45855.92,21.698194710852363
2026-03-30 18:00:00,45788.94,19.340393746049756
2026-03-30 21:00:00,45737.455,63.9833427188496
2026-03-31 01:00:00,45696.0,105.26836452711245
2026-03-31 05:00:00,45657.38,116.26027318011307
2026-03-31 09:00:00,45625.455,124.3360095960698
2026-03-31 13:00:00,45619.659999999996,180.29550843899966
2026-03-31 17:00:00,45631.445,220.87734580949115
2026-03-31 21:00:00,45648.13,228.63100940404067
2026-04-01 01:00:00,45665.719999999994,189.22060776991003
2026-04-01 05:00:00,45690.784999999996,172.7237197172616
2026-04-01 09:00:00,45708.57,128.75308832348907
2026-04-01 13:00:00,45749.025,127.51756774165221
2026-04-01 17:00:00,45789.909999999996,71.99804375060944
2026-04-01 21:00:00,45850.015,50.104175319017315
2026-04-02 01:00:00,45900.45,-78.30146187435537
2026-04-02 05:00:00,45958.520000000004,-114.92391621647943
2026-04-02 09:00:00,45995.759999999995,-155.4173242603853
2026-04-02 13:00:00,46047.74,-76.33808714769273
2026-04-02 17:00:00,46107.564999999995,-11.622285729454717
2026-04-02 21:00:00,46166.735,10.888462255326544
2026-04-03 01:00:00,46228.26,3.729007310163439
2026-04-03 05:00:00,46275.875,-10.491883651056071
2026-04-03 09:00:00,46315.42,-21.094842123212743
2026-04-03 13:00:00,46355.3,-21.774673282330923
2026-04-05 22:00:00,46389.69,-25.910556458432893
2026-04-06 02:00:00,46405.29,-24.795755244472275
2026-04-06 06:00:00,46414.82,-3.340125096065094
2026-04-06 10:00:00,46421.545,15.798874295293587
2026-04-06 14:00:00,46427.565,7.635650265408088
2026-04-06 18:00:00,46438.11,45.4265496032404
2026-04-06 21:00:00,46447.21,37.986047943662356
2026-04-07 01:00:00,46438.28999999999,4.796787586597532
2026-04-07 05:00:00,46446.795,16.09881116973918
2026-04-07 09:00:00,46439.295,-21.972255699708597
2026-04-07 13:00:00,46458.26,-52.442706750730764
2026-04-07 17:00:00,46484.11,-25.70572246925647
2026-04-07 21:00:00,46563.62,132.92129502285735
2026-04-08 01:00:00,46626.61,195.48968859806325
2026-04-08 05:00:00,46685.905,199.1523870673796
2026-04-08 09:00:00,46751.555,183.76472975782872
2026-04-08 13:00:00,46820.44,141.5685969535691
2026-04-08 17:00:00,46894.4,103.68835164479435
2026-04-08 21:00:00,46969.405,62.77766546754606
2026-04-09 01:00:00,47041.185,18.151106109604143
2026-04-09 05:00:00,47108.555,-33.53409863037223
2026-04-09 09:00:00,47177.075,-55.46402473041576
2026-04-09 13:00:00,47263.87,15.157554666533656
2026-04-09 17:00:00,47344.25,21.375269614261924
2026-04-09 21:00:00,47426.915,6.392455354395906
2026-04-10 01:00:00,47494.685,-17.86651287898394
2026-04-10 05:00:00,47562.985,-47.72365562418213
2026-04-10 09:00:00,47643.515,-43.080091482832245
2026-04-10 13:00:00,47701.1,-94.57179715657298
2026-04-10 17:00:00,47772.62,-100.56403409112761
2026-04-12 22:00:00,47827.2,-169.57843716705065
2026-04-13 02:00:00,47875.36,-167.79147857911084
2026-04-13 06:00:00,47882.985,-140.3303444146756
2026-04-13 10:00:00,47888.35,-100.25509494006275
2026-04-13 14:00:00,47899.625,-40.77426094612858
2026-04-13 18:00:00,47920.56,38.54476227837267
2026-04-13 21:00:00,47941.21,60.489981451355845
2026-04-14 01:00:00,47958.0,53.36253992463287
2026-04-14 05:00:00,47979.425,54.511305683759815
2026-04-14 09:00:00,48000.79,34.490991324352365
2026-04-14 13:00:00,48037.590000000004,49.51117702559384
2026-04-14 17:00:00,48078.064999999995,60.950932547050115
2026-04-14 21:00:00,48093.685,47.88395793994533
2026-04-15 01:00:00,48111.085,25.329218924372242
2026-04-15 05:00:00,48129.11,4.30173335097254
2026-04-15 09:00:00,48152.18,-0.6704215675405294
2026-04-15 13:00:00,48165.32,-54.99426087395517
2026-04-15 17:00:00,48180.75,-47.37264139007584
2026-04-15 21:00:00,48213.884999999995,-32.322072059199286
2026-04-16 01:00:00,48241.655,-34.76678489849013
2026-04-16 05:00:00,48288.955,-42.04437501130752
2026-04-16 09:00:00,48337.45,-27.392176254038418
2026-04-16 13:00:00,48378.42,-39.996946187838375
2026-04-16 17:00:00,48422.604999999996,-20.021002122566813
2026-04-16 21:00:00,48458.945,-8.02536382679574
2026-04-17 01:00:00,48480.265,-5.3370346262229305
2026-04-17 05:00:00,48506.415,7.39304330638015
2026-04-17 09:00:00,48553.195,74.51798936698981
2026-04-17 13:00:00,48622.955,181.22679523740328
2026-04-17 17:00:00,48682.37,149.2582402175231
2026-04-19 22:00:00,48713.94,45.04775248299973
2026-04-20 02:00:00,48739.05500000001,-16.26600218570013
2026-04-20 06:00:00,48769.19,-32.55716695087369
2026-04-20 10:00:00,48814.520000000004,6.131080961974078
2026-04-20 14:00:00,48855.82,-1.6663077656567111
2026-04-20 18:00:00,48900.755,11.227853569904823
2026-04-20 21:00:00,48960.465,12.06018419399129
2026-04-21 01:00:00,49012.14,3.566209869753777
2026-04-21 05:00:00,49061.595,-4.951963461976902
2026-04-21 09:00:00,49119.995,7.338404725457622
2026-04-21 13:00:00,49160.515,-63.699984958842265
2026-04-21 17:00:00,49196.310000000005,-90.5881846281963
2026-04-21 21:00:00,49240.795,-83.17812190674215
2026-04-22 01:00:00,49276.725,-79.43025020750105
2026-04-22 05:00:00,49313.08500000001,-64.94792327531741
2026-04-22 09:00:00,49351.69,-45.76472269690021
2026-04-22 13:00:00,49384.525,-40.2456909399977
2026-04-22 17:00:00,49392.67,-53.28612886138745
2026-04-22 21:00:00,49371.744999999995,-58.906746022370385
2026-04-23 01:00:00,49358.225,-73.32557998456218
2026-04-23 05:00:00,49363.284999999996,-69.14500069133481
2026-04-23 09:00:00,49371.71,-51.58966080865636
2026-04-23 13:00:00,49384.19499999999,-9.904941514892002
2026-04-23 17:00:00,49372.905,-25.59223140699578
2026-04-23 21:00:00,49369.45,-17.617814302089158
2026-04-24 01:00:00,49355.965000000004,-23.405665065764182
2026-04-24 05:00:00,49337.13,-36.37975283494249
2026-04-24 09:00:00,49321.975,-23.38802976098436
2026-04-24 13:00:00,49303.284999999996,-23.499830977844155
2026-04-24 17:00:00,49281.615000000005,-7.334441718600708
2026-04-26 22:00:00,49277.355,-7.08505273999306
2026-04-27 02:00:00,49268.28,-21.85380541408848
2026-04-27 06:00:00,49256.935000000005,-20.246046963885348
2026-04-27 10:00:00,49251.92,0.05390539466381483
2026-04-27 14:00:00,49239.844999999994,-8.602790006518433
2026-04-27 18:00:00,49226.979999999996,-4.525745926004181
2026-04-27 21:00:00,49217.67,5.879806630409526
2026-04-28 01:00:00,49214.07,12.191292577865593
2026-04-28 05:00:00,49213.165,18.177977235462983
2026-04-28 09:00:00,49221.045,30.664302249229863
2026-04-28 13:00:00,49221.345,7.279267516099926
2026-04-28 17:00:00,49219.235,-4.0507154640727165
2026-04-28 21:00:00,49211.35,0.4936854042073957
2026-04-29 01:00:00,49211.925,-1.7463417227231286
2026-04-29 05:00:00,49205.24,-15.472058942718803
2026-04-29 09:00:00,49200.545,-22.620886186517946
2026-04-29 13:00:00,49185.08500000001,-72.02747695007928
2026-04-29 17:00:00,49156.409999999996,-112.63435086763394
2026-04-29 21:00:00,49134.275,-97.29816823754257
2026-04-30 01:00:00,49098.81999999999,-106.86925246375631
2026-04-30 05:00:00,49072.03999999999,-69.46573091896727
2026-04-30 09:00:00,49074.655,44.69323457167576
2026-04-30 13:00:00,49094.619999999995,152.39806041692756
2026-04-30 17:00:00,49120.715,214.17828111033865
2026-04-30 21:00:00,49153.090000000004,213.14804812694769
2026-05-01 01:00:00,49182.62,176.76280775982102
2026-05-01 05:00:00,49209.44,131.76855819664644
2026-05-01 09:00:00,49239.89,105.20081498362032
2026-05-01 13:00:00,49256.61,32.179423261575835
2026-05-01 17:00:00,49263.04,-30.146164122175776
2026-05-03 22:00:00,49277.995,-50.906967250508956
2026-05-04 02:00:00,49293.280000000006,-55.74511854387106
2026-05-04 06:00:00,49302.235,-66.39283412261392
2026-05-04 10:00:00,49306.555,-84.14700343414808
2026-05-04 14:00:00,49301.045,-128.32118896315953
2026-05-04 18:00:00,49292.604999999996,-143.06698505184323
2026-05-04 21:00:00,49299.935,-124.63065967305545
2026-05-05 01:00:00,49318.46,-91.4938645620216
2026-05-05 05:00:00,49336.340000000004,-51.367403683272784
2026-05-05 09:00:00,49366.405000000006,-16.3629810473104
2026-05-05 13:00:00,49392.38,10.841697662008855
2026-05-05 17:00:00,49397.685,36.442026420910295
2026-05-05 21:00:00,49390.46000000001,64.20768498371709
2026-05-06 01:00:00,49372.505000000005,68.10763371777492
2026-05-06 05:00:00,49363.4,94.84552404178388
2026-05-06 09:00:00,49361.219999999994,111.76146168858487
2026-05-06 13:00:00,49363.425,114.6706802739312
2026-05-06 17:00:00,49365.89,112.87519876376325
2026-05-06 21:00:00,49383.405000000006,102.03546411107823
2026-05-07 01:00:00,49409.62,85.89757453653829
2026-05-07 05:00:00,49432.34,55.367677372099024
2026-05-07 09:00:00,49458.564999999995,42.246534140216056
2026-05-07 13:00:00,49468.844999999994,-42.20424080480291
2026-05-07 17:00:00,49480.3,-91.59480128280796
2026-05-07 21:00:00,49510.490000000005,-85.41164702726593
2026-05-08 01:00:00,49545.854999999996,-70.20425061878288
2026-05-08 05:00:00,49582.53,-48.374271859747296
2026-05-08 09:00:00,49619.775,-26.41481800855007
2026-05-08 13:00:00,49643.175,-51.65776666194367
2026-05-08 17:00:00,49667.95,-42.720607849115964
2026-05-10 22:00:00,49681.325,-65.12161940884451
2026-05-11 02:00:00,49692.315,-60.106334916939154
2026-05-11 06:00:00,49700.6,-38.297642655523426
2026-05-11 10:00:00,49715.935,0.7386859062983078
2026-05-11 14:00:00,49722.520000000004,20.92518772421635
2026-05-11 18:00:00,49721.86,20.916070718742347
2026-05-11 21:00:00,49715.37,10.717630763277654
2026-05-12 01:00:00,49704.575,5.38729633670394
2026-05-12 05:00:00,49689.729999999996,-2.755880360791693
2026-05-12 09:00:00,49676.515,6.281912644397387
2026-05-12 13:00:00,49660.83500000001,-6.827626384637064
2026-05-12 17:00:00,49648.11,10.820252126808754
2026-05-12 21:00:00,49654.1,12.293103758947964
2026-05-13 01:00:00,49665.925,14.469093239703781
2026-05-13 05:00:00,49669.265,0.7672169283356283
2026-05-13 09:00:00,49662.26,-37.43015406386766
2026-05-13 13:00:00,49656.235,-36.55913431887505
2026-05-13 17:00:00,49657.71000000001,2.9873944349991177
2026-05-13 21:00:00,49670.925,22.834316771566492
2026-05-14 01:00:00,49679.525,25.041810864341272
2026-05-14 05:00:00,49702.495,39.95646934904809
2026-05-14 09:00:00,49735.045,77.66119815191493
2026-05-14 13:00:00,49757.43,56.829873856228886
2026-05-14 17:00:00,49774.034999999996,42.695746914740084
2026-05-14 21:00:00,49785.475,14.861191632159404
2026-05-15 01:00:00,49796.475,-7.873315036753638
2026-05-15 05:00:00,49800.435,-49.43549468118863
2026-05-15 09:00:00,49797.095,-85.49114231013999
2026-05-15 13:00:00,49796.115,-85.8309720865677
2026-05-15 17:00:00,49779.69,-114.4787733569504
2026-05-17 22:00:00,49756.725,-146.983764685077
2026-05-18 02:00:00,49726.85,-138.4765893936162
2026-05-18 06:00:00,49701.229999999996,-101.16224651943514
2026-05-18 10:00:00,49696.07,6.47314303533426
2026-05-18 14:00:00,49688.965000000004,34.93875032688038
2026-05-18 18:00:00,49695.16499999999,58.66073690972283
2026-05-18 21:00:00,49698.6,64.79615680165992
2026-05-19 01:00:00,49688.56,48.11744424805393
2026-05-19 05:00:00,49680.884999999995,48.45020444468459
2026-05-19 09:00:00,49670.45,31.299576301345432
2026-05-19 13:00:00,49652.58,13.696456378669872
2026-05-19 17:00:00,49612.634999999995,-31.61745861325332
2026-05-19 21:00:00,49578.755,-46.98405864661524
2026-05-20 01:00:00,49540.89,-53.618287934455395
2026-05-20 05:00:00,49514.104999999996,-21.880260969206148
2026-05-20 09:00:00,49495.235,17.158638668765875
2026-05-20 13:00:00,49501.365000000005,87.49345245867335
2026-05-20 17:00:00,49518.385,118.23013455974797
2026-05-20 21:00:00,49530.865000000005,101.97994442712661
2026-05-21 01:00:00,49559.995,96.64345874415692
2026-05-21 05:00:00,49602.729999999996,87.93889281717486
2026-05-21 09:00:00,49636.064999999995,36.33151386650516
2026-05-21 13:00:00,49670.064999999995,20.755407592397745
2026-05-21 17:00:00,49701.96,75.63690377592354
2026-05-21 21:00:00,49745.425,105.23072969508598
2026-05-22 01:00:00,49787.39,106.73794071672955
2026-05-22 05:00:00,49826.545,79.42021119850051
2026-05-22 09:00:00,49883.705,100.57584958366408
2026-05-22 13:00:00,49935.08,80.71012008191644
2026-05-22 17:00:00,49981.99,26.724575391068527
2026-05-24 22:00:00,50048.490000000005,53.09183886498806
2026-05-25 02:00:00,50130.175,63.113798697770164
2026-05-25 06:00:00,50214.51,56.04121416619455
2026-05-25 10:00:00,50302.395000000004,39.393027868650506
2026-05-25 14:00:00,50382.87,16.796100155919248
2026-05-25 18:00:00,50457.305,-4.43491231722669
2026-05-25 21:00:00,50508.255,-47.50416362917031
2026-05-26 01:00:00,50555.49,-66.74909039692437
2026-05-26 05:00:00,50603.045,-84.32324431365714
2026-05-26 09:00:00,50644.925,-89.73260371973356
2026-05-26 13:00:00,50662.96,-158.5128874836319
2026-05-26 17:00:00,50693.125,-160.98570678346374
2026-05-26 21:00:00,50723.815,-127.75098822727892
2026-05-27 01:00:00,50734.6,-99.86052103979944
2026-05-27 05:00:00,50746.025,-52.69485288518226
2026-05-27 09:00:00,50748.64,-48.844670707672535
2026-05-27 13:00:00,50758.755,-23.317153087516232
2026-05-27 17:00:00,50757.605,0.4484966248873121
2026-05-27 21:00:00,50758.229999999996,7.6412044457549655
2026-05-28 01:00:00,50759.104999999996,-17.77650182049956
2026-05-28 05:00:00,50744.965000000004,-18.180724051157995
2026-05-28 09:00:00,50725.19,-21.066145122145223
2026-05-28 13:00:00,50709.14,-0.7633545778173598
2026-05-28 17:00:00,50691.125,3.54499214480515
2026-05-28 21:00:00,50672.555,1.3531663044194744
2026-05-29 01:00:00,50656.825,9.075012173071855
2026-05-29 05:00:00,50648.509999999995,9.784121717746672
2026-05-29 09:00:00,50644.255,22.079125898927884
2026-05-29 13:00:00,50652.475,54.45129884569508
2026-05-29 17:00:00,50662.14,60.38694069679792
2026-05-31 22:00:00,50697.57,67.32902404570211
2026-06-01 02:00:00,50729.935000000005,55.49302834261917
2026-06-01 06:00:00,50762.87,56.39524720461054
2026-06-01 10:00:00,50785.265,7.670981718447479
2026-06-01 14:00:00,50801.525,-14.672341179387558
2026-06-01 18:00:00,50827.05500000001,-14.974689079934421
2026-06-01 21:00:00,50836.485,-53.20796515775521
2026-06-02 01:00:00,50845.53,-54.41141981702103
2026-06-02 05:00:00,50858.115000000005,-38.75759603939764
2026-06-02 09:00:00,50871.545,-52.04572134903644
2026-06-02 13:00:00,50902.475,16.655301165457075
2026-06-02 17:00:00,50940.705,61.03928446326074
2026-06-02 21:00:00,50971.225,60.7669867104039
2026-06-03 01:00:00,51002.159999999996,46.908027287955065
2026-06-03 05:00:00,51028.4,12.335687718075548
2026-06-03 09:00:00,51047.840000000004,-20.739627596288244
2026-06-03 13:00:00,51055.525,-75.03821511403109
2026-06-03 17:00:00,51048.915,-123.54708351080504
2026-06-03 21:00:00,51036.31,-115.90121375320128
2026-06-04 01:00:00,51022.475,-98.55150759145695
2026-06-04 05:00:00,51008.845,-60.76256510286818
2026-06-04 09:00:00,51014.64,28.54290633003271
2026-06-04 13:00:00,51034.555,126.8232279222382
2026-06-04 17:00:00,51064.229999999996,144.27623423800276
2026-06-04 21:00:00,51091.935,124.42421085397768
2026-06-05 01:00:00,51117.145,97.13986918862867
2026-06-05 05:00:00,51156.07,78.21401181061373
2026-06-05 09:00:00,51192.305,55.29441776087526
2026-06-05 13:00:00,51204.11,-39.705182093635756
2026-06-05 17:00:00,51200.135,-154.4752255294176
2026-06-07 22:00:00,51175.95,-183.0180495460825
2026-06-08 02:00:00,51141.15,-185.49974031534038
2026-06-08 06:00:00,51117.2,-129.6684150224714
2026-06-08 10:00:00,51100.92,-62.57588754134696
2026-06-08 14:00:00,51082.17,-51.49583334742195
2026-06-08 18:00:00,51064.43,-47.59068347600595
2026-06-08 21:00:00,51053.5,-53.78119404750012
2026-06-09 01:00:00,51062.104999999996,-13.284284341173134
2026-06-09 05:00:00,51068.565,12.151368892231119
2026-06-09 09:00:00,51082.005000000005,45.59131456529559
2026-06-09 13:00:00,51058.884999999995,-53.65134107706166
2026-06-09 17:00:00,51038.92,-8.569111045428997
2026-06-09 21:00:00,50998.17,8.459834480730365
2026-06-10 01:00:00,50954.775,4.304937573658748
2026-06-10 05:00:00,50904.41,-23.136251016733638
2026-06-10 09:00:00,50856.865000000005,-16.42449553657869
2026-06-10 13:00:00,50789.125,-66.94636426361058
2026-06-10 17:00:00,50701.205,-142.4887101643202
2026-06-10 21:00:00,50635.715,-143.72570832025326
2026-06-11 01:00:00,50603.275,-81.10448964951274
2026-06-11 05:00:00,50579.759999999995,-6.827389099056404
2026-06-11 09:00:00,50557.1,18.882181622066355
2026-06-11 13:00:00,50524.485,29.487595798840857
2026-06-11 17:00:00,50519.009999999995,153.26583774542104
2026-06-11 21:00:00,50521.93,188.67484706048478
2026-06-12 01:00:00,50529.035,183.65350448043165
2026-06-12 05:00:00,50551.235,191.5129518868285
2026-06-12 09:00:00,50559.065,150.6130348620655
2026-06-12 13:00:00,50574.659999999996,141.59547734040405
2026-06-12 17:00:00,50584.634999999995,117.98011004674686
2026-06-14 22:00:00,50645.490000000005,153.24325783762367
2026-06-15 02:00:00,50690.545,162.14274711375208
2026-06-15 06:00:00,50731.67,117.34232465043038
2026-06-15 10:00:00,50787.770000000004,113.52197991131504
2026-06-15 14:00:00,50852.87,90.50905065439065
2026-06-15 18:00:00,50907.14,33.918913618475585
2026-06-15 21:00:00,50978.425,-3.7275700618849896
2026-06-16 01:00:00,51070.104999999996,-25.997872941428966
2026-06-16 05:00:00,51162.285,-34.14296470702311
2026-06-16 09:00:00,51248.555,-24.9665209325064
2026-06-16 13:00:00,51343.265,33.11933038636698
2026-06-16 17:00:00,51433.04,14.205803579785083
2026-06-16 21:00:00,51527.425,7.679917816894601
2026-06-17 01:00:00,51586.64,-7.718900337039372
2026-06-17 05:00:00,51642.634999999995,-30.7279915321335
2026-06-17 09:00:00,51697.155,-44.70640378814477
2026-06-17 13:00:00,51752.034999999996,-15.98556817050985
2026-06-17 17:00:00,51781.88,-111.86904656478725
2026-06-17 21:00:00,51810.895000000004,-114.00140438902503
2026-06-18 01:00:00,51839.375,-103.15679405288574
2026-06-18 05:00:00,51846.305,-97.08403935746296
2026-06-18 09:00:00,51850.25,-73.6369415955374
2026-06-18 13:00:00,51852.534999999996,-81.51458958716077
2026-06-18 17:00:00,51843.165,-77.06876057643952
2026-06-18 21:00:00,51829.06999999999,-79.4518498263447
2026-06-19 01:00:00,51814.594999999994,-97.03001351586292
2026-06-19 05:00:00,51808.235,-63.62958555464485
2026-06-19 09:00:00,51799.810000000005,-46.324929307537374
2026-06-19 13:00:00,51786.715,-42.28908732683979
2026-06-19 17:00:00,51767.384999999995,-39.220965954125276
2026-06-21 22:00:00,51735.835,-14.198893184530704
2026-06-22 02:00:00,51710.604999999996,-8.641663806792408
2026-06-22 06:00:00,51685.759999999995,9.256217550222416
2026-06-22 10:00:00,51676.125,65.38342450027864
2026-06-22 14:00:00,51661.9,54.514577482942556
2026-06-22 18:00:00,51650.455,51.01705722951195
2026-06-22 21:00:00,51632.725,56.2055581021135
2026-06-23 01:00:00,51632.240000000005,6.082255052607167
2026-06-23 05:00:00,51613.104999999996,-52.237224847087475
2026-06-23 09:00:00,51598.915,-51.10156035077554
2026-06-23 13:00:00,51604.15,14.800276751703548
2026-06-23 17:00:00,51600.825,21.280274346510158
2026-06-23 21:00:00,51601.78,10.48088279750375
2026-06-24 01:00:00,51602.604999999996,2.3284835103142676
2026-06-24 05:00:00,51605.35,-8.462224042356432
2026-06-24 09:00:00,51617.525,-6.4386969309710835
2026-06-24 13:00:00,51641.745,63.37219770103284
2026-06-24 17:00:00,51663.515,68.05177809837738
2026-06-24 21:00:00,51681.435000000005,35.41590782805363
2026-06-25 01:00:00,51700.045,12.132620931396872
2026-06-25 05:00:00,51717.284999999996,11.384438806090543
2026-06-25 09:00:00,51741.969999999994,25.07232237607778
2026-06-25 13:00:00,51765.479999999996,34.06930688887337
2026-06-25 17:00:00,51773.69,27.098930731988872
2026-06-25 21:00:00,51789.2,17.658162710066563
2026-06-26 01:00:00,51792.03,-26.1393909174908
2026-06-26 05:00:00,51795.245,-27.1884651132832
2026-06-26 09:00:00,51807.219999999994,-39.32343897432355
2026-06-26 13:00:00,51836.465000000004,-17.548200778275543
2026-06-26 17:00:00,51849.735,-44.63570334986302
2026-06-28 22:00:00,51854.340000000004,-22.358148740089476
2026-06-29 02:00:00,51869.405,6.219939759257187
2026-06-29 06:00:00,51884.54,5.878183664168034
2026-06-29 10:00:00,51910.38,38.28667653847981
2026-06-29 14:00:00,51941.415,55.368510396800104
2026-06-29 18:00:00,51966.6,37.702999650373414
2026-06-29 21:00:00,51970.770000000004,18.949780716005392
2026-06-30 01:00:00,51982.425,17.492672449558285
2026-06-30 05:00:00,52001.375,13.210705039012709
2026-06-30 09:00:00,52018.985,-1.0200700465445038
2026-06-30 13:00:00,52043.375,25.923517928588694
2026-06-30 17:00:00,52054.024999999994,0.648344479840091
2026-06-30 21:00:00,52064.13,-5.682136184256677
2026-07-01 01:00:00,52070.2,-27.64812487282626
2026-07-01 05:00:00,52078.965000000004,-26.293040506665022
2026-07-01 09:00:00,52096.305,-29.804040645549662
2026-07-01 13:00:00,52126.270000000004,29.556061666539847
2026-07-01 17:00:00,52147.090000000004,2.395951300627246
2026-07-01 21:00:00,52162.78,-6.248298241547872
2026-07-02 01:00:00,52192.87,1.0216561478772235
2026-07-02 05:00:00,52214.91,2.097344793274914
2026-07-02 09:00:00,52241.009999999995,30.953300041421357
2026-07-02 13:00:00,52274.55,51.005394244031834
2026-07-02 17:00:00,52307.705,81.95940019130893
2026-07-02 21:00:00,52342.305,94.71780154412329
2026-07-03 01:00:00,52383.965000000004,91.04030849458593
2026-07-03 05:00:00,52417.505,39.4017397359417
2026-07-03 09:00:00,52446.8,3.6804555510022396
2026-07-03 13:00:00,52477.969999999994,-9.41167448751628
2026-07-03 17:00:00,52511.465000000004,-18.998015772441477
2026-07-05 22:00:00,52538.869999999995,-11.180564939514511
2026-07-06 02:00:00,52571.665,-22.98990109431236
2026-07-06 06:00:00,52603.73,-25.161093314789866
2026-07-06 10:00:00,52633.755000000005,-51.70235160440916
2026-07-06 14:00:00,52668.81999999999,-33.43044261873672
2026-07-06 18:00:00,52715.134999999995,7.626423794936613
2026-07-06 21:00:00,52743.329999999994,15.692562035251171
2026-07-07 01:00:00,52784.065,10.302530494006135
2026-07-07 05:00:00,52827.17,15.403369518508953
2026-07-07 09:00:00,52872.985,32.10629533122784
2026-07-07 13:00:00,52899.81,-34.978435850183644
2026-07-07 17:00:00,52917.255000000005,-63.04084796992407
2026-07-07 21:00:00,52930.465000000004,-68.63169454294172
2026-07-08 01:00:00,52932.085,-70.88654767556429
2026-07-08 05:00:00,52899.134999999995,-166.87347998708037
2026-07-08 09:00:00,52870.565,-159.0868094892312
2026-07-08 13:00:00,52845.75499999999,-151.59205056509808
2026-07-08 17:00:00,52820.315,-130.5915703305683
2026-07-08 21:00:00,52797.5,-83.91708984609863
2026-07-09 01:00:00,52777.64,-39.40668685216514
2026-07-09 05:00:00,52750.92,-21.05992388891849
2026-07-09 09:00:00,52726.67,-9.7617914210565
2026-07-09 13:00:00,52708.065,23.71889895868202
2026-07-09 17:00:00,52692.270000000004,22.68567604231731
2026-07-09 21:00:00,52670.47000000001,27.825199068877623
2026-07-10 01:00:00,52637.770000000004,24.546728204332425
2026-07-10 05:00:00,52610.11,36.26931349124098
2026-07-10 09:00:00,52587.39,53.175637512341936
2026-07-10 13:00:00,52561.634999999995,57.34893857079783
2026-07-10 17:00:00,52532.65,62.70616989615989
2026-07-12 22:00:00,52511.17,18.08946575472096
2026-07-13 02:00:00,52488.68000000001,-6.461891358992666
2026-07-13 06:00:00,52476.380000000005,20.977961951417036
2026-07-13 10:00:00,52474.31,58.43595741678627
2026-07-13 14:00:00,52484.27,4.181550686502121
2026-07-13 18:00:00,52486.975,-18.92800084430698
2026-07-13 21:00:00,52491.275,-38.57820684997173
2026-07-14 01:00:00,52498.94,-34.154222307316644
2026-07-14 05:00:00,52496.9,-42.819916128746684
2026-07-14 09:00:00,52493.815,-32.25627533806622
2026-07-14 13:00:00,52495.719999999994,-13.575690587756995
2026-07-14 17:00:00,52505.14,20.640099802685043
2026-07-14 21:00:00,52508.7,36.98735458873206
2026-07-15 01:00:00,52517.58,42.987768392195534
2026-07-15 05:00:00,52526.405000000006,45.50405253570874
2026-07-15 09:00:00,52536.975,42.02444687875549
2026-07-15 13:00:00,52537.915,15.530534716399714
2026-07-15 17:00:00,52539.634999999995,19.94413759493687
2026-07-15 21:00:00,52542.04,23.952486930166167
2026-07-16 01:00:00,52542.4,25.178386729423053
2026-07-16 05:00:00,52551.735,13.39936122061625
2026-07-16 09:00:00,52562.365000000005,5.864845606191835
2026-07-16 13:00:00,52565.295,10.500914562439533
2026-07-16 17:00:00,52549.145,-26.68460645930913
2026-07-16 21:00:00,52545.46,-57.43079290939019
2026-07-17 01:00:00,52530.44,-101.021389427841
2026-07-17 05:00:00,52520.585,-99.1117308440678
2026-07-17 09:00:00,52506.52,-90.54686046691603
2026-07-17 13:00:00,52508.145,-34.30340692618313
2026-07-17 17:00:00,52496.905000000006,-41.02801587618288
2026-07-19 22:00:00,52479.815,-46.78784389906977
2026-07-20 02:00:00,52456.475,-37.479172735724546
2026-07-20 06:00:00,52442.05,9.731376409655326
2026-07-20 10:00:00,52416.845,-2.109532297476619
2026-07-20 14:00:00,52383.195,-26.455270035393994
2026-07-20 18:00:00,52345.045,-42.49245206303851
2026-07-20 21:00:00,52312.505,-38.564375794726146
2026-07-21 01:00:00,52281.045,-5.5412612576963625
2026-07-21 05:00:00,52249.2,17.385358843653023
2026-07-21 09:00:00,52213.67,19.57890515459127
2026-07-21 13:00:00,52198.21000000001,82.52410330841946
2026-07-21 17:00:00,52175.340000000004,74.57602638991077
2026-07-21 21:00:00,52149.945,64.14644586244245
2026-07-22 01:00:00,52134.225,49.324081145874004
2026-07-22 05:00:00,52124.240000000005,38.927378634082714
2026-07-22 09:00:00,52122.17,18.532798770968526
2026-07-22 13:00:00,52132.715000000004,56.482466309894434
2026-07-22 17:00:00,52139.115000000005,42.49108308664964
2026-07-22 21:00:00,52135.42,33.937238283270695
2026-07-23 01:00:00,52136.965000000004,6.344760723715774
2026-07-23 05:00:00,52137.435,-21.223161404274553
2026-07-23 09:00:00,52117.63,-96.79914764940058
2026-07-23 13:00:00,52090.189999999995,-104.29646862791668
2026-07-23 17:00:00,52071.22,-94.48159423839218
2026-07-23 21:00:00,52061.270000000004,-66.31959072680311
2026-07-24 01:00:00,52053.475,-47.950512609314444
2026-07-24 05:00:00,52055.159999999996,3.0477600867544083
2026-07-24 09:00:00,52046.565,13.586057943948049
2026-07-24 13:00:00,52044.4,45.724219785921605
2026-07-24 17:00:00,52040.13,39.37281325326953
2026-07-26 22:00:00,52033.985,88.34706326608944
2026-07-27 02:00:00,52040.729999999996,116.6608192677906
2026-07-27 06:00:00,52054.64,137.90023010854335
2026-07-27 10:00:00,52065.225,111.76751460633233
2026-07-27 14:00:00,52060.695,33.22989811667158
2026-07-27 18:00:00,52066.229999999996,17.414284488639893
2026-07-27 21:00:00,52053.64,-7.255113032159727
2026-07-28 01:00:00,52048.844999999994,-13.175337527035069
2026-07-28 05:00:00,52049.5,6.629048740340565
2026-07-28 09:00:00,52075.705,80.54862903595148
2026-07-28 13:00:00,52115.33,127.65066932551912
2026-07-28 17:00:00,52166.30500000001,96.53367308057534
2026-07-28 21:00:00,52219.57,82.01446751449089
2026-07-29 01:00:00,52267.2,36.02095408254519
2026-07-29 05:00:00,52318.795,28.17361156256311
2026-07-29 09:00:00,52352.009999999995,-53.31264193988898
2026-07-29 13:00:00,52353.46000000001,-159.56888497803592
2026-07-29 17:00:00,52340.56999999999,-246.0220039229132
2026-07-29 21:00:00,52327.705,-220.7291828467446
2026-07-30 01:00:00,52315.65,-190.98716223584933
2026-07-30 05:00:00,52291.54,-135.56194171455093
2026-07-30 09:00:00,52265.979999999996,-75.72538112016207
2026-07-30 13:00:00,52246.15,8.933813444521036
2026-07-30 17:00:00,52239.83500000001,77.80964313337878
2026-07-30 21:00:00,52254.295,118.5461543446163
2026-07-31 01:00:00,52267.064999999995,137.09673280488764
2026-07-31 05:00:00,52285.655,131.61841093460762
2026-07-31 09:00:00,52297.445,91.54287406426309
2026-07-31 13:00:00,52303.955,64.5705417471589
2026-07-31 17:00:00,52287.35,31.862422474493144
2026-08-02 22:00:00,52279.575,72.90522483681497
2026-08-03 02:00:00,52282.35,84.21650047677738
2026-08-03 06:00:00,52283.575,84.59084048400337
2026-08-03 10:00:00,52306.455,119.34186826064399
2026-08-03 14:00:00,52320.64,103.04991887890208
2026-08-03 18:00:00,52363.035,103.28660468525675
2026-08-03 21:00:00,52430.329999999994,91.21614712097823
2026-08-04 01:00:00,52517.19,69.99388399842542
2026-08-04 05:00:00,52591.259999999995,25.844252690290375
2026-08-04 09:00:00,52698.55,96.1748419517362
2026-08-04 13:00:00,52819.00499999999,160.41359982807683
2026-08-04 17:00:00,52938.86,165.1576535145873
2026-08-04 21:00:00,53047.0,136.45254166863765
2026-08-05 01:00:00,53149.05,102.67028806332394
2026-08-05 05:00:00,53241.795,48.853207268077995
2026-08-05 09:00:00,53333.9,20.13326716628376
2026-08-05 13:00:00,53434.65,26.394254140134763
2026-08-05 17:00:00,53534.325,-11.76994292930317
2026-08-05 21:00:00,53635.30500000001,-32.1208711181273
2026-08-06 01:00:00,53740.515,-46.41091420782527
2026-08-06 05:00:00,53830.490000000005,-50.66451172922723
2026-08-06 09:00:00,53914.909999999996,-70.0572113286562
2026-08-06 13:00:00,53974.3,-155.2015672975358
2026-08-06 17:00:00,54010.284999999996,-208.42646930885053
2026-08-06 21:00:00,54048.4,-210.8190329144968
2026-08-07 01:00:00,54076.119999999995,-197.0454011553257
2026-08-07 05:00:00,54104.85,-156.13611949222292
2026-08-07 09:00:00,54141.165,-91.30214102049774
2026-08-07 13:00:00,54177.975,-71.1902996956544
2026-08-07 17:00:00,54188.25,-46.45771978856544
2026-08-09 22:00:00,54178.465000000004,-42.90634233176564
2026-08-10 02:00:00,54168.55500000001,-26.330732328367333
2026-08-10 06:00:00,54156.18000000001,-21.535391346275787
2026-08-10 10:00:00,54137.615000000005,-29.17969411095018
2026-08-10 14:00:00,54120.315,-37.06305720668304
2026-08-10 18:00:00,54101.280000000006,-27.92415249094185
2026-08-10 21:00:00,54070.990000000005,-24.754208225847066
2026-08-11 01:00:00,54048.71,-16.05986178906167
2026-08-11 05:00:00,54021.159999999996,-21.23365828726964
2026-08-11 09:00:00,53998.365000000005,-1.3688450600379554
2026-08-11 13:00:00,53966.68000000001,-15.679072114701725
2026-08-11 17:00:00,53933.23,-37.74527354105096
2026-08-11 21:00:00,53920.25,-46.40477472852419
2026-08-12 01:00:00,53917.325,-38.31950748538306
2026-08-12 05:00:00,53913.71,-32.72467743009969
2026-08-12 09:00:00,53920.625,2.836576398463613
2026-08-12 13:00:00,53917.784999999996,-3.0294308872097275
2026-08-12 17:00:00,53903.5,-13.389087563840718
2026-08-12 21:00:00,53892.755000000005,-18.639273468653542
2026-08-13 01:00:00,53880.085,-14.272818083749527
2026-08-13 05:00:00,53876.270000000004,10.500832672489096
2026-08-13 09:00:00,53872.915,33.11971832015109
2026-08-13 13:00:00,53859.165,-0.7662635496478387
2026-08-13 17:00:00,53855.09500000001,8.634885473703914
2026-08-13 21:00:00,53854.065,15.15849487312973
2026-08-14 01:00:00,53850.67,16.6036277203172
2026-08-14 05:00:00,53843.240000000005,-1.9592544806166288
2026-08-14 09:00:00,53834.485,-8.529456941489848
2026-08-14 13:00:00,53823.315,-27.88708225450852
2026-08-14 17:00:00,53807.6,-26.927011707071188
2026-08-16 22:00:00,53795.975,-29.5921102732932
2026-08-17 02:00:00,53791.565,-18.369254408377245
2026-08-17 06:00:00,53785.844999999994,-19.007915488760972
2026-08-17 10:00:00,53774.085,-30.838778787256288
2026-08-17 14:00:00,53757.5,-49.63769551829327
2026-08-17 18:00:00,53732.590000000004,-48.58402494007416
2026-08-17 21:00:00,53714.255000000005,-36.713296105824895
2026-08-18 01:00:00,53696.454999999994,-30.8414587056576
2026-08-18 05:00:00,53680.8,-17.18266887756414
2026-08-18 09:00:00,53665.05,-3.226811029464784
2026-08-18 13:00:00,53639.98,-5.713376321783983
2026-08-18 17:00:00,53609.27,-8.791833276053723
2026-08-18 21:00:00,53589.435,-7.180420130113532
2026-08-19 01:00:00,53561.68000000001,-6.535672270838802
2026-08-19 05:00:00,53535.125,5.65758007478604
2026-08-19 09:00:00,53522.315,60.83703195369469
2026-08-19 13:00:00,53504.08,42.00323480441111
2026-08-19 17:00:00,53487.39,36.49879973531134
2026-08-19 21:00:00,53477.415,35.8908260020025
2026-08-20 01:00:00,53466.7,34.09887681213087
2026-08-20 05:00:00,53451.744999999995,7.773025378681467
2026-08-20 09:00:00,53418.69,-57.508901770171946
2026-08-20 13:00:00,53389.455,-69.94117055183585
2026-08-20 17:00:00,53350.7,-110.47537658593492
2026-08-20 21:00:00,53319.065,-103.17484850850201
2026-08-21 01:00:00,53288.490000000005,-77.59113146914098
2026-08-21 05:00:00,53264.39,-26.63766219070675
2026-08-21 09:00:00,53250.034999999996,29.70193351451894
2026-08-21 13:00:00,53238.15,65.7770762965103
2026-08-21 17:00:00,53228.855,87.08514007075806
2026-08-23 22:00:00,53225.17,94.25523789112788
2026-08-24 02:00:00,53220.75,77.8290171933429
2026-08-24 06:00:00,53218.00499999999,66.09333876733507
2026-08-24 10:00:00,53224.23,79.64449131157454
2026-08-24 14:00:00,53224.40499999999,61.552513958457475
2026-08-24 18:00:00,53215.625,62.71815084441462
2026-08-24 21:00:00,53215.685,48.80542453010945
2026-08-25 01:00:00,53213.240000000005,32.84098444829054
2026-08-25 05:00:00,53217.475,48.41562330751077
2026-08-25 09:00:00,53225.81,62.457709220203355
2026-08-25 13:00:00,53233.89,34.390942900675554
2026-08-25 17:00:00,53260.365000000005,23.943998610072853
2026-08-25 21:00:00,53284.95,11.54325527433653
2026-08-26 01:00:00,53323.909999999996,3.4629138810509517
2026-08-26 05:00:00,53365.30500000001,10.00891593256432
2026-08-26 09:00:00,53402.1,-3.6948808659805934
2026-08-26 13:00:00,53424.704999999994,-35.54680517189307
2026-08-26 17:00:00,53452.244999999995,-2.3737773579878194
2026-08-26 21:00:00,53474.4,3.360190680476677
2026-08-27 01:00:00,53492.075,-0.5803072345293572
2026-08-27 05:00:00,53500.36,-28.937946978403232
2026-08-27 09:00:00,53504.994999999995,-59.26998830484793
2026-08-27 13:00:00,53525.04,-7.686273948459132
2026-08-27 17:00:00,53530.87000000001,-8.985299740230744
2026-08-27 21:00:00,53543.42999999999,0.5250523405481999
2026-08-28 01:00:00,53552.815,9.357191602257899
2026-08-28 05:00:00,53564.915,14.41105928818827
2026-08-28 09:00:00,53578.39,15.006090687047205
2026-08-28 13:00:00,53577.7,-9.229183608507483
2026-08-28 17:00:00,53572.530000000006,-18.73476411516316
2026-08-30 22:00:00,53565.765,-49.69884945433202
