bartime,open,high,low,close,volume
2025-01-01 22:00:00,42511.5,42625.8,42348.8,42558.3,9236.0
2025-01-02 02:00:00,42557.3,42683.4,42551.8,42672.4,5276.0
2025-01-02 06:00:00,42672.9,42763.9,42607.4,42715.4,11233.0
2025-01-02 10:00:00,42716.9,42889.9,42676.4,42783.4,10832.0
2025-01-02 14:00:00,42785.9,42861.4,42135.9,42255.4,61490.0
2025-01-02 18:00:00,42254.9,42420.9,42106.9,42354.4,40932.0
2025-01-02 22:00:00,42353.2,42424.3,42309.3,42381.3,3797.0
2025-01-03 02:00:00,42380.8,42433.3,42371.8,42389.9,3608.0
2025-01-03 06:00:00,42389.4,42517.4,42383.4,42500.4,8261.0
2025-01-03 10:00:00,42500.9,42506.4,42398.9,42459.9,5681.0
2025-01-03 14:00:00,42462.4,42656.9,42381.9,42609.9,38197.0
2025-01-03 18:00:00,42609.4,42740.4,42577.4,42645.3,16267.0
2025-01-05 23:00:00,42705.5,42711.0,42621.3,42647.3,5031.0
2025-01-06 03:00:00,42647.8,42706.2,42631.3,42701.2,2065.0
2025-01-06 07:00:00,42701.7,42777.2,42684.2,42698.7,5970.0
2025-01-06 11:00:00,42698.2,42949.2,42664.2,42936.2,21172.0
2025-01-06 15:00:00,42935.7,43087.7,42716.7,42745.2,35307.0
2025-01-06 19:00:00,42746.2,42776.7,42565.2,42705.1,19490.0
2025-01-06 22:00:00,42715.6,42733.6,42627.1,42657.1,3503.0
2025-01-07 02:00:00,42656.1,42685.7,42630.2,42664.2,4364.0
2025-01-07 06:00:00,42663.2,42744.7,42644.2,42688.2,7824.0
2025-01-07 10:00:00,42689.2,42818.2,42681.7,42816.2,6906.0
2025-01-07 14:00:00,42815.2,42917.2,42523.2,42594.7,52423.0
2025-01-07 18:00:00,42595.2,42689.2,42358.2,42484.5,26901.0
2025-01-07 22:00:00,42499.7,42586.0,42461.2,42585.5,2819.0
2025-01-08 02:00:00,42585.0,42621.7,42562.5,42619.7,3315.0
2025-01-08 06:00:00,42619.2,42633.8,42552.8,42627.3,5954.0
2025-01-08 10:00:00,42628.3,42658.8,42390.3,42551.8,21029.0
2025-01-08 14:00:00,42551.3,42592.8,42311.3,42407.8,46524.0
2025-01-08 18:00:00,42407.3,42643.3,42388.8,42592.8,32417.0
2025-01-08 22:00:00,42613.2,42620.7,42524.7,42530.7,3438.0
2025-01-09 02:00:00,42529.7,42580.7,42516.2,42569.2,3067.0
2025-01-09 06:00:00,42569.7,42639.2,42462.7,42609.7,7197.0
2025-01-09 10:00:00,42610.7,42643.2,42546.7,42569.7,6951.0
2025-01-09 14:00:00,42568.7,42599.6,42503.7,42571.7,2628.0
2025-01-09 18:00:00,42578.7,42578.7,42553.2,42566.6,118.0
2025-01-09 22:00:00,42557.6,42558.4,42416.5,42499.6,6478.0
2025-01-10 02:00:00,42499.1,42583.6,42489.1,42578.6,3865.0
2025-01-10 06:00:00,42578.1,42641.6,42507.6,42562.1,8394.0
2025-01-10 10:00:00,42565.6,42652.6,42198.6,42301.6,15825.0
2025-01-10 14:00:00,42303.6,42424.1,41853.6,42008.1,58140.0
2025-01-10 18:00:00,42005.1,42165.1,41838.1,41958.7,35799.0
2025-01-12 23:00:00,41941.1,41994.6,41815.7,41839.3,8415.0
2025-01-13 03:00:00,41838.8,41889.0,41773.3,41864.5,4876.0
2025-01-13 07:00:00,41861.5,41884.0,41739.0,41769.0,13898.0
2025-01-13 11:00:00,41769.5,42129.0,41734.5,42128.0,22574.0
2025-01-13 15:00:00,42125.5,42249.0,41938.0,42210.0,47017.0
2025-01-13 19:00:00,42209.0,42330.1,42145.5,42317.9,21280.0
2025-01-13 22:00:00,42358.6,42421.1,42330.6,42348.6,4185.0
2025-01-14 02:00:00,42349.1,42379.6,42312.6,42376.6,2962.0
2025-01-14 06:00:00,42377.1,42464.6,42328.1,42434.1,7364.0
2025-01-14 10:00:00,42435.1,42552.1,42296.1,42408.1,12222.0
2025-01-14 14:00:00,42410.1,42516.1,42138.1,42285.1,47261.0
2025-01-14 18:00:00,42284.6,42589.1,42276.6,42574.5,29717.0
2025-01-14 22:00:00,42573.6,42585.0,42545.1,42580.0,2036.0
2025-01-15 02:00:00,42579.5,42583.0,42527.5,42528.0,1610.0
2025-01-15 06:00:00,42528.5,42596.0,42524.0,42574.0,3775.0
2025-01-15 10:00:00,42574.5,43215.5,42548.0,43205.0,12360.0
2025-01-15 14:00:00,43206.5,43285.5,43056.0,43139.0,41274.0
2025-01-15 18:00:00,43139.5,43339.5,43139.5,43249.4,17117.0
2025-01-15 22:00:00,43253.0,43333.5,43239.0,43263.5,3214.0
2025-01-16 02:00:00,43263.0,43287.0,43228.0,43241.0,2772.0
2025-01-16 06:00:00,43241.5,43339.5,43208.0,43243.5,9600.0
2025-01-16 10:00:00,43244.5,43341.0,43057.0,43087.0,12191.0
2025-01-16 14:00:00,43086.5,43289.5,43082.0,43195.1,41086.0
2025-01-16 18:00:00,43197.1,43232.6,43069.1,43099.5,23800.0
2025-01-16 22:00:00,43104.1,43215.3,43087.6,43205.8,2751.0
2025-01-17 02:00:00,43206.3,43232.3,43168.8,43219.3,2891.0
2025-01-17 06:00:00,43218.3,43303.8,43191.8,43268.3,5691.0
2025-01-17 10:00:00,43268.8,43440.3,43258.3,43409.3,8533.0
2025-01-17 14:00:00,43409.8,43658.3,43407.8,43606.8,31550.0
2025-01-17 18:00:00,43607.3,43625.8,43456.3,43463.4,17521.0
2025-01-19 23:00:00,43479.0,43496.0,43432.1,43455.1,4765.0
2025-01-20 03:00:00,43454.1,43524.1,43451.1,43513.1,2241.0
2025-01-20 07:00:00,43515.6,43556.6,43489.6,43512.6,5676.0
2025-01-20 11:00:00,43512.1,43796.6,43430.1,43746.1,13440.0
2025-01-20 15:00:00,43744.1,43744.1,43531.6,43642.1,11939.0
2025-01-20 19:00:00,43641.6,43725.0,43641.2,43697.0,607.0
2025-01-20 22:00:00,43733.8,43768.9,43287.4,43559.9,11381.0
2025-01-21 02:00:00,43561.4,43652.9,43553.9,43585.9,5699.0
2025-01-21 06:00:00,43586.4,43659.4,43560.9,43658.9,7952.0
2025-01-21 10:00:00,43659.9,43717.4,43581.9,43668.4,8295.0
2025-01-21 14:00:00,43669.4,43976.4,43637.9,43944.4,33999.0
2025-01-21 18:00:00,43943.4,44065.4,43915.4,44037.3,14895.0
2025-01-21 22:00:00,44020.9,44055.9,43986.9,44046.4,4049.0
2025-01-22 02:00:00,44045.4,44065.4,44031.4,44045.4,1787.0
2025-01-22 06:00:00,44044.4,44114.4,44010.4,44094.4,4711.0
2025-01-22 10:00:00,44093.4,44197.4,44059.4,44191.9,5582.0
2025-01-22 14:00:00,44192.4,44197.4,44039.9,44112.4,23397.0
2025-01-22 18:00:00,44111.9,44204.4,44109.9,44137.9,11926.0
2025-01-22 22:00:00,44157.1,44166.1,44128.1,44131.6,2597.0
2025-01-23 02:00:00,44132.1,44142.1,44115.6,44123.6,2195.0
2025-01-23 06:00:00,44124.1,44146.1,44106.1,44140.6,4635.0
2025-01-23 10:00:00,44142.1,44221.6,44138.6,44196.6,5949.0
2025-01-23 14:00:00,44198.1,44498.1,44155.1,44495.6,23031.0
2025-01-23 18:00:00,44496.1,44551.6,44452.6,44520.9,14397.0
2025-01-23 22:00:00,44519.9,44543.8,44499.9,44533.8,2213.0
2025-01-24 02:00:00,44533.3,44579.3,44515.8,44527.8,3287.0
2025-01-24 06:00:00,44526.8,44567.3,44503.3,44514.8,4550.0
2025-01-24 10:00:00,44513.8,44520.3,44414.3,44468.8,5280.0
2025-01-24 14:00:00,44467.8,44549.6,44391.8,44478.1,24049.0
2025-01-24 18:00:00,44479.1,44490.1,44329.9,44385.7,16534.0
2025-01-26 23:00:00,44254.9,44369.4,44185.4,44234.9,9050.0
2025-01-27 03:00:00,44234.4,44279.4,44024.9,44055.9,6986.0
2025-01-27 07:00:00,44056.9,44086.9,43821.4,44000.9,22908.0
2025-01-27 11:00:00,44000.4,44358.4,43956.4,44321.9,28390.0
2025-01-27 15:00:00,44320.9,44570.9,44251.4,44541.4,42613.0
2025-01-27 19:00:00,44542.9,44743.9,44542.9,44700.4,22916.0
2025-01-27 22:00:00,44707.1,44713.6,44597.1,44612.1,8941.0
2025-01-28 02:00:00,44611.6,44679.1,44587.1,44627.6,7216.0
2025-01-28 06:00:00,44629.1,44753.1,44559.1,44743.1,11247.0
2025-01-28 10:00:00,44743.6,44776.6,44649.1,44663.1,9644.0
2025-01-28 14:00:00,44662.6,44976.1,44613.1,44857.1,33973.0
2025-01-28 18:00:00,44856.5,44907.5,44772.5,44826.7,16499.0
2025-01-28 22:00:00,44827.4,44842.4,44802.9,44816.4,2729.0
2025-01-29 02:00:00,44816.9,44851.9,44803.4,44823.4,1991.0
2025-01-29 06:00:00,44834.4,44892.9,44768.9,44801.9,7031.0
2025-01-29 10:00:00,44802.4,44870.4,44746.9,44789.9,7359.0
2025-01-29 14:00:00,44788.9,44957.4,44768.9,44785.9,26382.0
2025-01-29 18:00:00,44785.4,44851.4,44567.9,44764.1,46304.0
2025-01-29 22:00:00,44728.5,44844.5,44687.0,44821.0,5885.0
2025-01-30 02:00:00,44822.0,44845.5,44788.5,44805.5,2405.0
2025-01-30 06:00:00,44806.0,44905.5,44789.0,44887.0,4766.0
2025-01-30 10:00:00,44886.5,44917.5,44611.5,44683.5,10606.0
2025-01-30 14:00:00,44684.0,44898.0,44611.0,44826.5,36460.0
2025-01-30 18:00:00,44827.9,45017.4,44633.4,44883.6,24733.0
2025-01-30 22:00:00,44958.2,44963.7,44869.7,44952.2,5125.0
2025-01-31 02:00:00,44952.7,44967.7,44923.7,44962.7,2928.0
2025-01-31 06:00:00,44962.2,45064.2,44956.7,45019.2,4559.0
2025-01-31 10:00:00,45018.7,45061.7,44978.7,45008.7,6118.0
2025-01-31 14:00:00,45007.7,45032.7,44816.7,44881.2,28941.0
2025-01-31 18:00:00,44881.7,44912.7,44495.2,44533.8,45600.0
2025-02-02 23:00:00,44207.7,44207.7,43837.2,43899.7,19964.0
2025-02-03 03:00:00,43898.2,43922.7,43808.7,43879.7,9158.0
2025-02-03 07:00:00,43878.7,44041.7,43874.7,43966.2,17240.0
2025-02-03 11:00:00,43966.7,44161.5,43843.2,43933.0,24449.0
2025-02-03 15:00:00,43932.5,44518.5,43873.5,44499.0,63552.0
2025-02-03 19:00:00,44498.5,44671.5,44407.0,44600.6,23273.0
2025-02-03 22:00:00,44669.5,44685.5,44485.5,44522.0,5482.0
2025-02-04 02:00:00,44521.0,44525.0,44211.0,44359.5,10805.0
2025-02-04 06:00:00,44361.0,44407.5,44224.0,44297.5,13071.0
2025-02-04 10:00:00,44295.5,44385.5,44279.5,44341.0,11001.0
2025-02-04 14:00:00,44339.0,44544.0,44321.5,44516.4,34757.0
2025-02-04 18:00:00,44514.9,44603.4,44456.4,44523.8,19671.0
2025-02-04 22:00:00,44526.5,44569.5,44498.5,44503.0,5811.0
2025-02-05 02:00:00,44502.0,44518.0,44429.5,44434.0,4462.0
2025-02-05 06:00:00,44435.5,44517.0,44404.5,44408.0,9601.0
2025-02-05 10:00:00,44406.0,44571.5,44393.5,44518.0,8827.0
2025-02-05 14:00:00,44517.5,44711.5,44335.5,44696.5,31098.0
2025-02-05 18:00:00,44698.5,44922.5,44684.0,44909.9,15012.0
2025-02-05 22:00:00,44907.1,44948.1,44874.9,44930.9,3554.0
2025-02-06 02:00:00,44930.4,44982.1,44917.9,44972.9,2754.0
2025-02-06 06:00:00,44973.4,45007.4,44922.4,44964.9,5650.0
2025-02-06 10:00:00,44965.9,45051.1,44854.1,44944.1,8252.0
2025-02-06 14:00:00,44943.6,44989.1,44678.6,44767.6,26163.0
2025-02-06 18:00:00,44768.1,44776.1,44533.6,44666.7,21710.0
2025-02-06 22:00:00,44657.1,44768.2,44657.1,44755.7,2962.0
2025-02-07 02:00:00,44756.7,44762.7,44702.7,44705.2,1793.0
2025-02-07 06:00:00,44704.2,44786.2,44681.2,44785.2,4463.0
2025-02-07 10:00:00,44784.2,44817.2,44661.2,44802.7,7897.0
2025-02-07 14:00:00,44803.2,44849.0,44362.5,44415.0,54243.0
2025-02-07 18:00:00,44415.5,44512.5,44274.5,44289.0,25028.0
2025-02-09 23:00:00,44149.6,44407.6,44149.6,44380.6,7129.0
2025-02-10 03:00:00,44380.1,44398.1,44360.6,44380.6,2359.0
2025-02-10 07:00:00,44381.1,44452.1,44355.6,44448.1,4854.0
2025-02-10 11:00:00,44447.6,44617.6,44349.1,44420.1,12225.0
2025-02-10 15:00:00,44421.6,44492.6,44290.1,44444.1,23897.0
2025-02-10 19:00:00,44443.1,44491.6,44414.1,44461.1,10549.0
2025-02-10 22:00:00,44458.5,44458.5,44374.0,44393.5,3450.0
2025-02-11 02:00:00,44394.0,44410.5,44352.0,44403.0,2853.0
2025-02-11 06:00:00,44402.0,44409.0,44332.5,44360.5,5161.0
2025-02-11 10:00:00,44361.0,44399.0,44313.5,44323.0,6820.0
2025-02-11 14:00:00,44320.5,44533.5,44281.5,44467.0,26507.0
2025-02-11 18:00:00,44466.0,44634.5,44437.0,44584.5,16886.0
2025-02-11 22:00:00,44593.0,44624.5,44564.0,44609.0,3176.0
2025-02-12 02:00:00,44609.5,44610.5,44561.5,44563.0,2213.0
2025-02-12 06:00:00,44563.5,44590.5,44479.5,44533.0,4247.0
2025-02-12 10:00:00,44533.5,44594.5,44135.5,44195.5,11466.0
2025-02-12 14:00:00,44196.5,44455.5,44079.5,44449.5,42722.0
2025-02-12 18:00:00,44448.0,44461.5,44290.0,44387.7,19722.0
2025-02-12 22:00:00,44403.0,44449.5,44395.0,44430.0,2999.0
2025-02-13 02:00:00,44429.5,44459.5,44406.5,44440.5,2272.0
2025-02-13 06:00:00,44441.0,44453.5,44254.5,44342.0,8302.0
2025-02-13 10:00:00,44341.5,44474.0,44327.0,44461.5,11590.0
2025-02-13 14:00:00,44462.5,44526.5,44348.0,44448.0,31110.0
2025-02-13 18:00:00,44447.0,44770.5,44393.0,44685.7,25221.0
2025-02-13 22:00:00,44712.5,44758.0,44698.0,44755.0,3363.0
2025-02-14 02:00:00,44755.5,44761.5,44722.5,44724.5,1789.0
2025-02-14 06:00:00,44724.0,44757.5,44613.5,44621.0,4997.0
2025-02-14 10:00:00,44620.0,44634.0,44526.0,44632.0,6876.0
2025-02-14 14:00:00,44632.5,44748.5,44538.0,44585.5,24467.0
2025-02-14 18:00:00,44586.0,44636.5,44473.5,44508.1,13425.0
2025-02-16 23:00:00,44530.9,44543.9,44481.4,44540.4,3086.0
2025-02-17 03:00:00,44539.9,44562.4,44527.4,44548.9,1330.0
2025-02-17 07:00:00,44548.4,44570.9,44517.4,44556.4,2298.0
2025-02-17 11:00:00,44556.9,44619.9,44552.9,44584.9,2750.0
2025-02-17 15:00:00,44585.4,44634.4,44545.4,44613.6,2786.0
2025-02-17 19:00:00,44613.7,44664.2,44612.8,44661.5,229.0
2025-02-17 22:00:00,44602.9,44623.9,44560.4,44572.4,2327.0
2025-02-18 02:00:00,44571.4,44579.9,44550.4,44562.9,1461.0
2025-02-18 06:00:00,44562.4,44640.4,44529.4,44534.9,3749.0
2025-02-18 10:00:00,44515.4,44620.4,44515.4,44592.4,3753.0
2025-02-18 14:00:00,44593.9,44596.4,44357.9,44461.4,27244.0
2025-02-18 18:00:00,44462.4,44562.9,44296.4,44525.9,19126.0
2025-02-18 22:00:00,44534.4,44590.4,44532.4,44583.9,2249.0
2025-02-19 02:00:00,44582.9,44592.9,44568.9,44581.9,1658.0
2025-02-19 06:00:00,44583.9,44595.9,44546.9,44567.4,3179.0
2025-02-19 10:00:00,44566.9,44569.4,44403.9,44424.9,7014.0
2025-02-19 14:00:00,44423.9,44459.9,44328.4,44380.9,25472.0
2025-02-19 18:00:00,44381.9,44618.4,44291.4,44552.3,18311.0
2025-02-19 22:00:00,44545.3,44581.8,44530.8,44532.3,3251.0
2025-02-20 02:00:00,44531.8,44550.8,44502.8,44505.3,2709.0
2025-02-20 06:00:00,44504.8,44559.8,44501.8,44553.3,3786.0
2025-02-20 10:00:00,44553.8,44571.3,44445.3,44462.3,5376.0
2025-02-20 14:00:00,44461.8,44503.3,43939.3,43989.3,35296.0
2025-02-20 18:00:00,43988.3,44180.8,43931.8,44149.4,20343.0
2025-02-20 22:00:00,44164.2,44214.7,44157.2,44180.5,2901.0
2025-02-21 02:00:00,44181.0,44195.0,44161.5,44171.0,1892.0
2025-02-21 06:00:00,44169.5,44226.5,44164.5,44216.0,4319.0
2025-02-21 10:00:00,44216.5,44247.5,43912.0,43926.0,7293.0
2025-02-21 14:00:00,43925.0,44001.0,43575.0,43592.5,38263.0
2025-02-21 18:00:00,43592.0,43599.0,43335.0,43393.4,36275.0
2025-02-23 23:00:00,43454.9,43614.9,43434.4,43605.4,6354.0
2025-02-24 03:00:00,43604.9,43653.4,43597.4,43629.4,2368.0
2025-02-24 07:00:00,43628.9,43732.9,43527.9,43708.4,9588.0
2025-02-24 11:00:00,43708.9,43746.4,43437.9,43440.9,15465.0
2025-02-24 15:00:00,43441.9,43686.5,43341.4,43638.0,44632.0
2025-02-24 19:00:00,43638.5,43696.5,43425.0,43489.2,19721.0
2025-02-24 22:00:00,43510.4,43566.4,43455.4,43564.4,5184.0
2025-02-25 02:00:00,43563.9,43581.9,43520.4,43531.9,3487.0
2025-02-25 06:00:00,43530.9,43536.9,43351.9,43369.4,10890.0
2025-02-25 10:00:00,43369.9,43579.9,43316.9,43558.4,11248.0
2025-02-25 14:00:00,43559.4,43730.9,43271.4,43619.4,54938.0
2025-02-25 18:00:00,43618.4,43767.9,43467.9,43661.6,38955.0
2025-02-25 22:00:00,43681.2,43715.2,43641.7,43648.7,3536.0
2025-02-26 02:00:00,43649.2,43720.2,43628.7,43715.7,3353.0
2025-02-26 06:00:00,43714.7,43753.7,43674.2,43733.2,5156.0
2025-02-26 10:00:00,43733.7,43776.7,43669.2,43683.7,7038.0
2025-02-26 14:00:00,43682.2,43863.7,43438.2,43481.2,46355.0
2025-02-26 18:00:00,43479.2,43528.2,43260.2,43424.4,42889.0
2025-02-26 22:00:00,43388.2,43419.9,43328.9,43387.9,7536.0
2025-02-27 02:00:00,43386.9,43561.9,43379.9,43540.4,5064.0
2025-02-27 06:00:00,43540.9,43585.4,43478.9,43552.9,9257.0
2025-02-27 10:00:00,43552.4,43605.4,43338.9,43388.9,12723.0
2025-02-27 14:00:00,43387.4,43887.3,43373.4,43669.8,57841.0
2025-02-27 18:00:00,43671.8,43763.3,43194.4,43226.8,43532.0
2025-02-27 22:00:00,43267.9,43296.4,43097.4,43193.4,8267.0
2025-02-28 02:00:00,43192.4,43239.4,43108.9,43221.4,10677.0
2025-02-28 06:00:00,43220.9,43348.4,43188.9,43326.9,11933.0
2025-02-28 10:00:00,43326.4,43468.9,43326.4,43406.9,11747.0
2025-02-28 14:00:00,43407.9,43534.9,43181.9,43186.9,52697.0
2025-02-28 18:00:00,43186.4,43862.4,43084.9,43750.9,47266.0
2025-03-02 23:00:00,43786.7,43884.7,43715.1,43771.1,13422.0
2025-03-03 03:00:00,43770.6,43878.6,43735.6,43861.6,6525.0
2025-03-03 07:00:00,43861.1,43908.6,43728.6,43902.6,12578.0
2025-03-03 11:00:00,43903.1,44036.6,43866.6,43893.6,19586.0
2025-03-03 15:00:00,43896.1,43953.6,43374.1,43461.6,57653.0
2025-03-03 19:00:00,43460.1,43557.6,42905.1,43236.2,37134.0
2025-03-03 22:00:00,43269.5,43286.0,43148.0,43159.0,10676.0
2025-03-04 02:00:00,43159.5,43280.0,43126.5,43241.5,11277.0
2025-03-04 06:00:00,43241.0,43267.0,43129.0,43171.0,18413.0
2025-03-04 10:00:00,43171.5,43188.5,42976.5,43024.0,23956.0
2025-03-04 14:00:00,43023.0,43084.5,42344.1,42518.1,71189.0
2025-03-04 18:00:00,42518.6,43074.1,42406.1,42745.8,59593.0
2025-03-04 22:00:00,42774.1,42815.6,42631.2,42714.7,11656.0
2025-03-05 02:00:00,42715.2,42790.7,42642.7,42747.2,9926.0
2025-03-05 06:00:00,42746.2,42856.7,42689.7,42830.2,15074.0
2025-03-05 10:00:00,42831.2,42851.2,42473.2,42495.7,21560.0
2025-03-05 14:00:00,42495.2,42847.7,42403.2,42834.7,66383.0
2025-03-05 18:00:00,42834.2,43125.7,42651.2,42975.1,50748.0
2025-03-05 22:00:00,42995.1,43029.1,42941.1,42972.6,5855.0
2025-03-06 02:00:00,42972.1,43016.6,42937.1,42964.6,5338.0
2025-03-06 06:00:00,42965.1,43027.1,42623.6,42644.6,18957.0
2025-03-06 10:00:00,42647.1,42687.1,42518.1,42613.1,20996.0
2025-03-06 14:00:00,42613.6,42976.1,42375.6,42522.6,63387.0
2025-03-06 18:00:00,42519.1,42682.1,42361.1,42594.2,52240.0
2025-03-06 22:00:00,42594.4,42698.5,42583.5,42669.5,7882.0
2025-03-07 02:00:00,42671.0,42702.5,42587.0,42598.5,7320.0
2025-03-07 06:00:00,42599.5,42684.5,42552.5,42662.5,15324.0
2025-03-07 10:00:00,42663.5,42849.0,42425.0,42447.0,19884.0
2025-03-07 14:00:00,42447.5,42729.0,42159.5,42478.5,75160.0
2025-03-07 18:00:00,42482.0,42895.5,42469.0,42731.1,56533.0
2025-03-09 22:00:00,42545.1,42617.9,42371.9,42615.9,16204.0
2025-03-10 02:00:00,42615.4,42648.9,42571.4,42581.9,8069.0
2025-03-10 06:00:00,42582.4,42642.4,42300.9,42421.9,20085.0
2025-03-10 10:00:00,42422.9,42547.9,42242.9,42487.4,31783.0
2025-03-10 14:00:00,42484.9,42505.9,41967.4,41972.9,69710.0
2025-03-10 18:00:00,41973.4,42040.4,41603.4,41932.6,42605.0
2025-03-10 21:00:00,41914.4,41962.6,41612.6,41703.6,14291.0
2025-03-11 01:00:00,41703.1,42050.1,41601.1,42007.1,20479.0
2025-03-11 05:00:00,42006.6,42050.1,41933.6,42035.6,17105.0
2025-03-11 09:00:00,42033.6,42068.1,41849.6,41860.6,18429.0
2025-03-11 13:00:00,41859.6,41905.1,41215.1,41265.1,78601.0
2025-03-11 17:00:00,41264.1,41791.6,41162.6,41420.0,65405.0
2025-03-11 21:00:00,41413.7,41535.5,41395.0,41517.5,8368.0
2025-03-12 01:00:00,41517.0,41556.5,41461.5,41501.0,8668.0
2025-03-12 05:00:00,41503.0,41617.0,41427.0,41606.5,14506.0
2025-03-12 09:00:00,41608.0,41971.5,41559.5,41737.0,20689.0
2025-03-12 13:00:00,41737.5,41739.5,40995.5,41327.5,66678.0
2025-03-12 17:00:00,41328.0,41560.0,41276.9,41293.2,46647.0
2025-03-12 21:00:00,41281.9,41440.1,41281.9,41369.6,6773.0
2025-03-13 01:00:00,41369.1,41398.1,41209.1,41238.6,11084.0
2025-03-13 05:00:00,41238.1,41264.6,41093.1,41220.6,20229.0
2025-03-13 09:00:00,41220.1,41383.1,41173.1,41276.6,21571.0
2025-03-13 13:00:00,41275.6,41351.6,40795.6,40875.1,65467.0
2025-03-13 17:00:00,40873.1,40983.1,40650.1,40841.2,47516.0
2025-03-13 21:00:00,40881.0,41025.7,40859.0,40996.7,8581.0
2025-03-14 01:00:00,40997.7,41042.7,40976.7,41029.7,7929.0
2025-03-14 05:00:00,41029.2,41053.2,40937.2,41029.7,12689.0
2025-03-14 09:00:00,41032.2,41100.7,40960.7,41093.2,17946.0
2025-03-14 13:00:00,41091.7,41439.2,40903.7,41427.2,54435.0
2025-03-14 17:00:00,41423.7,41517.2,41312.2,41404.3,38372.0
2025-03-16 22:00:00,41383.9,41398.9,41251.9,41305.4,8494.0
2025-03-17 02:00:00,41304.9,41308.9,41262.4,41287.9,7809.0
2025-03-17 06:00:00,41287.4,41303.9,41212.9,41272.4,16981.0
2025-03-17 10:00:00,41271.9,41757.4,41246.9,41659.9,24588.0
2025-03-17 14:00:00,41658.9,41880.9,41555.4,41875.4,51291.0
2025-03-17 18:00:00,41874.9,42004.9,41803.4,41839.5,22441.0
2025-03-17 21:00:00,41857.9,41887.5,41818.0,41835.5,4578.0
2025-03-18 01:00:00,41836.5,41845.5,41718.0,41734.0,8234.0
2025-03-18 05:00:00,41734.5,41866.0,41730.5,41841.0,11271.0
2025-03-18 09:00:00,41843.0,41868.5,41661.0,41712.5,15595.0
2025-03-18 13:00:00,41713.0,41783.5,41394.5,41464.5,52879.0
2025-03-18 17:00:00,41464.0,41637.0,41393.5,41559.2,38864.0
2025-03-18 21:00:00,41552.0,41680.6,41511.6,41667.6,4865.0
2025-03-19 01:00:00,41668.6,41670.1,41588.6,41598.1,4817.0
2025-03-19 05:00:00,41598.6,41624.1,41494.6,41586.1,10749.0
2025-03-19 09:00:00,41585.6,41645.1,41541.1,41589.6,10855.0
2025-03-19 13:00:00,41591.6,41937.6,41587.1,41809.1,36330.0
2025-03-19 17:00:00,41809.6,42185.7,41581.1,41966.3,44012.0
2025-03-19 21:00:00,41987.3,42090.0,41971.8,42083.5,3947.0
2025-03-20 01:00:00,42082.5,42117.5,42049.0,42090.5,3981.0
2025-03-20 05:00:00,42091.5,42132.0,42053.0,42095.0,5950.0
2025-03-20 09:00:00,42095.5,42100.0,41676.5,41795.5,21747.0
2025-03-20 13:00:00,41796.0,42250.0,41681.5,41989.5,48715.0
2025-03-20 17:00:00,41988.0,42062.0,41832.0,41968.6,37108.0
2025-03-20 21:00:00,41939.6,41997.4,41904.9,41973.4,3949.0
2025-03-21 01:00:00,41972.9,41998.9,41921.4,41927.4,6527.0
2025-03-21 05:00:00,41926.4,41969.4,41740.9,41791.4,12941.0
2025-03-21 09:00:00,41791.9,41881.4,41631.9,41636.4,16598.0
2025-03-21 13:00:00,41636.9,41958.9,41418.9,41955.4,53738.0
2025-03-21 17:00:00,41955.9,42009.4,41817.9,41990.3,34478.0
2025-03-23 22:00:00,42164.9,42221.9,42136.7,42211.7,6386.0
2025-03-24 02:00:00,42211.2,42229.7,42198.7,42222.2,2570.0
2025-03-24 06:00:00,42221.7,42359.2,42217.7,42302.7,7803.0
2025-03-24 10:00:00,42301.2,42506.2,42288.7,42491.7,14529.0
2025-03-24 14:00:00,42492.2,42593.2,42406.7,42463.7,26171.0
2025-03-24 18:00:00,42465.2,42641.2,42379.7,42560.2,14570.0
2025-03-24 21:00:00,42564.7,42567.7,42514.2,42553.7,2451.0
2025-03-25 01:00:00,42553.2,42567.7,42505.2,42505.7,3391.0
2025-03-25 05:00:00,42505.2,42541.2,42482.2,42520.2,5188.0
2025-03-25 09:00:00,42520.7,42673.7,42497.7,42649.7,7497.0
2025-03-25 13:00:00,42648.7,42698.7,42491.2,42578.2,28368.0
2025-03-25 17:00:00,42576.2,42612.2,42440.7,42594.2,20211.0
2025-03-25 21:00:00,42593.7,42642.5,42582.5,42630.5,2486.0
2025-03-26 01:00:00,42630.0,42630.0,42570.0,42594.5,3248.0
2025-03-26 05:00:00,42594.0,42597.0,42526.0,42532.5,6163.0
2025-03-26 09:00:00,42533.0,42676.5,42510.0,42655.0,8258.0
2025-03-26 13:00:00,42654.0,42822.0,42466.0,42480.0,40846.0
2025-03-26 17:00:00,42479.5,42526.5,42316.0,42399.1,33268.0
2025-03-26 21:00:00,42399.0,42408.7,42259.2,42385.2,7675.0
2025-03-27 01:00:00,42385.7,42510.2,42374.7,42505.2,5299.0
2025-03-27 05:00:00,42504.7,42557.2,42388.7,42518.7,12010.0
2025-03-27 09:00:00,42518.2,42558.2,42414.7,42462.7,14805.0
2025-03-27 13:00:00,42462.2,42522.2,42145.7,42223.2,46895.0
2025-03-27 17:00:00,42224.2,42455.7,42199.7,42299.7,35489.0
2025-03-27 21:00:00,42302.4,42325.6,42244.6,42320.6,3987.0
2025-03-28 01:00:00,42319.6,42360.6,42308.6,42350.1,4186.0
2025-03-28 05:00:00,42351.1,42367.1,42154.6,42229.6,12036.0
2025-03-28 09:00:00,42230.6,42303.1,42154.1,42154.1,14588.0
2025-03-28 13:00:00,42156.1,42276.6,41613.1,41621.1,48857.0
2025-03-28 17:00:00,41620.1,41623.6,41412.2,41412.5,31194.0
2025-03-30 22:00:00,41324.3,41422.8,41265.8,41373.8,13734.0
2025-03-31 02:00:00,41375.8,41430.3,41332.3,41391.8,8725.0
2025-03-31 06:00:00,41390.3,41429.3,41259.3,41283.3,19228.0
2025-03-31 10:00:00,41280.8,41422.3,41136.3,41379.3,25444.0
2025-03-31 14:00:00,41378.8,41752.6,41360.7,41629.6,51469.0
2025-03-31 18:00:00,41631.1,42134.6,41619.1,41926.7,28744.0
2025-03-31 21:00:00,41936.3,41948.3,41805.3,41843.8,9096.0
2025-04-01 01:00:00,41842.8,41924.3,41811.8,41864.8,7986.0
2025-04-01 05:00:00,41864.3,42022.8,41832.3,41921.8,14517.0
2025-04-01 09:00:00,41923.8,41971.8,41688.8,41778.8,21629.0
2025-04-01 13:00:00,41779.8,42131.8,41493.8,41997.2,59604.0
2025-04-01 17:00:00,41996.7,42029.2,41672.2,41937.8,39203.0
2025-04-01 21:00:00,41952.6,42095.1,41910.6,41927.6,7960.0
2025-04-02 01:00:00,41926.6,41957.6,41907.6,41924.6,6294.0
2025-04-02 05:00:00,41925.1,41977.1,41850.1,41866.1,12581.0
2025-04-02 09:00:00,41865.6,41903.6,41605.1,41673.1,19690.0
2025-04-02 13:00:00,41671.1,42288.1,41614.1,42266.6,53660.0
2025-04-02 17:00:00,42267.1,42560.1,41610.1,41735.7,48072.0
2025-04-02 21:00:00,41548.3,41553.3,41035.3,41281.3,16082.0
2025-04-03 01:00:00,41281.8,41471.8,41280.8,41364.3,14852.0
2025-04-03 05:00:00,41365.3,41395.8,41101.8,41226.3,22943.0
2025-04-03 09:00:00,41225.8,41250.3,40928.3,40939.3,24964.0
2025-04-03 13:00:00,40938.3,41153.8,40591.3,40919.3,74756.0
2025-04-03 17:00:00,40925.3,40981.8,40390.1,40412.7,51985.0
2025-04-03 21:00:00,40447.3,40498.3,40348.3,40420.8,11448.0
2025-04-04 01:00:00,40420.3,40454.3,40208.3,40221.3,15826.0
2025-04-04 05:00:00,40220.8,40458.8,40091.8,40130.8,27470.0
2025-04-04 09:00:00,40137.8,40168.3,38942.5,39528.5,56319.0
2025-04-04 13:00:00,39529.0,39661.0,38811.3,38897.8,99450.0
2025-04-04 17:00:00,38894.8,39101.8,38088.5,38213.8,70479.0
2025-04-06 22:00:00,37249.3,37585.8,36498.8,37539.3,38605.0
2025-04-07 02:00:00,37542.3,37576.8,37064.8,37214.8,29240.0
2025-04-07 06:00:00,37214.3,37383.3,36610.8,37050.8,51291.0
2025-04-07 10:00:00,37051.8,37758.8,36606.5,37368.0,67582.0
2025-04-07 14:00:00,37362.5,39216.0,37159.5,38253.5,66157.0
2025-04-07 18:00:00,38254.0,38366.5,37668.5,38235.5,17192.0
2025-04-07 21:00:00,38283.8,38638.8,38225.3,38410.8,11633.0
2025-04-08 01:00:00,38409.3,38735.3,38325.3,38609.8,16646.0
2025-04-08 05:00:00,38609.3,38757.1,38461.6,38729.6,24704.0
2025-04-08 09:00:00,38728.6,39180.6,38574.1,39013.6,29832.0
2025-04-08 13:00:00,39013.1,39438.1,38320.6,38330.1,89758.0
2025-04-08 17:00:00,38328.1,38425.6,37100.9,37536.6,71425.0
2025-04-08 21:00:00,37538.7,37585.6,37055.6,37135.6,19090.0
2025-04-09 01:00:00,37135.1,37573.1,36779.1,36885.6,26887.0
2025-04-09 05:00:00,36886.1,38009.8,36691.6,37640.8,38327.0
2025-04-09 09:00:00,37640.3,37710.3,36724.8,37077.8,41322.0
2025-04-09 13:00:00,37074.3,38032.3,37072.8,37936.8,84837.0
2025-04-09 17:00:00,37937.3,40800.7,37631.8,40774.7,51499.0
2025-04-09 21:00:00,40718.8,40917.8,40657.3,40791.8,12039.0
2025-04-10 01:00:00,40791.3,40841.3,40455.8,40478.8,20153.0
2025-04-10 05:00:00,40479.8,40691.3,39880.3,39955.8,34493.0
2025-04-10 09:00:00,39955.3,40381.3,39856.3,40019.8,35071.0
2025-04-10 13:00:00,40019.3,40153.8,38416.5,39088.6,96242.0
2025-04-10 17:00:00,39087.1,39832.5,38633.5,39574.2,85951.0
2025-04-10 21:00:00,39577.9,39764.9,39009.4,39103.9,15874.0
2025-04-11 01:00:00,39101.9,39684.5,39065.9,39627.5,19941.0
2025-04-11 05:00:00,39628.5,40058.0,39264.0,39359.5,35905.0
2025-04-11 09:00:00,39358.0,39929.0,39321.0,39647.5,32153.0
2025-04-11 13:00:00,39649.5,40101.0,39251.0,40030.0,91154.0
2025-04-11 17:00:00,40032.5,40411.0,39855.5,40237.5,63064.0
2025-04-13 22:00:00,40505.6,40647.1,40233.1,40303.6,18179.0
2025-04-14 02:00:00,40304.6,40452.5,39820.5,40395.5,8928.0
2025-04-14 06:00:00,40396.0,40659.5,40366.5,40538.0,7320.0
2025-04-14 10:00:00,40538.5,40771.0,40451.4,40550.4,28520.0
2025-04-14 14:00:00,40552.4,40782.9,40147.9,40518.9,75120.0
2025-04-14 18:00:00,40518.4,40764.4,40319.0,40470.6,30129.0
2025-04-14 21:00:00,40470.4,40506.6,40360.1,40485.1,6130.0
2025-04-15 01:00:00,40483.1,40532.6,40452.1,40509.1,9413.0
2025-04-15 05:00:00,40508.1,40675.1,40458.6,40584.6,17075.0
2025-04-15 09:00:00,40585.1,40624.1,40331.1,40444.6,22271.0
2025-04-15 13:00:00,40446.6,40803.1,40446.6,40523.1,63518.0
2025-04-15 17:00:00,40522.1,40585.1,40320.1,40342.8,40745.0
2025-04-15 21:00:00,40255.7,40255.7,40130.2,40206.2,8711.0
2025-04-16 01:00:00,40205.7,40287.7,40205.7,40222.8,8575.0
2025-04-16 05:00:00,40224.3,40520.8,39998.3,40286.8,23738.0
2025-04-16 09:00:00,40287.3,40406.8,40256.3,40283.3,22299.0
2025-04-16 13:00:00,40278.3,40430.3,40022.8,40114.8,57851.0
2025-04-16 17:00:00,40112.3,40176.3,39392.8,39634.2,54792.0
2025-04-16 21:00:00,39712.5,39817.5,39577.5,39805.0,8618.0
2025-04-17 01:00:00,39803.0,39963.5,39776.0,39945.5,9160.0
2025-04-17 05:00:00,39946.0,40124.0,39929.0,39958.5,16094.0
2025-04-17 09:00:00,39960.0,40053.5,39028.5,39197.5,25101.0
2025-04-17 13:00:00,39196.5,39432.0,38959.0,39406.0,75242.0
2025-04-17 17:00:00,39407.0,39462.5,39107.0,39214.3,48187.0
2025-04-20 22:00:00,39038.8,39067.3,38838.8,38883.8,8564.0
2025-04-21 02:00:00,38884.3,38911.3,38754.8,38861.1,7209.0
2025-04-21 06:00:00,38860.6,38878.6,38726.1,38787.6,8018.0
2025-04-21 10:00:00,38787.1,38881.6,38516.1,38516.1,23518.0
2025-04-21 14:00:00,38515.1,38517.1,37860.1,37870.1,50371.0
2025-04-21 18:00:00,37871.1,38206.1,37816.6,38119.6,27320.0
2025-04-21 21:00:00,38141.3,38296.3,38070.3,38281.8,6658.0
2025-04-22 01:00:00,38281.3,38391.3,38247.0,38271.0,11455.0
2025-04-22 05:00:00,38272.0,38602.0,38257.5,38481.0,16898.0
2025-04-22 09:00:00,38480.5,38548.5,38410.5,38542.0,17790.0
2025-04-22 13:00:00,38540.0,39278.0,38514.0,39162.0,52735.0
2025-04-22 17:00:00,39162.5,39264.0,38783.5,39195.0,47832.0
2025-04-22 21:00:00,39194.4,39887.3,39194.4,39674.8,11602.0
2025-04-23 01:00:00,39674.3,39710.8,39547.5,39642.0,10759.0
2025-04-23 05:00:00,39641.5,39883.5,39572.0,39827.5,14659.0
2025-04-23 09:00:00,39828.0,39988.0,39771.0,39980.0,16356.0
2025-04-23 13:00:00,39978.5,40377.0,39538.8,39780.8,75715.0
2025-04-23 17:00:00,39779.5,39879.0,39480.9,39601.6,50328.0
2025-04-23 21:00:00,39610.8,39625.3,39452.8,39563.8,6702.0
2025-04-24 01:00:00,39564.3,39601.8,39442.7,39495.2,9239.0
2025-04-24 05:00:00,39496.7,39523.2,39237.7,39311.2,19114.0
2025-04-24 09:00:00,39310.7,39561.7,39300.7,39495.2,18462.0
2025-04-24 13:00:00,39492.7,40082.3,39372.2,40046.3,46371.0
2025-04-24 17:00:00,40045.8,40232.2,39938.8,40082.6,30611.0
2025-04-24 21:00:00,40110.5,40166.3,40046.0,40152.8,4196.0
2025-04-25 01:00:00,40152.3,40215.8,40030.3,40102.3,9881.0
2025-04-25 05:00:00,40103.3,40205.3,40017.3,40108.8,16015.0
2025-04-25 09:00:00,40111.3,40149.8,39837.8,39932.8,22174.0
2025-04-25 13:00:00,39930.8,40082.0,39714.8,40019.2,51107.0
2025-04-25 17:00:00,40019.7,40176.8,39868.6,40127.8,34466.0
2025-04-27 22:00:00,40056.8,40064.2,39933.2,39954.2,5523.0
2025-04-28 02:00:00,39954.7,39984.7,39909.2,39920.2,4590.0
2025-04-28 06:00:00,39921.7,40139.7,39921.7,40114.2,11173.0
2025-04-28 10:00:00,40114.7,40420.7,40007.7,40193.0,21592.0
2025-04-28 14:00:00,40192.5,40349.0,39870.9,40041.2,54947.0
2025-04-28 18:00:00,40039.8,40313.5,40010.1,40197.3,21787.0
2025-04-28 21:00:00,40190.3,40266.9,40151.9,40257.4,3580.0
2025-04-29 01:00:00,40256.9,40329.9,40235.4,40256.9,6581.0
2025-04-29 05:00:00,40255.9,40347.4,40227.4,40327.4,10814.0
2025-04-29 09:00:00,40327.9,40428.4,40262.4,40294.9,15216.0
2025-04-29 13:00:00,40296.4,40531.7,40186.9,40358.4,55144.0
2025-04-29 17:00:00,40358.7,40629.9,40336.2,40586.0,33477.0
2025-04-29 21:00:00,40586.2,40593.8,40461.3,40472.3,4425.0
2025-04-30 01:00:00,40471.3,40486.3,40382.3,40437.8,6713.0
2025-04-30 05:00:00,40438.3,40570.3,40411.8,40502.3,10174.0
2025-04-30 09:00:00,40501.3,40614.3,40137.8,40204.3,14645.0
2025-04-30 13:00:00,40204.8,40367.9,39731.3,40328.6,61291.0
2025-04-30 17:00:00,40328.7,40799.4,40175.8,40706.1,45236.0
2025-04-30 21:00:00,40732.4,40859.4,40710.9,40825.9,7184.0
2025-05-01 01:00:00,40826.9,40896.9,40815.9,40885.9,6041.0
2025-05-01 05:00:00,40886.9,40930.9,40802.9,40918.9,9549.0
2025-05-01 09:00:00,40919.4,41015.4,40826.9,40827.9,14354.0
2025-05-01 13:00:00,40828.4,41096.6,40753.9,40798.5,52604.0
2025-05-01 17:00:00,40797.2,40978.7,40608.2,40685.1,35796.0
2025-05-01 21:00:00,40705.7,41067.2,40658.2,41049.7,8069.0
2025-05-02 01:00:00,41049.2,41147.2,41022.2,41099.2,9788.0
2025-05-02 05:00:00,41099.7,41106.2,40882.7,40884.7,14190.0
2025-05-02 09:00:00,40884.2,41206.2,40857.2,41203.2,14189.0
2025-05-02 13:00:00,41204.2,41387.7,41032.7,41356.2,49347.0
2025-05-02 17:00:00,41355.0,41371.1,41231.7,41325.1,31226.0
2025-05-04 22:00:00,41276.3,41276.3,41020.3,41025.3,8950.0
2025-05-05 02:00:00,41023.8,41069.8,41002.8,41044.3,6771.0
2025-05-05 06:00:00,41044.8,41120.3,40996.8,41049.8,11494.0
2025-05-05 10:00:00,41050.3,41186.2,41024.8,41177.7,17084.0
2025-05-05 14:00:00,41179.1,41442.3,41167.6,41406.9,36448.0
2025-05-05 18:00:00,41409.2,41448.8,41193.6,41225.6,15658.0
2025-05-05 21:00:00,41212.3,41251.8,41198.8,41220.8,3283.0
2025-05-06 01:00:00,41220.3,41240.8,41156.8,41192.3,5496.0
2025-05-06 05:00:00,41192.8,41200.8,40944.8,40998.8,9387.0
2025-05-06 09:00:00,40999.3,41063.8,40891.8,40967.8,12612.0
2025-05-06 13:00:00,40966.8,41173.6,40755.7,40886.2,45520.0
2025-05-06 17:00:00,40886.8,40972.0,40667.7,40736.1,32308.0
2025-05-06 21:00:00,40735.3,41237.8,40733.8,41133.8,12693.0
2025-05-07 01:00:00,41133.3,41163.8,41013.8,41055.8,9926.0
2025-05-07 05:00:00,41056.8,41067.3,40977.8,41057.8,11048.0
2025-05-07 09:00:00,41057.3,41141.3,40997.8,41016.3,12709.0
2025-05-07 13:00:00,41015.8,41210.5,40933.2,41204.0,46898.0
2025-05-07 17:00:00,41200.9,41281.7,40817.4,41082.9,46915.0
2025-05-07 21:00:00,41062.8,41216.3,41025.3,41179.8,5044.0
2025-05-08 01:00:00,41178.8,41377.3,41158.8,41363.3,9283.0
2025-05-08 05:00:00,41362.8,41421.3,41272.3,41420.3,8455.0
2025-05-08 09:00:00,41419.3,41524.8,41266.8,41338.8,11802.0
2025-05-08 13:00:00,41339.8,41775.1,41158.6,41759.1,50081.0
2025-05-08 17:00:00,41759.3,41767.3,41347.3,41355.6,33289.0
2025-05-08 21:00:00,41355.8,41400.6,41222.6,41282.6,5059.0
2025-05-09 01:00:00,41283.1,41426.1,41277.1,41398.1,7294.0
2025-05-09 05:00:00,41397.6,41407.6,41287.6,41319.6,10791.0
2025-05-09 09:00:00,41318.6,41525.1,41272.1,41471.6,12789.0
2025-05-09 13:00:00,41472.1,41520.6,41143.0,41165.0,45504.0
2025-05-09 17:00:00,41164.9,41353.7,41146.9,41291.0,28234.0
2025-05-11 22:00:00,41756.5,41798.5,41594.6,41670.1,13078.0
2025-05-12 02:00:00,41669.6,41718.1,41651.1,41700.1,4922.0
2025-05-12 06:00:00,41701.6,42259.1,41667.1,42148.1,20563.0
2025-05-12 10:00:00,42146.6,42375.6,42129.6,42237.8,27625.0
2025-05-12 14:00:00,42235.8,42372.6,42092.0,42307.4,40434.0
2025-05-12 18:00:00,42311.3,42470.1,42284.4,42433.9,18796.0
2025-05-12 21:00:00,42440.8,42445.8,42315.8,42321.8,5856.0
2025-05-13 01:00:00,42322.3,42367.3,42256.3,42285.3,7290.0
2025-05-13 05:00:00,42286.8,42352.3,42274.3,42311.3,10705.0
2025-05-13 09:00:00,42311.8,42381.3,42129.3,42226.8,13611.0
2025-05-13 13:00:00,42225.8,42382.9,42184.1,42208.4,39900.0
2025-05-13 17:00:00,42208.6,42331.8,42111.4,42149.3,24366.0
2025-05-13 21:00:00,42164.0,42200.0,42141.5,42156.0,4114.0
2025-05-14 01:00:00,42155.5,42189.5,42119.0,42172.5,5573.0
2025-05-14 05:00:00,42172.0,42211.0,42130.5,42183.0,9912.0
2025-05-14 09:00:00,42183.5,42239.5,42090.0,42195.5,11412.0
2025-05-14 13:00:00,42193.5,42257.0,42009.8,42060.8,41862.0
2025-05-14 17:00:00,42060.5,42123.9,41942.5,42015.0,29090.0
2025-05-14 21:00:00,42014.5,42019.5,41813.5,41880.5,4798.0
2025-05-15 01:00:00,41879.5,41892.0,41847.0,41873.5,4107.0
2025-05-15 05:00:00,41874.0,41885.0,41757.5,41851.0,11724.0
2025-05-15 09:00:00,41850.0,41956.5,41843.0,41892.5,11724.0
2025-05-15 13:00:00,41891.5,42241.9,41814.5,42237.2,41489.0
2025-05-15 17:00:00,42236.6,42347.2,42169.3,42309.9,30139.0
2025-05-15 21:00:00,42342.8,42349.8,42270.3,42273.3,3782.0
2025-05-16 01:00:00,42272.8,42308.3,42251.3,42290.8,4156.0
2025-05-16 05:00:00,42290.3,42448.8,42286.3,42428.8,6241.0
2025-05-16 09:00:00,42429.3,42459.8,42392.8,42395.3,7327.0
2025-05-16 13:00:00,42393.3,42520.8,42230.3,42516.8,35007.0
2025-05-16 17:00:00,42517.3,42666.4,42368.7,42435.0,22301.0
2025-05-18 22:00:00,42353.0,42433.5,42308.0,42403.0,9365.0
2025-05-19 02:00:00,42400.0,42445.0,42290.5,42320.0,7830.0
2025-05-19 06:00:00,42319.5,42341.5,42236.5,42296.0,12973.0
2025-05-19 10:00:00,42296.5,42598.6,42259.5,42584.6,18692.0
2025-05-19 14:00:00,42583.1,42841.0,42524.6,42746.4,36596.0
2025-05-19 18:00:00,42748.0,42796.5,42680.0,42790.5,17308.0
2025-05-19 21:00:00,42789.4,42874.2,42767.2,42814.2,4249.0
2025-05-20 01:00:00,42812.7,42812.7,42704.2,42747.2,6187.0
2025-05-20 05:00:00,42746.2,42778.2,42679.2,42722.2,9628.0
2025-05-20 09:00:00,42721.7,42815.2,42672.7,42766.2,8916.0
2025-05-20 13:00:00,42766.7,42805.2,42615.0,42672.4,34451.0
2025-05-20 17:00:00,42671.7,42712.2,42478.4,42647.4,24752.0
2025-05-20 21:00:00,42647.1,42654.4,42530.4,42630.9,5388.0
2025-05-21 01:00:00,42630.4,42641.9,42535.9,42550.4,5834.0
2025-05-21 05:00:00,42549.9,42579.9,42402.9,42426.9,9992.0
2025-05-21 09:00:00,42427.9,42441.9,42239.4,42325.4,13051.0
2025-05-21 13:00:00,42324.9,42436.8,42224.0,42331.9,40744.0
2025-05-21 17:00:00,42332.7,42348.2,41765.2,41792.6,53040.0
2025-05-21 21:00:00,41793.3,41890.8,41753.3,41888.3,5630.0
2025-05-22 01:00:00,41887.8,41910.8,41830.8,41836.8,4771.0
2025-05-22 05:00:00,41836.3,41911.3,41816.8,41844.3,10118.0
2025-05-22 09:00:00,41843.8,41887.3,41613.8,41760.3,16904.0
2025-05-22 13:00:00,41759.3,42021.4,41711.5,41856.1,52142.0
2025-05-22 17:00:00,41854.9,42091.7,41824.8,41911.4,32446.0
2025-05-22 21:00:00,41924.0,41940.5,41804.0,41893.5,4990.0
2025-05-23 01:00:00,41893.0,41952.0,41837.0,41848.0,6246.0
2025-05-23 05:00:00,41849.0,41961.5,41778.5,41881.0,10394.0
2025-05-23 09:00:00,41880.0,41880.0,41170.0,41333.5,28967.0
2025-05-23 13:00:00,41334.5,41674.8,41261.5,41603.7,57663.0
2025-05-23 17:00:00,41604.2,41791.3,41527.3,41591.0,34496.0
2025-05-25 22:00:00,41582.8,41969.8,41570.3,41939.8,9945.0
2025-05-26 02:00:00,41940.8,41996.3,41915.8,41947.3,5031.0
2025-05-26 06:00:00,41946.8,42096.8,41920.3,42027.3,8253.0
2025-05-26 10:00:00,42026.8,42093.3,41996.8,42037.3,6238.0
2025-05-26 14:00:00,42037.8,42073.8,41927.3,42057.0,7355.0
2025-05-26 18:00:00,42055.7,42070.0,42045.8,42065.0,179.0
2025-05-26 21:00:00,42043.8,42063.8,41956.3,42017.8,3793.0
2025-05-27 01:00:00,42017.3,42017.3,41915.5,41952.0,5984.0
2025-05-27 05:00:00,41951.5,42207.5,41932.5,42131.5,10851.0
2025-05-27 09:00:00,42132.0,42190.5,42051.5,42079.0,11589.0
2025-05-27 13:00:00,42079.5,42308.6,41875.5,42249.6,31752.0
2025-05-27 17:00:00,42250.0,42401.1,42233.4,42399.9,17804.0
2025-05-27 21:00:00,42396.8,42409.8,42350.8,42353.8,3224.0
2025-05-28 01:00:00,42354.3,42369.9,42305.4,42309.4,3756.0
2025-05-28 05:00:00,42310.4,42326.4,42242.9,42246.4,6982.0
2025-05-28 09:00:00,42247.4,42373.4,42213.9,42322.4,9123.0
2025-05-28 13:00:00,42321.9,42446.9,42160.9,42238.8,37225.0
2025-05-28 17:00:00,42237.7,42281.7,42040.6,42131.9,31869.0
2025-05-28 21:00:00,42108.6,42643.8,42077.8,42623.8,21024.0
2025-05-29 01:00:00,42623.3,42710.5,42550.4,42680.9,11615.0
2025-05-29 05:00:00,42681.4,42716.1,42567.2,42581.2,14110.0
2025-05-29 09:00:00,42582.7,42587.5,42148.5,42198.6,21660.0
2025-05-29 13:00:00,42199.1,42269.4,41817.2,42096.9,60196.0
2025-05-29 17:00:00,42096.8,42263.1,42024.8,42156.4,37743.0
2025-05-29 21:00:00,42160.6,42199.7,42116.5,42134.7,7074.0
2025-05-30 01:00:00,42134.2,42177.2,42030.0,42160.2,7451.0
2025-05-30 05:00:00,42160.7,42220.9,42100.1,42164.0,14494.0
2025-05-30 09:00:00,42163.9,42209.5,41936.4,42070.6,19127.0
2025-05-30 13:00:00,42071.1,42279.1,41898.1,41982.5,58376.0
2025-05-30 17:00:00,41979.0,42376.2,41961.0,42200.6,42280.0
2025-06-01 22:00:00,42127.9,42166.3,42075.1,42113.7,8770.0
2025-06-02 02:00:00,42114.2,42134.1,42029.9,42050.6,7556.0
2025-06-02 06:00:00,42049.8,42088.1,41910.0,42016.6,19840.0
2025-06-02 10:00:00,42017.1,42160.3,41946.8,41953.9,24719.0
2025-06-02 14:00:00,41902.6,42141.5,41840.5,42098.5,48618.0
2025-06-02 18:00:00,42097.4,42350.0,42080.6,42311.1,19473.0
2025-06-02 21:00:00,42312.8,42327.4,42207.5,42222.3,4884.0
2025-06-03 01:00:00,42221.8,42232.3,42129.8,42145.3,5527.0
2025-06-03 05:00:00,42145.8,42179.1,42048.6,42123.9,12199.0
2025-06-03 09:00:00,42124.1,42253.3,42108.6,42227.1,12565.0
2025-06-03 13:00:00,42226.6,42512.1,42175.2,42497.7,40034.0
2025-06-03 17:00:00,42498.3,42570.7,42453.6,42527.4,26128.0
2025-06-03 21:00:00,42524.0,42581.5,42522.2,42552.7,5183.0
2025-06-04 01:00:00,42552.2,42568.6,42493.8,42500.3,5283.0
2025-06-04 05:00:00,42499.8,42635.4,42497.3,42585.2,10280.0
2025-06-04 09:00:00,42585.7,42621.9,42484.4,42523.1,12870.0
2025-06-04 13:00:00,42523.6,42651.0,42477.7,42543.2,44803.0
2025-06-04 17:00:00,42541.2,42606.5,42390.6,42399.7,22029.0
2025-06-04 21:00:00,42403.6,42438.5,42386.4,42414.8,4215.0
2025-06-05 01:00:00,42414.3,42432.2,42391.0,42430.2,4091.0
2025-06-05 05:00:00,42430.8,42541.0,42398.1,42503.9,10078.0
2025-06-05 09:00:00,42502.9,42670.0,42397.1,42517.4,14684.0
2025-06-05 13:00:00,42515.4,42601.6,42235.1,42396.7,56180.0
2025-06-05 17:00:00,42398.4,42560.7,42205.3,42344.8,44424.0
2025-06-05 21:00:00,42339.7,42442.0,42297.4,42426.0,7748.0
2025-06-06 01:00:00,42426.5,42470.8,42407.1,42470.3,6437.0
2025-06-06 05:00:00,42469.3,42530.2,42451.7,42482.9,10473.0
2025-06-06 09:00:00,42483.4,42643.0,42407.8,42628.2,15000.0
2025-06-06 13:00:00,42627.7,42930.0,42577.4,42629.8,50992.0
2025-06-06 17:00:00,42629.5,42807.6,42586.4,42781.3,26215.0
2025-06-08 22:00:00,42823.7,42827.2,42708.5,42720.4,8305.0
2025-06-09 02:00:00,42721.9,42735.9,42677.5,42710.1,4069.0
2025-06-09 06:00:00,42710.6,42824.6,42692.3,42787.1,9910.0
2025-06-09 10:00:00,42787.4,42844.4,42637.3,42642.7,16867.0
2025-06-09 14:00:00,42642.3,42885.1,42558.8,42864.2,33439.0
2025-06-09 18:00:00,42862.4,42896.6,42738.9,42765.7,13689.0
2025-06-09 21:00:00,42766.4,42810.9,42743.0,42799.6,3439.0
2025-06-10 01:00:00,42799.9,42923.9,42798.0,42856.4,6221.0
2025-06-10 05:00:00,42856.9,42875.6,42637.3,42709.6,22293.0
2025-06-10 09:00:00,42708.6,42793.1,42691.1,42766.8,12347.0
2025-06-10 13:00:00,42769.3,42880.3,42695.9,42873.7,36385.0
2025-06-10 17:00:00,42873.5,42926.9,42734.2,42837.6,25878.0
2025-06-10 21:00:00,42842.0,42904.6,42786.0,42797.2,7818.0
2025-06-11 01:00:00,42796.2,42812.7,42747.1,42756.5,5992.0
2025-06-11 05:00:00,42757.0,42845.1,42739.8,42825.3,10247.0
2025-06-11 09:00:00,42826.8,43101.0,42718.2,42931.4,17382.0
2025-06-11 13:00:00,42930.9,43059.1,42798.2,43012.9,44761.0
2025-06-11 17:00:00,43014.5,43118.5,42733.4,42859.4,42676.0
2025-06-11 21:00:00,42862.0,42884.5,42719.7,42739.2,7561.0
2025-06-12 01:00:00,42740.2,42777.5,42658.0,42749.4,7713.0
2025-06-12 05:00:00,42749.0,42816.9,42602.0,42655.7,14994.0
2025-06-12 09:00:00,42656.7,42732.0,42557.9,42727.6,18166.0
2025-06-12 13:00:00,42728.3,42918.9,42608.6,42867.8,42942.0
2025-06-12 17:00:00,42869.4,42968.9,42866.9,42909.1,22735.0
2025-06-12 21:00:00,42912.9,42929.5,42350.6,42411.8,18761.0
2025-06-13 01:00:00,42411.0,42436.6,42179.9,42357.7,27923.0
2025-06-13 05:00:00,42358.2,42525.5,42326.1,42463.8,28079.0
2025-06-13 09:00:00,42463.9,42600.7,42407.9,42530.5,24596.0
2025-06-13 13:00:00,42531.0,42605.8,42246.2,42491.6,51705.0
2025-06-13 17:00:00,42491.5,42496.5,42075.9,42142.3,44771.0
2025-06-15 22:00:00,42001.2,42236.4,41979.8,42210.4,13151.0
2025-06-16 02:00:00,42210.9,42266.5,42189.4,42245.8,7636.0
2025-06-16 06:00:00,42244.1,42410.1,42240.3,42322.6,18883.0
2025-06-16 10:00:00,42322.1,42633.0,42311.6,42609.5,22167.0
2025-06-16 14:00:00,42608.7,42711.5,42505.1,42516.9,39774.0
2025-06-16 18:00:00,42517.6,42559.1,42445.6,42528.9,18076.0
2025-06-16 21:00:00,42537.0,42553.7,42266.5,42377.7,12088.0
2025-06-17 01:00:00,42377.5,42419.1,42286.9,42356.0,10966.0
2025-06-17 05:00:00,42356.5,42399.8,42181.9,42278.7,16703.0
2025-06-17 09:00:00,42278.2,42361.1,42205.3,42276.2,14517.0
2025-06-17 13:00:00,42277.2,42539.1,42257.8,42376.9,40251.0
2025-06-17 17:00:00,42375.8,42412.6,42125.8,42210.8,34155.0
2025-06-17 21:00:00,42206.9,42235.6,42072.1,42219.3,9205.0
2025-06-18 01:00:00,42219.8,42264.2,42196.1,42224.8,6316.0
2025-06-18 05:00:00,42224.3,42320.8,42223.3,42277.9,11529.0
2025-06-18 09:00:00,42278.0,42331.1,42159.4,42218.4,13326.0
2025-06-18 13:00:00,42221.4,42511.4,42180.6,42314.5,36390.0
2025-06-18 17:00:00,42314.8,42436.1,42106.9,42179.1,41735.0
2025-06-18 21:00:00,42182.1,42189.2,42044.2,42101.8,5832.0
2025-06-19 01:00:00,42103.3,42135.7,41949.9,42128.8,7468.0
2025-06-19 05:00:00,42128.3,42129.9,41920.7,42000.3,13875.0
2025-06-19 09:00:00,42000.8,42037.2,41866.5,41886.7,10810.0
2025-06-19 13:00:00,41887.2,41922.8,41743.9,41773.2,22114.0
2025-06-19 17:00:00,41772.7,42019.4,41772.7,41867.2,1575.0
2025-06-19 21:00:00,41909.3,42082.8,41906.3,42049.2,9335.0
2025-06-20 01:00:00,42049.7,42089.3,41965.8,42076.9,7766.0
2025-06-20 05:00:00,42077.4,42182.4,42037.9,42049.9,12669.0
2025-06-20 09:00:00,42049.4,42341.1,42045.1,42313.7,17288.0
2025-06-20 13:00:00,42314.2,42430.0,42155.7,42264.1,53595.0
2025-06-20 17:00:00,42264.6,42307.4,42084.7,42252.3,33267.0
2025-06-22 22:00:00,41866.9,42136.0,41847.5,42043.7,14281.0
2025-06-23 02:00:00,42044.2,42128.7,42036.7,42110.8,6198.0
2025-06-23 06:00:00,42110.4,42294.5,42078.3,42238.3,15280.0
2025-06-23 10:00:00,42237.8,42339.6,42066.6,42338.6,23344.0
2025-06-23 14:00:00,42340.1,42518.0,41971.6,42484.0,55441.0
2025-06-23 18:00:00,42486.5,42616.4,42409.7,42595.2,20666.0
2025-06-23 21:00:00,42598.9,42799.3,42580.9,42780.7,10865.0
2025-06-24 01:00:00,42781.2,42825.4,42751.8,42794.8,6952.0
2025-06-24 05:00:00,42794.3,43016.1,42789.6,42882.8,17513.0
2025-06-24 09:00:00,42882.3,42933.8,42798.7,42853.3,13349.0
2025-06-24 13:00:00,42852.8,43110.5,42782.9,43063.8,35727.0
2025-06-24 17:00:00,43065.0,43183.1,43026.8,43072.1,18290.0
2025-06-24 21:00:00,43082.8,43122.4,43046.2,43113.0,4785.0
2025-06-25 01:00:00,43112.5,43125.9,43073.2,43122.6,3436.0
2025-06-25 05:00:00,43122.1,43143.2,43054.7,43112.2,7558.0
2025-06-25 09:00:00,43112.7,43127.4,43049.0,43101.8,7757.0
2025-06-25 13:00:00,43102.8,43105.6,42936.7,42939.7,33184.0
2025-06-25 17:00:00,42940.2,43008.8,42849.8,42982.1,21070.0
2025-06-25 21:00:00,42988.1,43021.5,42965.8,43009.3,3871.0
2025-06-26 01:00:00,43009.8,43049.6,42983.1,43043.2,3855.0
2025-06-26 05:00:00,43042.7,43122.7,43030.2,43096.6,7442.0
2025-06-26 09:00:00,43097.1,43135.2,43044.7,43111.7,8807.0
2025-06-26 13:00:00,43108.2,43365.4,43081.5,43339.6,31505.0
2025-06-26 17:00:00,43338.6,43441.8,43314.9,43414.4,17204.0
2025-06-26 21:00:00,43413.1,43527.1,43413.1,43468.4,6070.0
2025-06-27 01:00:00,43467.4,43517.6,43458.2,43483.9,3604.0
2025-06-27 05:00:00,43483.4,43591.5,43483.4,43541.4,8102.0
2025-06-27 09:00:00,43541.9,43599.5,43516.9,43556.4,7918.0
2025-06-27 13:00:00,43555.4,43966.6,43533.0,43914.3,34399.0
2025-06-27 17:00:00,43913.1,43947.7,43561.8,43934.6,32822.0
2025-06-29 22:00:00,43929.1,44049.3,43925.7,44027.2,7181.0
2025-06-30 02:00:00,44026.7,44094.6,44022.6,44090.3,4092.0
2025-06-30 06:00:00,44089.8,44119.5,43989.6,44002.7,8774.0
2025-06-30 10:00:00,44002.2,44070.8,43947.8,44000.0,14077.0
2025-06-30 14:00:00,43998.9,44056.1,43875.8,43933.4,30698.0
2025-06-30 18:00:00,43933.2,44134.2,43911.2,44039.7,16968.0
2025-06-30 21:00:00,44044.6,44130.6,44024.8,44124.4,3872.0
2025-07-01 01:00:00,44124.9,44134.0,44033.2,44037.0,4508.0
2025-07-01 05:00:00,44037.5,44100.2,44022.2,44061.0,9112.0
2025-07-01 09:00:00,44060.5,44071.8,43985.8,44042.8,9150.0
2025-07-01 13:00:00,44042.3,44604.2,44008.9,44426.9,46046.0
2025-07-01 17:00:00,44424.9,44592.1,44406.6,44518.8,25774.0
2025-07-01 21:00:00,44517.6,44533.1,44484.0,44523.3,3609.0
2025-07-02 01:00:00,44522.3,44622.4,44471.6,44600.0,5164.0
2025-07-02 05:00:00,44600.2,44658.8,44527.2,44554.9,11159.0
2025-07-02 09:00:00,44554.4,44620.7,44471.2,44486.6,12720.0
2025-07-02 13:00:00,44487.1,44546.9,44340.0,44463.5,38874.0
2025-07-02 17:00:00,44466.8,44491.7,44420.6,44475.5,17394.0
2025-07-02 21:00:00,44484.9,44523.7,44456.4,44505.1,2953.0
2025-07-03 01:00:00,44504.6,44536.8,44459.3,44520.5,4070.0
2025-07-03 05:00:00,44520.0,44550.2,44469.5,44469.9,6242.0
2025-07-03 09:00:00,44469.5,44631.3,44469.5,44530.4,10944.0
2025-07-03 13:00:00,44529.9,44881.1,44527.7,44801.7,34604.0
2025-07-03 17:00:00,44803.3,44849.0,44795.1,44814.0,1999.0
2025-07-03 21:00:00,44778.8,44793.7,44716.4,44717.6,3603.0
2025-07-04 01:00:00,44718.1,44765.6,44669.9,44680.8,4266.0
2025-07-04 05:00:00,44681.8,44711.3,44536.5,44565.1,9554.0
2025-07-04 09:00:00,44564.6,44598.7,44497.2,44571.3,10714.0
2025-07-04 13:00:00,44571.8,44628.7,44546.0,44557.7,11689.0
2025-07-04 17:00:00,44556.7,44577.0,44472.6,44518.7,687.0
2025-07-06 22:00:00,44688.8,44768.0,44659.6,44680.8,8530.0
2025-07-07 02:00:00,44680.3,44717.2,44634.9,44695.2,5332.0
2025-07-07 06:00:00,44695.7,44828.5,44654.6,44826.8,10936.0
2025-07-07 10:00:00,44826.3,44850.5,44663.5,44747.2,17709.0
2025-07-07 14:00:00,44746.7,44757.6,44270.7,44309.1,45282.0
2025-07-07 18:00:00,44309.9,44412.5,44154.0,44289.4,21962.0
2025-07-07 21:00:00,44292.2,44361.5,44236.8,44349.7,6020.0
2025-07-08 01:00:00,44349.2,44388.2,44323.5,44365.7,5162.0
2025-07-08 05:00:00,44366.2,44443.3,44339.5,44364.9,9389.0
2025-07-08 09:00:00,44363.4,44414.8,44312.1,44354.6,9618.0
2025-07-08 13:00:00,44354.1,44433.5,44215.5,44272.7,43951.0
2025-07-08 17:00:00,44269.1,44303.2,44199.3,44234.6,24507.0
2025-07-08 21:00:00,44238.2,44267.3,44164.5,44186.4,3111.0
2025-07-09 01:00:00,44185.9,44232.0,44155.6,44213.6,4851.0
2025-07-09 05:00:00,44213.1,44288.7,44171.6,44265.4,8026.0
2025-07-09 09:00:00,44266.3,44415.6,44266.3,44394.3,9873.0
2025-07-09 13:00:00,44394.8,44560.9,44225.7,44292.7,41072.0
2025-07-09 17:00:00,44292.8,44480.4,44276.2,44454.0,21571.0
2025-07-09 21:00:00,44460.2,44499.1,44384.8,44389.8,3952.0
2025-07-10 01:00:00,44390.8,44404.7,44328.3,44343.2,4516.0
2025-07-10 05:00:00,44343.7,44379.7,44301.5,44357.0,7363.0
2025-07-10 09:00:00,44358.0,44459.5,44339.5,44385.9,8586.0
2025-07-10 13:00:00,44386.1,44745.4,44358.8,44700.1,33953.0
2025-07-10 17:00:00,44701.6,44783.4,44600.1,44600.1,16718.0
2025-07-10 21:00:00,44602.6,44690.1,44387.6,44435.5,9662.0
2025-07-11 01:00:00,44435.0,44555.5,44403.0,44535.3,7750.0
2025-07-11 05:00:00,44534.8,44549.1,44379.6,44421.7,13632.0
2025-07-11 09:00:00,44422.2,44437.1,44297.0,44387.4,14383.0
2025-07-11 13:00:00,44386.9,44437.9,44268.1,44360.6,37899.0
2025-07-11 17:00:00,44357.1,44411.5,44308.4,44316.4,19342.0
2025-07-13 22:00:00,44131.7,44222.3,44129.7,44172.0,9093.0
2025-07-14 02:00:00,44171.0,44199.8,44116.9,44127.2,3780.0
2025-07-14 06:00:00,44124.7,44251.8,44094.0,44232.9,11332.0
2025-07-14 10:00:00,44232.8,44445.8,44205.9,44343.8,16221.0
2025-07-14 14:00:00,44342.6,44449.3,44290.1,44423.7,31458.0
2025-07-14 18:00:00,44423.0,44470.7,44403.6,44439.2,9569.0
2025-07-14 21:00:00,44439.0,44453.9,44389.2,44412.0,3484.0
2025-07-15 01:00:00,44412.5,44601.2,44395.6,44467.6,9174.0
2025-07-15 05:00:00,44468.3,44515.9,44375.7,44400.3,9884.0
2025-07-15 09:00:00,44399.8,44502.4,44365.4,44414.6,12004.0
2025-07-15 13:00:00,44415.1,44513.9,44074.4,44077.3,45876.0
2025-07-15 17:00:00,44079.1,44165.5,43955.3,43958.9,25090.0
2025-07-15 21:00:00,43962.3,43983.3,43893.5,43957.1,5840.0
2025-07-16 01:00:00,43956.1,43983.9,43942.2,43953.7,4289.0
2025-07-16 05:00:00,43958.7,44054.2,43870.0,44035.7,10526.0
2025-07-16 09:00:00,44036.2,44204.7,43999.4,44172.8,11751.0
2025-07-16 13:00:00,44173.3,44235.5,43752.5,44119.2,53134.0
2025-07-16 17:00:00,44115.9,44257.3,44106.9,44193.2,21441.0
2025-07-16 21:00:00,44191.0,44210.2,44150.9,44195.2,3993.0
2025-07-17 01:00:00,44193.7,44200.4,44138.4,44169.6,3809.0
2025-07-17 05:00:00,44169.8,44253.7,44166.1,44190.2,10222.0
2025-07-17 09:00:00,44190.7,44255.4,44135.3,44253.8,9594.0
2025-07-17 13:00:00,44252.8,44483.0,44189.4,44381.1,37164.0
2025-07-17 17:00:00,44382.3,44558.3,44360.4,44499.4,17218.0
2025-07-17 21:00:00,44496.8,44614.8,44496.8,44583.9,3817.0
2025-07-18 01:00:00,44583.4,44614.4,44555.5,44601.2,3203.0
2025-07-18 05:00:00,44601.7,44653.9,44560.4,44575.5,6814.0
2025-07-18 09:00:00,44575.4,44596.7,44501.6,44584.4,8845.0
2025-07-18 13:00:00,44584.6,44612.3,44219.4,44232.1,39375.0
2025-07-18 17:00:00,44234.8,44357.2,44230.2,44316.8,18217.0
2025-07-20 22:00:00,44313.1,44402.7,44288.0,44377.4,3923.0
2025-07-21 02:00:00,44376.9,44387.9,44353.8,44361.2,2119.0
2025-07-21 06:00:00,44361.3,44471.4,44357.5,44439.7,5925.0
2025-07-21 10:00:00,44440.2,44490.9,44356.9,44487.7,12951.0
2025-07-21 14:00:00,44486.1,44604.5,44416.3,44557.6,26973.0
2025-07-21 18:00:00,44558.9,44570.8,44314.1,44382.2,13844.0
2025-07-21 21:00:00,44388.8,44419.0,44373.5,44400.1,2470.0
2025-07-22 01:00:00,44399.6,44423.8,44354.9,44367.0,3357.0
2025-07-22 05:00:00,44367.1,44374.6,44314.0,44361.4,6289.0
2025-07-22 09:00:00,44361.9,44362.3,44221.2,44317.3,8216.0
2025-07-22 13:00:00,44316.8,44465.5,44273.0,44381.6,39457.0
2025-07-22 17:00:00,44379.9,44541.5,44374.0,44532.9,19271.0
2025-07-22 21:00:00,44534.0,44647.9,44515.3,44564.0,7395.0
2025-07-23 01:00:00,44563.5,44646.8,44545.1,44644.0,5800.0
2025-07-23 05:00:00,44643.5,44719.2,44604.4,44711.0,9271.0
2025-07-23 09:00:00,44710.5,44755.8,44678.7,44746.5,8521.0
2025-07-23 13:00:00,44746.9,44936.8,44633.4,44873.4,39183.0
2025-07-23 17:00:00,44874.2,45023.5,44856.7,44897.5,21594.0
2025-07-23 21:00:00,44899.0,44929.7,44884.5,44890.7,4084.0
2025-07-24 01:00:00,44890.2,44929.2,44868.8,44891.0,3446.0
2025-07-24 05:00:00,44890.5,44902.0,44833.4,44870.7,6704.0
2025-07-24 09:00:00,44872.7,44929.8,44665.2,44694.8,9775.0
2025-07-24 13:00:00,44695.0,44912.9,44661.7,44789.2,39131.0
2025-07-24 17:00:00,44789.8,44875.0,44685.7,44740.4,19529.0
2025-07-24 21:00:00,44739.3,44810.6,44739.2,44806.2,2791.0
2025-07-25 01:00:00,44806.7,44854.6,44792.6,44796.2,2899.0
2025-07-25 05:00:00,44797.2,44808.0,44720.8,44771.7,7571.0
2025-07-25 09:00:00,44771.2,44796.5,44730.3,44768.0,6043.0
2025-07-25 13:00:00,44768.5,44831.9,44643.4,44815.9,32474.0
2025-07-25 17:00:00,44815.3,44938.6,44804.9,44897.8,15530.0
2025-07-27 22:00:00,45081.6,45111.8,45034.0,45061.1,5939.0
2025-07-28 02:00:00,45060.1,45106.2,45048.6,45097.1,2344.0
2025-07-28 06:00:00,45097.7,45131.2,44968.5,44975.6,7920.0
2025-07-28 10:00:00,44975.1,44989.2,44779.7,44815.5,16001.0
2025-07-28 14:00:00,44816.0,44946.8,44775.5,44780.1,26962.0
2025-07-28 18:00:00,44782.0,44853.8,44736.3,44826.6,11872.0
2025-07-28 21:00:00,44825.6,44870.7,44811.7,44843.0,2628.0
2025-07-29 01:00:00,44840.5,44901.4,44836.9,44898.8,2943.0
2025-07-29 05:00:00,44899.0,44925.8,44851.4,44895.0,6566.0
2025-07-29 09:00:00,44895.1,44947.8,44784.1,44863.6,10967.0
2025-07-29 13:00:00,44862.6,44887.2,44597.8,44697.6,39249.0
2025-07-29 17:00:00,44697.8,44745.7,44564.4,44600.0,21291.0
2025-07-29 21:00:00,44596.8,44675.4,44596.8,44668.3,2655.0
2025-07-30 01:00:00,44664.8,44701.0,44643.2,44695.6,2904.0
2025-07-30 05:00:00,44696.7,44704.1,44617.2,44639.5,6926.0
2025-07-30 09:00:00,44639.0,44690.9,44617.6,44655.9,8601.0
2025-07-30 13:00:00,44656.0,44738.5,44549.2,44641.2,32757.0
2025-07-30 17:00:00,44642.7,44744.5,44257.8,44492.3,39192.0
2025-07-30 21:00:00,44493.4,44598.8,44488.4,44549.8,5885.0
2025-07-31 01:00:00,44550.8,44622.8,44536.6,44612.0,3420.0
2025-07-31 05:00:00,44612.2,44694.4,44586.0,44657.5,9023.0
2025-07-31 09:00:00,44659.0,44660.5,44531.0,44564.1,10272.0
2025-07-31 13:00:00,44563.6,44622.1,44291.5,44512.2,44893.0
2025-07-31 17:00:00,44509.3,44509.8,44045.8,44099.7,43483.0
2025-07-31 21:00:00,44105.5,44178.3,43998.3,44074.1,10579.0
2025-08-01 01:00:00,44070.6,44158.4,44068.8,44094.8,6435.0
2025-08-01 05:00:00,44094.9,44100.4,43702.9,43763.1,20374.0
2025-08-01 09:00:00,43759.1,43890.2,43638.2,43756.1,24388.0
2025-08-01 13:00:00,43755.6,43800.0,43318.5,43503.3,66851.0
2025-08-01 17:00:00,43502.8,43670.2,43410.6,43576.1,40959.0
2025-08-03 22:00:00,43573.1,43693.4,43505.1,43671.9,12519.0
2025-08-04 02:00:00,43672.4,43748.2,43668.0,43730.8,6849.0
2025-08-04 06:00:00,43730.3,43894.3,43657.2,43865.2,14479.0
2025-08-04 10:00:00,43865.7,44003.2,43752.8,43999.5,19436.0
2025-08-04 14:00:00,43995.2,44166.1,43933.3,44055.7,34182.0
2025-08-04 18:00:00,44053.6,44260.7,44048.0,44258.1,14376.0
2025-08-04 21:00:00,44263.3,44308.5,44194.2,44255.7,5315.0
2025-08-05 01:00:00,44256.2,44274.9,44206.6,44241.8,4425.0
2025-08-05 05:00:00,44242.3,44295.6,44182.5,44200.3,9693.0
2025-08-05 09:00:00,44200.8,44281.5,44104.2,44166.2,11238.0
2025-08-05 13:00:00,44166.7,44297.2,43922.3,44172.0,48599.0
2025-08-05 17:00:00,44168.8,44246.9,44073.2,44140.7,26478.0
2025-08-05 21:00:00,44140.4,44161.2,44075.2,44131.7,6938.0
2025-08-06 01:00:00,44132.7,44248.0,44116.6,44244.6,6415.0
2025-08-06 05:00:00,44245.1,44361.6,44239.0,44282.8,11323.0
2025-08-06 09:00:00,44281.8,44307.6,44212.6,44265.3,14441.0
2025-08-06 13:00:00,44264.8,44296.8,44012.8,44214.9,46168.0
2025-08-06 17:00:00,44214.3,44299.2,44177.1,44205.5,18857.0
2025-08-06 21:00:00,44201.9,44271.2,44130.1,44233.1,6349.0
2025-08-07 01:00:00,44232.6,44270.1,44198.4,44213.2,4983.0
2025-08-07 05:00:00,44213.7,44367.0,44191.1,44339.8,11316.0
2025-08-07 09:00:00,44340.3,44488.4,44320.4,44402.6,16415.0
2025-08-07 13:00:00,44403.6,44501.3,43813.5,43873.4,55482.0
2025-08-07 17:00:00,43871.7,44011.7,43794.0,44002.0,35094.0
2025-08-07 21:00:00,44009.7,44119.7,44008.9,44092.8,5675.0
2025-08-08 01:00:00,44093.3,44106.5,44043.4,44049.0,5086.0
2025-08-08 05:00:00,44048.5,44073.9,43976.1,44023.1,9626.0
2025-08-08 09:00:00,44022.5,44113.3,44015.6,44039.0,8986.0
2025-08-08 13:00:00,44039.5,44281.1,44021.7,44172.2,41403.0
2025-08-08 17:00:00,44173.0,44260.2,44107.1,44246.2,18855.0
2025-08-10 22:00:00,44230.5,44312.0,44196.2,44299.8,6094.0
2025-08-11 02:00:00,44300.8,44307.5,44242.5,44264.3,3909.0
2025-08-11 06:00:00,44264.8,44304.3,44197.9,44277.6,9279.0
2025-08-11 10:00:00,44278.1,44314.9,44099.3,44177.5,15022.0
2025-08-11 14:00:00,44177.9,44207.6,43964.7,44006.9,33831.0
2025-08-11 18:00:00,44009.1,44020.9,43909.7,43968.8,14801.0
2025-08-11 21:00:00,43971.0,44038.7,43934.9,44009.1,5497.0
2025-08-12 01:00:00,44006.6,44073.0,43990.2,44070.7,4738.0
2025-08-12 05:00:00,44070.2,44087.6,43966.3,44037.2,11187.0
2025-08-12 09:00:00,44038.2,44268.8,43947.5,44217.0,13498.0
2025-08-12 13:00:00,44217.5,44483.1,44101.6,44427.4,43015.0
2025-08-12 17:00:00,44426.9,44501.4,44406.7,44452.2,15957.0
2025-08-12 21:00:00,44448.1,44479.8,44433.6,44441.5,3855.0
2025-08-13 01:00:00,44442.0,44472.9,44405.3,44463.7,3201.0
2025-08-13 05:00:00,44463.2,44571.6,44412.4,44548.3,6960.0
2025-08-13 09:00:00,44547.9,44621.5,44539.3,44602.5,6947.0
2025-08-13 13:00:00,44602.8,44887.8,44585.2,44762.7,39544.0
2025-08-13 17:00:00,44762.5,44970.6,44713.8,44913.9,21413.0
2025-08-13 21:00:00,44918.2,44955.6,44882.5,44922.2,3517.0
2025-08-14 01:00:00,44921.2,44945.9,44904.9,44943.7,3272.0
2025-08-14 05:00:00,44943.2,44948.2,44867.8,44928.7,7061.0
2025-08-14 09:00:00,44928.2,44971.7,44720.4,44779.9,12205.0
2025-08-14 13:00:00,44780.4,44879.1,44676.4,44743.9,45523.0
2025-08-14 17:00:00,44744.9,45036.1,44739.0,45025.2,21644.0
2025-08-14 21:00:00,44999.2,45112.4,44995.2,45101.6,4362.0
2025-08-15 01:00:00,45102.1,45234.8,45094.5,45230.8,5022.0
2025-08-15 05:00:00,45230.3,45288.5,45212.4,45215.6,8755.0
2025-08-15 09:00:00,45216.1,45238.5,45133.1,45180.0,9813.0
2025-08-15 13:00:00,45179.5,45208.0,44899.9,45013.3,41762.0
2025-08-15 17:00:00,45014.0,45089.9,44905.5,44925.8,19674.0
2025-08-17 22:00:00,45003.6,45035.1,44995.4,45029.4,2947.0
2025-08-18 02:00:00,45029.1,45029.6,44994.1,44998.1,2182.0
2025-08-18 06:00:00,44997.5,45006.2,44818.5,44883.6,12567.0
2025-08-18 10:00:00,44883.1,44996.9,44862.8,44874.7,15489.0
2025-08-18 14:00:00,44874.4,44996.8,44859.8,44893.3,29047.0
2025-08-18 18:00:00,44893.9,44946.0,44863.6,44897.6,11012.0
2025-08-18 21:00:00,44905.5,44965.3,44867.9,44885.1,3944.0
2025-08-19 01:00:00,44885.4,44916.0,44848.8,44857.3,4242.0
2025-08-19 05:00:00,44857.8,44909.4,44826.8,44906.8,6071.0
2025-08-19 09:00:00,44907.3,45020.6,44753.8,44994.5,9258.0
2025-08-19 13:00:00,44994.0,45205.8,44867.6,44911.2,35210.0
2025-08-19 17:00:00,44910.7,44950.5,44812.9,44948.5,20279.0
2025-08-19 21:00:00,44950.0,44978.4,44897.6,44906.3,6213.0
2025-08-20 01:00:00,44905.8,44928.7,44783.7,44830.1,7166.0
2025-08-20 05:00:00,44829.6,44874.7,44793.1,44817.0,8830.0
2025-08-20 09:00:00,44816.8,44942.2,44801.2,44925.7,9083.0
2025-08-20 13:00:00,44925.2,45047.8,44755.0,44874.9,52226.0
2025-08-20 17:00:00,44876.3,45016.5,44793.6,44926.3,28997.0
2025-08-20 21:00:00,44927.8,44945.6,44845.8,44868.1,5493.0
2025-08-21 01:00:00,44866.1,44946.6,44846.1,44885.9,5391.0
2025-08-21 05:00:00,44886.4,44926.0,44797.4,44799.9,9160.0
2025-08-21 09:00:00,44800.5,44830.3,44712.3,44744.2,14164.0
2025-08-21 13:00:00,44743.7,44890.9,44566.0,44718.9,47320.0
2025-08-21 17:00:00,44720.6,44834.6,44652.0,44802.2,24851.0
2025-08-21 21:00:00,44804.8,44869.8,44788.2,44819.8,5110.0
2025-08-22 01:00:00,44820.8,44850.5,44785.4,44804.8,5421.0
2025-08-22 05:00:00,44805.3,44912.8,44674.4,44907.0,10396.0
2025-08-22 09:00:00,44906.5,44943.6,44893.9,44912.0,7672.0
2025-08-22 13:00:00,44911.0,45762.0,44906.0,45673.9,55242.0
2025-08-22 17:00:00,45673.4,45722.3,45588.7,45641.7,22860.0
2025-08-24 22:00:00,45661.7,45661.7,45575.3,45578.7,6956.0
2025-08-25 02:00:00,45579.2,45628.8,45546.8,45626.7,3581.0
2025-08-25 06:00:00,45628.9,45632.2,45532.4,45545.9,6139.0
2025-08-25 10:00:00,45545.4,45580.6,45469.0,45515.3,14491.0
2025-08-25 14:00:00,45514.3,45533.4,45338.7,45372.3,29166.0
2025-08-25 18:00:00,45373.1,45376.8,45260.0,45315.1,11606.0
2025-08-25 21:00:00,45317.4,45350.2,45163.2,45205.3,7403.0
2025-08-26 01:00:00,45205.8,45266.9,45192.8,45223.5,7086.0
2025-08-26 05:00:00,45224.0,45278.2,45109.3,45200.5,15177.0
2025-08-26 09:00:00,45200.8,45256.6,45185.5,45239.6,9353.0
2025-08-26 13:00:00,45241.1,45319.1,45212.1,45284.2,32265.0
2025-08-26 17:00:00,45283.5,45455.0,45254.5,45453.0,17372.0
2025-08-26 21:00:00,45459.2,45468.6,45424.8,45430.6,2287.0
2025-08-27 01:00:00,45431.6,45469.8,45431.1,45455.1,2182.0
2025-08-27 05:00:00,45454.1,45474.0,45394.0,45426.6,6909.0
2025-08-27 09:00:00,45426.3,45463.3,45404.4,45421.8,6117.0
2025-08-27 13:00:00,45419.3,45563.0,45384.0,45522.6,29095.0
2025-08-27 17:00:00,45521.1,45622.9,45427.5,45581.5,17403.0
2025-08-27 21:00:00,45576.7,45600.4,45516.0,45579.2,6078.0
2025-08-28 01:00:00,45579.7,45670.2,45570.6,45637.6,4678.0
2025-08-28 05:00:00,45637.1,45732.7,45620.9,45670.3,9175.0
2025-08-28 09:00:00,45671.2,45686.3,45603.6,45625.5,9131.0
2025-08-28 13:00:00,45624.5,45658.3,45437.4,45570.8,42283.0
2025-08-28 17:00:00,45572.6,45678.2,45550.8,45571.1,21336.0
2025-08-28 21:00:00,45579.9,45596.1,45542.5,45567.5,3117.0
2025-08-29 01:00:00,45566.5,45583.3,45530.4,45532.3,3097.0
2025-08-29 05:00:00,45533.8,45580.5,45470.9,45478.2,8144.0
2025-08-29 09:00:00,45476.7,45562.0,45454.7,45538.8,10009.0
2025-08-29 13:00:00,45537.8,45621.3,45369.2,45506.7,42314.0
2025-08-29 17:00:00,45505.8,45574.1,45462.2,45554.8,19137.0
2025-08-31 22:00:00,45572.8,45672.3,45552.8,45601.8,6321.0
2025-09-01 02:00:00,45602.3,45603.2,45492.5,45512.9,7722.0
2025-09-01 06:00:00,45512.0,45609.6,45480.0,45544.3,11120.0
2025-09-01 10:00:00,45544.8,45562.3,45450.0,45532.4,8526.0
2025-09-01 14:00:00,45531.9,45582.4,45510.5,45558.0,5867.0
2025-09-01 18:00:00,45562.6,45567.8,45550.1,45567.8,66.0
2025-09-01 21:00:00,45555.7,45567.4,45467.9,45519.8,4214.0
2025-09-02 01:00:00,45519.3,45552.4,45468.5,45521.4,5065.0
2025-09-02 05:00:00,45521.0,45529.2,45223.8,45352.2,18442.0
2025-09-02 09:00:00,45352.5,45372.5,45039.1,45087.7,18158.0
2025-09-02 13:00:00,45087.4,45273.7,44927.6,45102.5,51296.0
2025-09-02 17:00:00,45099.4,45327.3,45093.3,45252.0,28079.0
2025-09-02 21:00:00,45257.3,45275.1,45181.7,45201.7,4984.0
2025-09-03 01:00:00,45201.2,45202.3,45127.9,45155.2,4779.0
2025-09-03 05:00:00,45154.2,45306.3,45104.2,45269.2,11791.0
2025-09-03 09:00:00,45270.2,45319.7,45176.6,45182.2,10488.0
2025-09-03 13:00:00,45181.7,45304.2,45045.7,45071.2,46641.0
2025-09-03 17:00:00,45068.6,45260.3,44976.5,45203.5,26807.0
2025-09-03 21:00:00,45200.2,45249.5,45152.1,45219.6,4446.0
2025-09-04 01:00:00,45218.6,45243.8,45181.9,45236.4,4564.0
2025-09-04 05:00:00,45237.1,45263.5,45182.5,45210.4,8914.0
2025-09-04 09:00:00,45211.9,45282.9,45193.3,45241.7,9759.0
2025-09-04 13:00:00,45241.2,45498.8,45169.3,45455.4,36940.0
2025-09-04 17:00:00,45453.6,45641.5,45451.1,45626.3,20018.0
2025-09-04 21:00:00,45627.3,45659.9,45590.5,45649.1,3898.0
2025-09-05 01:00:00,45648.6,45660.2,45624.8,45637.4,2414.0
2025-09-05 05:00:00,45638.9,45701.9,45614.9,45626.0,7191.0
2025-09-05 09:00:00,45626.5,45640.9,45425.6,45632.9,12976.0
2025-09-05 13:00:00,45633.4,45772.8,45208.6,45399.9,61543.0
2025-09-05 17:00:00,45400.0,45465.9,45267.3,45417.8,28996.0
2025-09-07 22:00:00,45408.5,45516.5,45365.5,45466.5,8143.0
2025-09-08 02:00:00,45467.5,45476.7,45419.7,45427.8,4684.0
2025-09-08 06:00:00,45427.7,45532.8,45427.7,45485.4,8835.0
2025-09-08 10:00:00,45485.9,45522.2,45278.7,45328.9,16244.0
2025-09-08 14:00:00,45328.4,45512.4,45293.9,45338.9,36034.0
2025-09-08 18:00:00,45336.8,45544.3,45319.5,45539.7,15030.0
2025-09-08 21:00:00,45537.1,45595.6,45537.1,45545.6,3196.0
2025-09-09 01:00:00,45545.1,45591.0,45517.8,45571.2,3741.0
2025-09-09 05:00:00,45570.7,45625.7,45525.9,45537.9,8367.0
2025-09-09 09:00:00,45535.4,45599.7,45506.2,45580.9,7592.0
2025-09-09 13:00:00,45581.4,45693.0,45431.2,45624.6,43442.0
2025-09-09 17:00:00,45626.1,45769.6,45608.7,45656.4,20347.0
2025-09-09 21:00:00,45671.1,45688.8,45608.8,45644.7,4717.0
2025-09-10 01:00:00,45645.2,45690.4,45634.7,45688.6,3593.0
2025-09-10 05:00:00,45688.7,45709.1,45611.2,45626.2,7970.0
2025-09-10 09:00:00,45627.2,45801.6,45585.6,45716.4,12098.0
2025-09-10 13:00:00,45715.9,45749.4,45376.0,45490.5,45559.0
2025-09-10 17:00:00,45489.5,45540.6,45381.0,45481.6,24463.0
2025-09-10 21:00:00,45476.8,45553.1,45474.8,45535.4,3936.0
2025-09-11 01:00:00,45534.4,45555.1,45504.3,45506.7,3833.0
2025-09-11 05:00:00,45507.2,45561.9,45483.5,45531.4,8091.0
2025-09-11 09:00:00,45531.9,45641.4,45500.5,45639.4,12307.0
2025-09-11 13:00:00,45640.9,46099.2,45566.3,46071.2,44447.0
2025-09-11 17:00:00,46069.7,46136.0,46050.8,46105.0,22108.0
2025-09-11 21:00:00,46103.0,46189.2,46100.9,46127.2,3573.0
2025-09-12 01:00:00,46127.7,46137.4,46085.7,46118.9,3042.0
2025-09-12 05:00:00,46119.4,46130.1,45989.3,46039.2,7984.0
2025-09-12 09:00:00,46038.7,46048.9,45995.1,46037.1,6837.0
2025-09-12 13:00:00,46038.7,46073.7,45892.3,45912.6,34495.0
2025-09-12 17:00:00,45914.3,45968.7,45800.9,45818.0,18949.0
2025-09-14 22:00:00,45826.1,45852.4,45797.9,45847.7,4515.0
2025-09-15 02:00:00,45847.2,45873.1,45838.8,45869.4,2268.0
2025-09-15 06:00:00,45869.8,45935.5,45797.1,45917.3,10929.0
2025-09-15 10:00:00,45917.8,45940.3,45797.9,45921.9,15401.0
2025-09-15 14:00:00,45927.4,45980.3,45769.0,45872.7,30732.0
2025-09-15 18:00:00,45873.2,45899.8,45795.3,45854.9,12953.0
2025-09-15 21:00:00,45858.2,45892.3,45844.4,45871.7,2447.0
2025-09-16 01:00:00,45872.2,45931.8,45864.6,45919.1,2671.0
2025-09-16 05:00:00,45918.6,45945.7,45883.4,45918.1,6697.0
2025-09-16 09:00:00,45917.6,45934.8,45827.0,45841.1,6428.0
2025-09-16 13:00:00,45838.6,45965.7,45663.5,45779.2,39650.0
2025-09-16 17:00:00,45777.9,45817.2,45713.8,45784.8,17219.0
2025-09-16 21:00:00,45788.0,45813.6,45772.2,45784.4,2364.0
2025-09-17 01:00:00,45784.9,45789.1,45718.4,45741.0,2863.0
2025-09-17 05:00:00,45741.5,45778.7,45715.0,45767.7,7405.0
2025-09-17 09:00:00,45767.6,45839.8,45744.6,45833.0,7090.0
2025-09-17 13:00:00,45834.0,46104.1,45808.3,45951.5,35345.0
2025-09-17 17:00:00,45952.1,46276.2,45680.5,46034.6,56383.0
2025-09-17 21:00:00,46033.9,46152.8,46020.7,46093.5,4650.0
2025-09-18 01:00:00,46094.5,46170.2,46094.1,46160.6,4512.0
2025-09-18 05:00:00,46160.1,46352.3,46095.7,46334.7,11941.0
2025-09-18 09:00:00,46335.2,46365.5,46098.7,46100.8,12323.0
2025-09-18 13:00:00,46099.8,46322.2,45942.4,46261.3,50044.0
2025-09-18 17:00:00,46261.0,46278.4,46091.7,46206.7,23231.0
2025-09-18 21:00:00,46204.5,46262.0,46175.6,46203.1,4326.0
2025-09-19 01:00:00,46202.1,46246.2,46158.8,46202.3,8096.0
2025-09-19 05:00:00,46203.3,46208.4,46050.0,46162.9,12733.0
2025-09-19 09:00:00,46163.4,46238.4,46127.9,46216.4,9299.0
2025-09-19 13:00:00,46217.4,46336.4,46090.1,46257.1,45958.0
2025-09-19 17:00:00,46258.1,46392.6,46224.1,46276.3,20398.0
2025-09-21 22:00:00,46268.2,46298.3,46208.2,46227.4,5778.0
2025-09-22 02:00:00,46227.9,46275.9,46218.7,46247.9,3201.0
2025-09-22 06:00:00,46248.3,46253.9,46129.3,46165.8,10315.0
2025-09-22 10:00:00,46164.7,46214.6,46031.2,46206.6,15481.0
2025-09-22 14:00:00,46206.8,46437.4,46155.5,46379.5,32513.0
2025-09-22 18:00:00,46379.0,46445.7,46347.2,46370.2,12645.0
2025-09-22 21:00:00,46374.2,46408.8,46354.4,46390.8,2646.0
2025-09-23 01:00:00,46390.3,46421.4,46362.7,46375.9,2941.0
2025-09-23 05:00:00,46375.4,46449.9,46367.6,46447.8,7351.0
2025-09-23 09:00:00,46448.3,46464.2,46397.8,46439.1,6683.0
2025-09-23 13:00:00,46438.6,46722.0,46365.3,46392.2,43365.0
2025-09-23 17:00:00,46395.4,46412.7,46216.5,46316.8,32099.0
2025-09-23 21:00:00,46333.9,46351.6,46291.1,46339.6,3393.0
2025-09-24 01:00:00,46339.1,46373.2,46309.2,46369.4,3734.0
2025-09-24 05:00:00,46369.7,46401.5,46293.4,46314.3,7015.0
2025-09-24 09:00:00,46314.8,46384.4,46285.0,46383.1,6776.0
2025-09-24 13:00:00,46382.6,46459.1,46110.3,46160.3,43514.0
2025-09-24 17:00:00,46161.1,46223.2,46092.6,46165.9,24248.0
2025-09-24 21:00:00,46170.4,46203.2,46146.2,46190.2,3064.0
2025-09-25 01:00:00,46189.2,46222.8,46177.6,46187.2,2580.0
2025-09-25 05:00:00,46186.5,46187.0,46067.9,46142.0,8903.0
2025-09-25 09:00:00,46142.4,46178.6,45956.4,45998.5,15666.0
2025-09-25 13:00:00,45998.1,46125.5,45884.2,45995.6,51361.0
2025-09-25 17:00:00,45994.1,46025.2,45783.2,45963.4,31919.0
2025-09-25 21:00:00,45955.2,46013.5,45942.8,45984.5,4419.0
2025-09-26 01:00:00,45984.0,46017.5,45935.7,45940.3,6789.0
2025-09-26 05:00:00,45941.3,46090.6,45934.2,46041.4,11854.0
2025-09-26 09:00:00,46041.1,46206.6,45999.5,46186.8,13540.0
2025-09-26 13:00:00,46187.3,46358.6,46044.1,46292.7,54458.0
2025-09-26 17:00:00,46290.3,46333.5,46219.1,46250.3,22155.0
2025-09-28 22:00:00,46273.4,46349.4,46256.3,46344.6,5691.0
2025-09-29 02:00:00,46343.6,46388.8,46333.7,46362.8,3803.0
2025-09-29 06:00:00,46363.3,46454.7,46354.3,46435.8,9328.0
2025-09-29 10:00:00,46436.3,46482.7,46168.2,46215.8,18033.0
2025-09-29 14:00:00,46214.6,46284.1,46142.4,46217.7,35956.0
2025-09-29 18:00:00,46217.9,46344.1,46191.1,46288.0,15175.0
2025-09-29 21:00:00,46285.9,46337.9,46282.6,46329.8,3577.0
2025-09-30 01:00:00,46328.8,46334.8,46282.6,46285.9,5408.0
2025-09-30 05:00:00,46284.9,46318.2,46188.2,46221.2,12180.0
2025-09-30 09:00:00,46218.7,46290.1,46165.3,46264.5,9305.0
2025-09-30 13:00:00,46265.0,46382.4,46096.4,46202.9,44682.0
2025-09-30 17:00:00,46204.4,46424.1,46136.1,46306.9,26261.0
2025-09-30 21:00:00,46310.3,46383.0,46269.3,46278.8,6023.0
2025-10-01 01:00:00,46279.3,46283.3,46199.7,46219.0,5990.0
2025-10-01 05:00:00,46218.5,46223.9,46050.9,46146.0,14369.0
2025-10-01 09:00:00,46145.0,46300.0,46135.9,46287.9,14290.0
2025-10-01 13:00:00,46288.4,46531.0,46247.7,46367.5,42000.0
2025-10-01 17:00:00,46366.6,46519.0,46352.7,46412.1,20772.0
2025-10-01 21:00:00,46413.3,46477.9,46407.6,46460.7,3814.0
2025-10-02 01:00:00,46461.7,46493.3,46416.7,46448.3,5035.0
2025-10-02 05:00:00,46447.3,46471.5,46409.9,46446.6,9804.0
2025-10-02 09:00:00,46446.1,46452.9,46388.6,46411.2,7251.0
2025-10-02 13:00:00,46410.7,46584.0,46269.3,46430.0,44451.0
2025-10-02 17:00:00,46427.9,46592.6,46394.0,46523.3,19281.0
2025-10-02 21:00:00,46532.0,46577.7,46501.6,46566.0,3472.0
2025-10-03 01:00:00,46565.5,46642.1,46554.5,46638.8,3880.0
2025-10-03 05:00:00,46637.8,46672.4,46601.4,46640.2,6630.0
2025-10-03 09:00:00,46641.2,46690.9,46578.0,46599.6,8005.0
2025-10-03 13:00:00,46600.1,47051.6,46567.8,47035.0,42058.0
2025-10-03 17:00:00,47032.5,47033.6,46738.0,46762.5,32847.0
2025-10-05 22:00:00,46798.0,46888.3,46787.1,46824.8,7830.0
2025-10-06 02:00:00,46824.3,46896.5,46815.0,46852.0,3973.0
2025-10-06 06:00:00,46851.5,46864.3,46777.6,46850.8,10309.0
2025-10-06 10:00:00,46850.6,46885.6,46522.0,46526.0,18008.0
2025-10-06 14:00:00,46527.0,46751.0,46422.6,46733.4,36412.0
2025-10-06 18:00:00,46733.5,46739.8,46663.7,46705.4,11990.0
2025-10-06 21:00:00,46702.4,46716.3,46605.7,46634.4,4830.0
2025-10-07 01:00:00,46636.9,46647.5,46590.2,46636.3,3755.0
2025-10-07 05:00:00,46635.3,46637.9,46549.5,46612.2,8339.0
2025-10-07 09:00:00,46611.2,46775.1,46608.4,46771.8,8278.0
2025-10-07 13:00:00,46771.3,46877.7,46446.6,46517.9,51252.0
2025-10-07 17:00:00,46518.4,46635.9,46480.5,46628.4,24197.0
2025-10-07 21:00:00,46623.5,46650.5,46569.0,46616.0,4208.0
2025-10-08 01:00:00,46615.5,46666.4,46615.5,46648.3,4370.0
2025-10-08 05:00:00,46648.8,46694.2,46598.3,46666.3,8186.0
2025-10-08 09:00:00,46666.8,46735.7,46632.6,46728.7,8086.0
2025-10-08 13:00:00,46729.2,46832.3,46504.7,46759.3,37002.0
2025-10-08 17:00:00,46759.8,46773.5,46594.8,46618.5,19865.0
2025-10-08 21:00:00,46621.2,46683.4,46614.3,46655.1,3403.0
2025-10-09 01:00:00,46654.6,46661.5,46544.5,46600.6,4895.0
2025-10-09 05:00:00,46601.1,46646.3,46589.8,46614.0,7938.0
2025-10-09 09:00:00,46616.0,46655.7,46590.2,46615.8,6340.0
2025-10-09 13:00:00,46616.3,46686.0,46330.8,46337.6,45411.0
2025-10-09 17:00:00,46333.6,46383.9,46262.8,46356.3,26740.0
2025-10-09 21:00:00,46357.6,46434.4,46353.9,46422.2,3783.0
2025-10-10 01:00:00,46424.7,46433.3,46378.4,46387.1,3383.0
2025-10-10 05:00:00,46385.1,46444.2,46357.0,46409.1,8866.0
2025-10-10 09:00:00,46409.4,46449.9,46352.7,46423.9,8054.0
2025-10-10 13:00:00,46424.4,46645.2,45759.4,45794.6,71082.0
2025-10-10 17:00:00,45791.2,45885.3,45172.0,45252.3,55495.0
2025-10-12 22:00:00,45802.2,45903.0,45762.1,45890.0,19231.0
2025-10-13 02:00:00,45889.0,45928.0,45859.3,45914.7,9132.0
2025-10-13 06:00:00,45914.4,46045.7,45862.8,45924.7,17442.0
2025-10-13 10:00:00,45924.5,46010.5,45780.4,46000.5,32392.0
2025-10-13 14:00:00,45999.5,46164.8,45836.1,46060.2,51293.0
2025-10-13 18:00:00,46059.2,46144.6,45969.6,46071.5,18008.0
2025-10-13 21:00:00,46079.3,46253.6,46078.9,46213.2,8177.0
2025-10-14 01:00:00,46209.7,46212.9,45960.4,46011.0,16485.0
2025-10-14 05:00:00,46011.5,46017.0,45727.3,45882.7,30090.0
2025-10-14 09:00:00,45883.2,45916.2,45585.1,45695.9,26289.0
2025-10-14 13:00:00,45696.4,46435.4,45445.5,46363.0,63740.0
2025-10-14 17:00:00,46363.6,46520.6,46174.2,46256.1,36416.0
2025-10-14 21:00:00,46253.0,46356.0,46250.4,46335.2,9466.0
2025-10-15 01:00:00,46333.7,46390.0,46298.8,46382.1,8853.0
2025-10-15 05:00:00,46383.1,46453.0,46361.0,46418.4,13187.0
2025-10-15 09:00:00,46417.9,46545.5,46415.3,46514.8,12540.0
2025-10-15 13:00:00,46515.3,46699.1,46293.1,46311.6,56672.0
2025-10-15 17:00:00,46312.1,46348.8,46021.3,46255.7,42533.0
2025-10-15 21:00:00,46255.3,46381.5,46253.1,46285.1,8847.0
2025-10-16 01:00:00,46284.6,46320.0,46248.5,46281.4,8360.0
2025-10-16 05:00:00,46281.9,46403.3,46257.5,46364.0,13766.0
2025-10-16 09:00:00,46363.5,46485.3,46294.8,46371.7,12229.0
2025-10-16 13:00:00,46373.2,46426.7,45892.2,46147.0,71213.0
2025-10-16 17:00:00,46145.2,46212.3,45781.4,45910.3,58238.0
2025-10-16 21:00:00,45904.6,45979.0,45835.5,45869.1,11694.0
2025-10-17 01:00:00,45871.1,45928.2,45798.8,45808.7,12677.0
2025-10-17 05:00:00,45811.7,45813.2,45414.4,45560.4,32287.0
2025-10-17 09:00:00,45558.9,46074.8,45554.1,45987.5,33795.0
2025-10-17 13:00:00,45988.5,46226.2,45905.8,46086.4,69595.0
2025-10-17 17:00:00,46086.9,46325.5,46009.5,46226.1,35262.0
2025-10-19 22:00:00,46306.7,46307.9,46119.6,46233.7,11780.0
2025-10-20 02:00:00,46233.2,46345.8,46215.8,46331.2,6550.0
2025-10-20 06:00:00,46330.2,46384.1,46257.1,46287.9,13649.0
2025-10-20 10:00:00,46288.4,46488.3,46219.6,46372.8,21698.0
2025-10-20 14:00:00,46373.3,46729.5,46369.4,46714.5,37313.0
2025-10-20 18:00:00,46714.0,46756.9,46682.9,46756.9,12567.0
2025-10-20 21:00:00,46756.9,46765.7,46714.7,46745.7,4864.0
2025-10-21 01:00:00,46745.2,46764.5,46688.2,46700.5,6336.0
2025-10-21 05:00:00,46701.5,46715.9,46616.1,46622.3,10527.0
2025-10-21 09:00:00,46621.8,46752.3,46619.9,46712.4,9407.0
2025-10-21 13:00:00,46712.8,47131.2,46678.1,46974.6,47696.0
2025-10-21 17:00:00,46977.2,47044.7,46908.7,46947.5,23835.0
2025-10-21 21:00:00,46953.0,46969.1,46892.7,46898.4,6795.0
2025-10-22 01:00:00,46897.9,46994.0,46886.8,46987.8,6765.0
2025-10-22 05:00:00,46988.3,46999.0,46899.5,46923.2,11041.0
2025-10-22 09:00:00,46922.7,46961.7,46881.3,46944.0,11731.0
2025-10-22 13:00:00,46944.5,46947.5,46498.3,46719.2,56719.0
2025-10-22 17:00:00,46715.9,46733.8,46453.8,46529.2,42043.0
2025-10-22 21:00:00,46530.0,46548.2,46415.2,46506.1,8256.0
2025-10-23 01:00:00,46505.6,46595.2,46497.6,46545.9,8253.0
2025-10-23 05:00:00,46546.4,46580.8,46504.7,46529.0,11803.0
2025-10-23 09:00:00,46528.5,46572.6,46458.3,46529.8,14883.0
2025-10-23 13:00:00,46528.3,46735.3,46477.0,46717.2,48364.0
2025-10-23 17:00:00,46715.0,46803.3,46641.1,46688.5,22022.0
2025-10-23 21:00:00,46691.5,46743.8,46689.6,46741.2,3898.0
2025-10-24 01:00:00,46740.2,46798.7,46739.2,46794.8,4500.0
2025-10-24 05:00:00,46795.8,46854.6,46718.4,46757.3,8905.0
2025-10-24 09:00:00,46756.3,47085.1,46754.8,46936.6,11004.0
2025-10-24 13:00:00,46937.6,47322.9,46924.5,47233.9,45270.0
2025-10-24 17:00:00,47233.7,47309.5,47193.1,47206.2,19526.0
2025-10-26 22:00:00,47519.1,47542.2,47440.8,47442.9,9835.0
2025-10-27 02:00:00,47443.4,47520.7,47422.8,47516.1,4650.0
2025-10-27 06:00:00,47516.6,47559.2,47456.9,47488.9,8831.0
2025-10-27 10:00:00,47488.4,47518.5,47370.1,47466.1,15923.0
2025-10-27 14:00:00,47466.6,47526.8,47375.6,47434.9,29315.0
2025-10-27 18:00:00,47435.0,47591.7,47410.7,47570.0,12586.0
2025-10-27 21:00:00,47562.2,47587.8,47539.1,47565.4,4496.0
2025-10-28 01:00:00,47564.9,47567.7,47517.1,47525.3,5882.0
2025-10-28 05:00:00,47525.8,47553.4,47513.3,47541.3,6979.0
2025-10-28 09:00:00,47541.5,47775.8,47520.0,47755.5,10739.0
2025-10-28 13:00:00,47756.0,47915.5,47681.0,47871.1,43719.0
2025-10-28 17:00:00,47870.1,47939.9,47648.4,47710.1,26169.0
2025-10-28 21:00:00,47713.4,47730.9,47652.5,47665.1,4169.0
2025-10-29 01:00:00,47664.6,47692.2,47644.7,47687.9,5768.0
2025-10-29 05:00:00,47687.4,47726.8,47608.3,47615.7,6927.0
2025-10-29 09:00:00,47615.2,47846.3,47574.8,47835.1,11554.0
2025-10-29 13:00:00,47835.6,48048.7,47787.3,47977.1,42217.0
2025-10-29 17:00:00,47976.4,47981.1,47448.1,47594.1,50592.0
2025-10-29 21:00:00,47611.4,47717.3,47522.7,47674.3,9341.0
2025-10-30 01:00:00,47674.8,47769.8,47493.9,47553.1,19857.0
2025-10-30 05:00:00,47552.3,47679.1,47525.9,47529.4,18638.0
2025-10-30 09:00:00,47529.2,47553.9,47404.0,47440.6,18682.0
2025-10-30 13:00:00,47439.6,48021.0,47393.4,47818.5,60241.0
2025-10-30 17:00:00,47817.5,47817.5,47483.2,47572.3,43303.0
2025-10-30 21:00:00,47579.5,47633.5,47528.0,47596.3,7290.0
2025-10-31 01:00:00,47595.3,47608.8,47508.1,47564.6,7577.0
2025-10-31 05:00:00,47564.1,47594.6,47525.2,47586.8,9654.0
2025-10-31 09:00:00,47585.8,47659.8,47476.7,47600.8,11745.0
2025-10-31 13:00:00,47600.3,47669.6,47406.5,47420.7,51733.0
2025-10-31 17:00:00,47417.9,47719.9,47342.9,47507.6,33846.0
2025-11-02 23:00:00,47587.2,47721.6,47582.4,47653.7,8215.0
2025-11-03 03:00:00,47654.2,47656.7,47577.0,47597.3,7202.0
2025-11-03 07:00:00,47599.4,47684.9,47548.7,47612.3,11878.0
2025-11-03 11:00:00,47613.3,47642.7,47358.1,47381.2,20797.0
2025-11-03 15:00:00,47380.4,47435.4,47132.7,47366.0,42444.0
2025-11-03 19:00:00,47364.8,47408.6,47284.9,47314.3,16902.0
2025-11-03 22:00:00,47317.3,47327.2,47238.1,47263.6,6887.0
2025-11-04 02:00:00,47262.6,47267.5,47080.2,47100.3,13214.0
2025-11-04 06:00:00,47099.8,47119.6,46869.8,46871.8,23816.0
2025-11-04 10:00:00,46871.3,47091.2,46843.0,47076.2,17764.0
2025-11-04 14:00:00,47074.7,47269.7,46877.9,47055.9,43432.0
2025-11-04 18:00:00,47053.8,47194.0,46978.0,47169.1,35110.0
2025-11-04 22:00:00,47167.1,47204.8,46953.6,46973.8,16914.0
2025-11-05 02:00:00,46974.3,47172.2,46961.6,47136.7,21343.0
2025-11-05 06:00:00,47134.7,47192.8,47096.4,47117.0,16023.0
2025-11-05 10:00:00,47116.0,47151.4,47027.6,47140.0,16472.0
2025-11-05 14:00:00,47139.5,47456.6,47039.9,47376.0,53485.0
2025-11-05 18:00:00,47377.0,47440.5,47296.2,47336.9,25081.0
2025-11-05 22:00:00,47349.0,47378.1,47247.0,47278.0,11595.0
2025-11-06 02:00:00,47277.0,47326.9,47239.1,47284.3,9432.0
2025-11-06 06:00:00,47283.8,47322.2,47199.3,47300.6,13690.0
2025-11-06 10:00:00,47301.1,47387.4,47291.2,47329.3,11185.0
2025-11-06 14:00:00,47329.2,47355.3,46786.1,46897.6,62749.0
2025-11-06 18:00:00,46894.5,47094.7,46790.4,46984.9,39001.0
2025-11-06 22:00:00,46983.6,47058.8,46912.8,46971.1,12150.0
2025-11-07 02:00:00,46971.6,47032.9,46887.8,47027.0,13368.0
2025-11-07 06:00:00,47027.5,47056.9,46933.6,46957.7,14515.0
2025-11-07 10:00:00,46958.2,46975.5,46747.6,46823.4,24642.0
2025-11-07 14:00:00,46822.5,46888.2,46495.7,46664.8,62298.0
2025-11-07 18:00:00,46664.4,47059.1,46650.1,47047.8,41080.0
2025-11-09 23:00:00,47177.3,47208.8,47053.3,47085.5,13003.0
2025-11-10 03:00:00,47085.0,47120.5,47052.5,47075.6,7251.0
2025-11-10 07:00:00,47075.0,47215.5,47049.5,47192.4,11881.0
2025-11-10 11:00:00,47193.4,47331.3,47128.8,47132.5,22281.0
2025-11-10 15:00:00,47133.8,47300.8,46941.6,47290.3,42459.0
2025-11-10 19:00:00,47291.6,47410.4,47290.4,47352.5,14845.0
2025-11-10 22:00:00,47348.8,47419.1,47345.0,47367.5,8047.0
2025-11-11 02:00:00,47366.5,47405.6,47351.5,47362.1,9439.0
2025-11-11 06:00:00,47362.6,47392.1,47311.9,47331.0,10672.0
2025-11-11 10:00:00,47330.5,47405.5,47325.4,47386.4,9350.0
2025-11-11 14:00:00,47386.8,47826.5,47372.4,47821.9,43177.0
2025-11-11 18:00:00,47820.6,47973.9,47818.8,47930.0,26418.0
2025-11-11 22:00:00,47928.0,47968.9,47910.4,47962.1,7324.0
2025-11-12 02:00:00,47962.6,47984.0,47932.5,47970.9,7218.0
2025-11-12 06:00:00,47970.4,48012.0,47958.0,47999.0,3886.0
2025-11-12 10:00:00,47998.0,48051.7,47959.4,48037.1,9647.0
2025-11-12 14:00:00,48037.6,48420.3,48020.4,48332.5,39108.0
2025-11-12 18:00:00,48332.7,48355.7,48234.6,48272.4,27917.0
2025-11-12 22:00:00,48273.2,48369.4,48194.3,48343.3,14763.0
2025-11-13 02:00:00,48343.8,48392.9,48314.3,48375.5,10482.0
2025-11-13 06:00:00,48376.5,48402.2,48253.6,48275.9,16056.0
2025-11-13 10:00:00,48274.9,48317.9,48123.0,48172.1,18272.0
2025-11-13 14:00:00,48172.4,48229.1,47743.1,47754.9,43264.0
2025-11-13 18:00:00,47754.2,47792.8,47412.8,47477.0,36243.0
2025-11-13 22:00:00,47479.4,47555.0,47477.0,47530.2,13879.0
2025-11-14 02:00:00,47531.2,47541.0,47426.8,47472.1,15108.0
2025-11-14 06:00:00,47471.6,47478.9,47327.5,47363.4,25606.0
2025-11-14 10:00:00,47362.9,47402.9,47062.4,47139.3,28706.0
2025-11-14 14:00:00,47139.8,47374.9,46852.1,47298.6,46135.0
2025-11-14 18:00:00,47297.0,47330.3,47106.9,47178.4,33932.0
2025-11-16 23:00:00,47130.5,47183.1,47017.6,47171.4,18640.0
2025-11-17 03:00:00,47172.1,47210.8,47164.0,47184.9,9725.0
2025-11-17 07:00:00,47183.8,47287.1,47107.7,47118.0,18697.0
2025-11-17 11:00:00,47114.5,47207.5,46999.9,47107.6,26941.0
2025-11-17 15:00:00,47107.0,47178.1,46764.2,46764.2,42841.0
2025-11-17 19:00:00,46764.8,46780.3,46430.9,46609.4,26759.0
2025-11-17 22:00:00,46605.6,46674.5,46557.7,46648.1,16100.0
2025-11-18 02:00:00,46647.6,46673.2,46313.1,46409.6,24225.0
2025-11-18 06:00:00,46411.1,46537.1,46293.9,46476.7,28059.0
2025-11-18 10:00:00,46477.2,46480.5,46161.8,46237.9,25883.0
2025-11-18 14:00:00,46238.2,46319.3,45913.4,46269.6,48631.0
2025-11-18 18:00:00,46273.5,46369.4,46020.0,46032.6,37681.0
2025-11-18 22:00:00,46030.0,46168.3,46025.4,46099.4,19048.0
2025-11-19 02:00:00,46101.9,46181.6,45983.0,46062.8,19917.0
2025-11-19 06:00:00,46064.3,46167.6,46043.8,46166.4,21859.0
2025-11-19 10:00:00,46167.4,46221.5,46131.1,46157.2,19919.0
2025-11-19 14:00:00,46155.2,46305.0,45911.1,46037.0,43939.0
2025-11-19 18:00:00,46036.6,46226.4,45902.2,46146.2,40623.0
2025-11-19 22:00:00,46151.8,46400.1,46126.2,46381.9,15757.0
2025-11-20 02:00:00,46381.4,46462.2,46351.5,46408.9,12516.0
2025-11-20 06:00:00,46408.8,46482.5,46307.3,46332.6,18696.0
2025-11-20 10:00:00,46334.6,46602.7,46304.7,46590.2,23267.0
2025-11-20 14:00:00,46592.2,46860.8,45733.6,45853.0,48977.0
2025-11-20 18:00:00,45849.5,46152.8,45697.6,45739.1,41842.0
2025-11-20 22:00:00,45741.0,45976.5,45710.2,45949.1,20094.0
2025-11-21 02:00:00,45951.1,46021.9,45875.5,45905.7,22273.0
2025-11-21 06:00:00,45906.2,45995.2,45765.2,45901.9,26197.0
2025-11-21 10:00:00,45901.4,46092.3,45753.1,46009.1,34166.0
2025-11-21 14:00:00,46008.6,46493.3,45782.6,46407.5,50097.0
2025-11-21 18:00:00,46408.3,46581.2,46194.2,46286.1,37906.0
2025-11-23 23:00:00,46471.5,46481.6,46309.6,46405.9,17043.0
2025-11-24 03:00:00,46406.9,46414.3,46322.0,46351.4,12568.0
2025-11-24 07:00:00,46350.0,46436.1,46153.4,46221.5,24318.0
2025-11-24 11:00:00,46221.0,46429.7,46096.4,46287.3,28885.0
2025-11-24 15:00:00,46285.3,46586.5,46280.9,46546.1,39186.0
2025-11-24 19:00:00,46545.8,46566.1,46408.2,46440.3,20238.0
2025-11-24 22:00:00,46439.2,46463.3,46364.2,46371.6,10248.0
2025-11-25 02:00:00,46372.1,46421.6,46349.9,46389.1,10717.0
2025-11-25 06:00:00,46389.6,46434.7,46343.0,46367.7,16218.0
2025-11-25 10:00:00,46367.2,46519.7,46342.9,46470.6,21030.0
2025-11-25 14:00:00,46471.1,47030.7,46328.4,46985.4,43366.0
2025-11-25 18:00:00,46987.4,47182.3,46969.4,47129.8,27182.0
2025-11-25 22:00:00,47120.6,47209.4,47112.3,47202.3,9016.0
2025-11-26 02:00:00,47201.8,47229.7,47183.3,47215.3,7287.0
2025-11-26 06:00:00,47214.8,47270.1,47174.1,47207.7,13339.0
2025-11-26 10:00:00,47208.7,47236.5,47118.2,47230.6,17499.0
2025-11-26 14:00:00,47232.1,47570.6,47191.3,47534.3,37980.0
2025-11-26 18:00:00,47533.9,47557.6,47409.6,47423.0,25218.0
2025-11-26 22:00:00,47423.4,47459.2,47394.4,47450.2,6729.0
2025-11-27 02:00:00,47451.2,47456.9,47417.3,47443.3,5215.0
2025-11-27 06:00:00,47443.8,47449.0,47373.2,47373.2,9237.0
2025-11-27 10:00:00,47373.6,47428.1,47364.9,47411.3,8040.0
2025-11-27 14:00:00,47411.8,47444.6,47382.5,47404.8,7320.0
2025-11-27 18:00:00,47406.3,47428.8,47398.1,47427.6,91.0
2025-11-27 22:00:00,47413.9,47509.7,47413.5,47470.5,2995.0
2025-11-28 02:00:00,47470.0,47486.5,47461.6,47472.7,193.0
2025-11-28 10:00:00,47540.2,47591.6,47416.4,47470.0,1671.0
2025-11-28 14:00:00,47470.1,47754.8,47445.1,47707.0,28312.0
2025-11-28 18:00:00,47712.2,47735.2,47674.7,47677.4,2112.0
2025-11-30 23:00:00,47721.4,47742.4,47502.1,47511.7,19008.0
2025-12-01 03:00:00,47511.2,47519.4,47427.6,47470.4,10650.0
2025-12-01 07:00:00,47471.3,47548.5,47426.7,47485.0,16248.0
2025-12-01 11:00:00,47483.0,47683.4,47398.0,47653.3,22380.0
2025-12-01 15:00:00,47652.8,47676.2,47330.5,47537.4,36777.0
2025-12-01 19:00:00,47537.8,47539.7,47266.6,47272.1,20066.0
2025-12-01 22:00:00,47272.4,47303.9,47248.6,47271.1,9039.0
2025-12-02 02:00:00,47271.6,47289.1,47212.3,47244.2,8683.0
2025-12-02 06:00:00,47242.2,47330.8,47202.9,47317.8,12928.0
2025-12-02 10:00:00,47318.0,47424.6,47295.0,47420.7,12709.0
2025-12-02 14:00:00,47420.2,47600.4,47262.7,47368.0,40619.0
2025-12-02 18:00:00,47370.8,47592.2,47309.5,47487.5,27738.0
2025-12-02 22:00:00,47489.7,47565.1,47484.4,47553.4,7592.0
2025-12-03 02:00:00,47553.6,47612.3,47549.2,47582.8,5702.0
2025-12-03 06:00:00,47582.3,47603.2,47542.4,47579.9,11538.0
2025-12-03 10:00:00,47580.4,47615.8,47528.4,47560.9,12002.0
2025-12-03 14:00:00,47559.9,47850.7,47372.2,47826.3,42259.0
2025-12-03 18:00:00,47825.9,48001.6,47807.4,47964.5,25782.0
2025-12-03 22:00:00,47963.3,47972.9,47902.6,47934.4,6568.0
2025-12-04 02:00:00,47933.9,47952.0,47909.2,47938.7,5950.0
2025-12-04 06:00:00,47939.2,47964.5,47883.7,47946.0,10434.0
2025-12-04 10:00:00,47946.1,47952.7,47883.6,47906.3,11314.0
2025-12-04 14:00:00,47907.3,48058.7,47769.4,47875.6,39551.0
2025-12-04 18:00:00,47877.0,47937.5,47690.7,47838.6,27564.0
2025-12-04 22:00:00,47836.1,47886.6,47823.4,47883.1,6500.0
2025-12-05 02:00:00,47882.6,47920.6,47865.3,47894.2,6071.0
2025-12-05 06:00:00,47892.2,47917.8,47840.1,47845.6,9390.0
2025-12-05 10:00:00,47845.5,47930.1,47763.6,47805.2,11849.0
2025-12-05 14:00:00,47805.3,48129.6,47803.0,47998.8,38691.0
2025-12-05 18:00:00,47995.2,48059.9,47880.7,47934.2,26120.0
2025-12-07 23:00:00,47972.5,47972.5,47899.0,47946.9,8997.0
2025-12-08 03:00:00,47946.4,47974.2,47936.7,47949.1,4238.0
2025-12-08 07:00:00,47948.8,47986.4,47920.0,47961.5,10634.0
2025-12-08 11:00:00,47961.0,48002.9,47767.3,47904.7,16313.0
2025-12-08 15:00:00,47905.9,47906.8,47611.0,47641.0,36785.0
2025-12-08 19:00:00,47640.2,47760.3,47623.2,47746.5,17934.0
2025-12-08 22:00:00,47762.8,47770.7,47715.0,47733.1,7174.0
2025-12-09 02:00:00,47733.6,47765.2,47725.5,47737.3,5793.0
2025-12-09 06:00:00,47737.8,47800.2,47720.5,47763.1,10043.0
2025-12-09 10:00:00,47762.1,47811.1,47673.2,47700.3,14316.0
2025-12-09 14:00:00,47700.4,47951.7,47609.1,47667.1,37439.0
2025-12-09 18:00:00,47666.6,47682.6,47516.7,47523.0,27029.0
2025-12-09 22:00:00,47529.7,47578.4,47526.6,47547.1,5714.0
2025-12-10 02:00:00,47545.1,47600.4,47544.6,47568.2,5337.0
2025-12-10 06:00:00,47567.7,47603.4,47545.2,47567.5,10290.0
2025-12-10 10:00:00,47567.0,47611.7,47471.5,47552.5,15014.0
2025-12-10 14:00:00,47552.6,47818.6,47453.4,47773.2,36654.0
2025-12-10 18:00:00,47769.8,48194.8,47689.6,48104.4,36492.0
2025-12-10 22:00:00,48103.4,48122.7,48041.0,48043.8,6710.0
2025-12-11 02:00:00,48040.3,48045.4,47817.9,47854.1,16890.0
2025-12-11 06:00:00,47854.6,47974.9,47820.0,47972.4,17256.0
2025-12-11 10:00:00,47972.9,48101.9,47933.4,48061.6,16884.0
2025-12-11 14:00:00,48062.1,48723.3,48061.6,48653.3,42830.0
2025-12-11 18:00:00,48654.3,48775.7,48634.3,48762.7,27942.0
2025-12-11 22:00:00,48759.4,48838.3,48650.9,48816.3,8689.0
2025-12-12 02:00:00,48815.8,48844.9,48795.4,48836.0,7937.0
2025-12-12 06:00:00,48836.3,48879.8,48784.9,48816.5,12844.0
2025-12-12 10:00:00,48815.5,48839.4,48758.3,48831.5,14770.0
2025-12-12 14:00:00,48830.5,48877.8,48331.8,48547.6,44031.0
2025-12-12 18:00:00,48549.0,48608.9,48378.2,48484.8,30361.0
2025-12-14 23:00:00,48475.5,48594.0,48418.0,48569.4,10161.0
2025-12-15 03:00:00,48569.9,48620.2,48557.0,48588.7,10137.0
2025-12-15 07:00:00,48589.2,48684.4,48556.7,48682.9,16045.0
2025-12-15 11:00:00,48683.4,48714.8,48473.5,48473.8,18736.0
2025-12-15 15:00:00,48472.0,48503.4,48265.7,48364.8,41882.0
2025-12-15 19:00:00,48364.2,48462.0,48335.2,48439.8,18953.0
2025-12-15 22:00:00,48436.8,48464.2,48263.4,48300.9,13288.0
2025-12-16 02:00:00,48301.9,48337.5,48246.2,48254.7,15309.0
2025-12-16 06:00:00,48255.7,48361.8,48247.1,48284.4,16212.0
2025-12-16 10:00:00,48284.9,48516.0,48273.2,48397.0,18228.0
2025-12-16 14:00:00,48398.5,48450.3,47966.7,47976.3,42677.0
2025-12-16 18:00:00,47970.8,48225.1,47918.9,48078.1,32645.0
2025-12-16 22:00:00,48083.4,48118.3,48002.0,48112.3,13913.0
2025-12-17 02:00:00,48112.8,48115.2,48040.8,48092.1,12435.0
2025-12-17 06:00:00,48091.6,48213.2,48090.0,48198.6,16575.0
2025-12-17 10:00:00,48198.1,48265.2,48183.6,48226.6,14810.0
2025-12-17 14:00:00,48227.1,48388.5,47954.7,47997.2,46536.0
2025-12-17 18:00:00,48000.5,48065.6,47861.2,47915.0,33144.0
2025-12-17 22:00:00,47915.2,47959.8,47862.2,47885.0,14990.0
2025-12-18 02:00:00,47890.0,47937.0,47802.2,47847.0,15876.0
2025-12-18 06:00:00,47846.0,47962.4,47824.2,47956.8,17701.0
2025-12-18 10:00:00,47957.8,48171.9,47946.8,48100.3,18762.0
2025-12-18 14:00:00,48099.3,48382.7,47840.5,48062.7,46184.0
2025-12-18 18:00:00,48064.1,48188.4,47884.7,47901.1,35823.0
2025-12-18 22:00:00,47895.8,47930.4,47863.1,47908.6,11635.0
2025-12-19 02:00:00,47908.1,47922.9,47843.6,47852.4,13395.0
2025-12-19 06:00:00,47852.9,48037.8,47786.1,48035.8,20484.0
2025-12-19 10:00:00,48036.3,48045.8,47921.2,47955.8,20825.0
2025-12-19 14:00:00,47956.3,48297.1,47937.2,48236.0,40317.0
2025-12-19 18:00:00,48236.5,48282.1,48086.6,48147.6,21813.0
2025-12-21 23:00:00,48230.0,48236.4,48163.2,48182.9,10486.0
2025-12-22 03:00:00,48183.4,48189.4,48146.4,48161.9,4602.0
2025-12-22 07:00:00,48161.6,48209.8,48152.3,48173.9,8983.0
2025-12-22 11:00:00,48173.8,48376.3,48121.9,48239.2,15919.0
2025-12-22 15:00:00,48241.8,48453.8,48217.7,48356.6,31739.0
2025-12-22 19:00:00,48360.1,48405.1,48332.1,48350.0,13687.0
2025-12-22 22:00:00,48336.8,48380.1,48329.5,48365.5,4277.0
2025-12-23 02:00:00,48366.0,48387.4,48320.0,48333.8,4750.0
2025-12-23 06:00:00,48334.2,48399.9,48328.8,48397.4,7196.0
2025-12-23 10:00:00,48398.1,48409.9,48260.9,48269.7,9915.0
2025-12-23 14:00:00,48269.2,48474.4,48216.8,48448.3,30708.0
2025-12-23 18:00:00,48450.9,48523.0,48401.9,48405.1,16806.0
2025-12-23 22:00:00,48403.4,48424.3,48398.6,48417.9,4410.0
2025-12-24 02:00:00,48417.4,48426.5,48404.2,48407.6,3227.0
2025-12-24 06:00:00,48407.1,48425.6,48392.5,48419.7,3481.0
2025-12-24 10:00:00,48420.1,48453.4,48399.9,48441.8,4685.0
2025-12-24 14:00:00,48441.3,48771.5,48373.6,48706.5,26096.0
2025-12-24 18:00:00,48707.0,48736.4,48691.9,48704.5,1399.0
2025-12-25 22:00:00,48721.1,48770.4,48702.3,48706.6,4861.0
2025-12-26 02:00:00,48707.1,48722.1,48680.9,48701.7,3241.0
2025-12-26 06:00:00,48701.6,48724.9,48651.3,48672.8,4520.0
2025-12-26 10:00:00,48672.3,48696.9,48615.2,48680.8,6210.0
2025-12-26 14:00:00,48681.3,48764.5,48597.0,48616.1,28888.0
2025-12-26 18:00:00,48616.6,48718.6,48571.0,48699.1,15637.0
2025-12-28 23:00:00,48701.3,48748.4,48696.6,48699.6,7498.0
2025-12-29 03:00:00,48699.1,48721.4,48676.7,48693.6,4841.0
2025-12-29 07:00:00,48694.2,48728.3,48651.2,48702.4,11577.0
2025-12-29 11:00:00,48702.3,48711.2,48511.0,48547.7,17122.0
2025-12-29 15:00:00,48547.9,48560.7,48387.4,48479.5,30150.0
2025-12-29 19:00:00,48478.0,48560.6,48436.5,48484.8,13106.0
2025-12-29 22:00:00,48475.1,48501.4,48460.0,48483.1,5013.0
2025-12-30 02:00:00,48483.6,48493.0,48458.0,48480.0,5098.0
2025-12-30 06:00:00,48479.5,48492.7,48411.8,48476.6,7294.0
2025-12-30 10:00:00,48477.1,48489.9,48432.7,48463.8,8579.0
2025-12-30 14:00:00,48464.3,48487.6,48297.3,48399.1,30319.0
2025-12-30 18:00:00,48397.7,48431.3,48359.6,48392.9,17786.0
2025-12-30 22:00:00,48391.7,48414.3,48308.1,48329.9,5262.0
2025-12-31 02:00:00,48329.4,48371.4,48321.5,48326.0,4983.0
2025-12-31 06:00:00,48326.2,48339.7,48295.7,48301.3,7045.0
2025-12-31 10:00:00,48300.8,48390.0,48286.7,48374.6,7382.0
2025-12-31 14:00:00,48374.1,48397.8,48163.8,48182.7,28001.0
2025-12-31 18:00:00,48181.7,48294.3,48037.6,48064.5,21250.0
2026-01-01 22:00:00,48099.8,48160.8,48074.4,48143.5,6504.0
2026-01-02 02:00:00,48144.0,48195.3,48137.5,48190.0,4840.0
2026-01-02 06:00:00,48189.5,48243.4,48137.3,48240.2,8906.0
2026-01-02 10:00:00,48240.5,48289.7,48184.9,48209.8,10426.0
2026-01-02 14:00:00,48209.9,48274.2,47813.2,48137.5,41987.0
2026-01-02 18:00:00,48137.2,48403.7,48080.6,48353.1,28042.0
2026-01-04 23:00:00,48382.2,48403.9,48335.2,48392.7,14243.0
2026-01-05 03:00:00,48393.2,48434.8,48346.7,48431.4,6331.0
2026-01-05 07:00:00,48430.9,48444.2,48367.2,48385.9,13817.0
2026-01-05 11:00:00,48386.9,48955.6,48314.9,48905.1,20118.0
2026-01-05 15:00:00,48907.4,49205.4,48885.2,49191.9,36791.0
2026-01-05 19:00:00,49193.4,49210.3,48957.5,48963.0,18301.0
2026-01-05 22:00:00,48958.5,49016.3,48948.9,49000.3,7377.0
2026-01-06 02:00:00,49000.8,49017.5,48970.5,48974.1,4882.0
2026-01-06 06:00:00,48974.0,49019.1,48845.8,48850.8,11921.0
2026-01-06 10:00:00,48850.7,48961.2,48844.4,48928.1,11733.0
2026-01-06 14:00:00,48928.6,49415.7,48885.4,49401.7,38380.0
2026-01-06 18:00:00,49403.1,49509.8,49383.0,49487.5,22782.0
2026-01-06 22:00:00,49487.3,49535.3,49473.5,49525.2,6653.0
2026-01-07 02:00:00,49524.9,49552.8,49511.1,49531.7,5792.0
2026-01-07 06:00:00,49532.7,49543.2,49476.8,49491.3,8390.0
2026-01-07 10:00:00,49490.3,49545.6,49464.5,49533.9,10856.0
2026-01-07 14:00:00,49534.4,49620.9,49204.7,49277.0,37748.0
2026-01-07 18:00:00,49276.4,49276.4,48935.9,48989.2,28310.0
2026-01-07 22:00:00,48988.9,49043.3,48987.0,49011.1,5996.0
2026-01-08 02:00:00,49011.4,49023.0,48869.7,48871.6,8022.0
2026-01-08 06:00:00,48872.1,48910.0,48824.7,48856.6,14064.0
2026-01-08 10:00:00,48856.3,48870.3,48793.0,48822.1,13028.0
2026-01-08 14:00:00,48820.1,49353.8,48764.0,49320.4,39843.0
2026-01-08 18:00:00,49321.3,49364.0,49212.7,49334.1,26837.0
2026-01-08 22:00:00,49336.2,49364.2,49251.5,49263.0,7561.0
2026-01-09 02:00:00,49263.5,49292.2,49252.0,49274.8,6824.0
2026-01-09 06:00:00,49274.3,49292.9,49226.3,49292.7,10557.0
2026-01-09 10:00:00,49293.7,49451.8,49253.9,49418.2,13610.0
2026-01-09 14:00:00,49415.7,49572.2,49184.0,49480.2,41065.0
2026-01-09 18:00:00,49480.4,49551.6,49443.7,49508.5,22500.0
2026-01-11 23:00:00,49475.7,49476.9,49270.3,49277.6,16646.0
2026-01-12 03:00:00,49278.1,49294.8,49244.6,49282.4,7446.0
2026-01-12 07:00:00,49281.4,49307.2,49121.8,49132.9,15255.0
2026-01-12 11:00:00,49133.4,49347.3,48996.1,49330.1,20098.0
2026-01-12 15:00:00,49332.4,49543.3,49200.1,49533.2,33882.0
2026-01-12 19:00:00,49534.0,49631.2,49495.8,49539.3,16205.0
2026-01-12 22:00:00,49544.1,49558.5,49508.1,49543.7,7024.0
2026-01-13 02:00:00,49544.2,49582.2,49538.9,49565.2,5722.0
2026-01-13 06:00:00,49565.9,49570.9,49519.6,49533.9,7371.0
2026-01-13 10:00:00,49534.4,49686.0,49459.2,49551.9,13658.0
2026-01-13 14:00:00,49551.7,49606.0,49198.8,49243.9,41006.0
2026-01-13 18:00:00,49243.4,49304.5,49058.8,49166.7,28286.0
2026-01-13 22:00:00,49171.2,49180.7,49089.8,49095.6,6672.0
2026-01-14 02:00:00,49095.5,49126.1,49046.5,49053.8,7302.0
2026-01-14 06:00:00,49054.3,49132.7,49045.3,49122.1,10584.0
2026-01-14 10:00:00,49122.4,49123.5,48999.2,49028.9,17993.0
2026-01-14 14:00:00,49027.9,49189.4,48852.0,48926.6,43192.0
2026-01-14 18:00:00,48926.2,49170.5,48907.2,49088.1,30807.0
2026-01-14 22:00:00,49074.2,49130.3,49044.6,49124.7,9805.0
2026-01-15 02:00:00,49125.2,49164.7,49083.9,49131.7,9854.0
2026-01-15 06:00:00,49131.2,49219.8,49099.0,49197.3,15127.0
2026-01-15 10:00:00,49196.8,49305.3,49084.7,49122.8,14889.0
2026-01-15 14:00:00,49121.9,49571.3,49094.8,49482.2,40249.0
2026-01-15 18:00:00,49483.6,49588.3,49392.8,49439.1,27559.0
2026-01-15 22:00:00,49434.4,49498.5,49434.3,49479.7,6725.0
2026-01-16 02:00:00,49480.2,49564.5,49469.5,49533.5,5581.0
2026-01-16 06:00:00,49533.0,49545.6,49485.6,49496.3,8005.0
2026-01-16 10:00:00,49496.4,49523.2,49412.2,49455.4,12201.0
2026-01-16 14:00:00,49455.5,49607.2,49235.9,49413.5,38786.0
2026-01-16 18:00:00,49413.6,49526.4,49310.6,49354.9,25229.0
2026-01-18 23:00:00,49057.8,49123.8,48975.6,49011.1,16652.0
2026-01-19 03:00:00,49010.6,49015.4,48962.6,48976.5,6926.0
2026-01-19 07:00:00,48976.9,49054.4,48855.1,48872.5,19617.0
2026-01-19 11:00:00,48873.0,49025.5,48856.3,48935.8,17655.0
2026-01-19 15:00:00,48934.3,49007.0,48889.6,48945.9,13534.0
2026-01-19 19:00:00,48943.0,48952.3,48927.0,48934.4,116.0
2026-01-19 22:00:00,48947.0,48987.8,48867.4,48940.0,8436.0
2026-01-20 02:00:00,48940.5,48946.1,48890.7,48918.2,8138.0
2026-01-20 06:00:00,48917.7,48919.6,48513.9,48541.8,25901.0
2026-01-20 10:00:00,48541.3,48785.3,48509.3,48641.8,24793.0
2026-01-20 14:00:00,48644.3,48915.8,48583.6,48686.7,44143.0
2026-01-20 18:00:00,48686.1,48734.6,48430.3,48545.5,31717.0
2026-01-20 22:00:00,48547.7,48599.7,48504.4,48589.4,8700.0
2026-01-21 02:00:00,48589.9,48610.4,48555.4,48576.4,10022.0
2026-01-21 06:00:00,48575.9,48617.1,48504.3,48507.6,12998.0
2026-01-21 10:00:00,48508.1,48575.5,48312.6,48368.6,21833.0
2026-01-21 14:00:00,48361.6,49023.2,48355.8,48756.4,46553.0
2026-01-21 18:00:00,48754.4,49293.8,48628.8,49095.0,35320.0
2026-01-21 22:00:00,49086.9,49192.0,49086.9,49186.2,9381.0
2026-01-22 02:00:00,49186.7,49213.9,49127.1,49131.8,6985.0
2026-01-22 06:00:00,49131.3,49295.0,49079.5,49282.3,17804.0
2026-01-22 10:00:00,49282.8,49339.0,49190.1,49333.0,17917.0
2026-01-22 14:00:00,49332.0,49609.3,49253.5,49586.5,39270.0
2026-01-22 18:00:00,49588.1,49594.3,49294.0,49318.5,29056.0
2026-01-22 22:00:00,49321.7,49427.6,49309.4,49424.6,7827.0
2026-01-23 02:00:00,49425.0,49435.3,49396.3,49430.5,6242.0
2026-01-23 06:00:00,49430.0,49445.5,49257.6,49283.3,14222.0
2026-01-23 10:00:00,49282.8,49311.5,49132.3,49148.5,17686.0
2026-01-23 14:00:00,49147.5,49208.8,48971.0,48988.2,38737.0
2026-01-23 18:00:00,48988.9,49136.9,48959.5,49013.1,28295.0
2026-01-25 23:00:00,48714.0,49053.7,48708.3,48977.5,21497.0
2026-01-26 03:00:00,48978.0,49050.2,48964.1,49025.5,12633.0
2026-01-26 07:00:00,49026.0,49142.9,49000.8,49063.9,17158.0
2026-01-26 11:00:00,49064.4,49326.5,49060.8,49242.0,20756.0
2026-01-26 15:00:00,49244.2,49457.3,49201.2,49365.6,34648.0
2026-01-26 19:00:00,49366.1,49487.6,49220.3,49220.4,17712.0
2026-01-26 22:00:00,49218.6,49295.6,49210.0,49286.8,6580.0
2026-01-27 02:00:00,49286.9,49387.9,49286.4,49380.2,6536.0
2026-01-27 06:00:00,49380.7,49405.3,49333.8,49356.8,11357.0
2026-01-27 10:00:00,49355.8,49414.9,49077.3,49083.0,14217.0
2026-01-27 14:00:00,49084.0,49160.2,48888.9,48913.9,38183.0
2026-01-27 18:00:00,48916.0,49016.3,48857.1,48974.1,25062.0
2026-01-27 22:00:00,48979.9,49039.2,48972.3,49005.6,7043.0
2026-01-28 02:00:00,49004.6,49031.9,48982.7,49026.2,6175.0
2026-01-28 06:00:00,49036.7,49076.8,48975.0,49028.0,15156.0
2026-01-28 10:00:00,49027.5,49050.3,48945.2,48967.1,15439.0
2026-01-28 14:00:00,48966.6,49140.2,48906.1,48999.3,37903.0
2026-01-28 18:00:00,48997.6,49127.7,48849.1,48976.5,34798.0
2026-01-28 22:00:00,48970.5,49006.5,48841.4,48881.2,17683.0
2026-01-29 02:00:00,48881.6,49009.0,48877.1,48999.8,11751.0
2026-01-29 06:00:00,49000.8,49133.0,48997.8,49060.0,15828.0
2026-01-29 10:00:00,49059.5,49284.4,48986.3,49035.3,19761.0
2026-01-29 14:00:00,49035.9,49300.1,48589.9,48797.7,47126.0
2026-01-29 18:00:00,48793.2,49059.0,48768.1,48965.1,33573.0
2026-01-29 22:00:00,48963.0,49000.6,48789.7,48829.4,16810.0
2026-01-30 02:00:00,48829.9,48877.7,48766.8,48810.4,19906.0
2026-01-30 06:00:00,48811.4,48817.9,48565.1,48624.6,25871.0
2026-01-30 10:00:00,48623.1,48952.1,48613.0,48773.7,26548.0
2026-01-30 14:00:00,48771.7,49040.1,48501.8,48555.4,44808.0
2026-01-30 18:00:00,48552.9,48957.4,48443.2,48847.5,34886.0
2026-02-01 23:00:00,48786.4,48912.0,48634.9,48640.9,29067.0
2026-02-02 03:00:00,48641.9,48665.5,48380.9,48428.9,28224.0
2026-02-02 07:00:00,48427.4,48782.1,48401.2,48745.1,26465.0
2026-02-02 11:00:00,48745.6,49189.6,48685.5,49071.0,27195.0
2026-02-02 15:00:00,49071.1,49411.6,49007.4,49382.1,35779.0
2026-02-02 19:00:00,49382.2,49472.1,49354.9,49360.1,19319.0
2026-02-02 22:00:00,49355.9,49449.5,49351.7,49413.3,9981.0
2026-02-03 02:00:00,49412.3,49444.8,49386.5,49430.9,9976.0
2026-02-03 06:00:00,49431.5,49472.6,49363.2,49383.5,13461.0
2026-02-03 10:00:00,49383.6,49430.8,49333.1,49378.8,15342.0
2026-02-03 14:00:00,49378.3,49641.7,49018.5,49023.2,45210.0
2026-02-03 18:00:00,49022.9,49310.0,48830.6,49256.3,36442.0
2026-02-03 22:00:00,49251.9,49309.2,49244.8,49265.2,11490.0
2026-02-04 02:00:00,49272.2,49322.1,49265.5,49314.5,10929.0
2026-02-04 06:00:00,49315.0,49404.0,49288.1,49339.9,18471.0
2026-02-04 10:00:00,49340.2,49453.7,49320.0,49327.8,21019.0
2026-02-04 14:00:00,49326.8,49652.7,49206.6,49284.0,48326.0
2026-02-04 18:00:00,49283.5,49607.4,49110.6,49444.2,39131.0
2026-02-04 22:00:00,49450.3,49562.3,49382.0,49559.1,12824.0
2026-02-05 02:00:00,49559.6,49567.7,49369.2,49419.0,23407.0
2026-02-05 06:00:00,49421.0,49490.4,49311.6,49394.8,22832.0
2026-02-05 10:00:00,49395.3,49590.7,49279.8,49288.1,28402.0
2026-02-05 14:00:00,49289.1,49351.5,48818.7,49135.6,49240.0
2026-02-05 18:00:00,49137.1,49178.4,48749.6,48785.2,38546.0
2026-02-05 22:00:00,48756.1,48839.3,48617.2,48836.9,22044.0
2026-02-06 02:00:00,48837.4,48882.5,48753.4,48866.1,22513.0
2026-02-06 06:00:00,48865.1,49036.9,48830.9,48991.0,24015.0
2026-02-06 10:00:00,48991.5,49207.5,48957.0,49170.0,22948.0
2026-02-06 14:00:00,49167.5,49982.9,49160.4,49948.1,43940.0
2026-02-06 18:00:00,49948.5,50173.6,49913.8,50111.1,28480.0
2026-02-08 23:00:00,50221.4,50249.2,50170.3,50186.4,20839.0
2026-02-09 03:00:00,50186.9,50209.3,50147.1,50171.0,12937.0
2026-02-09 07:00:00,50171.5,50239.4,50009.7,50083.2,19286.0
2026-02-09 11:00:00,50082.7,50115.0,49823.6,49925.5,25842.0
2026-02-09 15:00:00,49920.5,50213.1,49912.6,50116.2,35761.0
2026-02-09 19:00:00,50115.7,50201.8,50089.9,50099.7,17117.0
2026-02-09 22:00:00,50102.8,50137.7,50070.4,50131.5,9760.0
2026-02-10 02:00:00,50132.0,50155.6,50100.4,50135.2,8585.0
2026-02-10 06:00:00,50135.7,50202.8,50083.2,50164.7,12543.0
2026-02-10 10:00:00,50164.0,50187.1,50017.0,50109.4,17529.0
2026-02-10 14:00:00,50107.9,50517.0,50107.4,50359.8,39318.0
2026-02-10 18:00:00,50358.6,50369.9,50113.3,50237.6,29196.0
2026-02-10 22:00:00,50231.7,50314.6,50229.2,50302.2,5185.0
2026-02-11 02:00:00,50302.7,50332.7,50282.7,50286.8,5857.0
2026-02-11 06:00:00,50287.8,50306.9,50232.3,50256.6,13412.0
2026-02-11 10:00:00,50257.1,50461.7,50182.1,50445.8,21772.0
2026-02-11 14:00:00,50443.8,50493.9,49901.4,50135.5,45853.0
2026-02-11 18:00:00,50138.0,50188.9,50022.8,50120.3,29551.0
2026-02-11 22:00:00,50116.8,50223.4,50085.0,50201.7,11385.0
2026-02-12 02:00:00,50202.2,50300.1,50177.3,50271.8,8827.0
2026-02-12 06:00:00,50271.9,50310.9,50220.6,50305.9,14552.0
2026-02-12 10:00:00,50305.4,50321.2,50200.3,50292.0,14970.0
2026-02-12 14:00:00,50293.0,50442.2,49471.2,49475.6,47311.0
2026-02-12 18:00:00,49475.1,49798.7,49400.7,49457.3,37897.0
2026-02-12 22:00:00,49449.7,49493.8,49375.1,49453.4,16659.0
2026-02-13 02:00:00,49462.4,49493.0,49337.8,49357.2,14629.0
2026-02-13 06:00:00,49357.7,49414.1,49283.5,49351.6,23741.0
2026-02-13 10:00:00,49351.7,49520.2,49227.4,49468.5,29853.0
2026-02-13 14:00:00,49468.0,49727.8,49082.3,49666.8,74044.0
2026-02-13 18:00:00,49667.2,49749.9,49357.2,49438.0,46164.0
2026-02-15 23:00:00,49532.0,49599.0,49423.4,49560.3,10073.0
2026-02-16 03:00:00,49560.8,49582.2,49525.1,49567.0,5797.0
2026-02-16 07:00:00,49567.3,49733.5,49561.8,49687.9,12090.0
2026-02-16 11:00:00,49688.4,49720.4,49539.4,49621.2,17475.0
2026-02-16 15:00:00,49623.2,49654.1,49473.5,49510.8,19261.0
2026-02-16 19:00:00,49508.6,49512.4,49499.3,49508.5,131.0
2026-02-16 22:00:00,49563.1,49610.4,49348.7,49369.8,9728.0
2026-02-17 02:00:00,49364.8,49419.2,49285.3,49304.9,15145.0
2026-02-17 06:00:00,49304.4,49527.0,49294.4,49502.4,17974.0
2026-02-17 10:00:00,49502.3,49517.9,49269.5,49406.7,24540.0
2026-02-17 14:00:00,49405.7,49717.2,49167.8,49465.3,80985.0
2026-02-17 18:00:00,49463.8,49686.1,49377.7,49552.4,45415.0
2026-02-17 22:00:00,49542.4,49564.0,49474.4,49521.5,7343.0
2026-02-18 02:00:00,49522.0,49598.1,49499.7,49583.6,5205.0
2026-02-18 06:00:00,49582.6,49804.3,49571.2,49759.7,10610.0
2026-02-18 10:00:00,49759.2,49803.4,49556.3,49572.6,15942.0
2026-02-18 14:00:00,49573.6,49896.3,49424.0,49830.6,51781.0
2026-02-18 18:00:00,49828.6,49857.9,49527.1,49637.0,38534.0
2026-02-18 22:00:00,49627.5,49689.4,49606.6,49660.9,7204.0
2026-02-19 02:00:00,49659.9,49684.1,49610.8,49669.4,5940.0
2026-02-19 06:00:00,49668.9,49719.6,49518.2,49562.7,14234.0
2026-02-19 10:00:00,49561.2,49568.5,49450.3,49483.7,20865.0
2026-02-19 14:00:00,49483.2,49604.1,49263.6,49286.3,66935.0
2026-02-19 18:00:00,49289.9,49424.3,49193.9,49356.3,39093.0
2026-02-19 22:00:00,49348.8,49469.0,49348.8,49443.6,6246.0
2026-02-20 02:00:00,49444.6,49495.3,49428.5,49491.0,5769.0
2026-02-20 06:00:00,49490.0,49547.4,49449.4,49466.0,10289.0
2026-02-20 10:00:00,49468.0,49481.5,49254.8,49312.1,21023.0
2026-02-20 14:00:00,49311.1,49712.4,49148.0,49432.1,76940.0
2026-02-20 18:00:00,49430.6,49661.5,49305.6,49624.4,43340.0
2026-02-22 23:00:00,49586.9,49613.0,49316.2,49326.1,16128.0
2026-02-23 03:00:00,49325.4,49360.4,49293.7,49355.1,5426.0
2026-02-23 07:00:00,49354.6,49520.5,49352.5,49496.0,12050.0
2026-02-23 11:00:00,49496.5,49713.5,49215.8,49226.9,26451.0
2026-02-23 15:00:00,49226.4,49258.0,48767.0,48876.6,61603.0
2026-02-23 19:00:00,48878.9,48903.0,48727.0,48826.9,26165.0
2026-02-23 22:00:00,48828.2,48872.2,48813.4,48838.9,8548.0
2026-02-24 02:00:00,48839.9,48897.5,48830.7,48855.5,5557.0
2026-02-24 06:00:00,48856.0,48904.3,48770.3,48883.2,14773.0
2026-02-24 10:00:00,48883.6,48968.9,48825.0,48954.7,16215.0
2026-02-24 14:00:00,48954.2,49260.8,48753.8,49222.0,54200.0
2026-02-24 18:00:00,49222.9,49291.8,49139.4,49151.8,24591.0
2026-02-24 22:00:00,49153.2,49230.1,49141.4,49224.1,5466.0
2026-02-25 02:00:00,49222.6,49239.7,49083.9,49173.6,9775.0
2026-02-25 06:00:00,49173.2,49262.1,49160.6,49254.8,10466.0
2026-02-25 10:00:00,49255.3,49366.9,49222.6,49359.5,10447.0
2026-02-25 14:00:00,49361.5,49489.1,49200.7,49482.1,48522.0
2026-02-25 18:00:00,49483.2,49533.9,49425.1,49451.8,21655.0
2026-02-25 22:00:00,49447.6,49492.7,49375.4,49426.8,9235.0
2026-02-26 02:00:00,49425.8,49432.3,49372.4,49385.2,4679.0
2026-02-26 06:00:00,49385.7,49465.5,49361.5,49437.0,10338.0
2026-02-26 10:00:00,49438.0,49624.3,49417.3,49595.1,10477.0
2026-02-26 14:00:00,49595.5,49830.3,49233.3,49255.8,64496.0
2026-02-26 18:00:00,49255.3,49560.1,49239.9,49304.3,35982.0
2026-02-26 22:00:00,49284.6,49304.5,49173.5,49221.3,12022.0
2026-02-27 02:00:00,49221.5,49301.9,49220.6,49261.3,6863.0
2026-02-27 06:00:00,49261.8,49363.7,49217.0,49294.2,13953.0
2026-02-27 10:00:00,49293.5,49298.3,48892.5,49001.9,25807.0
2026-02-27 14:00:00,49002.4,49088.9,48667.9,48839.1,67524.0
2026-02-27 18:00:00,48838.5,48994.3,48765.1,48844.7,38896.0
2026-03-01 23:00:00,48518.2,48685.9,48324.0,48601.1,29903.0
2026-03-02 03:00:00,48601.6,48613.8,48298.0,48365.8,16965.0
2026-03-02 07:00:00,48365.2,48488.5,48122.7,48422.2,33993.0
2026-03-02 11:00:00,48421.7,48715.3,48363.6,48685.2,38582.0
2026-03-02 15:00:00,48680.2,48991.3,48641.8,48827.2,61354.0
2026-03-02 19:00:00,48828.4,49071.1,48759.7,48859.2,30078.0
2026-03-02 22:00:00,48849.2,48868.6,48648.8,48651.7,15613.0
2026-03-03 02:00:00,48652.2,48667.4,48484.5,48511.1,28917.0
2026-03-03 06:00:00,48513.6,48545.9,48074.0,48095.0,39653.0
2026-03-03 10:00:00,48096.0,48245.4,47887.9,48014.0,48230.0
2026-03-03 14:00:00,48015.0,48351.6,47619.1,48303.0,91182.0
2026-03-03 18:00:00,48305.5,48694.5,48300.1,48429.0,57510.0
2026-03-03 22:00:00,48423.6,48535.3,48298.3,48365.8,26893.0
2026-03-04 02:00:00,48368.8,48399.3,48235.7,48307.0,36635.0
2026-03-04 06:00:00,48307.5,48457.7,48209.1,48452.3,36968.0
2026-03-04 10:00:00,48451.8,48687.7,48396.8,48627.4,40357.0
2026-03-04 14:00:00,48625.9,48856.3,48348.2,48826.8,68838.0
2026-03-04 18:00:00,48824.6,48845.3,48685.9,48752.9,33070.0
2026-03-04 22:00:00,48736.3,48831.6,48582.0,48611.7,16356.0
2026-03-05 02:00:00,48612.7,48660.2,48510.4,48535.8,25380.0
2026-03-05 06:00:00,48536.3,48826.1,48425.8,48656.0,37921.0
2026-03-05 10:00:00,48656.5,48706.5,48369.1,48380.4,31220.0
2026-03-05 14:00:00,48379.4,48504.8,47751.8,47774.1,82014.0
2026-03-05 18:00:00,47772.9,47962.5,47572.7,47897.5,58554.0
2026-03-05 22:00:00,47890.3,48092.4,47880.5,48037.5,16470.0
2026-03-06 02:00:00,48041.5,48097.9,47995.1,48059.6,14112.0
2026-03-06 06:00:00,48059.1,48071.9,47742.5,47782.7,27673.0
2026-03-06 10:00:00,47784.5,47901.0,47260.3,47306.5,45569.0
2026-03-06 14:00:00,47302.0,47523.8,47002.4,47330.0,88193.0
2026-03-06 18:00:00,47328.2,47577.5,47319.3,47442.5,55933.0
2026-03-08 22:00:00,46738.2,46766.2,46360.0,46364.6,35013.0
2026-03-09 02:00:00,46367.6,46702.1,46295.6,46680.6,32554.0
2026-03-09 06:00:00,46680.9,47129.1,46562.8,47001.9,46932.0
2026-03-09 10:00:00,47001.4,47085.7,46698.1,46791.9,53512.0
2026-03-09 14:00:00,46792.3,47269.6,46605.4,47022.7,73011.0
2026-03-09 18:00:00,47021.8,47876.1,47021.8,47682.4,42945.0
2026-03-09 21:00:00,47673.0,47717.3,47488.7,47615.0,20355.0
2026-03-10 01:00:00,47614.0,47693.9,47463.0,47551.4,28106.0
2026-03-10 05:00:00,47551.9,47945.5,47549.3,47845.4,32517.0
2026-03-10 09:00:00,47845.9,47950.3,47498.5,47607.3,38771.0
2026-03-10 13:00:00,47607.8,48057.5,47432.6,48024.6,69906.0
2026-03-10 17:00:00,48024.1,48219.9,47655.2,47720.7,61659.0
2026-03-10 21:00:00,47724.4,47864.9,47645.5,47829.4,10776.0
2026-03-11 01:00:00,47829.9,47932.3,47815.1,47887.6,10337.0
2026-03-11 05:00:00,47887.1,47897.1,47567.9,47618.1,24561.0
2026-03-11 09:00:00,47619.6,47839.7,47470.2,47519.3,35771.0
2026-03-11 13:00:00,47517.8,47705.3,47180.5,47403.2,80230.0
2026-03-11 17:00:00,47402.9,47466.7,47220.7,47342.2,46321.0
2026-03-11 21:00:00,47344.7,47347.9,46909.2,46989.9,18907.0
2026-03-12 01:00:00,46990.4,47042.2,46807.3,46861.5,17610.0
2026-03-12 05:00:00,46860.5,47213.4,46859.0,47162.5,22488.0
2026-03-12 09:00:00,47164.0,47221.3,46975.7,47035.7,28784.0
2026-03-12 13:00:00,47037.7,47072.3,46675.6,46873.6,80560.0
2026-03-12 17:00:00,46876.0,46996.9,46652.6,46725.6,48261.0
2026-03-12 21:00:00,46722.6,46940.6,46666.7,46905.0,15273.0
2026-03-13 01:00:00,46904.0,46962.6,46803.8,46835.3,18085.0
2026-03-13 05:00:00,46835.8,46864.1,46424.7,46641.9,31971.0
2026-03-13 09:00:00,46644.9,47018.8,46642.4,46906.9,37302.0
2026-03-13 13:00:00,46903.9,47126.3,46598.5,46628.8,77608.0
2026-03-13 17:00:00,46628.5,46741.8,46467.3,46467.6,46893.0
2026-03-15 22:00:00,46447.6,46779.6,46417.1,46763.5,31391.0
2026-03-16 02:00:00,46763.6,46795.3,46685.7,46787.3,16911.0
2026-03-16 06:00:00,46786.8,46810.3,46570.5,46589.3,31649.0
2026-03-16 10:00:00,46588.8,47137.4,46581.3,47133.0,43239.0
2026-03-16 14:00:00,47132.9,47180.9,46813.7,46896.5,53532.0
2026-03-16 18:00:00,46895.7,47093.1,46888.2,46936.2,21394.0
2026-03-16 21:00:00,46918.1,46943.9,46815.1,46826.1,12194.0
2026-03-17 01:00:00,46826.6,46880.6,46796.9,46861.5,17169.0
2026-03-17 05:00:00,46861.0,46879.2,46676.3,46801.5,32110.0
2026-03-17 09:00:00,46800.5,47126.7,46800.5,47102.2,33984.0
2026-03-17 13:00:00,47102.7,47425.0,46987.9,47053.9,65532.0
2026-03-17 17:00:00,47052.2,47124.2,46973.7,46996.7,35053.0
2026-03-17 21:00:00,46995.0,47044.9,46937.2,47039.7,7914.0
2026-03-18 01:00:00,47040.7,47235.5,47037.9,47216.1,10738.0
2026-03-18 05:00:00,47217.1,47301.1,47212.0,47263.2,16103.0
2026-03-18 09:00:00,47263.7,47279.7,46736.1,46751.1,31570.0
2026-03-18 13:00:00,46752.1,46884.2,46507.1,46588.2,64109.0
2026-03-18 17:00:00,46586.7,46619.5,46046.6,46079.1,50006.0
2026-03-18 21:00:00,46081.9,46195.5,46073.5,46142.2,11556.0
2026-03-19 01:00:00,46142.7,46303.4,46114.4,46218.8,15473.0
2026-03-19 05:00:00,46219.3,46250.9,46033.4,46103.0,27452.0
2026-03-19 09:00:00,46106.0,46268.8,45872.3,45913.7,41332.0
2026-03-19 13:00:00,45914.7,46078.5,45742.5,45825.7,76246.0
2026-03-19 17:00:00,45824.2,46250.2,45721.9,46095.4,51345.0
2026-03-19 21:00:00,46087.0,46184.5,46074.2,46125.2,9108.0
2026-03-20 01:00:00,46125.7,46242.8,46111.8,46113.4,11699.0
2026-03-20 05:00:00,46112.9,46180.2,45969.7,46081.8,19568.0
2026-03-20 09:00:00,46082.3,46112.8,45712.1,45929.8,40795.0
2026-03-20 13:00:00,45930.8,46067.0,45683.3,45838.8,70938.0
2026-03-20 17:00:00,45837.4,45898.6,45365.3,45811.3,50791.0
2026-03-22 22:00:00,45354.0,45674.4,45300.1,45615.7,35402.0
2026-03-23 02:00:00,45616.2,45655.7,45388.1,45449.7,26049.0
2026-03-23 06:00:00,45450.1,45455.3,45163.4,45269.9,48492.0
2026-03-23 10:00:00,45270.4,46915.9,45181.5,46525.1,75948.0
2026-03-23 14:00:00,46527.1,46736.5,46113.7,46427.5,80035.0
2026-03-23 18:00:00,46428.0,46530.9,46146.0,46214.0,31531.0
2026-03-23 21:00:00,46225.6,46345.6,45966.7,46081.0,17981.0
2026-03-24 01:00:00,46083.5,46090.3,45933.2,45995.1,27825.0
2026-03-24 05:00:00,45994.6,46358.9,45886.4,46135.9,35663.0
2026-03-24 09:00:00,46136.9,46215.5,45941.4,45963.9,40845.0
2026-03-24 13:00:00,45962.4,46415.6,45761.6,46302.3,76587.0
2026-03-24 17:00:00,46301.3,46609.3,46088.6,46399.5,58055.0
2026-03-24 21:00:00,46393.9,46602.8,46374.1,46533.3,15638.0
2026-03-25 01:00:00,46533.8,46563.7,46377.2,46519.2,21162.0
2026-03-25 05:00:00,46519.7,46676.7,46404.7,46504.3,27021.0
2026-03-25 09:00:00,46504.8,46665.4,46371.6,46543.7,37268.0
2026-03-25 13:00:00,46548.7,46746.3,46188.5,46469.8,71876.0
2026-03-25 17:00:00,46471.5,46585.3,46360.0,46413.9,40309.0
2026-03-25 21:00:00,46407.1,46457.7,46298.1,46373.1,9757.0
2026-03-26 01:00:00,46373.6,46433.4,46239.9,46325.9,18407.0
2026-03-26 05:00:00,46327.4,46343.0,46132.3,46190.2,26082.0
2026-03-26 09:00:00,46188.9,46213.0,45983.7,46077.2,31799.0
2026-03-26 13:00:00,46075.7,46559.9,46024.7,46108.2,69380.0
2026-03-26 17:00:00,46107.9,46485.0,45895.8,46040.0,47237.0
2026-03-26 21:00:00,46049.5,46227.6,46034.1,46063.6,15251.0
2026-03-27 01:00:00,46062.6,46166.1,46044.3,46161.2,15313.0
2026-03-27 05:00:00,46161.7,46245.4,45932.7,45944.8,23514.0
2026-03-27 09:00:00,45946.8,45987.5,45729.6,45758.4,34431.0
2026-03-27 13:00:00,45757.9,45775.9,45417.3,45479.6,69072.0
2026-03-27 17:00:00,45477.4,45569.3,45018.5,45058.7,44953.0
2026-03-29 22:00:00,44939.0,45032.4,44810.1,44971.2,35510.0
2026-03-30 02:00:00,44972.2,45198.0,44943.3,45173.2,21594.0
2026-03-30 06:00:00,45173.3,45399.8,45167.6,45330.4,27787.0
2026-03-30 10:00:00,45330.9,45664.8,45281.6,45317.9,39487.0
2026-03-30 14:00:00,45316.7,45623.6,45236.6,45317.4,66221.0
2026-03-30 18:00:00,45318.1,45362.5,45057.0,45204.1,28255.0
2026-03-30 21:00:00,45191.0,45526.1,45044.0,45440.1,20153.0
2026-03-31 01:00:00,45442.1,45734.7,45350.3,45584.8,34886.0
2026-03-31 05:00:00,45584.3,45729.9,45498.4,45600.7,35579.0
2026-03-31 09:00:00,45601.7,45820.5,45479.1,45687.4,41596.0
2026-03-31 13:00:00,45686.9,46328.7,45481.5,46074.3,77496.0
2026-03-31 17:00:00,46074.4,46395.8,46047.2,46312.9,53498.0
2026-03-31 21:00:00,46309.1,46443.3,46271.0,46441.9,13900.0
2026-04-01 01:00:00,46442.4,46451.7,46341.1,46391.8,15259.0
2026-04-01 05:00:00,46392.8,46675.7,46388.0,46564.9,28833.0
2026-04-01 09:00:00,46565.5,46805.1,46459.2,46516.9,32526.0
2026-04-01 13:00:00,46515.9,46807.8,46465.5,46753.9,62245.0
2026-04-01 17:00:00,46752.7,46802.0,46519.2,46576.1,37660.0
2026-04-01 21:00:00,46579.1,46690.0,46519.2,46681.7,12993.0
2026-04-02 01:00:00,46681.2,46686.4,46056.1,46067.4,36321.0
2026-04-02 05:00:00,46070.4,46181.1,45968.0,46132.6,26183.0
2026-04-02 09:00:00,46135.1,46161.2,45843.8,45918.0,28530.0
2026-04-02 13:00:00,45919.5,46752.1,45879.4,46370.0,77913.0
2026-04-02 17:00:00,46371.9,46535.4,46314.5,46514.4,38655.0
2026-04-02 21:00:00,46503.7,46544.5,46473.5,46500.8,5857.0
2026-04-03 01:00:00,46498.8,46505.1,46414.4,46434.6,5376.0
2026-04-03 05:00:00,46435.3,46467.2,46352.9,46392.4,5397.0
2026-04-03 09:00:00,46392.9,46634.9,46353.2,46375.7,9132.0
2026-04-03 13:00:00,46372.9,46410.2,46358.9,46398.3,754.0
2026-04-05 22:00:00,46238.4,46418.6,46137.0,46375.2,20079.0
2026-04-06 02:00:00,46374.7,46522.0,46259.8,46386.3,17245.0
2026-04-06 06:00:00,46385.3,46603.5,46372.4,46503.5,19156.0
2026-04-06 10:00:00,46506.0,46576.4,46340.2,46576.4,30524.0
2026-04-06 14:00:00,46573.1,46698.9,46431.6,46512.2,53578.0
2026-04-06 18:00:00,46513.7,46823.1,46503.7,46775.8,19876.0
2026-04-06 21:00:00,46773.2,46803.5,46683.5,46698.9,11431.0
2026-04-07 01:00:00,46699.4,46718.5,46477.3,46575.5,20402.0
2026-04-07 05:00:00,46576.5,46776.6,46518.2,46746.2,27779.0
2026-04-07 09:00:00,46745.2,46814.3,46372.5,46531.7,39070.0
2026-04-07 13:00:00,46535.7,46608.3,46209.0,46446.7,71001.0
2026-04-07 17:00:00,46447.3,46707.9,46255.3,46649.6,48069.0
2026-04-07 21:00:00,46673.7,47600.3,46617.9,47508.2,32852.0
2026-04-08 01:00:00,47507.2,47669.9,47485.8,47629.8,14752.0
2026-04-08 05:00:00,47630.8,47741.1,47609.2,47700.3,25442.0
2026-04-08 09:00:00,47700.2,47912.7,47680.4,47813.8,28692.0
2026-04-08 13:00:00,47814.8,48028.8,47557.6,47812.3,62059.0
2026-04-08 17:00:00,47810.9,47929.8,47675.2,47871.6,37011.0
2026-04-08 21:00:00,47872.4,47922.0,47817.5,47875.8,10559.0
2026-04-09 01:00:00,47874.6,47892.8,47818.0,47833.9,11320.0
2026-04-09 05:00:00,47834.4,47881.0,47709.0,47722.6,18418.0
2026-04-09 09:00:00,47722.1,47789.8,47675.9,47756.7,20832.0
2026-04-09 13:00:00,47757.7,48245.2,47698.1,48239.4,57956.0
2026-04-09 17:00:00,48238.0,48323.7,48147.3,48184.0,33561.0
2026-04-09 21:00:00,48171.3,48195.2,48106.3,48165.5,7221.0
2026-04-10 01:00:00,48165.0,48190.4,48120.3,48131.2,7567.0
2026-04-10 05:00:00,48131.7,48164.8,48054.9,48064.9,10875.0
2026-04-10 09:00:00,48065.9,48287.2,48065.3,48186.1,16995.0
2026-04-10 13:00:00,48183.1,48223.6,47846.2,47897.9,49681.0
2026-04-10 17:00:00,47898.9,47966.7,47850.1,47962.1,22962.0
2026-04-12 22:00:00,47455.3,47560.1,47322.3,47538.3,18263.0
2026-04-13 02:00:00,47538.8,47629.0,47510.8,47612.8,7596.0
2026-04-13 06:00:00,47614.2,47722.2,47614.2,47660.7,15753.0
2026-04-13 10:00:00,47661.7,47777.3,47404.1,47737.1,29979.0
2026-04-13 14:00:00,47736.2,47975.8,47616.9,47925.8,47398.0
2026-04-13 18:00:00,47927.8,48239.1,47926.7,48232.5,16639.0
2026-04-13 21:00:00,48229.0,48246.2,48183.4,48225.3,5040.0
2026-04-14 01:00:00,48224.3,48248.3,48198.0,48207.4,4830.0
2026-04-14 05:00:00,48206.9,48310.0,48180.3,48304.3,9205.0
2026-04-14 09:00:00,48305.8,48326.1,48137.4,48261.2,17596.0
2026-04-14 13:00:00,48260.5,48560.6,48180.4,48458.6,46381.0
2026-04-14 17:00:00,48456.3,48590.3,48427.5,48566.2,24692.0
2026-04-14 21:00:00,48560.5,48577.7,48512.7,48551.8,5521.0
2026-04-15 01:00:00,48548.3,48568.7,48507.6,48532.0,4663.0
2026-04-15 05:00:00,48531.1,48580.1,48495.3,48526.0,10082.0
2026-04-15 09:00:00,48525.6,48618.7,48453.2,48592.6,16583.0
2026-04-15 13:00:00,48592.1,48697.5,48279.5,48327.7,45947.0
2026-04-15 17:00:00,48329.3,48509.6,48327.6,48494.7,22550.0
2026-04-15 21:00:00,48491.9,48577.5,48474.2,48560.6,3988.0
2026-04-16 01:00:00,48560.1,48570.8,48500.5,48517.5,4429.0
2026-04-16 05:00:00,48518.0,48543.8,48456.9,48484.3,8670.0
2026-04-16 09:00:00,48484.8,48600.2,48446.8,48582.7,10063.0
2026-04-16 13:00:00,48583.7,48671.9,48331.6,48480.1,47294.0
2026-04-16 17:00:00,48478.1,48634.0,48436.4,48620.8,24048.0
2026-04-16 21:00:00,48615.3,48683.5,48609.3,48652.6,3879.0
2026-04-17 01:00:00,48652.7,48674.8,48628.4,48658.9,3909.0
2026-04-17 05:00:00,48658.4,48750.1,48635.2,48748.3,9348.0
2026-04-17 09:00:00,48747.3,49153.0,48727.4,49143.0,17075.0
2026-04-17 13:00:00,49146.5,49723.8,49061.1,49699.5,56533.0
2026-04-17 17:00:00,49700.0,49710.7,49398.8,49449.5,29803.0
2026-04-19 22:00:00,49022.6,49102.0,48885.1,49090.0,15782.0
2026-04-20 02:00:00,49090.5,49101.9,49036.3,49068.5,7280.0
2026-04-20 06:00:00,49069.5,49192.2,49037.2,49154.5,18324.0
2026-04-20 10:00:00,49155.0,49476.5,49108.7,49438.6,29563.0
2026-04-20 14:00:00,49440.6,49464.1,49229.8,49352.0,43743.0
2026-04-20 18:00:00,49350.3,49532.7,49324.9,49491.3,13608.0
2026-04-20 21:00:00,49492.1,49547.8,49460.5,49521.9,5169.0
2026-04-21 01:00:00,49523.4,49556.5,49479.4,49528.2,5379.0
2026-04-21 05:00:00,49527.7,49575.8,49475.0,49549.7,10893.0
2026-04-21 09:00:00,49550.7,49791.5,49519.8,49685.5,18169.0
2026-04-21 13:00:00,49688.0,49848.6,49293.5,49294.7,57491.0
2026-04-21 17:00:00,49296.5,49421.5,49040.4,49298.6,44071.0
2026-04-21 21:00:00,49309.3,49403.2,49304.8,49369.8,6055.0
2026-04-22 01:00:00,49371.3,49410.7,49337.9,49339.4,6339.0
2026-04-22 05:00:00,49339.9,49462.3,49317.2,49379.8,15413.0
2026-04-22 09:00:00,49380.3,49548.4,49344.9,49431.0,17779.0
2026-04-22 13:00:00,49431.5,49628.1,49395.0,49405.0,50024.0
2026-04-22 17:00:00,49403.8,49496.5,49242.5,49305.9,24684.0
2026-04-22 21:00:00,49312.3,49353.5,48950.0,49281.0,10557.0
2026-04-23 01:00:00,49280.5,49280.5,49104.9,49179.1,15286.0
2026-04-23 05:00:00,49179.6,49280.1,49140.1,49191.2,14508.0
2026-04-23 09:00:00,49190.7,49362.2,49075.2,49237.0,22030.0
2026-04-23 13:00:00,49239.0,49524.8,49180.8,49404.2,48233.0
2026-04-23 17:00:00,49407.2,49416.4,48857.8,49212.8,48720.0
2026-04-23 21:00:00,49208.6,49334.8,49206.2,49282.9,6944.0
2026-04-24 01:00:00,49283.4,49286.7,49159.1,49221.6,12145.0
2026-04-24 05:00:00,49223.1,49288.6,49127.9,49145.2,14614.0
2026-04-24 09:00:00,49146.2,49436.6,49090.9,49225.1,24664.0
2026-04-24 13:00:00,49231.6,49352.8,49079.9,49175.9,51908.0
2026-04-24 17:00:00,49172.9,49259.1,49128.9,49252.1,20532.0
2026-04-26 22:00:00,49177.5,49220.5,49067.1,49209.5,12436.0
2026-04-27 02:00:00,49209.0,49216.5,49104.0,49117.1,8037.0
2026-04-27 06:00:00,49116.2,49184.1,49103.4,49142.9,12289.0
2026-04-27 10:00:00,49144.9,49354.7,49095.5,49239.1,24087.0
2026-04-27 14:00:00,49241.5,49255.6,49027.9,49138.3,34370.0
2026-04-27 18:00:00,49136.8,49226.1,49127.6,49173.7,10158.0
2026-04-27 21:00:00,49178.5,49272.9,49176.8,49218.8,6738.0
2026-04-28 01:00:00,49217.9,49266.6,49211.9,49233.9,7925.0
2026-04-28 05:00:00,49234.4,49286.7,49156.9,49262.9,15199.0
2026-04-28 09:00:00,49262.4,49385.1,49198.5,49336.7,24463.0
2026-04-28 13:00:00,49335.7,49381.8,49087.9,49197.2,51802.0
2026-04-28 17:00:00,49193.8,49221.0,49078.3,49194.8,20937.0
2026-04-28 21:00:00,49194.3,49263.1,49192.5,49246.5,3402.0
2026-04-29 01:00:00,49247.5,49257.0,49184.3,49224.3,7407.0
2026-04-29 05:00:00,49225.3,49253.0,49122.3,49149.2,13662.0
2026-04-29 09:00:00,49149.7,49193.9,49051.0,49127.7,17983.0
2026-04-29 13:00:00,49130.2,49165.3,48737.9,48836.0,50251.0
2026-04-29 17:00:00,48837.2,48978.1,48645.9,48651.6,35133.0
2026-04-29 21:00:00,48647.0,48802.9,48633.2,48733.2,9026.0
2026-04-30 01:00:00,48733.7,48767.9,48537.6,48543.0,14056.0
2026-04-30 05:00:00,48543.5,48695.9,48466.5,48673.9,21332.0
2026-04-30 09:00:00,48675.4,49263.3,48622.4,49169.4,26407.0
2026-04-30 13:00:00,49171.4,49619.7,49044.6,49542.2,51954.0
2026-04-30 17:00:00,49541.6,49782.5,49524.3,49761.0,24229.0
2026-04-30 21:00:00,49714.4,49828.5,49712.7,49785.8,6738.0
2026-05-01 01:00:00,49785.3,49816.9,49745.9,49764.3,4299.0
2026-05-01 05:00:00,49765.0,49785.5,49725.5,49755.2,6067.0
2026-05-01 09:00:00,49754.7,49955.7,49737.2,49842.9,11377.0
2026-05-01 13:00:00,49842.4,49991.8,49561.6,49597.3,47474.0
2026-05-01 17:00:00,49597.1,49704.1,49430.5,49465.3,20793.0
2026-05-03 22:00:00,49664.6,49676.7,49485.6,49496.3,11821.0
2026-05-04 02:00:00,49496.8,49522.6,49447.0,49500.5,6959.0
2026-05-04 06:00:00,49502.5,49519.4,49365.6,49425.6,14030.0
2026-05-04 10:00:00,49427.6,49438.5,49096.0,49310.7,38801.0
2026-05-04 14:00:00,49309.7,49440.0,48899.4,49039.0,52403.0
2026-05-04 18:00:00,49039.1,49094.5,48910.5,48958.9,16320.0
2026-05-04 21:00:00,48959.1,49022.6,48943.7,48982.6,5317.0
2026-05-05 01:00:00,48982.1,49037.0,48948.7,49022.1,6130.0
2026-05-05 05:00:00,49021.1,49155.0,48988.6,49090.8,13580.0
2026-05-05 09:00:00,49091.3,49192.8,49027.1,49144.3,14968.0
2026-05-05 13:00:00,49145.3,49317.3,49007.3,49193.4,45503.0
2026-05-05 17:00:00,49192.1,49359.3,49179.9,49275.5,17643.0
2026-05-05 21:00:00,49287.9,49445.9,49238.0,49397.7,10349.0
2026-05-06 01:00:00,49397.2,49461.4,49392.6,49401.9,8032.0
2026-05-06 05:00:00,49402.4,49671.2,49351.3,49603.7,15152.0
2026-05-06 09:00:00,49604.1,49949.9,49538.0,49720.7,34064.0
2026-05-06 13:00:00,49720.2,49972.0,49654.1,49799.3,51112.0
2026-05-06 17:00:00,49798.9,50010.2,49767.5,49892.2,23329.0
2026-05-06 21:00:00,49900.4,49949.7,49866.2,49947.6,6376.0
2026-05-07 01:00:00,49946.1,50000.2,49923.9,49989.6,6971.0
2026-05-07 05:00:00,49990.7,50094.4,49940.1,49950.7,16115.0
2026-05-07 09:00:00,49949.7,50056.7,49895.5,50025.0,14960.0
2026-05-07 13:00:00,50026.0,50116.2,49617.6,49631.2,52915.0
2026-05-07 17:00:00,49629.6,49722.9,49482.6,49539.8,38044.0
2026-05-07 21:00:00,49537.6,49679.6,49470.1,49642.8,9105.0
2026-05-08 01:00:00,49645.8,49695.2,49614.2,49666.2,10262.0
2026-05-08 05:00:00,49667.7,49730.1,49643.7,49716.1,14729.0
2026-05-08 09:00:00,49717.6,49865.7,49706.5,49767.0,15604.0
2026-05-08 13:00:00,49763.5,49857.8,49558.4,49558.8,47241.0
2026-05-08 17:00:00,49558.3,49658.6,49484.2,49639.8,20963.0
2026-05-10 22:00:00,49510.5,49512.4,49371.3,49460.9,12856.0
2026-05-11 02:00:00,49459.9,49517.8,49436.4,49495.3,7064.0
2026-05-11 06:00:00,49494.8,49607.6,49492.3,49563.4,12022.0
2026-05-11 10:00:00,49562.9,49709.1,49460.9,49708.6,26629.0
2026-05-11 14:00:00,49710.8,49743.0,49553.4,49735.4,41589.0
2026-05-11 18:00:00,49737.5,49772.5,49594.6,49707.5,16229.0
2026-05-11 21:00:00,49705.3,49745.9,49657.5,49669.5,4185.0
2026-05-12 01:00:00,49671.5,49715.7,49624.3,49676.3,10936.0
2026-05-12 05:00:00,49675.8,49711.5,49546.1,49650.7,16473.0
2026-05-12 09:00:00,49649.7,49738.6,49614.0,49725.3,16781.0
2026-05-12 13:00:00,49727.2,49734.6,49304.3,49637.1,58546.0
2026-05-12 17:00:00,49637.2,49826.5,49621.4,49770.5,29477.0
2026-05-12 21:00:00,49767.5,49795.6,49718.5,49751.0,7470.0
2026-05-13 01:00:00,49749.0,49790.1,49729.9,49776.3,7319.0
2026-05-13 05:00:00,49775.3,49804.4,49686.0,49709.6,9611.0
2026-05-13 09:00:00,49708.6,49713.9,49495.7,49526.1,16105.0
2026-05-13 13:00:00,49526.6,49680.5,49442.6,49595.6,51748.0
2026-05-13 17:00:00,49594.9,49811.6,49583.3,49796.5,23831.0
2026-05-13 21:00:00,49795.9,49834.9,49788.7,49823.1,5538.0
2026-05-14 01:00:00,49824.1,49836.0,49781.3,49811.8,6941.0
2026-05-14 05:00:00,49811.3,49941.1,49801.4,49920.3,13813.0
2026-05-14 09:00:00,49920.4,50150.4,49872.5,50146.3,16990.0
2026-05-14 13:00:00,50146.2,50201.7,49866.5,50011.1,52136.0
2026-05-14 17:00:00,50011.4,50104.5,49971.7,50040.7,26718.0
2026-05-14 21:00:00,50026.1,50056.3,49949.2,49964.2,6374.0
2026-05-15 01:00:00,49963.7,49970.4,49855.0,49927.5,14878.0
2026-05-15 05:00:00,49928.7,49930.2,49646.8,49748.7,24463.0
2026-05-15 09:00:00,49752.7,49885.7,49563.5,49609.5,28451.0
2026-05-15 13:00:00,49610.5,49758.3,49504.3,49631.1,56574.0
2026-05-15 17:00:00,49630.6,49708.6,49353.8,49396.8,29924.0
2026-05-17 22:00:00,49362.9,49472.7,49127.1,49177.8,27362.0
2026-05-18 02:00:00,49176.3,49206.2,49075.3,49173.0,18857.0
2026-05-18 06:00:00,49172.5,49277.5,49121.3,49238.6,22449.0
2026-05-18 10:00:00,49241.1,49762.2,49117.8,49673.1,37949.0
2026-05-18 14:00:00,49674.6,49711.4,49407.1,49567.5,57743.0
2026-05-18 18:00:00,49568.2,49697.6,49348.4,49650.1,28314.0
2026-05-18 21:00:00,49655.3,49735.0,49645.1,49664.3,10680.0
2026-05-19 01:00:00,49663.8,49692.8,49546.8,49595.7,17098.0
2026-05-19 05:00:00,49596.2,49752.6,49517.1,49669.6,20810.0
2026-05-19 09:00:00,49668.6,49669.4,49504.6,49603.1,21025.0
2026-05-19 13:00:00,49604.6,49620.8,49238.0,49562.9,54308.0
2026-05-19 17:00:00,49560.0,49619.7,49322.6,49347.4,31010.0
2026-05-19 21:00:00,49352.7,49467.8,49272.4,49333.5,12813.0
2026-05-20 01:00:00,49333.0,49392.7,49223.5,49283.4,23594.0
2026-05-20 05:00:00,49282.9,49457.0,49281.3,49428.5,19720.0
2026-05-20 09:00:00,49425.0,49624.4,49390.7,49550.1,17627.0
2026-05-20 13:00:00,49549.6,49932.5,49228.0,49871.3,59692.0
2026-05-20 17:00:00,49870.1,50071.6,49828.5,49949.9,26139.0
2026-05-20 21:00:00,49951.9,49987.3,49837.3,49880.7,10861.0
2026-05-21 01:00:00,49882.2,49982.7,49877.7,49979.4,10067.0
2026-05-21 05:00:00,49979.9,50117.1,49868.8,50032.5,18558.0
2026-05-21 09:00:00,50027.0,50194.2,49817.2,49839.7,24978.0
2026-05-21 13:00:00,49832.7,50074.5,49693.4,49918.6,32102.0
2026-05-21 17:00:00,49919.6,50381.3,49901.8,50311.0,26603.0
2026-05-21 21:00:00,50315.0,50450.5,50314.2,50436.8,6356.0
2026-05-22 01:00:00,50434.3,50505.0,50395.9,50489.4,8197.0
2026-05-22 05:00:00,50489.5,50525.9,50398.0,50447.4,13128.0
2026-05-22 09:00:00,50448.4,50743.7,50378.3,50738.9,18705.0
2026-05-22 13:00:00,50738.4,50795.2,50534.1,50697.1,36937.0
2026-05-22 17:00:00,50698.0,50832.9,50532.6,50541.3,24260.0
2026-05-24 22:00:00,50791.8,50907.2,50787.3,50892.9,12810.0
2026-05-25 02:00:00,50894.4,51009.4,50889.8,50981.1,7567.0
2026-05-25 06:00:00,50979.0,51038.6,50907.1,51020.2,10841.0
2026-05-25 10:00:00,51020.3,51103.0,50985.1,51041.1,11145.0
2026-05-25 14:00:00,51040.6,51129.1,50976.8,51038.0,11011.0
2026-05-25 18:00:00,51035.1,51044.3,51022.2,51038.8,745.0
2026-05-25 21:00:00,51042.0,51044.0,50869.3,50890.3,9267.0
2026-05-26 01:00:00,50890.9,50917.0,50860.0,50894.6,9643.0
2026-05-26 05:00:00,50893.6,50949.7,50814.0,50831.8,12749.0
2026-05-26 09:00:00,50831.3,50901.6,50785.6,50817.0,13510.0
2026-05-26 13:00:00,50815.0,50824.2,50392.3,50393.2,33569.0
2026-05-26 17:00:00,50393.3,50504.7,50355.3,50443.0,21463.0
2026-05-26 21:00:00,50441.9,50545.9,50428.5,50532.4,7366.0
2026-05-27 01:00:00,50532.9,50536.7,50494.0,50526.7,6705.0
2026-05-27 05:00:00,50526.2,50684.5,50525.2,50665.3,11324.0
2026-05-27 09:00:00,50663.8,50726.0,50436.4,50541.7,15584.0
2026-05-27 13:00:00,50541.2,50823.5,50473.3,50649.7,37356.0
2026-05-27 17:00:00,50649.1,50724.5,50589.4,50715.9,21669.0
2026-05-27 21:00:00,50708.5,50748.3,50643.0,50709.6,8830.0
2026-05-28 01:00:00,50710.6,50718.4,50528.5,50558.8,17330.0
2026-05-28 05:00:00,50558.3,50670.4,50546.1,50610.1,14323.0
2026-05-28 09:00:00,50609.2,50631.7,50507.2,50585.6,15393.0
2026-05-28 13:00:00,50586.2,50785.7,50320.9,50699.2,34102.0
2026-05-28 17:00:00,50698.0,50719.4,50566.0,50680.8,18433.0
2026-05-28 21:00:00,50679.4,50718.5,50647.6,50666.6,5799.0
2026-05-29 01:00:00,50666.1,50732.2,50639.2,50724.2,8017.0
2026-05-29 05:00:00,50723.7,50752.6,50683.2,50724.0,10095.0
2026-05-29 09:00:00,50723.5,50843.7,50720.4,50809.5,13092.0
2026-05-29 13:00:00,50810.5,51087.1,50667.6,50996.2,34579.0
2026-05-29 17:00:00,50998.0,51092.5,50921.9,51010.3,22255.0
2026-05-31 22:00:00,51010.9,51123.6,50956.0,51101.8,9472.0
2026-06-01 02:00:00,51101.3,51123.8,51061.9,51090.3,5441.0
2026-06-01 06:00:00,51091.1,51232.2,51033.4,51191.1,10995.0
2026-06-01 10:00:00,51195.1,51336.0,50810.9,50974.6,20635.0
2026-06-01 14:00:00,50975.1,51067.9,50768.4,50990.5,34584.0
2026-06-01 18:00:00,50992.3,51118.2,50992.3,51052.3,13523.0
2026-06-01 21:00:00,51041.5,51045.7,50825.0,50838.3,9226.0
2026-06-02 01:00:00,50836.8,50898.8,50816.1,50896.8,9302.0
2026-06-02 05:00:00,50897.8,51029.0,50886.1,50961.3,10812.0
2026-06-02 09:00:00,50960.3,50960.3,50812.7,50827.4,11608.0
2026-06-02 13:00:00,50828.6,51286.1,50788.0,51228.7,56096.0
2026-06-02 17:00:00,51228.2,51366.4,51186.9,51350.2,28348.0
2026-06-02 21:00:00,51344.7,51357.5,51207.8,51309.6,11731.0
2026-06-03 01:00:00,51309.1,51323.7,51290.5,51299.5,5788.0
2026-06-03 05:00:00,51299.0,51314.1,51176.4,51191.4,14003.0
2026-06-03 09:00:00,51190.9,51217.0,51067.4,51113.0,18288.0
2026-06-03 13:00:00,51113.5,51193.6,50821.8,50877.7,66633.0
2026-06-03 17:00:00,50876.5,50915.4,50656.1,50677.3,35191.0
2026-06-03 21:00:00,50672.8,50773.7,50583.6,50744.1,15048.0
2026-06-04 01:00:00,50743.1,50770.4,50672.4,50733.6,16181.0
2026-06-04 05:00:00,50734.6,50927.1,50697.9,50829.2,21213.0
2026-06-04 09:00:00,50827.2,51244.7,50818.0,51206.2,29148.0
2026-06-04 13:00:00,51205.7,51640.9,51155.6,51589.4,65596.0
2026-06-04 17:00:00,51588.8,51656.8,51467.6,51568.1,35536.0
2026-06-04 21:00:00,51563.3,51599.0,51506.2,51544.6,10024.0
2026-06-05 01:00:00,51545.1,51573.8,51502.3,51556.5,15368.0
2026-06-05 05:00:00,51557.1,51634.7,51534.1,51616.8,20775.0
2026-06-05 09:00:00,51616.3,51741.2,51556.0,51621.5,24757.0
2026-06-05 13:00:00,51622.5,51677.3,51084.9,51197.4,75750.0
2026-06-05 17:00:00,51196.9,51211.6,50677.8,50747.9,62998.0
2026-06-07 22:00:00,50713.3,50859.3,50565.8,50745.0,36700.0
2026-06-08 02:00:00,50748.0,50816.5,50614.9,50654.2,27114.0
2026-06-08 06:00:00,50655.5,50856.3,50642.3,50830.6,33846.0
2026-06-08 10:00:00,50832.1,51270.5,50734.9,50973.9,46431.0
2026-06-08 14:00:00,50972.9,51131.7,50764.9,50816.4,80810.0
2026-06-08 18:00:00,50817.1,50931.6,50732.7,50758.2,34830.0
2026-06-08 21:00:00,50762.0,50790.4,50627.1,50659.1,21239.0
2026-06-09 01:00:00,50660.6,50877.9,50642.6,50849.4,31520.0
2026-06-09 05:00:00,50850.9,50915.6,50776.3,50873.3,31106.0
2026-06-09 09:00:00,50873.8,51013.4,50793.7,51002.4,23679.0
2026-06-09 13:00:00,51006.4,51249.2,50214.2,50366.8,93293.0
2026-06-09 17:00:00,50367.8,50910.6,50350.1,50806.9,69523.0
2026-06-09 21:00:00,50785.6,50822.5,50668.9,50774.4,21012.0
2026-06-10 01:00:00,50777.4,50841.1,50693.7,50700.2,28110.0
2026-06-10 05:00:00,50700.7,50804.2,50506.7,50537.3,32339.0
2026-06-10 09:00:00,50536.8,50681.3,50261.3,50605.6,52566.0
2026-06-10 13:00:00,50605.4,50767.2,50144.2,50262.0,88697.0
2026-06-10 17:00:00,50260.3,50328.5,49818.1,49863.1,67675.0
2026-06-10 21:00:00,49855.3,49926.4,49702.6,49887.6,33801.0
2026-06-11 01:00:00,49889.1,50131.5,49885.9,50099.1,41908.0
2026-06-11 05:00:00,50100.1,50284.5,49993.3,50274.7,34278.0
2026-06-11 09:00:00,50275.2,50344.2,50062.8,50201.0,33049.0
2026-06-11 13:00:00,50204.5,50390.4,50040.9,50178.3,97764.0
2026-06-11 17:00:00,50182.2,50967.3,50114.1,50864.4,65717.0
2026-06-11 21:00:00,50866.2,50946.4,50846.6,50874.8,26845.0
2026-06-12 01:00:00,50874.1,50910.2,50818.2,50900.3,38028.0
2026-06-12 05:00:00,50900.8,51176.5,50804.6,51103.1,52887.0
2026-06-12 09:00:00,51103.6,51314.4,51003.7,51006.0,52917.0
2026-06-12 13:00:00,51007.0,51409.6,50823.1,51185.2,87301.0
2026-06-12 17:00:00,51185.6,51295.5,51135.2,51201.9,53478.0
2026-06-14 22:00:00,51509.0,51607.7,51429.6,51583.9,46099.0
2026-06-15 02:00:00,51583.4,51732.2,51582.9,51708.0,27645.0
2026-06-15 06:00:00,51708.6,51733.5,51584.6,51596.9,41282.0
2026-06-15 10:00:00,51597.9,51882.1,51586.3,51822.2,50640.0
2026-06-15 14:00:00,51821.7,51943.4,51704.0,51839.3,57884.0
2026-06-15 18:00:00,51839.7,51844.9,51652.5,51691.0,25364.0
2026-06-15 21:00:00,51692.9,51729.6,51646.5,51687.7,10775.0
2026-06-16 01:00:00,51688.2,51744.2,51678.3,51696.7,15183.0
2026-06-16 05:00:00,51697.2,51805.6,51684.6,51731.2,18496.0
2026-06-16 09:00:00,51730.3,51843.5,51698.1,51824.5,18699.0
2026-06-16 13:00:00,51823.5,52191.6,51806.4,52168.9,73736.0
2026-06-16 17:00:00,52168.4,52181.7,51963.3,51996.5,39291.0
2026-06-16 21:00:00,51987.8,52084.6,51965.6,52066.0,8991.0
2026-06-17 01:00:00,52066.5,52104.2,52032.9,52048.7,7509.0
2026-06-17 05:00:00,52048.6,52075.6,51933.8,51994.7,15697.0
2026-06-17 09:00:00,51994.4,52030.9,51945.1,51990.7,20016.0
2026-06-17 13:00:00,51989.7,52270.7,51951.6,52200.7,74744.0
2026-06-17 17:00:00,52199.6,52201.1,51391.4,51602.9,63247.0
2026-06-17 21:00:00,51601.8,51833.3,51562.2,51765.5,18020.0
2026-06-18 01:00:00,51766.0,51825.6,51761.0,51771.5,19163.0
2026-06-18 05:00:00,51772.0,51859.2,51710.3,51722.5,25543.0
2026-06-18 09:00:00,51723.0,51837.4,51579.2,51786.9,32512.0
2026-06-18 13:00:00,51786.4,51952.4,51587.5,51642.6,79837.0
2026-06-18 17:00:00,51645.0,51787.3,51549.3,51634.8,43087.0
2026-06-18 21:00:00,51637.1,51656.0,51549.8,51557.4,11110.0
2026-06-19 01:00:00,51557.9,51568.6,51383.6,51401.5,12290.0
2026-06-19 05:00:00,51403.0,51590.7,51373.4,51560.5,12027.0
2026-06-19 09:00:00,51561.1,51586.8,51382.6,51528.2,15299.0
2026-06-19 13:00:00,51530.2,51556.6,51438.7,51469.3,20447.0
2026-06-19 17:00:00,51462.3,51481.8,51419.7,51437.9,419.0
2026-06-21 22:00:00,51412.3,51563.6,51301.8,51537.9,29278.0
2026-06-22 02:00:00,51539.4,51547.2,51408.0,51491.9,17363.0
2026-06-22 06:00:00,51492.3,51676.4,51486.6,51569.1,24148.0
2026-06-22 10:00:00,51569.6,51897.2,51568.1,51856.0,35488.0
2026-06-22 14:00:00,51848.1,51905.1,51658.6,51710.2,72562.0
2026-06-22 18:00:00,51708.6,51788.7,51603.2,51761.8,26497.0
2026-06-22 21:00:00,51769.6,51860.3,51708.7,51846.1,11668.0
2026-06-23 01:00:00,51846.6,51860.2,51587.8,51593.2,29369.0
2026-06-23 05:00:00,51597.2,51628.1,51294.0,51382.8,40264.0
2026-06-23 09:00:00,51383.3,51567.9,51361.6,51487.7,34095.0
2026-06-23 13:00:00,51490.2,51864.5,51297.3,51827.2,76170.0
2026-06-23 17:00:00,51824.9,51876.8,51645.4,51720.4,47479.0
2026-06-23 21:00:00,51716.6,51732.7,51571.8,51661.7,23950.0
2026-06-24 01:00:00,51662.2,51688.7,51582.4,51651.3,32834.0
2026-06-24 05:00:00,51653.3,51658.0,51557.7,51612.3,28300.0
2026-06-24 09:00:00,51611.8,51772.6,51566.1,51645.0,28782.0
2026-06-24 13:00:00,51647.0,52253.5,51535.0,52044.9,83662.0
2026-06-24 17:00:00,52044.4,52067.6,51737.7,51963.6,67956.0
2026-06-24 21:00:00,51924.0,51981.6,51813.1,51827.7,17338.0
2026-06-25 01:00:00,51828.7,51883.3,51796.7,51810.1,19621.0
2026-06-25 05:00:00,51810.6,51942.4,51810.0,51882.7,19704.0
2026-06-25 09:00:00,51883.2,52043.2,51873.2,51985.6,25542.0
2026-06-25 13:00:00,51985.1,52664.5,51972.5,52039.3,91853.0
2026-06-25 17:00:00,52038.4,52146.2,51866.8,52020.2,62044.0
2026-06-25 21:00:00,52008.9,52113.2,51946.9,52020.4,23819.0
2026-06-26 01:00:00,52022.9,52054.4,51774.7,51818.4,39193.0
2026-06-26 05:00:00,51819.4,52044.8,51759.0,51910.4,34029.0
2026-06-26 09:00:00,51910.9,51983.6,51777.5,51832.7,37387.0
2026-06-26 13:00:00,51833.7,52134.6,51597.7,51967.7,90560.0
2026-06-26 17:00:00,51969.6,52069.1,51724.0,51753.1,56199.0
2026-06-28 22:00:00,51800.5,52040.8,51794.1,51919.3,35238.0
2026-06-29 02:00:00,51918.8,52028.7,51857.2,52021.7,23183.0
2026-06-29 06:00:00,52023.8,52060.7,51887.2,51964.4,24545.0
2026-06-29 10:00:00,51965.4,52302.2,51936.9,52168.1,33677.0
2026-06-29 14:00:00,52167.3,52308.7,51940.2,52233.0,62085.0
2026-06-29 18:00:00,52233.3,52275.4,52146.7,52148.7,18767.0
2026-06-29 21:00:00,52150.5,52175.1,52086.5,52128.3,11327.0
2026-06-30 01:00:00,52130.8,52220.7,52104.5,52196.7,12719.0
2026-06-30 05:00:00,52197.7,52251.2,52156.6,52206.7,16652.0
2026-06-30 09:00:00,52206.9,52324.9,52105.1,52162.3,20759.0
2026-06-30 13:00:00,52162.8,52388.6,52000.8,52370.5,51753.0
2026-06-30 17:00:00,52369.2,52387.0,52186.9,52198.6,24725.0
2026-06-30 21:00:00,52189.2,52262.6,52189.2,52241.4,7819.0
2026-07-01 01:00:00,52241.9,52251.7,52103.1,52141.6,15387.0
2026-07-01 05:00:00,52141.1,52206.7,52063.1,52195.7,18793.0
2026-07-01 09:00:00,52196.2,52221.0,52096.3,52165.2,18849.0
2026-07-01 13:00:00,52166.2,52740.4,52017.0,52509.7,59458.0
2026-07-01 17:00:00,52511.9,52541.1,52222.9,52249.1,34026.0
2026-07-01 21:00:00,52250.1,52299.8,52229.5,52281.5,10651.0
2026-07-02 01:00:00,52283.0,52403.4,52279.5,52354.9,11412.0
2026-07-02 05:00:00,52356.4,52391.0,52224.6,52360.1,19013.0
2026-07-02 09:00:00,52360.7,52614.4,52332.3,52543.7,21316.0
2026-07-02 13:00:00,52541.2,52811.1,52478.4,52635.2,70472.0
2026-07-02 17:00:00,52635.8,52893.8,52444.8,52831.2,41231.0
2026-07-02 21:00:00,52824.2,52950.1,52814.4,52925.0,10160.0
2026-07-03 01:00:00,52926.5,53063.3,52918.5,52981.9,10770.0
2026-07-03 05:00:00,52982.4,53013.2,52794.9,52799.1,12072.0
2026-07-03 09:00:00,52798.5,52833.7,52741.5,52782.6,9142.0
2026-07-03 13:00:00,52783.6,52914.8,52749.8,52830.1,16380.0
2026-07-03 17:00:00,52824.3,52836.9,52813.1,52832.2,391.0
2026-07-05 22:00:00,52896.1,52965.5,52818.2,52918.6,16292.0
2026-07-06 02:00:00,52920.1,52925.8,52822.9,52854.5,12292.0
2026-07-06 06:00:00,52855.1,52986.9,52848.3,52882.7,13652.0
2026-07-06 10:00:00,52880.7,53055.5,52715.1,52742.1,22301.0
2026-07-06 14:00:00,52751.1,52953.2,52636.5,52897.0,46451.0
2026-07-06 18:00:00,52898.0,53092.4,52898.0,53091.5,16928.0
2026-07-06 21:00:00,53090.4,53116.4,53038.1,53073.6,7800.0
2026-07-07 01:00:00,53074.1,53149.4,53048.3,53063.8,8100.0
2026-07-07 05:00:00,53063.3,53201.1,53019.5,53143.6,12084.0
2026-07-07 09:00:00,53143.1,53300.6,53094.7,53271.2,14350.0
2026-07-07 13:00:00,53271.7,53334.5,52768.4,52896.6,50570.0
2026-07-07 17:00:00,52897.7,52966.7,52824.4,52892.6,27751.0
2026-07-07 21:00:00,52896.9,52905.1,52799.0,52899.4,13294.0
2026-07-08 01:00:00,52902.4,52915.7,52824.5,52863.6,14171.0
2026-07-08 05:00:00,52864.1,52878.6,52254.8,52266.0,28763.0
2026-07-08 09:00:00,52266.5,52527.2,52182.7,52410.5,36993.0
2026-07-08 13:00:00,52411.0,52504.3,52067.8,52302.9,59625.0
2026-07-08 17:00:00,52301.7,52401.1,52246.8,52273.8,32840.0
2026-07-08 21:00:00,52270.3,52383.5,52261.5,52373.8,9116.0
2026-07-09 01:00:00,52374.8,52442.9,52351.3,52435.0,13601.0
2026-07-09 05:00:00,52435.5,52479.8,52354.3,52384.2,18272.0
2026-07-09 09:00:00,52382.7,52405.4,52216.8,52369.5,22680.0
2026-07-09 13:00:00,52369.0,52575.1,52268.4,52510.6,50482.0
2026-07-09 17:00:00,52509.8,52563.3,52411.8,52426.2,22723.0
2026-07-09 21:00:00,52432.1,52478.7,52415.0,52461.0,6375.0
2026-07-10 01:00:00,52461.6,52489.9,52432.8,52437.5,6399.0
2026-07-10 05:00:00,52435.9,52596.7,52427.6,52520.4,13274.0
2026-07-10 09:00:00,52520.9,52676.3,52505.1,52609.4,16300.0
2026-07-10 13:00:00,52611.4,52664.8,52239.5,52628.5,49693.0
2026-07-10 17:00:00,52626.5,52712.1,52603.8,52691.5,16779.0
2026-07-12 22:00:00,52587.1,52606.4,52455.2,52467.0,15738.0
2026-07-13 02:00:00,52468.0,52474.9,52381.9,52442.8,11161.0
2026-07-13 06:00:00,52441.7,52714.5,52440.7,52653.4,17803.0
2026-07-13 10:00:00,52654.4,52844.1,52535.3,52822.2,25626.0
2026-07-13 14:00:00,52820.8,52843.7,52349.0,52465.2,51146.0
2026-07-13 18:00:00,52464.5,52530.5,52421.0,52464.6,19976.0
2026-07-13 21:00:00,52464.0,52505.6,52317.5,52388.9,16225.0
2026-07-14 01:00:00,52389.4,52435.3,52304.8,52427.1,22869.0
2026-07-14 05:00:00,52426.6,52494.0,52307.1,52333.0,24402.0
2026-07-14 09:00:00,52332.0,52637.1,51999.6,52373.3,36316.0
2026-07-14 13:00:00,52379.3,52720.0,52320.6,52422.3,58231.0
2026-07-14 17:00:00,52424.4,52575.1,52404.3,52557.9,25719.0
2026-07-14 21:00:00,52562.0,52623.7,52518.2,52581.8,7199.0
2026-07-15 01:00:00,52585.3,52618.9,52550.5,52603.8,6789.0
2026-07-15 05:00:00,52607.3,52642.4,52457.8,52637.5,14553.0
2026-07-15 09:00:00,52638.7,52695.5,52501.4,52648.9,17821.0
2026-07-15 13:00:00,52649.4,52844.1,52428.3,52539.2,56118.0
2026-07-15 17:00:00,52536.5,52691.5,52504.1,52643.8,26897.0
2026-07-15 21:00:00,52634.5,52712.3,52634.5,52676.6,6798.0
2026-07-16 01:00:00,52677.6,52715.7,52606.2,52698.7,9985.0
2026-07-16 05:00:00,52699.2,52744.8,52583.9,52653.7,18084.0
2026-07-16 09:00:00,52653.8,52802.3,52583.0,52655.4,24561.0
2026-07-16 13:00:00,52657.9,52857.6,52581.6,52712.0,57428.0
2026-07-16 17:00:00,52710.0,52728.7,52366.8,52499.2,37607.0
2026-07-16 21:00:00,52492.1,52549.3,52374.1,52391.5,9827.0
2026-07-17 01:00:00,52393.5,52398.9,52135.9,52164.2,17273.0
2026-07-17 05:00:00,52164.7,52338.8,52098.3,52191.8,27149.0
2026-07-17 09:00:00,52192.3,52348.3,52129.0,52145.8,25967.0
2026-07-17 13:00:00,52145.9,52613.0,51949.6,52365.5,62350.0
2026-07-17 17:00:00,52363.6,52398.1,52094.3,52148.5,34337.0
2026-07-19 22:00:00,52083.9,52187.2,52022.9,52080.5,21201.0
2026-07-20 02:00:00,52082.5,52182.9,52071.7,52091.1,17127.0
2026-07-20 06:00:00,52092.0,52315.8,52049.7,52293.3,20941.0
2026-07-20 10:00:00,52293.8,52414.4,52099.7,52099.7,29634.0
2026-07-20 14:00:00,52099.8,52155.1,51903.6,51964.5,51083.0
2026-07-20 18:00:00,51964.0,52023.8,51781.9,51885.9,23901.0
2026-07-20 21:00:00,51872.3,51904.9,51817.5,51888.4,11007.0
2026-07-21 01:00:00,51889.4,52027.7,51858.5,52014.6,11975.0
2026-07-21 05:00:00,52015.1,52086.8,51966.0,52039.7,16482.0
2026-07-21 09:00:00,52038.7,52107.6,51897.2,51988.1,20579.0
2026-07-21 13:00:00,51987.9,52369.9,51871.9,52344.5,44016.0
2026-07-21 17:00:00,52343.5,52354.8,52190.4,52198.0,20812.0
2026-07-21 21:00:00,52190.2,52222.6,52188.5,52204.1,8063.0
2026-07-22 01:00:00,52204.6,52224.5,52159.1,52184.8,10823.0
2026-07-22 05:00:00,52185.8,52220.3,52050.9,52191.8,23374.0
2026-07-22 09:00:00,52194.3,52260.7,52052.1,52122.8,24837.0
2026-07-22 13:00:00,52121.9,52503.9,52119.3,52402.7,45216.0
2026-07-22 17:00:00,52401.7,52405.7,52204.6,52273.8,24973.0
2026-07-22 21:00:00,52279.1,52300.7,52146.7,52291.6,10035.0
2026-07-23 01:00:00,52291.1,52312.7,52149.9,52179.4,14123.0
2026-07-23 05:00:00,52180.9,52217.9,51933.1,52089.9,23910.0
2026-07-23 09:00:00,52089.5,52128.3,51674.2,51695.0,29923.0
2026-07-23 13:00:00,51694.9,51883.2,51539.0,51744.5,57493.0
2026-07-23 17:00:00,51747.1,51766.8,51585.5,51720.3,34383.0
2026-07-23 21:00:00,51716.8,51782.1,51668.0,51765.5,11867.0
2026-07-24 01:00:00,51769.5,51794.9,51698.6,51730.0,16634.0
2026-07-24 05:00:00,51733.0,51955.5,51719.7,51922.1,23140.0
2026-07-24 09:00:00,51921.6,52010.6,51826.4,51842.7,22642.0
2026-07-24 13:00:00,51841.7,52117.6,51686.7,51996.4,64937.0
2026-07-24 17:00:00,51996.5,52030.1,51823.9,51902.7,33268.0
2026-07-26 22:00:00,52245.2,52293.6,52148.7,52221.6,18935.0
2026-07-27 02:00:00,52223.1,52351.7,52200.1,52332.9,12347.0
2026-07-27 06:00:00,52334.0,52491.0,52319.7,52482.3,20334.0
2026-07-27 10:00:00,52481.8,52604.8,52395.5,52396.5,27298.0
2026-07-27 14:00:00,52398.1,52472.8,51989.7,52101.2,57181.0
2026-07-27 18:00:00,52101.4,52233.6,52054.2,52233.5,21219.0
2026-07-27 21:00:00,52233.5,52246.9,52116.9,52150.9,12236.0
2026-07-28 01:00:00,52152.4,52236.2,52101.4,52177.9,21851.0
2026-07-28 05:00:00,52178.9,52354.1,52171.6,52304.7,25877.0
2026-07-28 09:00:00,52302.7,52722.2,52293.8,52703.5,29322.0
2026-07-28 13:00:00,52702.5,52885.9,52435.8,52882.4,55214.0
2026-07-28 17:00:00,52881.9,52908.5,52714.5,52714.5,31087.0
2026-07-28 21:00:00,52711.9,52843.3,52638.7,52809.8,15937.0
2026-07-29 01:00:00,52809.5,52816.9,52618.5,52672.9,19631.0
2026-07-29 05:00:00,52676.4,52832.3,52667.2,52797.4,21171.0
2026-07-29 09:00:00,52799.4,52799.4,52356.3,52394.3,25024.0
2026-07-29 13:00:00,52395.8,52395.8,51794.1,51951.1,60904.0
2026-07-29 17:00:00,51951.5,52264.0,51485.3,51584.9,53491.0
2026-07-29 21:00:00,51574.0,51809.6,51517.4,51739.1,20250.0
2026-07-30 01:00:00,51741.6,51779.0,51653.0,51661.6,24723.0
2026-07-30 05:00:00,51662.6,51785.1,51587.2,51739.4,34144.0
2026-07-30 09:00:00,51740.1,51896.9,51686.9,51821.7,33000.0
2026-07-30 13:00:00,51821.2,52113.1,51651.6,52085.7,61461.0
2026-07-30 17:00:00,52085.6,52333.0,52084.7,52270.2,30963.0
2026-07-30 21:00:00,52267.4,52416.0,52251.1,52390.4,10988.0
2026-07-31 01:00:00,52392.9,52494.1,52387.8,52488.9,12599.0
2026-07-31 05:00:00,52488.4,52559.1,52415.4,52522.7,19092.0
2026-07-31 09:00:00,52523.7,52602.6,52392.4,52413.7,25246.0
2026-07-31 13:00:00,52412.7,52513.5,51994.0,52434.9,60058.0
2026-07-31 17:00:00,52434.5,52631.8,52354.1,52371.4,33018.0
2026-08-02 22:00:00,52699.9,52753.2,52634.6,52726.9,14443.0
2026-08-03 02:00:00,52725.9,52797.4,52722.6,52770.0,5634.0
2026-08-03 06:00:00,52771.2,52864.6,52711.1,52834.3,17351.0
2026-08-03 10:00:00,52833.8,53188.1,52821.0,53130.5,30721.0
2026-08-03 14:00:00,53127.1,53227.5,52934.6,53081.1,42459.0
2026-08-03 18:00:00,53081.3,53263.0,53077.2,53242.2,17869.0
2026-08-03 21:00:00,53247.8,53323.5,53227.9,53297.0,6165.0
2026-08-04 01:00:00,53294.5,53354.1,53290.4,53322.1,7712.0
2026-08-04 05:00:00,53321.6,53333.7,53194.1,53220.5,14105.0
2026-08-04 09:00:00,53221.0,53890.8,53172.2,53807.4,33194.0
2026-08-04 13:00:00,53808.2,54169.4,53664.1,54148.5,55386.0
2026-08-04 17:00:00,54147.2,54272.3,54092.9,54218.8,36025.0
2026-08-04 21:00:00,54212.6,54250.6,54197.3,54248.5,6614.0
2026-08-05 01:00:00,54247.5,54356.1,54212.4,54311.2,7503.0
2026-08-05 05:00:00,54311.9,54358.5,54208.8,54245.3,14515.0
2026-08-05 09:00:00,54245.8,54400.8,54232.7,54331.0,18047.0
2026-08-05 13:00:00,54331.5,54736.3,54305.4,54537.7,58030.0
2026-08-05 17:00:00,54540.0,54593.3,54337.7,54407.2,29974.0
2026-08-05 21:00:00,54425.5,54462.0,54402.9,54454.5,7131.0
2026-08-06 01:00:00,54455.0,54491.6,54407.0,54475.6,9321.0
2026-08-06 05:00:00,54476.1,54533.0,54425.3,54526.4,15122.0
2026-08-06 09:00:00,54526.9,54541.7,54406.0,54458.4,17505.0
2026-08-06 13:00:00,54459.9,54517.6,53933.9,54022.1,55287.0
2026-08-06 17:00:00,54025.1,54030.9,53815.4,53850.2,28830.0
2026-08-06 21:00:00,53842.1,53911.5,53821.1,53843.4,7692.0
2026-08-07 01:00:00,53843.9,53859.2,53766.8,53796.6,10717.0
2026-08-07 05:00:00,53796.1,53883.9,53789.3,53871.6,12505.0
2026-08-07 09:00:00,53872.1,54086.9,53859.1,54048.4,18952.0
2026-08-07 13:00:00,54049.1,54086.8,53796.9,53956.7,50273.0
2026-08-07 17:00:00,53956.4,54078.5,53903.5,54012.9,24870.0
2026-08-09 22:00:00,53960.0,53967.9,53876.8,53952.8,11258.0
2026-08-10 02:00:00,53953.3,54035.4,53941.1,54020.6,6581.0
2026-08-10 06:00:00,54021.7,54055.8,53978.5,54001.0,13422.0
2026-08-10 10:00:00,54000.5,54032.0,53850.2,53939.9,25508.0
2026-08-10 14:00:00,53940.9,54061.7,53852.7,53899.3,40128.0
2026-08-10 18:00:00,53897.8,53969.9,53849.7,53950.3,13479.0
2026-08-10 21:00:00,53945.5,53971.5,53895.3,53931.9,5046.0
2026-08-11 01:00:00,53932.4,53986.0,53923.5,53961.6,4101.0
2026-08-11 05:00:00,53962.0,53982.4,53860.6,53903.5,11718.0
2026-08-11 09:00:00,53902.5,54050.9,53878.1,54019.7,16208.0
2026-08-11 13:00:00,54019.2,54236.3,53877.1,53892.7,43646.0
2026-08-11 17:00:00,53894.9,53901.1,53752.0,53789.4,21505.0
2026-08-11 21:00:00,53795.2,53815.3,53753.5,53762.5,5097.0
2026-08-12 01:00:00,53762.0,53797.4,53747.1,53791.7,5053.0
2026-08-12 05:00:00,53793.2,53811.5,53761.5,53771.1,8844.0
2026-08-12 09:00:00,53770.6,53984.9,53769.2,53934.9,17853.0
2026-08-12 13:00:00,53935.5,53980.2,53735.3,53814.8,45127.0
2026-08-12 17:00:00,53816.8,53859.9,53745.9,53762.7,17513.0
2026-08-12 21:00:00,53750.3,53802.5,53723.2,53741.8,5030.0
2026-08-13 01:00:00,53740.8,53768.2,53697.1,53759.5,5592.0
2026-08-13 05:00:00,53758.4,53883.4,53757.9,53876.5,9138.0
2026-08-13 09:00:00,53876.9,53955.4,53866.4,53953.5,11982.0
2026-08-13 13:00:00,53955.0,54048.3,53621.3,53726.0,49468.0
2026-08-13 17:00:00,53724.5,53870.8,53710.2,53858.5,21195.0
2026-08-13 21:00:00,53856.7,53891.8,53841.9,53878.7,3249.0
2026-08-14 01:00:00,53877.2,53915.1,53870.3,53882.4,3629.0
2026-08-14 05:00:00,53883.4,53885.4,53741.6,53783.3,8063.0
2026-08-14 09:00:00,53784.1,53810.0,53712.2,53786.5,10614.0
2026-08-14 13:00:00,53787.5,53874.9,53670.5,53680.1,40887.0
2026-08-14 17:00:00,53681.6,53812.7,53681.6,53705.4,17555.0
2026-08-16 22:00:00,53715.6,53760.8,53654.3,53660.2,6219.0
2026-08-17 02:00:00,53661.7,53703.0,53650.4,53701.2,3826.0
2026-08-17 06:00:00,53700.4,53717.3,53617.8,53648.1,9799.0
2026-08-17 10:00:00,53649.1,53734.5,53492.9,53556.5,22749.0
2026-08-17 14:00:00,53556.9,53648.5,53401.0,53439.4,37631.0
2026-08-17 18:00:00,53442.5,53517.3,53433.5,53436.7,14911.0
2026-08-17 21:00:00,53440.6,53480.3,53419.2,53448.1,4587.0
2026-08-18 01:00:00,53450.6,53494.1,53389.4,53406.7,9272.0
2026-08-18 05:00:00,53405.7,53461.2,53320.0,53428.7,17345.0
2026-08-18 09:00:00,53428.3,53522.2,53384.8,53444.5,18132.0
2026-08-18 13:00:00,53444.0,53480.5,53250.2,53375.1,49933.0
2026-08-18 17:00:00,53372.3,53419.7,53326.0,53339.3,19177.0
2026-08-18 21:00:00,53341.9,53365.3,53306.4,53329.3,7689.0
2026-08-19 01:00:00,53328.3,53332.7,53276.4,53303.4,11104.0
2026-08-19 05:00:00,53304.4,53408.8,53278.2,53347.6,16966.0
2026-08-19 09:00:00,53347.1,53683.7,53316.9,53626.2,17832.0
2026-08-19 13:00:00,53624.7,53711.1,53407.7,53418.6,42651.0
2026-08-19 17:00:00,53421.2,53520.8,53413.7,53452.7,25240.0
2026-08-19 21:00:00,53447.0,53512.1,53445.2,53480.6,5723.0
2026-08-20 01:00:00,53479.6,53499.1,53456.6,53491.1,7228.0
2026-08-20 05:00:00,53490.6,53520.1,53336.1,53361.1,13259.0
2026-08-20 09:00:00,53362.1,53416.6,53000.1,53040.1,20996.0
2026-08-20 13:00:00,53039.1,53221.3,52977.1,53063.4,40795.0
2026-08-20 17:00:00,53060.2,53060.2,52736.4,52781.4,20689.0
2026-08-20 21:00:00,52777.7,52841.2,52775.5,52806.7,5916.0
2026-08-21 01:00:00,52806.2,52828.2,52778.2,52825.2,7961.0
2026-08-21 05:00:00,52825.7,52983.6,52808.2,52966.1,10678.0
2026-08-21 09:00:00,52965.6,53159.6,52929.6,53119.6,14209.0
2026-08-21 13:00:00,53120.1,53252.5,53004.6,53191.0,35600.0
2026-08-21 17:00:00,53190.5,53349.1,53152.6,53258.6,18636.0
2026-08-23 22:00:00,53295.9,53327.9,53227.9,53301.4,10745.0
2026-08-24 02:00:00,53301.9,53327.9,53219.9,53250.9,10304.0
2026-08-24 06:00:00,53249.9,53318.9,53212.4,53274.4,14318.0
2026-08-24 10:00:00,53273.4,53476.4,53144.4,53427.9,21944.0
2026-08-24 14:00:00,53428.9,53504.7,53309.6,53351.1,26502.0
2026-08-24 18:00:00,53350.2,53460.0,53339.2,53450.6,11437.0
2026-08-24 21:00:00,53439.6,53467.8,53390.8,53419.8,4781.0
2026-08-25 01:00:00,53420.3,53455.8,53376.3,53403.8,6825.0
2026-08-25 05:00:00,53403.3,53582.3,53401.8,53565.3,12827.0
2026-08-25 09:00:00,53565.8,53731.3,53552.8,53657.8,14919.0
2026-08-25 13:00:00,53658.3,53704.8,53386.1,53522.7,31500.0
2026-08-25 17:00:00,53522.9,53602.8,53465.9,53569.6,14202.0
2026-08-25 21:00:00,53560.9,53584.8,53528.6,53555.1,6548.0
2026-08-26 01:00:00,53554.1,53625.6,53534.6,53560.6,10258.0
2026-08-26 05:00:00,53561.6,53650.1,53552.1,53634.6,15084.0
2026-08-26 09:00:00,53634.1,53704.6,53557.6,53561.1,18701.0
2026-08-26 13:00:00,53561.6,53639.1,53378.7,53418.2,32904.0
2026-08-26 17:00:00,53416.6,53671.4,53408.1,53670.4,17283.0
2026-08-26 21:00:00,53679.0,53771.1,53614.1,53634.1,8573.0
